{
"type": "FeatureCollection",
"name": "municipios_rd",
"features": [
{ "type": "Feature", "properties": { "COD_PROV": "01", "COD_MUN": "0101", "MUNICIPIO": "Santo Domingo de Guzmán", "REG": "0" }, "geometry": { "type": "Polygon", "coordinates": [ [ [ -69.98057, 18.54758 ], [ -69.98207, 18.5429 ], [ -69.98667, 18.54416 ], [ -69.98679, 18.54259 ], [ -69.98937, 18.54314 ], [ -69.99192, 18.54136 ], [ -69.9898, 18.53602 ], [ -69.99214, 18.53506 ], [ -69.99014, 18.53052 ], [ -69.99527, 18.52725 ], [ -69.99283, 18.52331 ], [ -69.98962, 18.52347 ], [ -69.98959, 18.51206 ], [ -69.9923, 18.50745 ], [ -69.99681, 18.50776 ], [ -69.99927, 18.5053 ], [ -69.99886, 18.50277 ], [ -69.9718, 18.4802 ], [ -69.96763, 18.47898 ], [ -69.96902, 18.46223 ], [ -69.97395, 18.45125 ], [ -69.97311, 18.44982 ], [ -69.97968, 18.43966 ], [ -69.99014, 18.4291 ], [ -69.98873, 18.42274 ], [ -69.98223, 18.42603 ], [ -69.96755, 18.4271 ], [ -69.94377, 18.43383 ], [ -69.92746, 18.44258 ], [ -69.92302, 18.44716 ], [ -69.92093, 18.45232 ], [ -69.91574, 18.45556 ], [ -69.90265, 18.45842 ], [ -69.89512, 18.46369 ], [ -69.89116, 18.46395 ], [ -69.89214, 18.46515 ], [ -69.89076, 18.46642 ], [ -69.88633, 18.46813 ], [ -69.88394, 18.46688 ], [ -69.88047, 18.47159 ], [ -69.88261, 18.48739 ], [ -69.87463, 18.49944 ], [ -69.87827, 18.50762 ], [ -69.8878, 18.5122 ], [ -69.89755, 18.51443 ], [ -69.90648, 18.50968 ], [ -69.91535, 18.5113 ], [ -69.92145, 18.50958 ], [ -69.93056, 18.51418 ], [ -69.93246, 18.5186 ], [ -69.9363, 18.52078 ], [ -69.94089, 18.51931 ], [ -69.94577, 18.514 ], [ -69.94953, 18.51477 ], [ -69.96019, 18.52265 ], [ -69.96062, 18.52891 ], [ -69.95911, 18.53201 ], [ -69.95998, 18.53576 ], [ -69.96208, 18.53668 ], [ -69.96187, 18.53948 ], [ -69.96608, 18.54131 ], [ -69.96836, 18.54449 ], [ -69.98057, 18.54758 ] ] ] } },
{ "type": "Feature", "properties": { "COD_PROV": "02", "COD_MUN": "0201", "MUNICIPIO": "Azua", "REG": "6" }, "geometry": { "type": "MultiPolygon", "coordinates": [ [ [ [ -70.90853, 18.38814 ], [ -70.91946, 18.39199 ], [ -70.92677, 18.38828 ], [ -70.94438, 18.3878 ], [ -70.95261, 18.38433 ], [ -70.95929, 18.37749 ], [ -70.97709, 18.37088 ], [ -70.9714, 18.35773 ], [ -70.97563, 18.34823 ], [ -70.97175, 18.34477 ], [ -70.97117, 18.34051 ], [ -70.964, 18.33342 ], [ -70.95819, 18.32103 ], [ -70.95032, 18.31343 ], [ -70.94776, 18.30709 ], [ -70.9497, 18.29538 ], [ -70.95826, 18.27995 ], [ -70.95804, 18.27308 ], [ -70.96138, 18.26448 ], [ -70.96873, 18.25722 ], [ -70.96683, 18.2521 ], [ -70.96022, 18.24892 ], [ -70.95054, 18.2506 ], [ -70.9453, 18.25443 ], [ -70.93166, 18.2545 ], [ -70.93128, 18.25705 ], [ -70.92398, 18.25943 ], [ -70.92309, 18.26221 ], [ -70.91483, 18.26383 ], [ -70.91147, 18.26837 ], [ -70.90339, 18.27294 ], [ -70.89872, 18.27879 ], [ -70.8805, 18.29403 ], [ -70.87397, 18.30399 ], [ -70.86696, 18.31051 ], [ -70.86876, 18.31454 ], [ -70.86609, 18.32388 ], [ -70.85667, 18.3352 ], [ -70.85396, 18.33544 ], [ -70.852, 18.34129 ], [ -70.84456, 18.34179 ], [ -70.84076, 18.34798 ], [ -70.83384, 18.34686 ], [ -70.82876, 18.34198 ], [ -70.83163, 18.34008 ], [ -70.83147, 18.33738 ], [ -70.83576, 18.33451 ], [ -70.83242, 18.33286 ], [ -70.82939, 18.33499 ], [ -70.8318, 18.33185 ], [ -70.82835, 18.32953 ], [ -70.81987, 18.33528 ], [ -70.82017, 18.3402 ], [ -70.81307, 18.33939 ], [ -70.81036, 18.3413 ], [ -70.81143, 18.34904 ], [ -70.80405, 18.35347 ], [ -70.81014, 18.35896 ], [ -70.81059, 18.36202 ], [ -70.81586, 18.36359 ], [ -70.81641, 18.36702 ], [ -70.81484, 18.36794 ], [ -70.81635, 18.37155 ], [ -70.82116, 18.37299 ], [ -70.82064, 18.378 ], [ -70.81803, 18.37984 ], [ -70.82425, 18.38405 ], [ -70.82722, 18.38008 ], [ -70.82967, 18.37948 ], [ -70.83697, 18.38261 ], [ -70.83673, 18.3692 ], [ -70.8498, 18.36908 ], [ -70.85581, 18.37419 ], [ -70.85595, 18.38683 ], [ -70.86772, 18.38674 ], [ -70.87292, 18.38212 ], [ -70.87908, 18.38393 ], [ -70.88637, 18.38354 ], [ -70.89572, 18.38687 ], [ -70.90385, 18.38424 ], [ -70.90853, 18.38814 ] ] ], [ [ [ -70.72199, 18.57228 ], [ -70.72943, 18.56666 ], [ -70.73443, 18.56873 ], [ -70.7371, 18.56812 ], [ -70.74113, 18.56433 ], [ -70.74739, 18.56299 ], [ -70.75109, 18.55821 ], [ -70.75702, 18.56159 ], [ -70.77286, 18.56136 ], [ -70.77835, 18.5568 ], [ -70.78737, 18.55706 ], [ -70.81097, 18.53854 ], [ -70.81748, 18.53021 ], [ -70.81948, 18.53053 ], [ -70.82223, 18.52348 ], [ -70.81975, 18.5178 ], [ -70.82099, 18.51598 ], [ -70.82921, 18.51436 ], [ -70.84082, 18.51469 ], [ -70.8457, 18.5051 ], [ -70.84619, 18.49624 ], [ -70.83812, 18.49655 ], [ -70.83333, 18.49257 ], [ -70.83244, 18.4897 ], [ -70.82863, 18.48874 ], [ -70.82358, 18.48153 ], [ -70.82198, 18.47273 ], [ -70.82311, 18.46882 ], [ -70.82672, 18.46572 ], [ -70.83014, 18.4663 ], [ -70.8249, 18.4582 ], [ -70.82574, 18.44655 ], [ -70.82917, 18.43527 ], [ -70.8198, 18.42102 ], [ -70.81341, 18.41567 ], [ -70.79935, 18.40526 ], [ -70.78951, 18.39956 ], [ -70.78807, 18.40039 ], [ -70.78348, 18.41331 ], [ -70.77835, 18.41872 ], [ -70.77634, 18.4298 ], [ -70.76274, 18.43569 ], [ -70.7612, 18.43838 ], [ -70.76119, 18.44095 ], [ -70.7656, 18.44193 ], [ -70.77248, 18.44963 ], [ -70.76624, 18.45321 ], [ -70.75656, 18.45324 ], [ -70.75708, 18.44662 ], [ -70.75494, 18.44257 ], [ -70.75664, 18.43542 ], [ -70.75244, 18.42954 ], [ -70.74834, 18.42832 ], [ -70.74544, 18.425 ], [ -70.7447, 18.41198 ], [ -70.75437, 18.392 ], [ -70.75583, 18.37077 ], [ -70.76125, 18.36356 ], [ -70.76833, 18.36122 ], [ -70.77016, 18.35792 ], [ -70.77805, 18.35927 ], [ -70.78554, 18.35548 ], [ -70.79639, 18.3467 ], [ -70.79368, 18.34406 ], [ -70.77636, 18.34522 ], [ -70.77629, 18.34671 ], [ -70.75986, 18.34899 ], [ -70.74401, 18.34592 ], [ -70.72568, 18.35557 ], [ -70.72308, 18.36126 ], [ -70.71721, 18.36316 ], [ -70.7112, 18.36952 ], [ -70.7033, 18.38245 ], [ -70.70314, 18.38703 ], [ -70.70563, 18.38789 ], [ -70.70541, 18.39209 ], [ -70.70828, 18.39557 ], [ -70.70646, 18.39908 ], [ -70.71018, 18.40141 ], [ -70.709, 18.40521 ], [ -70.71087, 18.40848 ], [ -70.70613, 18.41284 ], [ -70.70301, 18.41219 ], [ -70.69665, 18.41473 ], [ -70.69305, 18.41689 ], [ -70.69208, 18.41984 ], [ -70.68857, 18.42038 ], [ -70.69155, 18.42382 ], [ -70.69098, 18.42627 ], [ -70.68792, 18.42811 ], [ -70.69031, 18.44009 ], [ -70.68233, 18.45087 ], [ -70.68282, 18.45974 ], [ -70.67669, 18.46739 ], [ -70.68042, 18.47297 ], [ -70.68304, 18.47367 ], [ -70.68289, 18.47722 ], [ -70.68515, 18.4768 ], [ -70.68705, 18.47973 ], [ -70.69537, 18.48259 ], [ -70.69759, 18.49005 ], [ -70.69457, 18.49476 ], [ -70.6945, 18.50031 ], [ -70.68898, 18.50545 ], [ -70.69086, 18.50987 ], [ -70.68721, 18.51873 ], [ -70.68829, 18.52333 ], [ -70.68601, 18.52967 ], [ -70.68575, 18.5396 ], [ -70.69263, 18.54514 ], [ -70.69231, 18.55043 ], [ -70.69637, 18.55579 ], [ -70.70437, 18.55471 ], [ -70.70304, 18.55848 ], [ -70.71004, 18.56704 ], [ -70.71107, 18.57286 ], [ -70.72199, 18.57228 ] ] ] ] } },
{ "type": "Feature", "properties": { "COD_PROV": "02", "COD_MUN": "0202", "MUNICIPIO": "Las Charcas", "REG": "6" }, "geometry": { "type": "Polygon", "coordinates": [ [ [ -70.57286, 18.49798 ], [ -70.6023, 18.4946 ], [ -70.60668, 18.4917 ], [ -70.61077, 18.49175 ], [ -70.6156, 18.48623 ], [ -70.61937, 18.47812 ], [ -70.61812, 18.47182 ], [ -70.63018, 18.46132 ], [ -70.63483, 18.44289 ], [ -70.62277, 18.44334 ], [ -70.62642, 18.43595 ], [ -70.63484, 18.42811 ], [ -70.63355, 18.42453 ], [ -70.62752, 18.42096 ], [ -70.62477, 18.42199 ], [ -70.62393, 18.41881 ], [ -70.61988, 18.41901 ], [ -70.61959, 18.42167 ], [ -70.61454, 18.4222 ], [ -70.60117, 18.41902 ], [ -70.58798, 18.41306 ], [ -70.58509, 18.41011 ], [ -70.58104, 18.40396 ], [ -70.57852, 18.38162 ], [ -70.57095, 18.37187 ], [ -70.57038, 18.35344 ], [ -70.57516, 18.34961 ], [ -70.57536, 18.34076 ], [ -70.57479, 18.33268 ], [ -70.57232, 18.32879 ], [ -70.57193, 18.31354 ], [ -70.57409, 18.31022 ], [ -70.58091, 18.30918 ], [ -70.5831, 18.30179 ], [ -70.59224, 18.28774 ], [ -70.59204, 18.278 ], [ -70.58799, 18.2727 ], [ -70.5801, 18.27955 ], [ -70.56334, 18.27867 ], [ -70.55712, 18.28193 ], [ -70.54426, 18.28292 ], [ -70.52355, 18.2814 ], [ -70.512, 18.28906 ], [ -70.50241, 18.2884 ], [ -70.49825, 18.29197 ], [ -70.48682, 18.32357 ], [ -70.4902, 18.35661 ], [ -70.48677, 18.36802 ], [ -70.47333, 18.38481 ], [ -70.4735, 18.38969 ], [ -70.4704, 18.39512 ], [ -70.47124, 18.40039 ], [ -70.46938, 18.40997 ], [ -70.47374, 18.41709 ], [ -70.4944, 18.42763 ], [ -70.49638, 18.43553 ], [ -70.4945, 18.44449 ], [ -70.49845, 18.44801 ], [ -70.4963, 18.45328 ], [ -70.49869, 18.45303 ], [ -70.49981, 18.45531 ], [ -70.50372, 18.45518 ], [ -70.50185, 18.46296 ], [ -70.52408, 18.46138 ], [ -70.53274, 18.46727 ], [ -70.5336, 18.47115 ], [ -70.53813, 18.47185 ], [ -70.54117, 18.47651 ], [ -70.54861, 18.47913 ], [ -70.5555, 18.48478 ], [ -70.55905, 18.4934 ], [ -70.56179, 18.49572 ], [ -70.56526, 18.4948 ], [ -70.56664, 18.49666 ], [ -70.57286, 18.49798 ] ] ] } },
{ "type": "Feature", "properties": { "COD_PROV": "02", "COD_MUN": "0203", "MUNICIPIO": "Las Yayas de Viajama", "REG": "6" }, "geometry": { "type": "MultiPolygon", "coordinates": [ [ [ [ -70.88727, 18.53408 ], [ -70.89255, 18.53953 ], [ -70.89516, 18.53914 ], [ -70.9064, 18.53117 ], [ -70.91003, 18.51712 ], [ -70.90447, 18.51396 ], [ -70.89989, 18.51678 ], [ -70.89502, 18.51468 ], [ -70.89282, 18.51566 ], [ -70.8851, 18.52303 ], [ -70.88896, 18.5258 ], [ -70.88727, 18.53408 ] ] ], [ [ [ -71.00881, 18.67586 ], [ -71.01504, 18.68055 ], [ -71.01962, 18.69115 ], [ -71.02597, 18.69845 ], [ -71.0341, 18.70253 ], [ -71.04833, 18.70586 ], [ -71.04645, 18.70238 ], [ -71.0466, 18.69633 ], [ -71.04972, 18.69169 ], [ -71.0504, 18.68225 ], [ -71.05319, 18.67585 ], [ -71.05735, 18.67653 ], [ -71.06287, 18.68045 ], [ -71.06741, 18.67399 ], [ -71.07266, 18.67704 ], [ -71.07654, 18.67686 ], [ -71.07638, 18.68087 ], [ -71.0721, 18.68613 ], [ -71.07073, 18.6933 ], [ -71.07225, 18.69544 ], [ -71.07576, 18.69479 ], [ -71.07862, 18.69208 ], [ -71.07966, 18.68624 ], [ -71.08465, 18.67801 ], [ -71.08678, 18.66838 ], [ -71.08978, 18.66811 ], [ -71.0914, 18.66401 ], [ -71.09461, 18.66453 ], [ -71.09408, 18.66262 ], [ -71.09661, 18.65936 ], [ -71.1005, 18.65725 ], [ -71.10181, 18.65115 ], [ -71.10026, 18.64975 ], [ -71.10528, 18.64601 ], [ -71.10512, 18.64384 ], [ -71.11963, 18.63881 ], [ -71.13132, 18.64167 ], [ -71.13957, 18.62822 ], [ -71.14622, 18.62666 ], [ -71.15132, 18.62282 ], [ -71.16019, 18.62209 ], [ -71.16155, 18.61545 ], [ -71.15379, 18.60032 ], [ -71.15265, 18.59388 ], [ -71.14589, 18.58973 ], [ -71.14543, 18.58142 ], [ -71.14039, 18.57537 ], [ -71.13278, 18.57136 ], [ -71.12106, 18.56134 ], [ -71.10766, 18.55901 ], [ -71.10258, 18.56278 ], [ -71.09926, 18.55983 ], [ -71.09385, 18.55967 ], [ -71.08625, 18.56535 ], [ -71.07864, 18.55767 ], [ -71.07225, 18.56065 ], [ -71.058, 18.55379 ], [ -71.05323, 18.55421 ], [ -71.04835, 18.55217 ], [ -71.0465, 18.54831 ], [ -71.03575, 18.54626 ], [ -71.02873, 18.5488 ], [ -71.02724, 18.54512 ], [ -71.01938, 18.53953 ], [ -71.00846, 18.53406 ], [ -70.99743, 18.53178 ], [ -70.99409, 18.52894 ], [ -70.98658, 18.52678 ], [ -70.98467, 18.52031 ], [ -70.98825, 18.51426 ], [ -70.99563, 18.51382 ], [ -71.00074, 18.51113 ], [ -71.00697, 18.51141 ], [ -71.00924, 18.50249 ], [ -71.01593, 18.50405 ], [ -71.02198, 18.51844 ], [ -71.02901, 18.52499 ], [ -71.03478, 18.52597 ], [ -71.04016, 18.52393 ], [ -71.04255, 18.51916 ], [ -71.03931, 18.51295 ], [ -71.03395, 18.50806 ], [ -71.0335, 18.5048 ], [ -71.03859, 18.50155 ], [ -71.04488, 18.50606 ], [ -71.05727, 18.50306 ], [ -71.05666, 18.49848 ], [ -71.04967, 18.49792 ], [ -71.04754, 18.49513 ], [ -71.04186, 18.49748 ], [ -71.03328, 18.49572 ], [ -71.03099, 18.4974 ], [ -71.02495, 18.49316 ], [ -71.02738, 18.49045 ], [ -71.00829, 18.49045 ], [ -70.99946, 18.4929 ], [ -70.99571, 18.48789 ], [ -70.99548, 18.4818 ], [ -70.97895, 18.48469 ], [ -70.95979, 18.49495 ], [ -70.95751, 18.49803 ], [ -70.95472, 18.49903 ], [ -70.95237, 18.49739 ], [ -70.94916, 18.50154 ], [ -70.94289, 18.50491 ], [ -70.93743, 18.50077 ], [ -70.92855, 18.50448 ], [ -70.92051, 18.50226 ], [ -70.91681, 18.50302 ], [ -70.91797, 18.507 ], [ -70.92167, 18.50709 ], [ -70.92355, 18.51025 ], [ -70.92201, 18.5148 ], [ -70.92482, 18.51754 ], [ -70.92384, 18.52257 ], [ -70.93812, 18.53881 ], [ -70.93448, 18.55101 ], [ -70.93404, 18.5652 ], [ -70.9325, 18.56549 ], [ -70.9318, 18.5725 ], [ -70.92602, 18.57452 ], [ -70.91796, 18.57023 ], [ -70.91769, 18.58896 ], [ -70.91522, 18.59564 ], [ -70.90015, 18.6037 ], [ -70.89034, 18.61109 ], [ -70.88723, 18.61127 ], [ -70.88461, 18.61555 ], [ -70.87807, 18.62036 ], [ -70.87408, 18.61898 ], [ -70.87475, 18.61424 ], [ -70.87086, 18.6164 ], [ -70.85786, 18.61368 ], [ -70.83352, 18.61526 ], [ -70.83221, 18.63223 ], [ -70.83708, 18.63618 ], [ -70.83737, 18.64002 ], [ -70.83506, 18.64369 ], [ -70.84192, 18.65314 ], [ -70.85782, 18.66583 ], [ -70.87126, 18.66356 ], [ -70.87274, 18.67072 ], [ -70.87521, 18.67378 ], [ -70.88343, 18.67181 ], [ -70.89085, 18.67311 ], [ -70.89733, 18.6708 ], [ -70.90516, 18.67441 ], [ -70.90828, 18.67298 ], [ -70.9134, 18.67609 ], [ -70.91967, 18.67705 ], [ -70.93562, 18.67236 ], [ -70.9436, 18.66599 ], [ -70.94627, 18.66999 ], [ -70.9737, 18.67387 ], [ -70.97775, 18.68315 ], [ -70.98004, 18.68189 ], [ -70.98143, 18.68493 ], [ -70.9837, 18.68401 ], [ -70.98783, 18.68556 ], [ -70.9967, 18.68361 ], [ -70.99962, 18.68466 ], [ -70.99999, 18.68065 ], [ -71.00287, 18.67903 ], [ -71.00495, 18.67389 ], [ -71.00412, 18.6678 ], [ -71.00765, 18.67027 ], [ -71.00881, 18.67586 ] ] ] ] } },
{ "type": "Feature", "properties": { "COD_PROV": "02", "COD_MUN": "0204", "MUNICIPIO": "Padre Las Casas", "REG": "6" }, "geometry": { "type": "Polygon", "coordinates": [ [ [ -70.87026, 19.00241 ], [ -70.88452, 18.992 ], [ -70.89166, 18.99117 ], [ -70.89274, 18.98927 ], [ -70.88963, 18.97178 ], [ -70.89863, 18.96463 ], [ -70.90353, 18.96381 ], [ -70.90733, 18.96083 ], [ -70.93134, 18.96043 ], [ -70.93236, 18.95614 ], [ -70.92632, 18.95254 ], [ -70.92457, 18.9449 ], [ -70.9182, 18.9408 ], [ -70.9171, 18.93792 ], [ -70.91763, 18.93392 ], [ -70.92395, 18.92439 ], [ -70.94007, 18.92519 ], [ -70.94725, 18.92355 ], [ -70.95353, 18.91858 ], [ -70.95594, 18.9098 ], [ -70.96667, 18.9088 ], [ -70.97768, 18.90111 ], [ -70.9852, 18.90254 ], [ -70.98828, 18.89899 ], [ -70.9949, 18.89914 ], [ -70.9962, 18.89744 ], [ -70.9976, 18.88135 ], [ -70.99363, 18.86458 ], [ -70.99772, 18.86202 ], [ -70.99759, 18.85972 ], [ -70.99447, 18.85712 ], [ -70.99563, 18.85152 ], [ -70.99121, 18.84781 ], [ -70.98625, 18.83297 ], [ -70.97402, 18.81725 ], [ -70.97517, 18.81145 ], [ -70.97256, 18.80738 ], [ -70.97356, 18.80373 ], [ -70.97203, 18.79623 ], [ -70.98321, 18.78383 ], [ -70.98666, 18.76275 ], [ -70.98804, 18.76407 ], [ -70.99637, 18.76074 ], [ -70.99999, 18.75571 ], [ -71.00072, 18.75067 ], [ -71.00334, 18.74892 ], [ -71.00977, 18.75037 ], [ -71.00932, 18.75755 ], [ -71.01492, 18.76879 ], [ -71.02704, 18.77699 ], [ -71.02992, 18.78783 ], [ -71.0366, 18.77356 ], [ -71.0431, 18.76888 ], [ -71.0486, 18.7593 ], [ -71.05331, 18.75749 ], [ -71.05407, 18.75563 ], [ -71.05211, 18.74801 ], [ -71.04931, 18.74618 ], [ -71.04556, 18.73624 ], [ -71.03828, 18.72433 ], [ -71.04005, 18.71589 ], [ -71.04679, 18.71144 ], [ -71.04833, 18.70586 ], [ -71.0341, 18.70253 ], [ -71.02566, 18.69821 ], [ -71.01962, 18.69115 ], [ -71.01527, 18.68085 ], [ -71.00931, 18.67648 ], [ -71.00746, 18.66994 ], [ -71.00412, 18.6678 ], [ -71.00495, 18.67389 ], [ -71.00287, 18.67903 ], [ -70.99999, 18.68065 ], [ -70.99962, 18.68466 ], [ -70.9967, 18.68361 ], [ -70.98783, 18.68556 ], [ -70.9837, 18.68401 ], [ -70.98143, 18.68493 ], [ -70.98004, 18.68189 ], [ -70.97775, 18.68315 ], [ -70.9737, 18.67387 ], [ -70.94627, 18.66999 ], [ -70.9436, 18.66599 ], [ -70.93562, 18.67236 ], [ -70.91875, 18.67709 ], [ -70.90828, 18.67298 ], [ -70.90516, 18.67441 ], [ -70.89733, 18.6708 ], [ -70.89085, 18.67311 ], [ -70.88343, 18.67181 ], [ -70.87521, 18.67378 ], [ -70.87257, 18.67029 ], [ -70.87144, 18.6638 ], [ -70.86983, 18.66313 ], [ -70.85991, 18.6662 ], [ -70.845, 18.66337 ], [ -70.83594, 18.66397 ], [ -70.83271, 18.66746 ], [ -70.82827, 18.66703 ], [ -70.82843, 18.67123 ], [ -70.82514, 18.67565 ], [ -70.82777, 18.6817 ], [ -70.83019, 18.68298 ], [ -70.83295, 18.69059 ], [ -70.83791, 18.6944 ], [ -70.83974, 18.69266 ], [ -70.84126, 18.69809 ], [ -70.84954, 18.70789 ], [ -70.84908, 18.71494 ], [ -70.85156, 18.72045 ], [ -70.86063, 18.72469 ], [ -70.8646, 18.73053 ], [ -70.86513, 18.7359 ], [ -70.83017, 18.76633 ], [ -70.80593, 18.79793 ], [ -70.80176, 18.80083 ], [ -70.79543, 18.80197 ], [ -70.78037, 18.79766 ], [ -70.77797, 18.80005 ], [ -70.77551, 18.80791 ], [ -70.78259, 18.82418 ], [ -70.7856, 18.82749 ], [ -70.79247, 18.8277 ], [ -70.79993, 18.83262 ], [ -70.80613, 18.83319 ], [ -70.81662, 18.83846 ], [ -70.81933, 18.84373 ], [ -70.82155, 18.85881 ], [ -70.82655, 18.87004 ], [ -70.83694, 18.88025 ], [ -70.83515, 18.89144 ], [ -70.83851, 18.89647 ], [ -70.83775, 18.90153 ], [ -70.84052, 18.90613 ], [ -70.83822, 18.90617 ], [ -70.84024, 18.91169 ], [ -70.83822, 18.9132 ], [ -70.83716, 18.91886 ], [ -70.84056, 18.92714 ], [ -70.83955, 18.92894 ], [ -70.83686, 18.92852 ], [ -70.83602, 18.93131 ], [ -70.8304, 18.92852 ], [ -70.82934, 18.93323 ], [ -70.82562, 18.93276 ], [ -70.82574, 18.93652 ], [ -70.82697, 18.93892 ], [ -70.83102, 18.93959 ], [ -70.83275, 18.95169 ], [ -70.83798, 18.9541 ], [ -70.84148, 18.95371 ], [ -70.84169, 18.95687 ], [ -70.84375, 18.95767 ], [ -70.84414, 18.96442 ], [ -70.84764, 18.96609 ], [ -70.84372, 18.97767 ], [ -70.84608, 18.97873 ], [ -70.84544, 18.98185 ], [ -70.84082, 18.9834 ], [ -70.83772, 18.98924 ], [ -70.84194, 18.98913 ], [ -70.84816, 18.99302 ], [ -70.85352, 19.00013 ], [ -70.87026, 19.00241 ] ] ] } },
{ "type": "Feature", "properties": { "COD_PROV": "02", "COD_MUN": "0205", "MUNICIPIO": "Peralta", "REG": "6" }, "geometry": { "type": "Polygon", "coordinates": [ [ [ -70.82254, 18.66421 ], [ -70.83271, 18.66746 ], [ -70.83477, 18.66429 ], [ -70.84423, 18.66333 ], [ -70.85774, 18.66578 ], [ -70.84192, 18.65314 ], [ -70.83506, 18.64369 ], [ -70.83742, 18.63912 ], [ -70.83698, 18.63601 ], [ -70.83222, 18.63233 ], [ -70.83352, 18.61526 ], [ -70.83012, 18.61352 ], [ -70.82211, 18.60352 ], [ -70.82202, 18.59379 ], [ -70.82871, 18.58663 ], [ -70.82642, 18.58033 ], [ -70.81803, 18.57129 ], [ -70.82005, 18.56317 ], [ -70.8283, 18.56099 ], [ -70.83082, 18.55831 ], [ -70.83006, 18.54389 ], [ -70.83783, 18.52517 ], [ -70.84082, 18.51469 ], [ -70.83919, 18.5144 ], [ -70.82144, 18.51558 ], [ -70.81975, 18.5178 ], [ -70.82223, 18.52348 ], [ -70.81948, 18.53053 ], [ -70.81748, 18.53021 ], [ -70.81097, 18.53854 ], [ -70.78722, 18.55713 ], [ -70.77835, 18.5568 ], [ -70.77286, 18.56136 ], [ -70.75702, 18.56159 ], [ -70.75109, 18.55821 ], [ -70.74739, 18.56299 ], [ -70.74113, 18.56433 ], [ -70.73619, 18.5685 ], [ -70.72943, 18.56666 ], [ -70.72199, 18.57228 ], [ -70.71464, 18.57297 ], [ -70.72043, 18.58148 ], [ -70.71564, 18.58374 ], [ -70.70904, 18.59072 ], [ -70.71387, 18.59133 ], [ -70.71865, 18.59867 ], [ -70.72565, 18.60352 ], [ -70.71564, 18.6135 ], [ -70.71779, 18.62065 ], [ -70.72867, 18.63502 ], [ -70.73131, 18.64116 ], [ -70.75176, 18.65226 ], [ -70.76756, 18.65724 ], [ -70.7777, 18.64912 ], [ -70.77949, 18.64492 ], [ -70.77778, 18.64242 ], [ -70.78004, 18.6418 ], [ -70.7851, 18.64626 ], [ -70.79125, 18.64611 ], [ -70.79404, 18.64997 ], [ -70.80204, 18.65422 ], [ -70.80387, 18.65749 ], [ -70.80956, 18.65526 ], [ -70.82254, 18.66421 ] ] ] } },
{ "type": "Feature", "properties": { "COD_PROV": "02", "COD_MUN": "0206", "MUNICIPIO": "Sabana Yegua", "REG": "6" }, "geometry": { "type": "Polygon", "coordinates": [ [ [ -70.85519, 18.45851 ], [ -70.88365, 18.46978 ], [ -70.88549, 18.46639 ], [ -70.8819, 18.45897 ], [ -70.88394, 18.45515 ], [ -70.87751, 18.43977 ], [ -70.89213, 18.44427 ], [ -70.91055, 18.44641 ], [ -70.90511, 18.44052 ], [ -70.9136, 18.43976 ], [ -70.9163, 18.43773 ], [ -70.92229, 18.43867 ], [ -70.92275, 18.4357 ], [ -70.92561, 18.43527 ], [ -70.92674, 18.42861 ], [ -70.92973, 18.42812 ], [ -70.92932, 18.42556 ], [ -70.93524, 18.42432 ], [ -70.9357, 18.42174 ], [ -70.93812, 18.42032 ], [ -70.93946, 18.42164 ], [ -70.9418, 18.41935 ], [ -70.94681, 18.41941 ], [ -70.94808, 18.41768 ], [ -70.95418, 18.42254 ], [ -70.95869, 18.42961 ], [ -70.96699, 18.43006 ], [ -70.97934, 18.40871 ], [ -70.98334, 18.39545 ], [ -70.98153, 18.39256 ], [ -70.98176, 18.38359 ], [ -70.97709, 18.37088 ], [ -70.95929, 18.37749 ], [ -70.95261, 18.38433 ], [ -70.94438, 18.3878 ], [ -70.92677, 18.38828 ], [ -70.91946, 18.39199 ], [ -70.90853, 18.38814 ], [ -70.90385, 18.38424 ], [ -70.89572, 18.38687 ], [ -70.88637, 18.38354 ], [ -70.87908, 18.38393 ], [ -70.87292, 18.38212 ], [ -70.86772, 18.38674 ], [ -70.85595, 18.38683 ], [ -70.85581, 18.37419 ], [ -70.8498, 18.36908 ], [ -70.83673, 18.3692 ], [ -70.83697, 18.38261 ], [ -70.83274, 18.37971 ], [ -70.82824, 18.37971 ], [ -70.82474, 18.38401 ], [ -70.82309, 18.38208 ], [ -70.81838, 18.38376 ], [ -70.81672, 18.38554 ], [ -70.81785, 18.38982 ], [ -70.81499, 18.38888 ], [ -70.81341, 18.41567 ], [ -70.81964, 18.42081 ], [ -70.82855, 18.4332 ], [ -70.82927, 18.43868 ], [ -70.8258, 18.44626 ], [ -70.8249, 18.4582 ], [ -70.82569, 18.46118 ], [ -70.82888, 18.4623 ], [ -70.82968, 18.4659 ], [ -70.83916, 18.46269 ], [ -70.83934, 18.45445 ], [ -70.85519, 18.45851 ] ] ] } },
{ "type": "Feature", "properties": { "COD_PROV": "02", "COD_MUN": "0207", "MUNICIPIO": "Pueblo Viejo", "REG": "6" }, "geometry": { "type": "Polygon", "coordinates": [ [ [ -70.75658, 18.45325 ], [ -70.7665, 18.45316 ], [ -70.77248, 18.44963 ], [ -70.7656, 18.44193 ], [ -70.76119, 18.44095 ], [ -70.76099, 18.43897 ], [ -70.76274, 18.43569 ], [ -70.77634, 18.4298 ], [ -70.77835, 18.41872 ], [ -70.78348, 18.41332 ], [ -70.78951, 18.39956 ], [ -70.81341, 18.41567 ], [ -70.81499, 18.38888 ], [ -70.81785, 18.38982 ], [ -70.81672, 18.38554 ], [ -70.82309, 18.38208 ], [ -70.81803, 18.37984 ], [ -70.82064, 18.378 ], [ -70.82116, 18.37299 ], [ -70.81635, 18.37155 ], [ -70.81484, 18.36794 ], [ -70.81641, 18.36702 ], [ -70.81586, 18.36359 ], [ -70.81059, 18.36202 ], [ -70.81014, 18.35896 ], [ -70.80405, 18.35347 ], [ -70.79646, 18.35252 ], [ -70.79387, 18.34909 ], [ -70.77805, 18.35927 ], [ -70.77003, 18.35799 ], [ -70.76833, 18.36122 ], [ -70.76125, 18.36356 ], [ -70.75573, 18.37102 ], [ -70.75437, 18.392 ], [ -70.74473, 18.41184 ], [ -70.74466, 18.41595 ], [ -70.74544, 18.425 ], [ -70.74834, 18.42832 ], [ -70.75244, 18.42954 ], [ -70.75664, 18.43542 ], [ -70.75494, 18.44257 ], [ -70.75658, 18.45325 ] ] ] } },
{ "type": "Feature", "properties": { "COD_PROV": "02", "COD_MUN": "0208", "MUNICIPIO": "Tábara Arriba", "REG": "6" }, "geometry": { "type": "Polygon", "coordinates": [ [ [ -70.87467, 18.61423 ], [ -70.87408, 18.61898 ], [ -70.87807, 18.62036 ], [ -70.88461, 18.61555 ], [ -70.88723, 18.61127 ], [ -70.89017, 18.61118 ], [ -70.90015, 18.6037 ], [ -70.91453, 18.59641 ], [ -70.91769, 18.58896 ], [ -70.91817, 18.57006 ], [ -70.92602, 18.57452 ], [ -70.93216, 18.5717 ], [ -70.9325, 18.56549 ], [ -70.93404, 18.5652 ], [ -70.93448, 18.55101 ], [ -70.93812, 18.53881 ], [ -70.92384, 18.52257 ], [ -70.92482, 18.51754 ], [ -70.92201, 18.5148 ], [ -70.92355, 18.51025 ], [ -70.92167, 18.50709 ], [ -70.91797, 18.507 ], [ -70.91681, 18.50302 ], [ -70.92051, 18.50226 ], [ -70.92855, 18.50448 ], [ -70.93743, 18.50077 ], [ -70.94289, 18.50491 ], [ -70.94916, 18.50154 ], [ -70.95237, 18.49739 ], [ -70.95472, 18.49903 ], [ -70.95751, 18.49803 ], [ -70.95979, 18.49495 ], [ -70.97895, 18.48469 ], [ -70.99548, 18.4818 ], [ -70.99677, 18.475 ], [ -70.99565, 18.46915 ], [ -71.00741, 18.46193 ], [ -71.00532, 18.45363 ], [ -71.01048, 18.44731 ], [ -71.01194, 18.44139 ], [ -71.01721, 18.43541 ], [ -71.01883, 18.42787 ], [ -71.01648, 18.41613 ], [ -71.01811, 18.412 ], [ -71.03065, 18.40482 ], [ -71.04699, 18.4031 ], [ -71.04664, 18.39448 ], [ -71.0373, 18.3782 ], [ -71.03162, 18.3764 ], [ -71.02749, 18.37852 ], [ -71.00771, 18.36774 ], [ -70.98646, 18.36078 ], [ -70.97998, 18.35529 ], [ -70.97795, 18.34687 ], [ -70.97397, 18.35109 ], [ -70.9714, 18.35773 ], [ -70.97299, 18.3642 ], [ -70.98024, 18.37794 ], [ -70.9825, 18.38946 ], [ -70.98153, 18.39256 ], [ -70.98334, 18.39545 ], [ -70.97934, 18.40871 ], [ -70.96699, 18.43006 ], [ -70.95869, 18.42961 ], [ -70.94947, 18.41787 ], [ -70.9418, 18.41935 ], [ -70.93946, 18.42164 ], [ -70.93835, 18.42024 ], [ -70.9357, 18.42174 ], [ -70.93524, 18.42432 ], [ -70.92924, 18.42563 ], [ -70.92973, 18.42812 ], [ -70.92674, 18.42861 ], [ -70.92561, 18.43527 ], [ -70.92275, 18.4357 ], [ -70.92232, 18.43866 ], [ -70.9163, 18.43773 ], [ -70.9136, 18.43976 ], [ -70.90511, 18.44052 ], [ -70.91055, 18.44641 ], [ -70.89213, 18.44427 ], [ -70.87751, 18.43977 ], [ -70.88394, 18.45515 ], [ -70.8819, 18.45897 ], [ -70.88549, 18.46639 ], [ -70.88365, 18.46978 ], [ -70.86075, 18.45995 ], [ -70.83934, 18.45445 ], [ -70.83916, 18.46269 ], [ -70.83034, 18.46644 ], [ -70.82672, 18.46572 ], [ -70.82311, 18.46882 ], [ -70.82226, 18.47693 ], [ -70.82511, 18.48501 ], [ -70.82863, 18.48874 ], [ -70.83244, 18.4897 ], [ -70.83333, 18.49257 ], [ -70.83812, 18.49655 ], [ -70.84619, 18.49624 ], [ -70.8457, 18.5051 ], [ -70.83118, 18.5392 ], [ -70.83082, 18.55831 ], [ -70.8283, 18.56099 ], [ -70.82062, 18.56271 ], [ -70.81901, 18.56513 ], [ -70.81807, 18.57145 ], [ -70.82642, 18.58033 ], [ -70.82871, 18.58663 ], [ -70.82178, 18.5945 ], [ -70.82266, 18.60519 ], [ -70.83266, 18.61519 ], [ -70.85786, 18.61368 ], [ -70.87086, 18.6164 ], [ -70.87467, 18.61423 ] ], [ [ -70.89287, 18.53969 ], [ -70.88715, 18.5339 ], [ -70.88942, 18.52704 ], [ -70.88761, 18.52369 ], [ -70.8851, 18.52303 ], [ -70.89334, 18.51539 ], [ -70.89502, 18.51468 ], [ -70.89895, 18.51689 ], [ -70.90558, 18.51422 ], [ -70.91003, 18.51712 ], [ -70.9064, 18.53117 ], [ -70.89287, 18.53969 ] ] ] } },
{ "type": "Feature", "properties": { "COD_PROV": "02", "COD_MUN": "0209", "MUNICIPIO": "Guayabal", "REG": "6" }, "geometry": { "type": "Polygon", "coordinates": [ [ [ -70.76943, 18.79815 ], [ -70.77551, 18.80791 ], [ -70.77797, 18.80005 ], [ -70.78037, 18.79766 ], [ -70.79418, 18.8019 ], [ -70.80286, 18.80021 ], [ -70.80739, 18.79645 ], [ -70.8099, 18.79128 ], [ -70.81223, 18.79071 ], [ -70.83017, 18.76633 ], [ -70.86371, 18.73776 ], [ -70.86513, 18.7359 ], [ -70.86413, 18.72942 ], [ -70.85752, 18.72242 ], [ -70.85317, 18.7223 ], [ -70.85156, 18.72045 ], [ -70.84908, 18.71494 ], [ -70.84937, 18.70758 ], [ -70.84126, 18.69809 ], [ -70.83974, 18.69266 ], [ -70.83791, 18.6944 ], [ -70.83295, 18.69059 ], [ -70.83019, 18.68298 ], [ -70.82777, 18.6817 ], [ -70.82514, 18.67565 ], [ -70.82843, 18.67123 ], [ -70.82827, 18.66703 ], [ -70.80956, 18.65526 ], [ -70.80387, 18.65749 ], [ -70.80204, 18.65422 ], [ -70.79404, 18.64997 ], [ -70.79125, 18.64611 ], [ -70.7851, 18.64626 ], [ -70.77899, 18.64163 ], [ -70.7777, 18.64912 ], [ -70.76737, 18.65723 ], [ -70.75176, 18.65226 ], [ -70.73131, 18.64116 ], [ -70.72255, 18.64082 ], [ -70.71248, 18.63647 ], [ -70.70457, 18.63571 ], [ -70.69045, 18.63921 ], [ -70.68098, 18.63597 ], [ -70.67916, 18.63773 ], [ -70.68357, 18.65291 ], [ -70.69333, 18.64603 ], [ -70.69523, 18.64713 ], [ -70.69518, 18.64544 ], [ -70.69935, 18.64781 ], [ -70.69936, 18.65051 ], [ -70.70072, 18.64889 ], [ -70.70236, 18.64963 ], [ -70.70171, 18.65347 ], [ -70.70899, 18.65789 ], [ -70.71114, 18.66298 ], [ -70.71626, 18.65206 ], [ -70.72384, 18.65374 ], [ -70.72505, 18.65259 ], [ -70.73837, 18.65886 ], [ -70.7296, 18.67256 ], [ -70.71495, 18.66912 ], [ -70.71162, 18.66425 ], [ -70.70215, 18.66464 ], [ -70.69927, 18.66827 ], [ -70.6921, 18.66922 ], [ -70.68448, 18.66469 ], [ -70.68166, 18.66035 ], [ -70.67571, 18.66294 ], [ -70.66656, 18.66206 ], [ -70.67326, 18.66707 ], [ -70.67665, 18.67166 ], [ -70.67516, 18.67264 ], [ -70.67864, 18.67975 ], [ -70.68276, 18.68321 ], [ -70.69211, 18.68646 ], [ -70.69608, 18.68526 ], [ -70.68956, 18.69371 ], [ -70.6875, 18.70365 ], [ -70.68199, 18.70575 ], [ -70.67837, 18.7112 ], [ -70.68277, 18.72029 ], [ -70.68314, 18.72479 ], [ -70.68881, 18.73264 ], [ -70.68388, 18.73918 ], [ -70.68486, 18.74278 ], [ -70.6826, 18.74877 ], [ -70.68398, 18.75726 ], [ -70.69223, 18.76152 ], [ -70.69254, 18.76562 ], [ -70.69637, 18.7675 ], [ -70.69981, 18.77502 ], [ -70.70969, 18.76665 ], [ -70.73344, 18.77145 ], [ -70.7546, 18.77193 ], [ -70.75877, 18.77928 ], [ -70.76344, 18.7832 ], [ -70.76943, 18.79815 ] ] ] } },
{ "type": "Feature", "properties": { "COD_PROV": "02", "COD_MUN": "0210", "MUNICIPIO": "Estebanía", "REG": "6" }, "geometry": { "type": "Polygon", "coordinates": [ [ [ -70.72904, 18.67177 ], [ -70.73825, 18.65874 ], [ -70.72505, 18.65259 ], [ -70.72384, 18.65374 ], [ -70.71626, 18.65206 ], [ -70.71114, 18.66298 ], [ -70.70899, 18.65789 ], [ -70.70171, 18.65347 ], [ -70.70236, 18.64963 ], [ -70.70072, 18.64889 ], [ -70.69936, 18.65051 ], [ -70.69935, 18.64781 ], [ -70.69665, 18.64726 ], [ -70.69664, 18.64587 ], [ -70.69507, 18.64545 ], [ -70.69523, 18.64713 ], [ -70.69333, 18.64603 ], [ -70.68891, 18.65038 ], [ -70.68325, 18.65273 ], [ -70.67916, 18.63773 ], [ -70.68222, 18.63577 ], [ -70.69056, 18.63921 ], [ -70.7065, 18.6356 ], [ -70.7228, 18.64088 ], [ -70.73131, 18.64116 ], [ -70.72867, 18.63502 ], [ -70.71779, 18.62065 ], [ -70.71564, 18.6135 ], [ -70.72565, 18.60352 ], [ -70.71865, 18.59867 ], [ -70.71387, 18.59133 ], [ -70.70904, 18.59072 ], [ -70.72034, 18.58062 ], [ -70.71457, 18.5731 ], [ -70.71107, 18.57286 ], [ -70.71004, 18.56704 ], [ -70.70304, 18.55848 ], [ -70.70437, 18.55471 ], [ -70.69637, 18.55579 ], [ -70.69231, 18.55043 ], [ -70.69263, 18.54514 ], [ -70.68575, 18.5396 ], [ -70.68601, 18.52967 ], [ -70.68829, 18.52333 ], [ -70.68721, 18.51873 ], [ -70.69086, 18.50987 ], [ -70.68898, 18.50545 ], [ -70.6945, 18.50031 ], [ -70.69457, 18.49476 ], [ -70.6976, 18.49069 ], [ -70.69537, 18.48259 ], [ -70.68705, 18.47973 ], [ -70.68515, 18.4768 ], [ -70.68289, 18.47722 ], [ -70.68304, 18.47367 ], [ -70.68042, 18.47297 ], [ -70.67669, 18.46739 ], [ -70.68282, 18.45974 ], [ -70.68233, 18.45087 ], [ -70.69031, 18.44009 ], [ -70.68792, 18.42811 ], [ -70.66582, 18.43139 ], [ -70.65546, 18.42685 ], [ -70.64182, 18.42766 ], [ -70.63479, 18.42545 ], [ -70.63484, 18.42811 ], [ -70.62642, 18.43595 ], [ -70.62277, 18.44334 ], [ -70.62279, 18.4434 ], [ -70.63483, 18.44289 ], [ -70.63018, 18.46132 ], [ -70.61812, 18.47182 ], [ -70.61968, 18.47714 ], [ -70.61525, 18.48673 ], [ -70.61077, 18.49175 ], [ -70.60668, 18.4917 ], [ -70.60247, 18.49458 ], [ -70.57286, 18.49798 ], [ -70.56664, 18.49666 ], [ -70.56526, 18.4948 ], [ -70.56179, 18.49572 ], [ -70.55905, 18.4934 ], [ -70.5555, 18.48478 ], [ -70.54861, 18.47913 ], [ -70.54117, 18.47651 ], [ -70.53813, 18.47185 ], [ -70.5336, 18.47115 ], [ -70.53274, 18.46727 ], [ -70.5253, 18.46204 ], [ -70.5017, 18.46295 ], [ -70.50154, 18.4695 ], [ -70.5053, 18.46735 ], [ -70.50884, 18.47326 ], [ -70.51205, 18.47203 ], [ -70.51278, 18.4761 ], [ -70.51186, 18.48322 ], [ -70.50659, 18.48434 ], [ -70.50503, 18.49115 ], [ -70.51297, 18.49621 ], [ -70.51746, 18.49413 ], [ -70.52476, 18.49367 ], [ -70.52758, 18.50019 ], [ -70.5308, 18.49648 ], [ -70.53454, 18.49735 ], [ -70.53816, 18.50275 ], [ -70.54302, 18.50438 ], [ -70.54572, 18.50761 ], [ -70.54922, 18.51458 ], [ -70.55201, 18.51568 ], [ -70.55122, 18.51835 ], [ -70.55354, 18.51756 ], [ -70.55599, 18.51246 ], [ -70.5611, 18.5206 ], [ -70.57216, 18.52395 ], [ -70.58414, 18.52208 ], [ -70.58649, 18.52579 ], [ -70.58486, 18.52712 ], [ -70.58543, 18.53178 ], [ -70.5926, 18.53543 ], [ -70.59708, 18.53572 ], [ -70.60617, 18.53085 ], [ -70.60984, 18.53061 ], [ -70.61693, 18.5409 ], [ -70.61897, 18.54739 ], [ -70.6237, 18.54615 ], [ -70.6272, 18.55099 ], [ -70.62516, 18.5588 ], [ -70.62904, 18.56331 ], [ -70.62906, 18.56566 ], [ -70.63613, 18.57037 ], [ -70.64001, 18.57605 ], [ -70.64438, 18.57531 ], [ -70.64997, 18.58066 ], [ -70.65467, 18.58092 ], [ -70.6587, 18.58304 ], [ -70.65954, 18.58542 ], [ -70.66192, 18.5848 ], [ -70.66303, 18.58945 ], [ -70.66528, 18.58926 ], [ -70.67103, 18.59376 ], [ -70.6734, 18.60006 ], [ -70.66771, 18.60586 ], [ -70.67003, 18.61023 ], [ -70.66171, 18.62119 ], [ -70.66241, 18.62777 ], [ -70.65994, 18.63266 ], [ -70.66428, 18.64218 ], [ -70.66188, 18.64666 ], [ -70.66338, 18.64918 ], [ -70.66147, 18.65426 ], [ -70.66656, 18.66206 ], [ -70.67571, 18.66294 ], [ -70.68166, 18.66035 ], [ -70.68448, 18.66469 ], [ -70.6921, 18.66922 ], [ -70.69927, 18.66827 ], [ -70.70215, 18.66464 ], [ -70.71162, 18.66425 ], [ -70.71495, 18.66912 ], [ -70.72065, 18.67151 ], [ -70.72904, 18.67177 ] ] ] } },
{ "type": "Feature", "properties": { "COD_PROV": "03", "COD_MUN": "0301", "MUNICIPIO": "Neiba", "REG": "4" }, "geometry": { "type": "MultiPolygon", "coordinates": [ [ [ [ -71.28994, 18.48819 ], [ -71.29031, 18.45592 ], [ -71.28982, 18.45176 ], [ -71.28722, 18.44885 ], [ -71.29311, 18.44794 ], [ -71.28956, 18.43949 ], [ -71.28054, 18.43243 ], [ -71.29098, 18.43218 ], [ -71.30326, 18.41916 ], [ -71.29772, 18.41925 ], [ -71.27696, 18.39313 ], [ -71.27661, 18.38714 ], [ -71.27122, 18.38629 ], [ -71.26776, 18.38287 ], [ -71.26969, 18.37571 ], [ -71.26802, 18.3743 ], [ -71.26791, 18.3663 ], [ -71.26016, 18.36542 ], [ -71.26038, 18.35747 ], [ -71.25692, 18.35484 ], [ -71.25626, 18.35213 ], [ -71.24614, 18.34898 ], [ -71.23462, 18.35749 ], [ -71.24929, 18.37616 ], [ -71.23029, 18.39511 ], [ -71.22647, 18.41886 ], [ -71.211, 18.41866 ], [ -71.20963, 18.43868 ], [ -71.21181, 18.44015 ], [ -71.21192, 18.4432 ], [ -71.21629, 18.44674 ], [ -71.21697, 18.45058 ], [ -71.22326, 18.45463 ], [ -71.22309, 18.45773 ], [ -71.25651, 18.45762 ], [ -71.25667, 18.47445 ], [ -71.25335, 18.47474 ], [ -71.24371, 18.48511 ], [ -71.25414, 18.48686 ], [ -71.25674, 18.48561 ], [ -71.26249, 18.48812 ], [ -71.26917, 18.48565 ], [ -71.28994, 18.48819 ] ] ], [ [ [ -71.44861, 18.62259 ], [ -71.4534, 18.6266 ], [ -71.46466, 18.62901 ], [ -71.47289, 18.62641 ], [ -71.47677, 18.62285 ], [ -71.48275, 18.62574 ], [ -71.48814, 18.62451 ], [ -71.49592, 18.62533 ], [ -71.49917, 18.62731 ], [ -71.50059, 18.61455 ], [ -71.4976, 18.60876 ], [ -71.49846, 18.60337 ], [ -71.49365, 18.60221 ], [ -71.48425, 18.60703 ], [ -71.47752, 18.59944 ], [ -71.47426, 18.59383 ], [ -71.47715, 18.58807 ], [ -71.47403, 18.58511 ], [ -71.47516, 18.58327 ], [ -71.4697, 18.58075 ], [ -71.46673, 18.57553 ], [ -71.46354, 18.57452 ], [ -71.45053, 18.55819 ], [ -71.45077, 18.55141 ], [ -71.44757, 18.54662 ], [ -71.4483, 18.54297 ], [ -71.4446, 18.53626 ], [ -71.44453, 18.52984 ], [ -71.45116, 18.51193 ], [ -71.45988, 18.50241 ], [ -71.46782, 18.48951 ], [ -71.4724, 18.47702 ], [ -71.47817, 18.46913 ], [ -71.49007, 18.46858 ], [ -71.49267, 18.46996 ], [ -71.49628, 18.47665 ], [ -71.50312, 18.47809 ], [ -71.50875, 18.47316 ], [ -71.50811, 18.46846 ], [ -71.51357, 18.46569 ], [ -71.51687, 18.46102 ], [ -71.51145, 18.45866 ], [ -71.5072, 18.46025 ], [ -71.50186, 18.45887 ], [ -71.49429, 18.4539 ], [ -71.49272, 18.4503 ], [ -71.48714, 18.44721 ], [ -71.47352, 18.4262 ], [ -71.46487, 18.42339 ], [ -71.46047, 18.4265 ], [ -71.44088, 18.42066 ], [ -71.4159, 18.44201 ], [ -71.40603, 18.45404 ], [ -71.39818, 18.45464 ], [ -71.39137, 18.45854 ], [ -71.3767, 18.45691 ], [ -71.37548, 18.4623 ], [ -71.3701, 18.46753 ], [ -71.36718, 18.47235 ], [ -71.36755, 18.47848 ], [ -71.36285, 18.48143 ], [ -71.36242, 18.48589 ], [ -71.36795, 18.49994 ], [ -71.41319, 18.49786 ], [ -71.41506, 18.50743 ], [ -71.41873, 18.51169 ], [ -71.41902, 18.51771 ], [ -71.4154, 18.52154 ], [ -71.40183, 18.52801 ], [ -71.39863, 18.52506 ], [ -71.38735, 18.52104 ], [ -71.3726, 18.52302 ], [ -71.36885, 18.5258 ], [ -71.36354, 18.52306 ], [ -71.35608, 18.52357 ], [ -71.37287, 18.53448 ], [ -71.37475, 18.5472 ], [ -71.37875, 18.5535 ], [ -71.37164, 18.56016 ], [ -71.36612, 18.56023 ], [ -71.35769, 18.55468 ], [ -71.35093, 18.54661 ], [ -71.34764, 18.55137 ], [ -71.34709, 18.55985 ], [ -71.34385, 18.56212 ], [ -71.34575, 18.56786 ], [ -71.34395, 18.57738 ], [ -71.34724, 18.58499 ], [ -71.35253, 18.59015 ], [ -71.35513, 18.59056 ], [ -71.35862, 18.58777 ], [ -71.36453, 18.59179 ], [ -71.36876, 18.58904 ], [ -71.37709, 18.59358 ], [ -71.38513, 18.5942 ], [ -71.3919, 18.59677 ], [ -71.39294, 18.61052 ], [ -71.39647, 18.61425 ], [ -71.40197, 18.61412 ], [ -71.40802, 18.61768 ], [ -71.42105, 18.60758 ], [ -71.43167, 18.61859 ], [ -71.43929, 18.62217 ], [ -71.44861, 18.62259 ] ] ] ] } },
{ "type": "Feature", "properties": { "COD_PROV": "03", "COD_MUN": "0302", "MUNICIPIO": "Galván", "REG": "4" }, "geometry": { "type": "Polygon", "coordinates": [ [ [ -71.30085, 18.57422 ], [ -71.30324, 18.58328 ], [ -71.30845, 18.59027 ], [ -71.31819, 18.59877 ], [ -71.33523, 18.60606 ], [ -71.34277, 18.59917 ], [ -71.35497, 18.59263 ], [ -71.35513, 18.59056 ], [ -71.34842, 18.58672 ], [ -71.34395, 18.57738 ], [ -71.34575, 18.56786 ], [ -71.34385, 18.56212 ], [ -71.34709, 18.55985 ], [ -71.34764, 18.55137 ], [ -71.35057, 18.54687 ], [ -71.35769, 18.55468 ], [ -71.36612, 18.56023 ], [ -71.37164, 18.56016 ], [ -71.37875, 18.5535 ], [ -71.37475, 18.5472 ], [ -71.37287, 18.53448 ], [ -71.35608, 18.52357 ], [ -71.36354, 18.52306 ], [ -71.36885, 18.5258 ], [ -71.3726, 18.52302 ], [ -71.38735, 18.52104 ], [ -71.39863, 18.52506 ], [ -71.40183, 18.52801 ], [ -71.4154, 18.52154 ], [ -71.41902, 18.51771 ], [ -71.41873, 18.51169 ], [ -71.41506, 18.50743 ], [ -71.41319, 18.49786 ], [ -71.36795, 18.49994 ], [ -71.36242, 18.48589 ], [ -71.36285, 18.48143 ], [ -71.36755, 18.47848 ], [ -71.36718, 18.47235 ], [ -71.37548, 18.4623 ], [ -71.3767, 18.45691 ], [ -71.39137, 18.45854 ], [ -71.39818, 18.45464 ], [ -71.40603, 18.45404 ], [ -71.4159, 18.44201 ], [ -71.44088, 18.42066 ], [ -71.43164, 18.41163 ], [ -71.42698, 18.40197 ], [ -71.42087, 18.39947 ], [ -71.41981, 18.39545 ], [ -71.41707, 18.39307 ], [ -71.4176, 18.3826 ], [ -71.41413, 18.37539 ], [ -71.41058, 18.37495 ], [ -71.37575, 18.38445 ], [ -71.37147, 18.39198 ], [ -71.32267, 18.41478 ], [ -71.32094, 18.41888 ], [ -71.30326, 18.41916 ], [ -71.29098, 18.43218 ], [ -71.28054, 18.43243 ], [ -71.28895, 18.43881 ], [ -71.29281, 18.44549 ], [ -71.29302, 18.44844 ], [ -71.28722, 18.44885 ], [ -71.29022, 18.4532 ], [ -71.28989, 18.48861 ], [ -71.26917, 18.48565 ], [ -71.26249, 18.48812 ], [ -71.25674, 18.48561 ], [ -71.25404, 18.48685 ], [ -71.22475, 18.48261 ], [ -71.22002, 18.48439 ], [ -71.20456, 18.5057 ], [ -71.18696, 18.51379 ], [ -71.1862, 18.51991 ], [ -71.19738, 18.53302 ], [ -71.21198, 18.52563 ], [ -71.23111, 18.52113 ], [ -71.2396, 18.52236 ], [ -71.24847, 18.52729 ], [ -71.25373, 18.53439 ], [ -71.25499, 18.53822 ], [ -71.25159, 18.54759 ], [ -71.2548, 18.55865 ], [ -71.25438, 18.56491 ], [ -71.26935, 18.57071 ], [ -71.28661, 18.57384 ], [ -71.30085, 18.57422 ] ] ] } },
{ "type": "Feature", "properties": { "COD_PROV": "03", "COD_MUN": "0303", "MUNICIPIO": "Tamayo", "REG": "4" }, "geometry": { "type": "Polygon", "coordinates": [ [ [ -71.21753, 18.6232 ], [ -71.22117, 18.62891 ], [ -71.22983, 18.62618 ], [ -71.2478, 18.61578 ], [ -71.28047, 18.6136 ], [ -71.31769, 18.62504 ], [ -71.32401, 18.62021 ], [ -71.33523, 18.60606 ], [ -71.31819, 18.59877 ], [ -71.30845, 18.59027 ], [ -71.30324, 18.58328 ], [ -71.30085, 18.57422 ], [ -71.28661, 18.57384 ], [ -71.26935, 18.57071 ], [ -71.25438, 18.56491 ], [ -71.2548, 18.55865 ], [ -71.25159, 18.54759 ], [ -71.25499, 18.53822 ], [ -71.24847, 18.52729 ], [ -71.2396, 18.52236 ], [ -71.23111, 18.52113 ], [ -71.21198, 18.52563 ], [ -71.19738, 18.53302 ], [ -71.1863, 18.52007 ], [ -71.18737, 18.51321 ], [ -71.20456, 18.5057 ], [ -71.22002, 18.48439 ], [ -71.22735, 18.48234 ], [ -71.24371, 18.48511 ], [ -71.25335, 18.47474 ], [ -71.25667, 18.47445 ], [ -71.25651, 18.45762 ], [ -71.22309, 18.45773 ], [ -71.22326, 18.45463 ], [ -71.21697, 18.45058 ], [ -71.21629, 18.44674 ], [ -71.21192, 18.4432 ], [ -71.21181, 18.44015 ], [ -71.20952, 18.43811 ], [ -71.211, 18.41866 ], [ -71.22647, 18.41886 ], [ -71.23029, 18.39511 ], [ -71.24929, 18.37616 ], [ -71.23462, 18.35749 ], [ -71.24847, 18.34596 ], [ -71.24336, 18.33926 ], [ -71.23831, 18.33723 ], [ -71.22868, 18.33692 ], [ -71.21136, 18.3255 ], [ -71.19596, 18.32576 ], [ -71.19189, 18.32868 ], [ -71.18677, 18.32874 ], [ -71.16942, 18.32524 ], [ -71.16498, 18.32932 ], [ -71.16254, 18.33459 ], [ -71.16156, 18.34181 ], [ -71.16287, 18.3451 ], [ -71.17353, 18.34289 ], [ -71.17621, 18.34011 ], [ -71.17438, 18.33657 ], [ -71.17748, 18.33419 ], [ -71.18121, 18.33683 ], [ -71.18902, 18.33656 ], [ -71.19143, 18.34085 ], [ -71.19384, 18.34041 ], [ -71.19528, 18.34212 ], [ -71.19285, 18.34427 ], [ -71.19165, 18.34923 ], [ -71.20277, 18.35019 ], [ -71.20523, 18.35333 ], [ -71.20467, 18.35869 ], [ -71.20279, 18.36065 ], [ -71.20595, 18.36401 ], [ -71.20329, 18.36946 ], [ -71.20658, 18.37765 ], [ -71.2017, 18.38045 ], [ -71.19773, 18.38567 ], [ -71.19179, 18.38822 ], [ -71.19115, 18.38981 ], [ -71.19374, 18.39316 ], [ -71.1927, 18.39667 ], [ -71.18589, 18.39866 ], [ -71.18153, 18.40696 ], [ -71.17802, 18.40927 ], [ -71.16702, 18.40512 ], [ -71.15804, 18.40776 ], [ -71.15139, 18.41475 ], [ -71.13956, 18.41499 ], [ -71.1314, 18.42015 ], [ -71.12991, 18.4255 ], [ -71.13219, 18.42808 ], [ -71.1369, 18.43096 ], [ -71.14484, 18.42985 ], [ -71.14836, 18.43128 ], [ -71.14517, 18.44057 ], [ -71.14244, 18.44109 ], [ -71.1336, 18.43775 ], [ -71.1242, 18.44038 ], [ -71.1224, 18.44393 ], [ -71.11291, 18.44916 ], [ -71.10826, 18.45782 ], [ -71.10486, 18.45786 ], [ -71.10047, 18.4543 ], [ -71.08711, 18.45596 ], [ -71.0814, 18.46064 ], [ -71.0839, 18.46721 ], [ -71.07899, 18.47247 ], [ -71.07576, 18.47392 ], [ -71.07063, 18.47283 ], [ -71.06963, 18.47826 ], [ -71.06753, 18.47927 ], [ -71.05898, 18.47623 ], [ -71.05855, 18.47756 ], [ -71.05314, 18.47842 ], [ -71.04774, 18.48516 ], [ -71.0462, 18.49017 ], [ -71.048, 18.49669 ], [ -71.05666, 18.49848 ], [ -71.05727, 18.50306 ], [ -71.04488, 18.50606 ], [ -71.03859, 18.50155 ], [ -71.0335, 18.5048 ], [ -71.03395, 18.50806 ], [ -71.04228, 18.51714 ], [ -71.04016, 18.52393 ], [ -71.03478, 18.52597 ], [ -71.02901, 18.52499 ], [ -71.02198, 18.51844 ], [ -71.01593, 18.50405 ], [ -71.01123, 18.5022 ], [ -71.00896, 18.50296 ], [ -71.00697, 18.51141 ], [ -71.00074, 18.51113 ], [ -70.99563, 18.51382 ], [ -70.98825, 18.51426 ], [ -70.98467, 18.52031 ], [ -70.98749, 18.52746 ], [ -70.99409, 18.52894 ], [ -70.99743, 18.53178 ], [ -71.00846, 18.53406 ], [ -71.01938, 18.53953 ], [ -71.02724, 18.54512 ], [ -71.02873, 18.5488 ], [ -71.03575, 18.54626 ], [ -71.0465, 18.54831 ], [ -71.04835, 18.55217 ], [ -71.05323, 18.55421 ], [ -71.058, 18.55379 ], [ -71.07225, 18.56065 ], [ -71.07864, 18.55767 ], [ -71.08625, 18.56535 ], [ -71.09385, 18.55967 ], [ -71.09926, 18.55983 ], [ -71.10258, 18.56278 ], [ -71.10766, 18.55901 ], [ -71.12106, 18.56134 ], [ -71.13278, 18.57136 ], [ -71.14039, 18.57537 ], [ -71.14543, 18.58142 ], [ -71.14589, 18.58973 ], [ -71.15282, 18.59419 ], [ -71.15379, 18.60032 ], [ -71.16147, 18.61466 ], [ -71.16156, 18.61912 ], [ -71.17096, 18.61982 ], [ -71.18853, 18.62646 ], [ -71.19321, 18.62641 ], [ -71.19704, 18.62243 ], [ -71.21753, 18.6232 ] ] ] } },
{ "type": "Feature", "properties": { "COD_PROV": "03", "COD_MUN": "0304", "MUNICIPIO": "Villa Jaragua", "REG": "4" }, "geometry": { "type": "Polygon", "coordinates": [ [ [ -71.51161, 18.62865 ], [ -71.51418, 18.61596 ], [ -71.52124, 18.60545 ], [ -71.53999, 18.59331 ], [ -71.53905, 18.59035 ], [ -71.54427, 18.58046 ], [ -71.54411, 18.57182 ], [ -71.5485, 18.56487 ], [ -71.54182, 18.54808 ], [ -71.53855, 18.54476 ], [ -71.53062, 18.54163 ], [ -71.52963, 18.53877 ], [ -71.53849, 18.53 ], [ -71.54154, 18.51968 ], [ -71.54512, 18.51757 ], [ -71.54532, 18.50415 ], [ -71.56417, 18.47585 ], [ -71.51666, 18.46012 ], [ -71.51638, 18.4631 ], [ -71.50811, 18.46846 ], [ -71.50875, 18.47316 ], [ -71.50312, 18.47809 ], [ -71.49628, 18.47665 ], [ -71.49267, 18.46996 ], [ -71.49007, 18.46858 ], [ -71.47817, 18.46913 ], [ -71.4724, 18.47702 ], [ -71.46782, 18.48951 ], [ -71.45988, 18.50241 ], [ -71.45116, 18.51193 ], [ -71.44453, 18.52984 ], [ -71.44455, 18.53603 ], [ -71.44817, 18.5425 ], [ -71.44757, 18.54662 ], [ -71.45065, 18.551 ], [ -71.45044, 18.55778 ], [ -71.45313, 18.56307 ], [ -71.46354, 18.57452 ], [ -71.46673, 18.57553 ], [ -71.4697, 18.58075 ], [ -71.47516, 18.58327 ], [ -71.47403, 18.58511 ], [ -71.47715, 18.58807 ], [ -71.47542, 18.5892 ], [ -71.47437, 18.59452 ], [ -71.48425, 18.60703 ], [ -71.49365, 18.60221 ], [ -71.49846, 18.60337 ], [ -71.4976, 18.60876 ], [ -71.50059, 18.61455 ], [ -71.49917, 18.62731 ], [ -71.51161, 18.62865 ] ] ] } },
{ "type": "Feature", "properties": { "COD_PROV": "03", "COD_MUN": "0305", "MUNICIPIO": "Los Ríos", "REG": "4" }, "geometry": { "type": "Polygon", "coordinates": [ [ [ -71.5739, 18.65338 ], [ -71.57751, 18.64199 ], [ -71.58282, 18.63768 ], [ -71.60396, 18.63467 ], [ -71.60878, 18.6318 ], [ -71.61078, 18.61988 ], [ -71.60959, 18.61728 ], [ -71.59418, 18.60948 ], [ -71.59324, 18.60369 ], [ -71.60874, 18.58554 ], [ -71.61673, 18.56396 ], [ -71.6212, 18.54043 ], [ -71.62346, 18.53603 ], [ -71.63131, 18.52927 ], [ -71.63356, 18.51694 ], [ -71.62971, 18.50058 ], [ -71.62498, 18.49476 ], [ -71.60996, 18.48754 ], [ -71.56417, 18.47585 ], [ -71.54532, 18.50415 ], [ -71.54512, 18.51757 ], [ -71.54154, 18.51968 ], [ -71.53849, 18.53 ], [ -71.52963, 18.53877 ], [ -71.53062, 18.54163 ], [ -71.53855, 18.54476 ], [ -71.54182, 18.54808 ], [ -71.5485, 18.56487 ], [ -71.54411, 18.57182 ], [ -71.54427, 18.58046 ], [ -71.53905, 18.59035 ], [ -71.53999, 18.59331 ], [ -71.52124, 18.60545 ], [ -71.51418, 18.61596 ], [ -71.51161, 18.62865 ], [ -71.52197, 18.63249 ], [ -71.52551, 18.64116 ], [ -71.53339, 18.64489 ], [ -71.5739, 18.65338 ] ] ] } },
{ "type": "Feature", "properties": { "COD_PROV": "04", "COD_MUN": "0401", "MUNICIPIO": "Barahona", "REG": "4" }, "geometry": { "type": "Polygon", "coordinates": [ [ [ -71.19035, 18.25785 ], [ -71.19159, 18.25533 ], [ -71.19408, 18.25664 ], [ -71.20776, 18.25593 ], [ -71.20768, 18.25121 ], [ -71.20555, 18.25043 ], [ -71.20433, 18.24719 ], [ -71.20464, 18.23773 ], [ -71.20646, 18.23064 ], [ -71.21167, 18.22537 ], [ -71.20987, 18.21219 ], [ -71.20205, 18.20121 ], [ -71.20652, 18.18348 ], [ -71.20168, 18.17476 ], [ -71.20182, 18.17057 ], [ -71.20876, 18.15476 ], [ -71.20683, 18.14503 ], [ -71.20889, 18.13073 ], [ -71.20818, 18.12427 ], [ -71.2034, 18.11554 ], [ -71.20044, 18.12154 ], [ -71.19556, 18.11918 ], [ -71.18349, 18.12043 ], [ -71.16791, 18.12664 ], [ -71.15802, 18.12349 ], [ -71.13534, 18.12492 ], [ -71.12796, 18.12393 ], [ -71.11602, 18.12727 ], [ -71.11249, 18.13164 ], [ -71.10674, 18.13211 ], [ -71.10483, 18.1338 ], [ -71.10033, 18.1329 ], [ -71.08871, 18.14072 ], [ -71.08824, 18.14323 ], [ -71.09318, 18.15288 ], [ -71.09133, 18.15639 ], [ -71.08473, 18.16087 ], [ -71.06856, 18.15733 ], [ -71.05942, 18.15121 ], [ -71.05779, 18.15526 ], [ -71.05539, 18.1547 ], [ -71.06689, 18.16817 ], [ -71.06885, 18.1736 ], [ -71.06786, 18.17591 ], [ -71.07109, 18.17829 ], [ -71.0719, 18.18743 ], [ -71.07561, 18.1909 ], [ -71.07935, 18.19161 ], [ -71.07932, 18.19353 ], [ -71.08217, 18.19456 ], [ -71.08171, 18.19756 ], [ -71.086, 18.19963 ], [ -71.08953, 18.20636 ], [ -71.09103, 18.20643 ], [ -71.0898, 18.20742 ], [ -71.09234, 18.20817 ], [ -71.08909, 18.21494 ], [ -71.08632, 18.21414 ], [ -71.08827, 18.21268 ], [ -71.08769, 18.21019 ], [ -71.08341, 18.21774 ], [ -71.08972, 18.2283 ], [ -71.09747, 18.23338 ], [ -71.10181, 18.23179 ], [ -71.12015, 18.24108 ], [ -71.12289, 18.22807 ], [ -71.13111, 18.22451 ], [ -71.13264, 18.23171 ], [ -71.14782, 18.23384 ], [ -71.14931, 18.2366 ], [ -71.15092, 18.23573 ], [ -71.15408, 18.23763 ], [ -71.15383, 18.24296 ], [ -71.15692, 18.24477 ], [ -71.16025, 18.24405 ], [ -71.17779, 18.25322 ], [ -71.18046, 18.25638 ], [ -71.19035, 18.25785 ] ] ] } },
{ "type": "Feature", "properties": { "COD_PROV": "04", "COD_MUN": "0402", "MUNICIPIO": "Cabral", "REG": "4" }, "geometry": { "type": "Polygon", "coordinates": [ [ [ -71.22391, 18.2524 ], [ -71.22982, 18.25517 ], [ -71.23816, 18.26536 ], [ -71.24947, 18.27515 ], [ -71.27134, 18.26557 ], [ -71.27816, 18.25488 ], [ -71.27975, 18.24781 ], [ -71.28307, 18.24519 ], [ -71.28975, 18.24437 ], [ -71.29109, 18.24204 ], [ -71.28954, 18.23899 ], [ -71.29735, 18.23451 ], [ -71.29661, 18.22506 ], [ -71.30147, 18.21801 ], [ -71.30244, 18.20819 ], [ -71.29945, 18.207 ], [ -71.29689, 18.20298 ], [ -71.29728, 18.19761 ], [ -71.29226, 18.19631 ], [ -71.29203, 18.19299 ], [ -71.28658, 18.18681 ], [ -71.28348, 18.17718 ], [ -71.28232, 18.16568 ], [ -71.27981, 18.16047 ], [ -71.27961, 18.15378 ], [ -71.2485, 18.14133 ], [ -71.2301, 18.1253 ], [ -71.20891, 18.11602 ], [ -71.20383, 18.11524 ], [ -71.20803, 18.12353 ], [ -71.20879, 18.1292 ], [ -71.20683, 18.14503 ], [ -71.20876, 18.15476 ], [ -71.20182, 18.17057 ], [ -71.20168, 18.17476 ], [ -71.20652, 18.18348 ], [ -71.20205, 18.20121 ], [ -71.2031, 18.20461 ], [ -71.20836, 18.20893 ], [ -71.21198, 18.22237 ], [ -71.21148, 18.22568 ], [ -71.20629, 18.23095 ], [ -71.20433, 18.24719 ], [ -71.20592, 18.25079 ], [ -71.22391, 18.2524 ] ] ] } },
{ "type": "Feature", "properties": { "COD_PROV": "04", "COD_MUN": "0403", "MUNICIPIO": "Enriquillo", "REG": "4" }, "geometry": { "type": "Polygon", "coordinates": [ [ [ -71.38014, 18.09538 ], [ -71.39849, 18.10516 ], [ -71.40471, 18.10229 ], [ -71.40474, 18.09811 ], [ -71.38934, 18.07827 ], [ -71.3898, 18.05869 ], [ -71.38479, 18.05324 ], [ -71.38464, 18.04556 ], [ -71.40933, 18.0113 ], [ -71.41277, 18.01123 ], [ -71.42123, 18.01808 ], [ -71.43011, 18.01815 ], [ -71.42777, 17.99693 ], [ -71.43813, 17.98812 ], [ -71.4379, 17.98011 ], [ -71.42174, 17.96764 ], [ -71.41609, 17.96713 ], [ -71.411, 17.97037 ], [ -71.40702, 17.97078 ], [ -71.40475, 17.9701 ], [ -71.40543, 17.96707 ], [ -71.40211, 17.96209 ], [ -71.39766, 17.96363 ], [ -71.39238, 17.9577 ], [ -71.39496, 17.95337 ], [ -71.38651, 17.94625 ], [ -71.38438, 17.94237 ], [ -71.37755, 17.93971 ], [ -71.38054, 17.93574 ], [ -71.38162, 17.92865 ], [ -71.37135, 17.92794 ], [ -71.36627, 17.92971 ], [ -71.35824, 17.92172 ], [ -71.348, 17.92042 ], [ -71.34236, 17.9159 ], [ -71.33354, 17.92018 ], [ -71.32363, 17.91727 ], [ -71.31072, 17.91709 ], [ -71.30816, 17.91433 ], [ -71.30282, 17.91451 ], [ -71.29814, 17.91219 ], [ -71.29782, 17.90786 ], [ -71.3014, 17.90337 ], [ -71.31057, 17.89838 ], [ -71.30017, 17.89735 ], [ -71.29265, 17.89164 ], [ -71.29285, 17.88792 ], [ -71.28949, 17.88001 ], [ -71.2922, 17.87579 ], [ -71.28507, 17.86941 ], [ -71.283, 17.86193 ], [ -71.27229, 17.85191 ], [ -71.26889, 17.85594 ], [ -71.26803, 17.8616 ], [ -71.25813, 17.87347 ], [ -71.25241, 17.87868 ], [ -71.24971, 17.87834 ], [ -71.2448, 17.8811 ], [ -71.23516, 17.89107 ], [ -71.22166, 17.89824 ], [ -71.21447, 17.9083 ], [ -71.21117, 17.91658 ], [ -71.20758, 17.91836 ], [ -71.19946, 17.92805 ], [ -71.1969, 17.9353 ], [ -71.18826, 17.94796 ], [ -71.19543, 17.95204 ], [ -71.20193, 17.95307 ], [ -71.20931, 17.95778 ], [ -71.21258, 17.95361 ], [ -71.2131, 17.94622 ], [ -71.21889, 17.94759 ], [ -71.22313, 17.95309 ], [ -71.2197, 17.95772 ], [ -71.21998, 17.97436 ], [ -71.22827, 17.96874 ], [ -71.23844, 17.96597 ], [ -71.23876, 17.97468 ], [ -71.24631, 17.98684 ], [ -71.24496, 17.99234 ], [ -71.24676, 17.99351 ], [ -71.24743, 17.99794 ], [ -71.24436, 18.00932 ], [ -71.25332, 18.01876 ], [ -71.25368, 18.02414 ], [ -71.26671, 18.03545 ], [ -71.27466, 18.03361 ], [ -71.28538, 18.03474 ], [ -71.28648, 18.04185 ], [ -71.29546, 18.04555 ], [ -71.29851, 18.05299 ], [ -71.31451, 18.05474 ], [ -71.31779, 18.05703 ], [ -71.31806, 18.06003 ], [ -71.3198, 18.0607 ], [ -71.31882, 18.06188 ], [ -71.32967, 18.06163 ], [ -71.33545, 18.06413 ], [ -71.34036, 18.06897 ], [ -71.34639, 18.07938 ], [ -71.35838, 18.08894 ], [ -71.35906, 18.09332 ], [ -71.36307, 18.09252 ], [ -71.38014, 18.09538 ] ] ] } },
{ "type": "Feature", "properties": { "COD_PROV": "04", "COD_MUN": "0404", "MUNICIPIO": "Paraíso", "REG": "4" }, "geometry": { "type": "Polygon", "coordinates": [ [ [ -71.24557, 18.11354 ], [ -71.25608, 18.12337 ], [ -71.25975, 18.12249 ], [ -71.25403, 18.10753 ], [ -71.25572, 18.10248 ], [ -71.25398, 18.09972 ], [ -71.2453, 18.09532 ], [ -71.24763, 18.08735 ], [ -71.24178, 18.084 ], [ -71.23159, 18.06727 ], [ -71.23573, 18.06275 ], [ -71.24051, 18.0663 ], [ -71.24285, 18.07073 ], [ -71.24732, 18.07094 ], [ -71.25183, 18.07016 ], [ -71.25532, 18.06338 ], [ -71.26203, 18.06563 ], [ -71.26684, 18.0644 ], [ -71.26974, 18.06039 ], [ -71.26987, 18.05578 ], [ -71.26652, 18.05019 ], [ -71.26036, 18.04641 ], [ -71.26671, 18.03545 ], [ -71.25368, 18.02414 ], [ -71.25332, 18.01876 ], [ -71.24436, 18.00932 ], [ -71.24743, 17.99794 ], [ -71.24676, 17.99351 ], [ -71.24496, 17.99234 ], [ -71.24631, 17.98684 ], [ -71.23876, 17.97468 ], [ -71.23844, 17.96597 ], [ -71.22827, 17.96874 ], [ -71.21998, 17.97436 ], [ -71.2197, 17.95772 ], [ -71.22313, 17.95309 ], [ -71.21889, 17.94759 ], [ -71.2131, 17.94622 ], [ -71.21258, 17.95361 ], [ -71.20931, 17.95778 ], [ -71.20193, 17.95307 ], [ -71.19543, 17.95204 ], [ -71.18826, 17.94796 ], [ -71.18244, 17.95844 ], [ -71.17761, 17.96291 ], [ -71.16821, 17.98166 ], [ -71.16021, 17.99108 ], [ -71.16474, 17.99488 ], [ -71.15989, 17.99162 ], [ -71.15657, 17.99549 ], [ -71.15203, 17.99584 ], [ -71.14517, 18.007 ], [ -71.13803, 18.00849 ], [ -71.13704, 18.01206 ], [ -71.13877, 18.02259 ], [ -71.13691, 18.02834 ], [ -71.13419, 18.03097 ], [ -71.13958, 18.03187 ], [ -71.14359, 18.03007 ], [ -71.14856, 18.03374 ], [ -71.15832, 18.03703 ], [ -71.16692, 18.03565 ], [ -71.17732, 18.05316 ], [ -71.18431, 18.05362 ], [ -71.18596, 18.06141 ], [ -71.19694, 18.06849 ], [ -71.19724, 18.0767 ], [ -71.19351, 18.08353 ], [ -71.19513, 18.08984 ], [ -71.20222, 18.09553 ], [ -71.20684, 18.09068 ], [ -71.21113, 18.09322 ], [ -71.21848, 18.09439 ], [ -71.22349, 18.09836 ], [ -71.22472, 18.10594 ], [ -71.23221, 18.11173 ], [ -71.23589, 18.11341 ], [ -71.24557, 18.11354 ] ] ] } },
{ "type": "Feature", "properties": { "COD_PROV": "04", "COD_MUN": "0405", "MUNICIPIO": "Vicente Noble", "REG": "4" }, "geometry": { "type": "Polygon", "coordinates": [ [ [ -71.04186, 18.49748 ], [ -71.04754, 18.49513 ], [ -71.04624, 18.48906 ], [ -71.05314, 18.47842 ], [ -71.05855, 18.47756 ], [ -71.05898, 18.47623 ], [ -71.06789, 18.47918 ], [ -71.07023, 18.47698 ], [ -71.07063, 18.47283 ], [ -71.07576, 18.47392 ], [ -71.08021, 18.47145 ], [ -71.0839, 18.46721 ], [ -71.0814, 18.46064 ], [ -71.08711, 18.45596 ], [ -71.10047, 18.4543 ], [ -71.10486, 18.45786 ], [ -71.10826, 18.45782 ], [ -71.11291, 18.44916 ], [ -71.1224, 18.44393 ], [ -71.1242, 18.44038 ], [ -71.1336, 18.43775 ], [ -71.14244, 18.44109 ], [ -71.14517, 18.44057 ], [ -71.14876, 18.43351 ], [ -71.14777, 18.43067 ], [ -71.1369, 18.43096 ], [ -71.13012, 18.42624 ], [ -71.13106, 18.42048 ], [ -71.13775, 18.4158 ], [ -71.15139, 18.41475 ], [ -71.15804, 18.40776 ], [ -71.16702, 18.40512 ], [ -71.17802, 18.40927 ], [ -71.18153, 18.40696 ], [ -71.18589, 18.39866 ], [ -71.1927, 18.39667 ], [ -71.19374, 18.39316 ], [ -71.19115, 18.38981 ], [ -71.19179, 18.38822 ], [ -71.19773, 18.38567 ], [ -71.2017, 18.38045 ], [ -71.20577, 18.37919 ], [ -71.2069, 18.37628 ], [ -71.20329, 18.36946 ], [ -71.20591, 18.36459 ], [ -71.20279, 18.36065 ], [ -71.20467, 18.35869 ], [ -71.20523, 18.35333 ], [ -71.20277, 18.35019 ], [ -71.19165, 18.34923 ], [ -71.19285, 18.34427 ], [ -71.19525, 18.34235 ], [ -71.19384, 18.34041 ], [ -71.19143, 18.34085 ], [ -71.18902, 18.33656 ], [ -71.18121, 18.33683 ], [ -71.1773, 18.33421 ], [ -71.17438, 18.33657 ], [ -71.17621, 18.33985 ], [ -71.1747, 18.34201 ], [ -71.16331, 18.34542 ], [ -71.16156, 18.34181 ], [ -71.16271, 18.33246 ], [ -71.15871, 18.33487 ], [ -71.15717, 18.33069 ], [ -71.15237, 18.32648 ], [ -71.12179, 18.32292 ], [ -71.12686, 18.33155 ], [ -71.11528, 18.34294 ], [ -71.1023, 18.34232 ], [ -71.10055, 18.33882 ], [ -71.08716, 18.33605 ], [ -71.08148, 18.33107 ], [ -71.07129, 18.32722 ], [ -71.0633, 18.33879 ], [ -71.05877, 18.34976 ], [ -71.02207, 18.35078 ], [ -71.0168, 18.35011 ], [ -71.01111, 18.34457 ], [ -71.00297, 18.34105 ], [ -70.99561, 18.3276 ], [ -70.99761, 18.32496 ], [ -70.99541, 18.32476 ], [ -70.98657, 18.33025 ], [ -70.9799, 18.34597 ], [ -70.97773, 18.3463 ], [ -70.97968, 18.34927 ], [ -70.97998, 18.35529 ], [ -70.99099, 18.3631 ], [ -71.00771, 18.36774 ], [ -71.02749, 18.37852 ], [ -71.03162, 18.3764 ], [ -71.03633, 18.37743 ], [ -71.04717, 18.39777 ], [ -71.04699, 18.4031 ], [ -71.03065, 18.40482 ], [ -71.01811, 18.412 ], [ -71.01648, 18.41613 ], [ -71.01883, 18.42787 ], [ -71.01721, 18.43541 ], [ -71.01194, 18.44139 ], [ -71.01048, 18.44731 ], [ -71.00532, 18.45363 ], [ -71.00741, 18.46193 ], [ -70.99565, 18.46915 ], [ -70.99571, 18.48789 ], [ -70.99946, 18.4929 ], [ -71.00829, 18.49045 ], [ -71.02738, 18.49045 ], [ -71.02495, 18.49316 ], [ -71.03099, 18.4974 ], [ -71.03325, 18.49572 ], [ -71.04186, 18.49748 ] ] ] } },
{ "type": "Feature", "properties": { "COD_PROV": "04", "COD_MUN": "0406", "MUNICIPIO": "El Peñón", "REG": "4" }, "geometry": { "type": "Polygon", "coordinates": [ [ [ -71.15898, 18.33496 ], [ -71.16115, 18.33238 ], [ -71.1632, 18.33384 ], [ -71.16498, 18.32932 ], [ -71.16942, 18.32524 ], [ -71.18225, 18.32831 ], [ -71.19189, 18.32868 ], [ -71.19596, 18.32576 ], [ -71.21291, 18.32555 ], [ -71.22885, 18.32053 ], [ -71.23598, 18.31369 ], [ -71.23676, 18.30282 ], [ -71.24813, 18.27453 ], [ -71.22982, 18.25517 ], [ -71.22444, 18.25244 ], [ -71.21859, 18.25251 ], [ -71.22183, 18.25505 ], [ -71.22132, 18.26147 ], [ -71.21587, 18.2646 ], [ -71.21505, 18.26217 ], [ -71.21383, 18.26483 ], [ -71.2084, 18.26521 ], [ -71.20776, 18.26872 ], [ -71.20139, 18.27199 ], [ -71.20447, 18.27323 ], [ -71.20472, 18.27555 ], [ -71.20154, 18.27777 ], [ -71.19932, 18.28391 ], [ -71.19543, 18.28738 ], [ -71.19518, 18.29067 ], [ -71.17504, 18.29703 ], [ -71.1703, 18.29986 ], [ -71.16979, 18.30447 ], [ -71.16297, 18.30479 ], [ -71.16443, 18.30796 ], [ -71.16726, 18.30646 ], [ -71.16783, 18.31119 ], [ -71.17196, 18.31053 ], [ -71.16933, 18.31495 ], [ -71.17249, 18.31851 ], [ -71.1711, 18.32024 ], [ -71.16937, 18.31977 ], [ -71.17082, 18.31804 ], [ -71.16976, 18.31695 ], [ -71.1648, 18.31825 ], [ -71.165, 18.31987 ], [ -71.16328, 18.32026 ], [ -71.16531, 18.32522 ], [ -71.16035, 18.32702 ], [ -71.16041, 18.33026 ], [ -71.1574, 18.33137 ], [ -71.15898, 18.33496 ] ] ] } },
{ "type": "Feature", "properties": { "COD_PROV": "04", "COD_MUN": "0407", "MUNICIPIO": "La Ciénaga", "REG": "4" }, "geometry": { "type": "Polygon", "coordinates": [ [ [ -71.06367, 18.1366 ], [ -71.06408, 18.14384 ], [ -71.06037, 18.14735 ], [ -71.05942, 18.15121 ], [ -71.06856, 18.15733 ], [ -71.08473, 18.16087 ], [ -71.09133, 18.15639 ], [ -71.09318, 18.15288 ], [ -71.08824, 18.14323 ], [ -71.08879, 18.14058 ], [ -71.10033, 18.1329 ], [ -71.10483, 18.1338 ], [ -71.11431, 18.13085 ], [ -71.11602, 18.12727 ], [ -71.12796, 18.12393 ], [ -71.13534, 18.12492 ], [ -71.15761, 18.12346 ], [ -71.16791, 18.12664 ], [ -71.18349, 18.12043 ], [ -71.19556, 18.11918 ], [ -71.20044, 18.12154 ], [ -71.20359, 18.11327 ], [ -71.19864, 18.10194 ], [ -71.20222, 18.09553 ], [ -71.19415, 18.08879 ], [ -71.19333, 18.086 ], [ -71.19397, 18.08148 ], [ -71.19724, 18.0767 ], [ -71.19694, 18.06849 ], [ -71.18596, 18.06141 ], [ -71.18431, 18.05362 ], [ -71.17732, 18.05316 ], [ -71.16692, 18.03565 ], [ -71.15598, 18.03648 ], [ -71.14359, 18.03007 ], [ -71.13958, 18.03187 ], [ -71.13419, 18.03097 ], [ -71.12925, 18.0332 ], [ -71.1232, 18.03943 ], [ -71.11698, 18.04195 ], [ -71.11747, 18.047 ], [ -71.11083, 18.05832 ], [ -71.1045, 18.06496 ], [ -71.09813, 18.06487 ], [ -71.08735, 18.08279 ], [ -71.08543, 18.0827 ], [ -71.08358, 18.09139 ], [ -71.07304, 18.10846 ], [ -71.06735, 18.12684 ], [ -71.06574, 18.12686 ], [ -71.06367, 18.1366 ] ] ] } },
{ "type": "Feature", "properties": { "COD_PROV": "04", "COD_MUN": "0408", "MUNICIPIO": "Fundación", "REG": "4" }, "geometry": { "type": "Polygon", "coordinates": [ [ [ -71.17188, 18.2992 ], [ -71.19518, 18.29067 ], [ -71.19543, 18.28738 ], [ -71.19932, 18.28391 ], [ -71.20154, 18.27777 ], [ -71.20472, 18.27555 ], [ -71.20447, 18.27323 ], [ -71.20139, 18.27199 ], [ -71.20776, 18.26872 ], [ -71.2084, 18.26521 ], [ -71.21383, 18.26483 ], [ -71.21505, 18.26217 ], [ -71.21587, 18.2646 ], [ -71.21883, 18.26168 ], [ -71.22108, 18.26168 ], [ -71.22153, 18.2546 ], [ -71.21305, 18.25094 ], [ -71.20656, 18.25081 ], [ -71.20776, 18.25593 ], [ -71.19408, 18.25664 ], [ -71.19159, 18.25533 ], [ -71.18997, 18.25803 ], [ -71.18344, 18.25739 ], [ -71.16025, 18.24405 ], [ -71.15692, 18.24477 ], [ -71.15383, 18.24296 ], [ -71.15408, 18.23763 ], [ -71.15092, 18.23573 ], [ -71.14931, 18.2366 ], [ -71.14782, 18.23384 ], [ -71.13264, 18.23171 ], [ -71.13111, 18.22451 ], [ -71.12289, 18.22807 ], [ -71.12015, 18.24108 ], [ -71.10181, 18.23179 ], [ -71.09731, 18.23351 ], [ -71.09893, 18.24044 ], [ -71.10514, 18.24372 ], [ -71.10902, 18.25757 ], [ -71.10205, 18.27543 ], [ -71.0919, 18.28864 ], [ -71.09639, 18.28825 ], [ -71.09819, 18.28454 ], [ -71.10395, 18.28169 ], [ -71.11221, 18.28606 ], [ -71.11629, 18.28485 ], [ -71.11862, 18.28335 ], [ -71.11804, 18.28079 ], [ -71.12209, 18.27968 ], [ -71.12024, 18.27106 ], [ -71.12239, 18.26945 ], [ -71.12412, 18.27116 ], [ -71.12643, 18.27076 ], [ -71.12836, 18.27377 ], [ -71.13407, 18.27129 ], [ -71.13427, 18.27337 ], [ -71.14652, 18.28062 ], [ -71.15641, 18.29135 ], [ -71.16473, 18.28581 ], [ -71.1703, 18.29357 ], [ -71.17188, 18.2992 ] ] ] } },
{ "type": "Feature", "properties": { "COD_PROV": "04", "COD_MUN": "0409", "MUNICIPIO": "Las Salinas", "REG": "4" }, "geometry": { "type": "Polygon", "coordinates": [ [ [ -71.30225, 18.27724 ], [ -71.33074, 18.28475 ], [ -71.34183, 18.29098 ], [ -71.35885, 18.30506 ], [ -71.3641, 18.30755 ], [ -71.36627, 18.30692 ], [ -71.36932, 18.30149 ], [ -71.38425, 18.29227 ], [ -71.38574, 18.28732 ], [ -71.3918, 18.28192 ], [ -71.39308, 18.27627 ], [ -71.38464, 18.27157 ], [ -71.38641, 18.26933 ], [ -71.38541, 18.26847 ], [ -71.37308, 18.26204 ], [ -71.37644, 18.25807 ], [ -71.37772, 18.25136 ], [ -71.37661, 18.24788 ], [ -71.37993, 18.23936 ], [ -71.37669, 18.23132 ], [ -71.37906, 18.22721 ], [ -71.37792, 18.22515 ], [ -71.38539, 18.21651 ], [ -71.38658, 18.21401 ], [ -71.38507, 18.20954 ], [ -71.38769, 18.20961 ], [ -71.38987, 18.20422 ], [ -71.38846, 18.2035 ], [ -71.38711, 18.20611 ], [ -71.38729, 18.2034 ], [ -71.38525, 18.20208 ], [ -71.38717, 18.20258 ], [ -71.38775, 18.19903 ], [ -71.38413, 18.19868 ], [ -71.38618, 18.19789 ], [ -71.38636, 18.19545 ], [ -71.38405, 18.19507 ], [ -71.38581, 18.19012 ], [ -71.3835, 18.18864 ], [ -71.38966, 18.18423 ], [ -71.39134, 18.18645 ], [ -71.39366, 18.18549 ], [ -71.39408, 18.18775 ], [ -71.39651, 18.18681 ], [ -71.39639, 18.18975 ], [ -71.40902, 18.1916 ], [ -71.41707, 18.19729 ], [ -71.42493, 18.19675 ], [ -71.42409, 18.18512 ], [ -71.42872, 18.17994 ], [ -71.42599, 18.17761 ], [ -71.42746, 18.17154 ], [ -71.42084, 18.17085 ], [ -71.41591, 18.17929 ], [ -71.41051, 18.18242 ], [ -71.40236, 18.17735 ], [ -71.39332, 18.17738 ], [ -71.37829, 18.16776 ], [ -71.37497, 18.16784 ], [ -71.36202, 18.17422 ], [ -71.34765, 18.17209 ], [ -71.34637, 18.17442 ], [ -71.3493, 18.1796 ], [ -71.34881, 18.18274 ], [ -71.3446, 18.18299 ], [ -71.34261, 18.18729 ], [ -71.33482, 18.18145 ], [ -71.32614, 18.17806 ], [ -71.31933, 18.16665 ], [ -71.304, 18.18269 ], [ -71.30257, 18.21336 ], [ -71.30129, 18.2184 ], [ -71.29661, 18.22506 ], [ -71.29735, 18.23451 ], [ -71.28954, 18.23899 ], [ -71.29109, 18.24204 ], [ -71.28975, 18.24437 ], [ -71.28307, 18.24519 ], [ -71.27975, 18.24781 ], [ -71.27816, 18.25488 ], [ -71.27134, 18.26557 ], [ -71.27878, 18.26651 ], [ -71.30225, 18.27724 ] ] ] } },
{ "type": "Feature", "properties": { "COD_PROV": "04", "COD_MUN": "0410", "MUNICIPIO": "Polo", "REG": "4" }, "geometry": { "type": "Polygon", "coordinates": [ [ [ -71.29728, 18.19761 ], [ -71.29672, 18.20241 ], [ -71.29909, 18.20652 ], [ -71.30244, 18.20819 ], [ -71.304, 18.18269 ], [ -71.31933, 18.16665 ], [ -71.32614, 18.17806 ], [ -71.33482, 18.18145 ], [ -71.34261, 18.18729 ], [ -71.3446, 18.18299 ], [ -71.34881, 18.18274 ], [ -71.3493, 18.1796 ], [ -71.34637, 18.17442 ], [ -71.34765, 18.17209 ], [ -71.36202, 18.17422 ], [ -71.37672, 18.16756 ], [ -71.39332, 18.17738 ], [ -71.40236, 18.17735 ], [ -71.40936, 18.1824 ], [ -71.41232, 18.18231 ], [ -71.42084, 18.17085 ], [ -71.42727, 18.17137 ], [ -71.42779, 18.16993 ], [ -71.42516, 18.16282 ], [ -71.42532, 18.15057 ], [ -71.42306, 18.1451 ], [ -71.42547, 18.13787 ], [ -71.41196, 18.12905 ], [ -71.4053, 18.13138 ], [ -71.39782, 18.13141 ], [ -71.38601, 18.12202 ], [ -71.38808, 18.11492 ], [ -71.3942, 18.10938 ], [ -71.39586, 18.10439 ], [ -71.37998, 18.09522 ], [ -71.37314, 18.0953 ], [ -71.36307, 18.09252 ], [ -71.35906, 18.09332 ], [ -71.35838, 18.08894 ], [ -71.34639, 18.07938 ], [ -71.34036, 18.06897 ], [ -71.33512, 18.06388 ], [ -71.32967, 18.06163 ], [ -71.31882, 18.06188 ], [ -71.3198, 18.0607 ], [ -71.31806, 18.06003 ], [ -71.31779, 18.05703 ], [ -71.31451, 18.05474 ], [ -71.29857, 18.05302 ], [ -71.29546, 18.04555 ], [ -71.28648, 18.04185 ], [ -71.28538, 18.03474 ], [ -71.27214, 18.03381 ], [ -71.26637, 18.03567 ], [ -71.26041, 18.045 ], [ -71.26101, 18.04743 ], [ -71.26671, 18.05041 ], [ -71.26996, 18.05601 ], [ -71.26974, 18.06039 ], [ -71.26684, 18.0644 ], [ -71.26203, 18.06563 ], [ -71.25532, 18.06338 ], [ -71.25183, 18.07016 ], [ -71.24732, 18.07094 ], [ -71.24285, 18.07073 ], [ -71.24051, 18.0663 ], [ -71.23573, 18.06275 ], [ -71.23159, 18.06727 ], [ -71.24178, 18.084 ], [ -71.24763, 18.08735 ], [ -71.2453, 18.09532 ], [ -71.25398, 18.09972 ], [ -71.25572, 18.10248 ], [ -71.25403, 18.10753 ], [ -71.25975, 18.12249 ], [ -71.25608, 18.12337 ], [ -71.24577, 18.11358 ], [ -71.23589, 18.11341 ], [ -71.23221, 18.11173 ], [ -71.22465, 18.10585 ], [ -71.22289, 18.09745 ], [ -71.21595, 18.09344 ], [ -71.21113, 18.09322 ], [ -71.20684, 18.09068 ], [ -71.1992, 18.09904 ], [ -71.19862, 18.10251 ], [ -71.20121, 18.10525 ], [ -71.2034, 18.11554 ], [ -71.20891, 18.11602 ], [ -71.2301, 18.1253 ], [ -71.2457, 18.13986 ], [ -71.27991, 18.15406 ], [ -71.27981, 18.16047 ], [ -71.28232, 18.16568 ], [ -71.28558, 18.18414 ], [ -71.29203, 18.19299 ], [ -71.29185, 18.19581 ], [ -71.29728, 18.19761 ] ] ] } },
{ "type": "Feature", "properties": { "COD_PROV": "04", "COD_MUN": "0411", "MUNICIPIO": "Jaquimeyes", "REG": "4" }, "geometry": { "type": "Polygon", "coordinates": [ [ [ -71.05877, 18.34976 ], [ -71.0633, 18.33879 ], [ -71.07129, 18.32722 ], [ -71.08148, 18.33107 ], [ -71.08437, 18.33486 ], [ -71.09838, 18.33804 ], [ -71.10093, 18.3391 ], [ -71.10224, 18.3423 ], [ -71.10707, 18.34158 ], [ -71.10931, 18.34348 ], [ -71.11528, 18.34294 ], [ -71.12686, 18.33155 ], [ -71.12179, 18.32292 ], [ -71.15208, 18.32639 ], [ -71.15818, 18.33136 ], [ -71.16041, 18.33026 ], [ -71.16035, 18.32702 ], [ -71.16531, 18.32522 ], [ -71.16328, 18.32026 ], [ -71.165, 18.31987 ], [ -71.16493, 18.31813 ], [ -71.16982, 18.31697 ], [ -71.17082, 18.31804 ], [ -71.16937, 18.31977 ], [ -71.1711, 18.32024 ], [ -71.17246, 18.31862 ], [ -71.16933, 18.31495 ], [ -71.17196, 18.31053 ], [ -71.16788, 18.31122 ], [ -71.16715, 18.30632 ], [ -71.16483, 18.30808 ], [ -71.16234, 18.30564 ], [ -71.16389, 18.30407 ], [ -71.17026, 18.30414 ], [ -71.17028, 18.29992 ], [ -71.17194, 18.29946 ], [ -71.1703, 18.29357 ], [ -71.16473, 18.28581 ], [ -71.15641, 18.29135 ], [ -71.14652, 18.28062 ], [ -71.13427, 18.27337 ], [ -71.13407, 18.27129 ], [ -71.12836, 18.27377 ], [ -71.12643, 18.27076 ], [ -71.12412, 18.27116 ], [ -71.12239, 18.26945 ], [ -71.12024, 18.27106 ], [ -71.12209, 18.27968 ], [ -71.11804, 18.28079 ], [ -71.11862, 18.28335 ], [ -71.11629, 18.28485 ], [ -71.11221, 18.28606 ], [ -71.10395, 18.28169 ], [ -71.10083, 18.28282 ], [ -71.09728, 18.28535 ], [ -71.09639, 18.28825 ], [ -71.0919, 18.28864 ], [ -71.07513, 18.30473 ], [ -71.06328, 18.31015 ], [ -71.06239, 18.3127 ], [ -71.05838, 18.31458 ], [ -71.04688, 18.31672 ], [ -71.04197, 18.3155 ], [ -71.03743, 18.31119 ], [ -71.03533, 18.31189 ], [ -71.03458, 18.30739 ], [ -71.02357, 18.31072 ], [ -71.00551, 18.30176 ], [ -71.00445, 18.29962 ], [ -71.00271, 18.30079 ], [ -70.99678, 18.29852 ], [ -70.99307, 18.29361 ], [ -70.99287, 18.2904 ], [ -70.98225, 18.28532 ], [ -70.97631, 18.26878 ], [ -70.97662, 18.26438 ], [ -70.96873, 18.25722 ], [ -70.96138, 18.26448 ], [ -70.95804, 18.27308 ], [ -70.95826, 18.27995 ], [ -70.94775, 18.30166 ], [ -70.94858, 18.31073 ], [ -70.95819, 18.32103 ], [ -70.964, 18.33342 ], [ -70.97117, 18.34051 ], [ -70.97175, 18.34477 ], [ -70.97602, 18.34927 ], [ -70.97773, 18.3463 ], [ -70.9799, 18.34597 ], [ -70.98657, 18.33025 ], [ -70.99667, 18.32473 ], [ -70.99561, 18.3276 ], [ -71.00297, 18.34105 ], [ -71.01111, 18.34457 ], [ -71.01712, 18.35027 ], [ -71.05877, 18.34976 ] ] ] } },
{ "type": "Feature", "properties": { "COD_PROV": "05", "COD_MUN": "0501", "MUNICIPIO": "Dajabón", "REG": "7" }, "geometry": { "type": "Polygon", "coordinates": [ [ [ -71.60179, 19.6293 ], [ -71.5991, 19.63346 ], [ -71.60425, 19.64502 ], [ -71.6129, 19.63919 ], [ -71.62937, 19.62183 ], [ -71.63947, 19.61588 ], [ -71.64135, 19.61195 ], [ -71.6385, 19.60785 ], [ -71.65496, 19.60326 ], [ -71.65682, 19.60697 ], [ -71.67103, 19.60666 ], [ -71.6769, 19.60978 ], [ -71.6844, 19.62057 ], [ -71.68988, 19.62252 ], [ -71.69158, 19.6258 ], [ -71.69423, 19.62563 ], [ -71.6941, 19.62908 ], [ -71.69158, 19.62841 ], [ -71.69186, 19.63161 ], [ -71.69594, 19.63354 ], [ -71.69986, 19.63239 ], [ -71.70807, 19.63493 ], [ -71.72739, 19.63601 ], [ -71.73074, 19.63012 ], [ -71.73949, 19.63976 ], [ -71.74604, 19.63369 ], [ -71.74387, 19.58466 ], [ -71.72386, 19.56619 ], [ -71.72436, 19.56182 ], [ -71.7213, 19.56014 ], [ -71.72315, 19.5584 ], [ -71.71356, 19.55221 ], [ -71.71199, 19.54905 ], [ -71.71241, 19.53298 ], [ -71.70741, 19.53139 ], [ -71.70543, 19.53422 ], [ -71.70323, 19.53386 ], [ -71.70324, 19.52141 ], [ -71.70038, 19.52005 ], [ -71.70031, 19.51367 ], [ -71.69289, 19.51066 ], [ -71.68917, 19.51378 ], [ -71.68798, 19.50302 ], [ -71.68005, 19.50373 ], [ -71.67843, 19.50665 ], [ -71.67612, 19.50669 ], [ -71.67106, 19.50541 ], [ -71.66883, 19.50006 ], [ -71.66326, 19.49705 ], [ -71.64861, 19.50672 ], [ -71.63832, 19.5098 ], [ -71.63984, 19.50523 ], [ -71.63629, 19.50375 ], [ -71.63425, 19.49976 ], [ -71.62281, 19.49807 ], [ -71.62007, 19.49911 ], [ -71.61487, 19.50607 ], [ -71.61209, 19.5187 ], [ -71.60663, 19.52185 ], [ -71.60431, 19.52594 ], [ -71.603, 19.52428 ], [ -71.59897, 19.52732 ], [ -71.59289, 19.52625 ], [ -71.59192, 19.52846 ], [ -71.58506, 19.52495 ], [ -71.58064, 19.52549 ], [ -71.57613, 19.52985 ], [ -71.57141, 19.52875 ], [ -71.56923, 19.53299 ], [ -71.5674, 19.53222 ], [ -71.5691, 19.5279 ], [ -71.56494, 19.52468 ], [ -71.53888, 19.52574 ], [ -71.54197, 19.53309 ], [ -71.54143, 19.54097 ], [ -71.53747, 19.53943 ], [ -71.53375, 19.54112 ], [ -71.52724, 19.5407 ], [ -71.52827, 19.55024 ], [ -71.52209, 19.55079 ], [ -71.52196, 19.55454 ], [ -71.51563, 19.54544 ], [ -71.51071, 19.54787 ], [ -71.50498, 19.54699 ], [ -71.50376, 19.54984 ], [ -71.49985, 19.5492 ], [ -71.50567, 19.55814 ], [ -71.51061, 19.55993 ], [ -71.51163, 19.56303 ], [ -71.50991, 19.56877 ], [ -71.51681, 19.57038 ], [ -71.51299, 19.57659 ], [ -71.51537, 19.57797 ], [ -71.51347, 19.58798 ], [ -71.51149, 19.59043 ], [ -71.5124, 19.59605 ], [ -71.50918, 19.59736 ], [ -71.51026, 19.60264 ], [ -71.50676, 19.60524 ], [ -71.50511, 19.60946 ], [ -71.50597, 19.61133 ], [ -71.50969, 19.61199 ], [ -71.51222, 19.61628 ], [ -71.51909, 19.61977 ], [ -71.52033, 19.62289 ], [ -71.5448, 19.62238 ], [ -71.54737, 19.61971 ], [ -71.55188, 19.61981 ], [ -71.55499, 19.61085 ], [ -71.56275, 19.60779 ], [ -71.5694, 19.61317 ], [ -71.5785, 19.61283 ], [ -71.58064, 19.61859 ], [ -71.58532, 19.62201 ], [ -71.5884, 19.62168 ], [ -71.59336, 19.61559 ], [ -71.5965, 19.61611 ], [ -71.59889, 19.61775 ], [ -71.59852, 19.62159 ], [ -71.60192, 19.62167 ], [ -71.59913, 19.62672 ], [ -71.60003, 19.62971 ], [ -71.60179, 19.6293 ] ] ] } },
{ "type": "Feature", "properties": { "COD_PROV": "05", "COD_MUN": "0502", "MUNICIPIO": "Loma de Cabrera", "REG": "7" }, "geometry": { "type": "Polygon", "coordinates": [ [ [ -71.56897, 19.52882 ], [ -71.5674, 19.53222 ], [ -71.56923, 19.53299 ], [ -71.57141, 19.52875 ], [ -71.57613, 19.52985 ], [ -71.58064, 19.52549 ], [ -71.58506, 19.52495 ], [ -71.59192, 19.52846 ], [ -71.59289, 19.52625 ], [ -71.59897, 19.52732 ], [ -71.603, 19.52428 ], [ -71.60431, 19.52594 ], [ -71.60663, 19.52185 ], [ -71.61209, 19.5187 ], [ -71.61487, 19.50607 ], [ -71.62007, 19.49911 ], [ -71.62281, 19.49807 ], [ -71.63425, 19.49976 ], [ -71.63629, 19.50375 ], [ -71.63984, 19.50523 ], [ -71.63832, 19.5098 ], [ -71.64861, 19.50672 ], [ -71.66326, 19.49705 ], [ -71.66883, 19.50006 ], [ -71.67106, 19.50541 ], [ -71.67612, 19.50669 ], [ -71.67843, 19.50665 ], [ -71.68005, 19.50373 ], [ -71.68798, 19.50302 ], [ -71.69028, 19.49958 ], [ -71.6921, 19.49478 ], [ -71.69083, 19.49266 ], [ -71.69419, 19.48996 ], [ -71.69223, 19.48246 ], [ -71.69427, 19.4776 ], [ -71.69328, 19.47514 ], [ -71.68883, 19.47251 ], [ -71.69081, 19.46821 ], [ -71.68723, 19.46726 ], [ -71.68808, 19.46316 ], [ -71.68516, 19.46104 ], [ -71.68725, 19.45954 ], [ -71.68541, 19.45563 ], [ -71.6801, 19.45159 ], [ -71.68007, 19.44579 ], [ -71.67838, 19.44441 ], [ -71.68114, 19.44022 ], [ -71.67973, 19.43413 ], [ -71.68388, 19.43332 ], [ -71.6828, 19.43176 ], [ -71.68629, 19.42338 ], [ -71.68935, 19.42203 ], [ -71.69113, 19.41547 ], [ -71.68884, 19.41415 ], [ -71.68984, 19.40961 ], [ -71.69192, 19.40478 ], [ -71.69741, 19.39903 ], [ -71.69873, 19.39163 ], [ -71.69601, 19.38911 ], [ -71.69279, 19.37394 ], [ -71.69042, 19.37228 ], [ -71.69166, 19.37037 ], [ -71.68693, 19.36593 ], [ -71.68045, 19.36841 ], [ -71.67032, 19.36645 ], [ -71.64733, 19.3686 ], [ -71.64409, 19.36757 ], [ -71.64582, 19.36081 ], [ -71.64372, 19.35972 ], [ -71.64222, 19.35478 ], [ -71.64438, 19.35267 ], [ -71.64664, 19.35412 ], [ -71.65267, 19.35117 ], [ -71.66026, 19.35276 ], [ -71.66398, 19.34758 ], [ -71.6604, 19.34372 ], [ -71.64787, 19.34492 ], [ -71.63268, 19.34163 ], [ -71.63009, 19.34258 ], [ -71.62854, 19.36127 ], [ -71.63519, 19.36774 ], [ -71.64327, 19.37231 ], [ -71.63414, 19.37378 ], [ -71.62936, 19.3777 ], [ -71.62494, 19.37642 ], [ -71.6211, 19.37891 ], [ -71.61672, 19.37478 ], [ -71.61527, 19.36989 ], [ -71.61677, 19.36467 ], [ -71.61409, 19.36231 ], [ -71.6137, 19.35771 ], [ -71.59981, 19.35241 ], [ -71.59949, 19.34571 ], [ -71.59415, 19.34079 ], [ -71.59283, 19.3375 ], [ -71.59409, 19.33563 ], [ -71.59087, 19.33212 ], [ -71.57622, 19.34252 ], [ -71.56463, 19.33625 ], [ -71.55601, 19.343 ], [ -71.54668, 19.34241 ], [ -71.53939, 19.35536 ], [ -71.52929, 19.36175 ], [ -71.52377, 19.36154 ], [ -71.51882, 19.36397 ], [ -71.51395, 19.37219 ], [ -71.5274, 19.39122 ], [ -71.52351, 19.39147 ], [ -71.52316, 19.3951 ], [ -71.52109, 19.39499 ], [ -71.51734, 19.39966 ], [ -71.51492, 19.39931 ], [ -71.51235, 19.4024 ], [ -71.50559, 19.40449 ], [ -71.50538, 19.40736 ], [ -71.50387, 19.40719 ], [ -71.50459, 19.40837 ], [ -71.50706, 19.40863 ], [ -71.51011, 19.41441 ], [ -71.51949, 19.41752 ], [ -71.53602, 19.41526 ], [ -71.54622, 19.41911 ], [ -71.54631, 19.42697 ], [ -71.55604, 19.43727 ], [ -71.5531, 19.44067 ], [ -71.55311, 19.44501 ], [ -71.56157, 19.44484 ], [ -71.56744, 19.44808 ], [ -71.57269, 19.44708 ], [ -71.58209, 19.44849 ], [ -71.59291, 19.45357 ], [ -71.59349, 19.46115 ], [ -71.59556, 19.46351 ], [ -71.60173, 19.46563 ], [ -71.60566, 19.46392 ], [ -71.61029, 19.46625 ], [ -71.60761, 19.47276 ], [ -71.60973, 19.47914 ], [ -71.60813, 19.48519 ], [ -71.60313, 19.48776 ], [ -71.60268, 19.49093 ], [ -71.5984, 19.48932 ], [ -71.59731, 19.49346 ], [ -71.5934, 19.49177 ], [ -71.59168, 19.49579 ], [ -71.58875, 19.4953 ], [ -71.58457, 19.49965 ], [ -71.58268, 19.49932 ], [ -71.58357, 19.49456 ], [ -71.57991, 19.4922 ], [ -71.57824, 19.49885 ], [ -71.57323, 19.49889 ], [ -71.5692, 19.50262 ], [ -71.57399, 19.50866 ], [ -71.57072, 19.51458 ], [ -71.56742, 19.51504 ], [ -71.56508, 19.52394 ], [ -71.56557, 19.5264 ], [ -71.56897, 19.52882 ] ] ] } },
{ "type": "Feature", "properties": { "COD_PROV": "05", "COD_MUN": "0503", "MUNICIPIO": "Partido", "REG": "7" }, "geometry": { "type": "Polygon", "coordinates": [ [ [ -71.50302, 19.57078 ], [ -71.50592, 19.57832 ], [ -71.51378, 19.58428 ], [ -71.51537, 19.57797 ], [ -71.51299, 19.57659 ], [ -71.5167, 19.56986 ], [ -71.50991, 19.56877 ], [ -71.51163, 19.56303 ], [ -71.51061, 19.55993 ], [ -71.50567, 19.55814 ], [ -71.49985, 19.5492 ], [ -71.50376, 19.54984 ], [ -71.50498, 19.54699 ], [ -71.51071, 19.54787 ], [ -71.51563, 19.54544 ], [ -71.52196, 19.55454 ], [ -71.52209, 19.55079 ], [ -71.52827, 19.55024 ], [ -71.52724, 19.5407 ], [ -71.53375, 19.54112 ], [ -71.53747, 19.53943 ], [ -71.54143, 19.54097 ], [ -71.54197, 19.53309 ], [ -71.53888, 19.52574 ], [ -71.56494, 19.52468 ], [ -71.56742, 19.51504 ], [ -71.57072, 19.51458 ], [ -71.57256, 19.50901 ], [ -71.57395, 19.50909 ], [ -71.5692, 19.50262 ], [ -71.57323, 19.49889 ], [ -71.57824, 19.49885 ], [ -71.57956, 19.49238 ], [ -71.58357, 19.49456 ], [ -71.58268, 19.49932 ], [ -71.58457, 19.49965 ], [ -71.58875, 19.4953 ], [ -71.59168, 19.49579 ], [ -71.5934, 19.49177 ], [ -71.59731, 19.49346 ], [ -71.5984, 19.48932 ], [ -71.60268, 19.49093 ], [ -71.60313, 19.48776 ], [ -71.60688, 19.48683 ], [ -71.60854, 19.48381 ], [ -71.60973, 19.47914 ], [ -71.60761, 19.47276 ], [ -71.61009, 19.46591 ], [ -71.60525, 19.46384 ], [ -71.60173, 19.46563 ], [ -71.59556, 19.46351 ], [ -71.59349, 19.46115 ], [ -71.59291, 19.45357 ], [ -71.58209, 19.44849 ], [ -71.57269, 19.44708 ], [ -71.56744, 19.44808 ], [ -71.56157, 19.44484 ], [ -71.55311, 19.44501 ], [ -71.5524, 19.44265 ], [ -71.55609, 19.43825 ], [ -71.55569, 19.43624 ], [ -71.54631, 19.42697 ], [ -71.52049, 19.43401 ], [ -71.51631, 19.43887 ], [ -71.5159, 19.44484 ], [ -71.50865, 19.44451 ], [ -71.51068, 19.44911 ], [ -71.5089, 19.45171 ], [ -71.51047, 19.45551 ], [ -71.50902, 19.45606 ], [ -71.50899, 19.46083 ], [ -71.50649, 19.46201 ], [ -71.50718, 19.46453 ], [ -71.50477, 19.46499 ], [ -71.50344, 19.47322 ], [ -71.50167, 19.47262 ], [ -71.50067, 19.4765 ], [ -71.49797, 19.47682 ], [ -71.49477, 19.48055 ], [ -71.49699, 19.48152 ], [ -71.49694, 19.48403 ], [ -71.49239, 19.4866 ], [ -71.49113, 19.49055 ], [ -71.4891, 19.49041 ], [ -71.49056, 19.49349 ], [ -71.48562, 19.49184 ], [ -71.4836, 19.49392 ], [ -71.4797, 19.49377 ], [ -71.47473, 19.47736 ], [ -71.46551, 19.47186 ], [ -71.46107, 19.48502 ], [ -71.46606, 19.4888 ], [ -71.46424, 19.49644 ], [ -71.46169, 19.49698 ], [ -71.46013, 19.50156 ], [ -71.45558, 19.50602 ], [ -71.4433, 19.51062 ], [ -71.4365, 19.51114 ], [ -71.43159, 19.51612 ], [ -71.43204, 19.52195 ], [ -71.42734, 19.5243 ], [ -71.42673, 19.52742 ], [ -71.42855, 19.53089 ], [ -71.42564, 19.53154 ], [ -71.42598, 19.53508 ], [ -71.43153, 19.53851 ], [ -71.43842, 19.54785 ], [ -71.44814, 19.54822 ], [ -71.45332, 19.5501 ], [ -71.45803, 19.5602 ], [ -71.47382, 19.56466 ], [ -71.48321, 19.56235 ], [ -71.48815, 19.56565 ], [ -71.49554, 19.56656 ], [ -71.50302, 19.57078 ] ] ] } },
{ "type": "Feature", "properties": { "COD_PROV": "05", "COD_MUN": "0504", "MUNICIPIO": "Restauración", "REG": "7" }, "geometry": { "type": "Polygon", "coordinates": [ [ [ -71.6211, 19.37891 ], [ -71.62494, 19.37642 ], [ -71.62936, 19.3777 ], [ -71.63414, 19.37378 ], [ -71.64316, 19.3729 ], [ -71.64194, 19.37047 ], [ -71.63694, 19.36901 ], [ -71.62854, 19.36127 ], [ -71.63009, 19.34258 ], [ -71.63248, 19.34162 ], [ -71.64787, 19.34492 ], [ -71.66017, 19.34369 ], [ -71.66387, 19.34636 ], [ -71.66019, 19.35279 ], [ -71.65267, 19.35117 ], [ -71.64664, 19.35412 ], [ -71.64364, 19.35316 ], [ -71.64204, 19.35601 ], [ -71.64582, 19.36081 ], [ -71.64437, 19.3679 ], [ -71.67032, 19.36645 ], [ -71.68192, 19.36835 ], [ -71.68688, 19.36593 ], [ -71.69171, 19.3704 ], [ -71.69391, 19.36633 ], [ -71.6921, 19.36245 ], [ -71.69487, 19.35956 ], [ -71.70019, 19.3597 ], [ -71.70331, 19.35998 ], [ -71.70613, 19.3662 ], [ -71.71364, 19.37136 ], [ -71.7187, 19.36528 ], [ -71.72601, 19.36597 ], [ -71.73263, 19.36041 ], [ -71.74589, 19.35458 ], [ -71.74582, 19.35023 ], [ -71.75033, 19.34937 ], [ -71.75508, 19.34409 ], [ -71.75675, 19.34363 ], [ -71.75794, 19.3457 ], [ -71.76069, 19.34388 ], [ -71.76316, 19.34476 ], [ -71.76791, 19.33954 ], [ -71.78167, 19.33253 ], [ -71.78273, 19.32952 ], [ -71.77725, 19.32704 ], [ -71.77725, 19.32361 ], [ -71.77456, 19.32227 ], [ -71.77479, 19.32052 ], [ -71.76949, 19.3206 ], [ -71.77009, 19.3179 ], [ -71.76761, 19.31639 ], [ -71.76503, 19.30807 ], [ -71.76291, 19.30746 ], [ -71.76467, 19.30391 ], [ -71.76356, 19.30311 ], [ -71.76247, 19.30486 ], [ -71.75918, 19.3032 ], [ -71.7601, 19.30176 ], [ -71.75711, 19.30098 ], [ -71.7561, 19.29769 ], [ -71.76048, 19.2958 ], [ -71.7614, 19.29146 ], [ -71.75683, 19.29166 ], [ -71.75351, 19.28839 ], [ -71.75513, 19.28033 ], [ -71.7498, 19.27861 ], [ -71.74738, 19.27396 ], [ -71.73858, 19.27819 ], [ -71.73992, 19.27383 ], [ -71.73852, 19.26877 ], [ -71.73163, 19.26232 ], [ -71.73229, 19.26693 ], [ -71.72776, 19.27714 ], [ -71.72539, 19.27827 ], [ -71.72217, 19.27058 ], [ -71.72424, 19.2678 ], [ -71.72019, 19.26623 ], [ -71.7164, 19.26687 ], [ -71.71561, 19.2644 ], [ -71.70686, 19.257 ], [ -71.70846, 19.25178 ], [ -71.69809, 19.24367 ], [ -71.69714, 19.24072 ], [ -71.6929, 19.24186 ], [ -71.6902, 19.23858 ], [ -71.68106, 19.23855 ], [ -71.67874, 19.24067 ], [ -71.67368, 19.23641 ], [ -71.66092, 19.23591 ], [ -71.65391, 19.23254 ], [ -71.65249, 19.23505 ], [ -71.64583, 19.23539 ], [ -71.64355, 19.23186 ], [ -71.63722, 19.23274 ], [ -71.63452, 19.23009 ], [ -71.63566, 19.23279 ], [ -71.63366, 19.23772 ], [ -71.63077, 19.23974 ], [ -71.6309, 19.24202 ], [ -71.62565, 19.24607 ], [ -71.6212, 19.24522 ], [ -71.61891, 19.25048 ], [ -71.6158, 19.25074 ], [ -71.6171, 19.25394 ], [ -71.61114, 19.25151 ], [ -71.60884, 19.24633 ], [ -71.60783, 19.24889 ], [ -71.60455, 19.24793 ], [ -71.60333, 19.25041 ], [ -71.60096, 19.25026 ], [ -71.60113, 19.25392 ], [ -71.59761, 19.25391 ], [ -71.59911, 19.25883 ], [ -71.59614, 19.26078 ], [ -71.59877, 19.26287 ], [ -71.59517, 19.26828 ], [ -71.59647, 19.27198 ], [ -71.59185, 19.27827 ], [ -71.59062, 19.28399 ], [ -71.58359, 19.28294 ], [ -71.58283, 19.27791 ], [ -71.57391, 19.28018 ], [ -71.57141, 19.27493 ], [ -71.56486, 19.27116 ], [ -71.56137, 19.27495 ], [ -71.55705, 19.27561 ], [ -71.55572, 19.2777 ], [ -71.55688, 19.2794 ], [ -71.55408, 19.27977 ], [ -71.5509, 19.27677 ], [ -71.54749, 19.27635 ], [ -71.54582, 19.27216 ], [ -71.54262, 19.27435 ], [ -71.53901, 19.27335 ], [ -71.53679, 19.26726 ], [ -71.53212, 19.26808 ], [ -71.53125, 19.26518 ], [ -71.52645, 19.26742 ], [ -71.52646, 19.26547 ], [ -71.52194, 19.26352 ], [ -71.52114, 19.2698 ], [ -71.51787, 19.27003 ], [ -71.51505, 19.27258 ], [ -71.51647, 19.27491 ], [ -71.51116, 19.27932 ], [ -71.50886, 19.27935 ], [ -71.5097, 19.28393 ], [ -71.50676, 19.28533 ], [ -71.51139, 19.29199 ], [ -71.50982, 19.29257 ], [ -71.5113, 19.29384 ], [ -71.51011, 19.29961 ], [ -71.50266, 19.30567 ], [ -71.50576, 19.30875 ], [ -71.51707, 19.3134 ], [ -71.52058, 19.31899 ], [ -71.52307, 19.33588 ], [ -71.53134, 19.33963 ], [ -71.54108, 19.33945 ], [ -71.54617, 19.34234 ], [ -71.5546, 19.34305 ], [ -71.55756, 19.34243 ], [ -71.56463, 19.33625 ], [ -71.57622, 19.34252 ], [ -71.58361, 19.33822 ], [ -71.58758, 19.3333 ], [ -71.5919, 19.33231 ], [ -71.59409, 19.33563 ], [ -71.59283, 19.3375 ], [ -71.59415, 19.34079 ], [ -71.59949, 19.34571 ], [ -71.59981, 19.35241 ], [ -71.6137, 19.35771 ], [ -71.61409, 19.36231 ], [ -71.61677, 19.36467 ], [ -71.61539, 19.37089 ], [ -71.6211, 19.37891 ] ] ] } },
{ "type": "Feature", "properties": { "COD_PROV": "05", "COD_MUN": "0505", "MUNICIPIO": "El Pino", "REG": "7" }, "geometry": { "type": "Polygon", "coordinates": [ [ [ -71.4836, 19.49392 ], [ -71.48562, 19.49184 ], [ -71.49056, 19.49349 ], [ -71.4891, 19.49041 ], [ -71.49113, 19.49055 ], [ -71.49239, 19.4866 ], [ -71.49694, 19.48403 ], [ -71.49699, 19.48152 ], [ -71.49477, 19.48055 ], [ -71.49797, 19.47682 ], [ -71.50067, 19.4765 ], [ -71.50167, 19.47262 ], [ -71.50344, 19.47322 ], [ -71.50477, 19.46499 ], [ -71.50718, 19.46453 ], [ -71.50649, 19.46201 ], [ -71.50875, 19.46126 ], [ -71.50902, 19.45606 ], [ -71.51047, 19.45551 ], [ -71.50886, 19.45205 ], [ -71.5105, 19.4473 ], [ -71.50863, 19.44666 ], [ -71.50865, 19.44451 ], [ -71.5159, 19.44484 ], [ -71.51631, 19.43887 ], [ -71.52049, 19.43401 ], [ -71.54665, 19.42652 ], [ -71.54622, 19.41911 ], [ -71.53602, 19.41526 ], [ -71.51949, 19.41752 ], [ -71.51225, 19.41591 ], [ -71.50706, 19.40863 ], [ -71.50387, 19.40719 ], [ -71.50538, 19.40736 ], [ -71.50598, 19.40415 ], [ -71.51235, 19.4024 ], [ -71.51492, 19.39931 ], [ -71.51789, 19.39932 ], [ -71.52109, 19.39499 ], [ -71.52316, 19.3951 ], [ -71.52351, 19.39147 ], [ -71.5274, 19.39122 ], [ -71.51395, 19.37219 ], [ -71.51792, 19.36463 ], [ -71.52377, 19.36154 ], [ -71.52929, 19.36175 ], [ -71.53939, 19.35536 ], [ -71.54668, 19.34241 ], [ -71.54123, 19.33948 ], [ -71.53106, 19.33956 ], [ -71.52307, 19.33588 ], [ -71.51936, 19.31795 ], [ -71.51942, 19.32156 ], [ -71.51589, 19.32709 ], [ -71.51046, 19.32867 ], [ -71.50815, 19.33117 ], [ -71.50042, 19.33152 ], [ -71.49417, 19.33466 ], [ -71.48915, 19.33485 ], [ -71.48814, 19.33709 ], [ -71.48519, 19.33786 ], [ -71.4859, 19.34254 ], [ -71.48272, 19.34293 ], [ -71.48152, 19.34979 ], [ -71.47773, 19.35212 ], [ -71.48053, 19.35685 ], [ -71.48462, 19.35889 ], [ -71.48486, 19.3634 ], [ -71.4827, 19.36602 ], [ -71.48465, 19.36658 ], [ -71.48477, 19.36884 ], [ -71.48145, 19.37081 ], [ -71.4807, 19.37358 ], [ -71.47459, 19.37157 ], [ -71.474, 19.37367 ], [ -71.47111, 19.37379 ], [ -71.47147, 19.37992 ], [ -71.46694, 19.38383 ], [ -71.46821, 19.38582 ], [ -71.47004, 19.38395 ], [ -71.47103, 19.38629 ], [ -71.46916, 19.39066 ], [ -71.4712, 19.3913 ], [ -71.46945, 19.39216 ], [ -71.46993, 19.39853 ], [ -71.47275, 19.39966 ], [ -71.47425, 19.40486 ], [ -71.47249, 19.40573 ], [ -71.47285, 19.40876 ], [ -71.46886, 19.40841 ], [ -71.47063, 19.41007 ], [ -71.46977, 19.4116 ], [ -71.46713, 19.41114 ], [ -71.46625, 19.4142 ], [ -71.46065, 19.41662 ], [ -71.46831, 19.4222 ], [ -71.46666, 19.42323 ], [ -71.46819, 19.4253 ], [ -71.46431, 19.42552 ], [ -71.462, 19.43015 ], [ -71.45875, 19.43079 ], [ -71.46077, 19.43709 ], [ -71.4652, 19.4382 ], [ -71.46786, 19.44169 ], [ -71.46469, 19.44598 ], [ -71.46805, 19.44962 ], [ -71.46722, 19.46032 ], [ -71.46367, 19.46278 ], [ -71.46255, 19.46672 ], [ -71.46439, 19.47152 ], [ -71.47467, 19.47728 ], [ -71.47689, 19.48756 ], [ -71.4797, 19.49377 ], [ -71.4836, 19.49392 ] ] ] } },
{ "type": "Feature", "properties": { "COD_PROV": "06", "COD_MUN": "0601", "MUNICIPIO": "San Francisco de Macorís", "REG": "3" }, "geometry": { "type": "Polygon", "coordinates": [ [ [ -70.22724, 19.51581 ], [ -70.24535, 19.52165 ], [ -70.25395, 19.52266 ], [ -70.2476, 19.51502 ], [ -70.2511, 19.50322 ], [ -70.24996, 19.4979 ], [ -70.25306, 19.49549 ], [ -70.25787, 19.4868 ], [ -70.27203, 19.48527 ], [ -70.27589, 19.48892 ], [ -70.28109, 19.49065 ], [ -70.28898, 19.48747 ], [ -70.29521, 19.48228 ], [ -70.29537, 19.47747 ], [ -70.29254, 19.47422 ], [ -70.29243, 19.46927 ], [ -70.2881, 19.46646 ], [ -70.2948, 19.46164 ], [ -70.29383, 19.45971 ], [ -70.28702, 19.4578 ], [ -70.28348, 19.45879 ], [ -70.28232, 19.45701 ], [ -70.28356, 19.45295 ], [ -70.27798, 19.44963 ], [ -70.27714, 19.45118 ], [ -70.27348, 19.45091 ], [ -70.27185, 19.45532 ], [ -70.2671, 19.45516 ], [ -70.26586, 19.4589 ], [ -70.2633, 19.45507 ], [ -70.26061, 19.45565 ], [ -70.26138, 19.45363 ], [ -70.25888, 19.45236 ], [ -70.25836, 19.44871 ], [ -70.26247, 19.44537 ], [ -70.26783, 19.44779 ], [ -70.26903, 19.446 ], [ -70.27562, 19.44636 ], [ -70.28018, 19.44299 ], [ -70.27995, 19.441 ], [ -70.28142, 19.44079 ], [ -70.27905, 19.43361 ], [ -70.28022, 19.4313 ], [ -70.28086, 19.43266 ], [ -70.2838, 19.43159 ], [ -70.2846, 19.42771 ], [ -70.29068, 19.42713 ], [ -70.29502, 19.42354 ], [ -70.29373, 19.42234 ], [ -70.29498, 19.41886 ], [ -70.30113, 19.41602 ], [ -70.30189, 19.41284 ], [ -70.30362, 19.41399 ], [ -70.30745, 19.41031 ], [ -70.30803, 19.40572 ], [ -70.3146, 19.39672 ], [ -70.32306, 19.39535 ], [ -70.32467, 19.39172 ], [ -70.32226, 19.3864 ], [ -70.32346, 19.37986 ], [ -70.32917, 19.37448 ], [ -70.32607, 19.36556 ], [ -70.33156, 19.35943 ], [ -70.33924, 19.344 ], [ -70.33989, 19.34037 ], [ -70.33778, 19.33415 ], [ -70.3463, 19.34359 ], [ -70.35332, 19.34091 ], [ -70.35188, 19.33554 ], [ -70.35299, 19.33484 ], [ -70.34462, 19.32989 ], [ -70.34606, 19.32843 ], [ -70.34761, 19.32926 ], [ -70.34656, 19.32759 ], [ -70.34915, 19.32626 ], [ -70.34771, 19.32354 ], [ -70.349, 19.32022 ], [ -70.3472, 19.312 ], [ -70.3437, 19.31107 ], [ -70.34514, 19.30865 ], [ -70.34637, 19.3097 ], [ -70.34669, 19.30653 ], [ -70.34339, 19.30213 ], [ -70.34647, 19.30128 ], [ -70.34314, 19.29762 ], [ -70.34618, 19.29695 ], [ -70.34676, 19.29386 ], [ -70.34921, 19.29334 ], [ -70.34818, 19.2918 ], [ -70.35145, 19.29053 ], [ -70.35217, 19.28539 ], [ -70.35315, 19.28711 ], [ -70.35429, 19.28498 ], [ -70.35378, 19.28207 ], [ -70.35669, 19.28371 ], [ -70.35798, 19.28159 ], [ -70.36348, 19.28147 ], [ -70.36208, 19.27866 ], [ -70.36436, 19.27713 ], [ -70.36341, 19.27571 ], [ -70.36515, 19.27754 ], [ -70.36695, 19.27555 ], [ -70.36861, 19.26627 ], [ -70.36723, 19.26556 ], [ -70.36874, 19.26479 ], [ -70.36722, 19.26394 ], [ -70.37018, 19.26174 ], [ -70.36791, 19.26076 ], [ -70.37066, 19.25908 ], [ -70.37058, 19.25622 ], [ -70.3687, 19.25611 ], [ -70.36922, 19.25453 ], [ -70.37097, 19.25485 ], [ -70.36958, 19.25298 ], [ -70.37058, 19.25172 ], [ -70.3677, 19.25161 ], [ -70.3673, 19.2469 ], [ -70.36277, 19.24656 ], [ -70.36163, 19.23905 ], [ -70.35953, 19.23928 ], [ -70.3608, 19.23748 ], [ -70.35963, 19.23436 ], [ -70.36184, 19.23321 ], [ -70.35975, 19.23313 ], [ -70.36042, 19.23175 ], [ -70.35781, 19.22842 ], [ -70.35873, 19.222 ], [ -70.3567, 19.22134 ], [ -70.35814, 19.21954 ], [ -70.35609, 19.21872 ], [ -70.35771, 19.21712 ], [ -70.3557, 19.21619 ], [ -70.35763, 19.21603 ], [ -70.35545, 19.21499 ], [ -70.35515, 19.21145 ], [ -70.35177, 19.21127 ], [ -70.35036, 19.20786 ], [ -70.34305, 19.20553 ], [ -70.34297, 19.20367 ], [ -70.3389, 19.20123 ], [ -70.33429, 19.20175 ], [ -70.33141, 19.19689 ], [ -70.32893, 19.19588 ], [ -70.32873, 19.18963 ], [ -70.32319, 19.18638 ], [ -70.32245, 19.18192 ], [ -70.31347, 19.17647 ], [ -70.30446, 19.17563 ], [ -70.29825, 19.16794 ], [ -70.29689, 19.16815 ], [ -70.29698, 19.166 ], [ -70.28937, 19.16465 ], [ -70.2896, 19.16125 ], [ -70.28178, 19.15534 ], [ -70.28223, 19.15711 ], [ -70.27974, 19.15995 ], [ -70.2758, 19.16011 ], [ -70.27537, 19.16319 ], [ -70.27351, 19.15932 ], [ -70.27167, 19.15978 ], [ -70.27075, 19.166 ], [ -70.26623, 19.16276 ], [ -70.26695, 19.1593 ], [ -70.25886, 19.16046 ], [ -70.25476, 19.16451 ], [ -70.26003, 19.16611 ], [ -70.25906, 19.17038 ], [ -70.26447, 19.17487 ], [ -70.26741, 19.18133 ], [ -70.27094, 19.1821 ], [ -70.27111, 19.18338 ], [ -70.26751, 19.18446 ], [ -70.27288, 19.18653 ], [ -70.27362, 19.18987 ], [ -70.27077, 19.19023 ], [ -70.27403, 19.19153 ], [ -70.27258, 19.19459 ], [ -70.27449, 19.19488 ], [ -70.27863, 19.20189 ], [ -70.27669, 19.20262 ], [ -70.28202, 19.20424 ], [ -70.28244, 19.20838 ], [ -70.28701, 19.20903 ], [ -70.28212, 19.21272 ], [ -70.28403, 19.21387 ], [ -70.2813, 19.21461 ], [ -70.28529, 19.21774 ], [ -70.27021, 19.22092 ], [ -70.26029, 19.22717 ], [ -70.25701, 19.22725 ], [ -70.25679, 19.2294 ], [ -70.24968, 19.23338 ], [ -70.24555, 19.22866 ], [ -70.23452, 19.24311 ], [ -70.22381, 19.24567 ], [ -70.22044, 19.25074 ], [ -70.22185, 19.25336 ], [ -70.19612, 19.2532 ], [ -70.192, 19.25897 ], [ -70.18582, 19.25701 ], [ -70.18561, 19.25462 ], [ -70.16863, 19.25017 ], [ -70.16083, 19.24339 ], [ -70.14393, 19.26302 ], [ -70.13929, 19.27453 ], [ -70.13533, 19.27507 ], [ -70.12911, 19.27974 ], [ -70.12049, 19.28304 ], [ -70.1065, 19.27759 ], [ -70.09303, 19.27638 ], [ -70.08939, 19.27251 ], [ -70.09, 19.26834 ], [ -70.08496, 19.26419 ], [ -70.07862, 19.26638 ], [ -70.07808, 19.26881 ], [ -70.07563, 19.26866 ], [ -70.07543, 19.27243 ], [ -70.07142, 19.275 ], [ -70.06951, 19.27942 ], [ -70.06939, 19.29012 ], [ -70.05981, 19.29776 ], [ -70.06106, 19.30383 ], [ -70.05177, 19.3032 ], [ -70.05115, 19.29337 ], [ -70.04659, 19.294 ], [ -70.04284, 19.29252 ], [ -70.03713, 19.28565 ], [ -70.02195, 19.2801 ], [ -70.0205, 19.28689 ], [ -70.01511, 19.29461 ], [ -70.01447, 19.30039 ], [ -70.01837, 19.31094 ], [ -70.015, 19.31916 ], [ -70.01574, 19.32119 ], [ -70.02201, 19.3228 ], [ -70.0307, 19.32231 ], [ -70.04107, 19.32527 ], [ -70.05245, 19.33221 ], [ -70.06636, 19.33545 ], [ -70.08182, 19.34229 ], [ -70.09741, 19.34584 ], [ -70.10356, 19.35247 ], [ -70.09567, 19.36738 ], [ -70.08943, 19.37337 ], [ -70.09091, 19.3774 ], [ -70.08927, 19.38506 ], [ -70.08647, 19.38659 ], [ -70.08538, 19.3913 ], [ -70.07952, 19.39738 ], [ -70.08041, 19.404 ], [ -70.0759, 19.41029 ], [ -70.07978, 19.41556 ], [ -70.0787, 19.42965 ], [ -70.08069, 19.43302 ], [ -70.0884, 19.43044 ], [ -70.09531, 19.43378 ], [ -70.1021, 19.43329 ], [ -70.10456, 19.43617 ], [ -70.11187, 19.43683 ], [ -70.11435, 19.43606 ], [ -70.11334, 19.43287 ], [ -70.11788, 19.43186 ], [ -70.11753, 19.42818 ], [ -70.1254, 19.42884 ], [ -70.12607, 19.43771 ], [ -70.1242, 19.44049 ], [ -70.12385, 19.44663 ], [ -70.1299, 19.45376 ], [ -70.13253, 19.45981 ], [ -70.12793, 19.46612 ], [ -70.12829, 19.47345 ], [ -70.13147, 19.47679 ], [ -70.13041, 19.48368 ], [ -70.13713, 19.48806 ], [ -70.13614, 19.49934 ], [ -70.13841, 19.5084 ], [ -70.15115, 19.51133 ], [ -70.15856, 19.50966 ], [ -70.16907, 19.51402 ], [ -70.19175, 19.51692 ], [ -70.21291, 19.51439 ], [ -70.22724, 19.51581 ] ] ] } },
{ "type": "Feature", "properties": { "COD_PROV": "06", "COD_MUN": "0602", "MUNICIPIO": "Arenoso", "REG": "3" }, "geometry": { "type": "Polygon", "coordinates": [ [ [ -69.8871, 19.23289 ], [ -69.87888, 19.22748 ], [ -69.8745, 19.21993 ], [ -69.86663, 19.21987 ], [ -69.86379, 19.2175 ], [ -69.86424, 19.21179 ], [ -69.86255, 19.20879 ], [ -69.86375, 19.20316 ], [ -69.86908, 19.20101 ], [ -69.86847, 19.19205 ], [ -69.86583, 19.18934 ], [ -69.86719, 19.18726 ], [ -69.85726, 19.18572 ], [ -69.84852, 19.1795 ], [ -69.83602, 19.17947 ], [ -69.83475, 19.17732 ], [ -69.83671, 19.1749 ], [ -69.84299, 19.17507 ], [ -69.84508, 19.17345 ], [ -69.84514, 19.17158 ], [ -69.84133, 19.16897 ], [ -69.84187, 19.16508 ], [ -69.82361, 19.16687 ], [ -69.82163, 19.15574 ], [ -69.81481, 19.15152 ], [ -69.80112, 19.15375 ], [ -69.79721, 19.15863 ], [ -69.79252, 19.15595 ], [ -69.78276, 19.15595 ], [ -69.77235, 19.15108 ], [ -69.76741, 19.15694 ], [ -69.76407, 19.15754 ], [ -69.76017, 19.15191 ], [ -69.75463, 19.15098 ], [ -69.74742, 19.15969 ], [ -69.74529, 19.15627 ], [ -69.7504, 19.15119 ], [ -69.74532, 19.15043 ], [ -69.74241, 19.15373 ], [ -69.73649, 19.15624 ], [ -69.73598, 19.14787 ], [ -69.73326, 19.1428 ], [ -69.72317, 19.13901 ], [ -69.71934, 19.14126 ], [ -69.71738, 19.14574 ], [ -69.71144, 19.14612 ], [ -69.70594, 19.1501 ], [ -69.70451, 19.15401 ], [ -69.70657, 19.15651 ], [ -69.70978, 19.15701 ], [ -69.70997, 19.15904 ], [ -69.70508, 19.15977 ], [ -69.70112, 19.15711 ], [ -69.6995, 19.16203 ], [ -69.69617, 19.16313 ], [ -69.69649, 19.16623 ], [ -69.69899, 19.16773 ], [ -69.69175, 19.16464 ], [ -69.69033, 19.16849 ], [ -69.68837, 19.16317 ], [ -69.68538, 19.16604 ], [ -69.68247, 19.1659 ], [ -69.68467, 19.16961 ], [ -69.67901, 19.169 ], [ -69.67846, 19.17145 ], [ -69.67544, 19.17124 ], [ -69.67448, 19.17394 ], [ -69.67662, 19.1757 ], [ -69.67434, 19.17691 ], [ -69.67563, 19.18161 ], [ -69.67363, 19.18236 ], [ -69.67543, 19.18364 ], [ -69.67272, 19.18462 ], [ -69.67097, 19.18846 ], [ -69.67339, 19.18995 ], [ -69.67068, 19.1905 ], [ -69.66452, 19.19858 ], [ -69.66123, 19.20049 ], [ -69.64967, 19.20141 ], [ -69.6533, 19.2017 ], [ -69.65592, 19.20778 ], [ -69.66181, 19.20662 ], [ -69.66598, 19.20303 ], [ -69.68357, 19.21921 ], [ -69.73502, 19.22569 ], [ -69.76144, 19.22352 ], [ -69.77194, 19.21886 ], [ -69.77576, 19.21019 ], [ -69.77883, 19.20761 ], [ -69.77805, 19.20332 ], [ -69.78055, 19.20194 ], [ -69.78593, 19.20371 ], [ -69.788, 19.20801 ], [ -69.79448, 19.20568 ], [ -69.8065, 19.21735 ], [ -69.82362, 19.2296 ], [ -69.8344, 19.23038 ], [ -69.84084, 19.22908 ], [ -69.84828, 19.23094 ], [ -69.85863, 19.23877 ], [ -69.8871, 19.23289 ] ] ] } },
{ "type": "Feature", "properties": { "COD_PROV": "06", "COD_MUN": "0603", "MUNICIPIO": "Castillo", "REG": "3" }, "geometry": { "type": "Polygon", "coordinates": [ [ [ -70.06106, 19.30383 ], [ -70.05981, 19.29776 ], [ -70.06939, 19.29012 ], [ -70.06958, 19.27908 ], [ -70.07159, 19.27481 ], [ -70.07543, 19.27243 ], [ -70.07544, 19.26889 ], [ -70.08737, 19.26328 ], [ -70.08658, 19.25819 ], [ -70.08773, 19.25628 ], [ -70.08969, 19.25703 ], [ -70.08986, 19.25353 ], [ -70.09192, 19.25404 ], [ -70.09303, 19.25191 ], [ -70.09058, 19.24965 ], [ -70.09207, 19.24851 ], [ -70.09197, 19.24362 ], [ -70.09361, 19.24381 ], [ -70.0929, 19.24173 ], [ -70.09461, 19.24212 ], [ -70.09547, 19.23822 ], [ -70.09675, 19.23873 ], [ -70.10223, 19.23277 ], [ -70.10345, 19.2262 ], [ -70.10618, 19.22347 ], [ -70.1056, 19.22026 ], [ -70.10944, 19.21863 ], [ -70.10675, 19.215 ], [ -70.10953, 19.21471 ], [ -70.10756, 19.21136 ], [ -70.10899, 19.21001 ], [ -70.11086, 19.21096 ], [ -70.1114, 19.20905 ], [ -70.10921, 19.20729 ], [ -70.11197, 19.20449 ], [ -70.1096, 19.20375 ], [ -70.11002, 19.20145 ], [ -70.10837, 19.20261 ], [ -70.10811, 19.20061 ], [ -70.10513, 19.20112 ], [ -70.10197, 19.20759 ], [ -70.09731, 19.2092 ], [ -70.09825, 19.21096 ], [ -70.09141, 19.21306 ], [ -70.0879, 19.2101 ], [ -70.07572, 19.20846 ], [ -70.07273, 19.20617 ], [ -70.07202, 19.20314 ], [ -70.07731, 19.19506 ], [ -70.08327, 19.19 ], [ -70.08716, 19.18386 ], [ -70.08652, 19.18121 ], [ -70.02764, 19.17839 ], [ -70.02734, 19.18382 ], [ -70.02349, 19.18369 ], [ -70.01923, 19.19128 ], [ -70.02191, 19.19895 ], [ -70.0218, 19.20073 ], [ -70.01846, 19.20241 ], [ -70.01991, 19.20647 ], [ -70.01869, 19.20814 ], [ -70.00512, 19.20249 ], [ -70.00916, 19.19277 ], [ -70.00933, 19.17849 ], [ -69.99808, 19.17832 ], [ -69.9924, 19.17611 ], [ -69.9883, 19.18264 ], [ -69.99285, 19.18955 ], [ -69.99146, 19.19128 ], [ -69.99572, 19.19489 ], [ -69.99252, 19.19952 ], [ -69.99281, 19.20193 ], [ -69.98937, 19.20179 ], [ -69.98753, 19.20575 ], [ -69.98413, 19.20547 ], [ -69.98374, 19.2082 ], [ -69.97926, 19.2122 ], [ -69.97977, 19.2165 ], [ -69.97548, 19.22033 ], [ -69.9737, 19.22633 ], [ -69.97035, 19.2273 ], [ -69.96658, 19.23596 ], [ -69.96116, 19.23972 ], [ -69.95506, 19.25904 ], [ -69.96331, 19.26698 ], [ -69.96507, 19.27164 ], [ -69.97268, 19.27164 ], [ -69.97757, 19.26926 ], [ -69.98427, 19.27017 ], [ -69.98763, 19.27302 ], [ -69.9973, 19.27268 ], [ -70.0017, 19.26946 ], [ -70.00289, 19.2709 ], [ -70.00166, 19.2751 ], [ -70.00483, 19.27439 ], [ -70.00824, 19.27626 ], [ -70.01651, 19.2742 ], [ -70.01907, 19.279 ], [ -70.03713, 19.28565 ], [ -70.04274, 19.29247 ], [ -70.04659, 19.294 ], [ -70.05115, 19.29337 ], [ -70.05126, 19.30284 ], [ -70.06106, 19.30383 ] ] ] } },
{ "type": "Feature", "properties": { "COD_PROV": "06", "COD_MUN": "0604", "MUNICIPIO": "Pimentel", "REG": "3" }, "geometry": { "type": "Polygon", "coordinates": [ [ [ -70.12049, 19.28304 ], [ -70.12911, 19.27974 ], [ -70.13533, 19.27507 ], [ -70.13929, 19.27453 ], [ -70.14393, 19.26302 ], [ -70.16083, 19.24339 ], [ -70.16917, 19.25036 ], [ -70.17067, 19.24811 ], [ -70.17901, 19.24499 ], [ -70.186, 19.23257 ], [ -70.18866, 19.22465 ], [ -70.18321, 19.21068 ], [ -70.18887, 19.19481 ], [ -70.1825, 19.18759 ], [ -70.18397, 19.18548 ], [ -70.18258, 19.1818 ], [ -70.18804, 19.1742 ], [ -70.18213, 19.16616 ], [ -70.17112, 19.16344 ], [ -70.17163, 19.15936 ], [ -70.16923, 19.15759 ], [ -70.17277, 19.15205 ], [ -70.1693, 19.15213 ], [ -70.16523, 19.15613 ], [ -70.16197, 19.15478 ], [ -70.16207, 19.15776 ], [ -70.15872, 19.15164 ], [ -70.15562, 19.15286 ], [ -70.15736, 19.15517 ], [ -70.15568, 19.1564 ], [ -70.15229, 19.15274 ], [ -70.15094, 19.15474 ], [ -70.14537, 19.15448 ], [ -70.14806, 19.15862 ], [ -70.14592, 19.16043 ], [ -70.14148, 19.16003 ], [ -70.13921, 19.15737 ], [ -70.13544, 19.16119 ], [ -70.13782, 19.16261 ], [ -70.13662, 19.16338 ], [ -70.13454, 19.16227 ], [ -70.13378, 19.15886 ], [ -70.13121, 19.15935 ], [ -70.13467, 19.15621 ], [ -70.13392, 19.15415 ], [ -70.13698, 19.15403 ], [ -70.13719, 19.15117 ], [ -70.13, 19.14929 ], [ -70.12691, 19.15342 ], [ -70.12921, 19.15497 ], [ -70.12899, 19.15812 ], [ -70.12082, 19.15761 ], [ -70.11971, 19.15601 ], [ -70.12149, 19.15462 ], [ -70.11909, 19.15409 ], [ -70.11916, 19.16018 ], [ -70.11748, 19.16133 ], [ -70.11591, 19.16066 ], [ -70.11583, 19.15759 ], [ -70.11034, 19.15991 ], [ -70.10784, 19.15692 ], [ -70.10515, 19.15995 ], [ -70.10324, 19.15577 ], [ -70.10796, 19.15645 ], [ -70.10836, 19.15434 ], [ -70.10279, 19.1538 ], [ -70.10058, 19.15018 ], [ -70.09667, 19.15363 ], [ -70.09007, 19.15467 ], [ -70.07504, 19.15057 ], [ -70.07313, 19.15377 ], [ -70.07546, 19.1603 ], [ -70.07336, 19.16429 ], [ -70.07613, 19.16978 ], [ -70.08317, 19.17359 ], [ -70.08625, 19.17812 ], [ -70.08716, 19.18386 ], [ -70.08247, 19.19099 ], [ -70.07702, 19.19544 ], [ -70.07164, 19.20491 ], [ -70.07572, 19.20846 ], [ -70.0879, 19.2101 ], [ -70.09141, 19.21306 ], [ -70.09825, 19.21096 ], [ -70.09731, 19.2092 ], [ -70.10197, 19.20759 ], [ -70.10513, 19.20112 ], [ -70.10811, 19.20061 ], [ -70.10837, 19.20261 ], [ -70.11002, 19.20145 ], [ -70.1096, 19.20375 ], [ -70.11199, 19.20458 ], [ -70.10921, 19.20729 ], [ -70.1114, 19.20905 ], [ -70.11086, 19.21096 ], [ -70.10899, 19.21001 ], [ -70.10756, 19.21136 ], [ -70.10953, 19.21471 ], [ -70.10675, 19.215 ], [ -70.10944, 19.21863 ], [ -70.1056, 19.22026 ], [ -70.10618, 19.22347 ], [ -70.10345, 19.2262 ], [ -70.10223, 19.23277 ], [ -70.09675, 19.23873 ], [ -70.09547, 19.23822 ], [ -70.09461, 19.24212 ], [ -70.0929, 19.24173 ], [ -70.09361, 19.24381 ], [ -70.09197, 19.24362 ], [ -70.09207, 19.24851 ], [ -70.09058, 19.24965 ], [ -70.09303, 19.25191 ], [ -70.09192, 19.25404 ], [ -70.08986, 19.25353 ], [ -70.08969, 19.25703 ], [ -70.08773, 19.25628 ], [ -70.08658, 19.25819 ], [ -70.08737, 19.26328 ], [ -70.08593, 19.26445 ], [ -70.09, 19.26834 ], [ -70.08939, 19.27251 ], [ -70.09303, 19.27638 ], [ -70.1065, 19.27759 ], [ -70.12049, 19.28304 ] ] ] } },
{ "type": "Feature", "properties": { "COD_PROV": "06", "COD_MUN": "0605", "MUNICIPIO": "Villa Riva", "REG": "3" }, "geometry": { "type": "Polygon", "coordinates": [ [ [ -69.92088, 19.25847 ], [ -69.92223, 19.26033 ], [ -69.92306, 19.25845 ], [ -69.92685, 19.25817 ], [ -69.92671, 19.2568 ], [ -69.93485, 19.251 ], [ -69.93768, 19.25245 ], [ -69.94062, 19.25145 ], [ -69.95506, 19.25904 ], [ -69.96116, 19.23972 ], [ -69.96658, 19.23596 ], [ -69.97035, 19.2273 ], [ -69.9737, 19.22633 ], [ -69.97548, 19.22033 ], [ -69.97977, 19.2165 ], [ -69.97899, 19.21274 ], [ -69.98374, 19.2082 ], [ -69.98413, 19.20547 ], [ -69.98753, 19.20575 ], [ -69.98971, 19.20165 ], [ -69.99261, 19.20226 ], [ -69.99252, 19.19952 ], [ -69.9958, 19.19526 ], [ -69.99146, 19.19128 ], [ -69.99285, 19.18955 ], [ -69.9883, 19.18264 ], [ -69.9924, 19.17611 ], [ -69.99114, 19.17442 ], [ -69.99432, 19.17272 ], [ -69.99073, 19.17064 ], [ -69.99206, 19.16919 ], [ -69.99474, 19.17012 ], [ -69.99441, 19.16324 ], [ -69.99937, 19.16198 ], [ -69.99773, 19.15987 ], [ -69.99949, 19.15711 ], [ -69.99545, 19.15356 ], [ -69.99282, 19.1569 ], [ -69.99012, 19.15502 ], [ -69.99099, 19.15028 ], [ -69.99519, 19.14433 ], [ -69.98914, 19.14066 ], [ -69.98245, 19.1422 ], [ -69.9812, 19.13868 ], [ -69.97573, 19.13869 ], [ -69.97283, 19.14104 ], [ -69.97174, 19.13613 ], [ -69.96679, 19.13846 ], [ -69.95426, 19.12822 ], [ -69.95428, 19.12672 ], [ -69.95911, 19.12861 ], [ -69.96281, 19.13203 ], [ -69.96548, 19.13081 ], [ -69.97159, 19.13264 ], [ -69.97708, 19.13139 ], [ -69.98019, 19.12721 ], [ -69.98568, 19.12774 ], [ -69.98711, 19.12442 ], [ -69.98292, 19.11267 ], [ -69.98843, 19.09966 ], [ -69.94599, 19.09799 ], [ -69.94614, 19.10704 ], [ -69.95207, 19.12644 ], [ -69.94676, 19.12432 ], [ -69.94205, 19.12574 ], [ -69.9298, 19.12246 ], [ -69.93027, 19.1117 ], [ -69.92687, 19.107 ], [ -69.91869, 19.10472 ], [ -69.91323, 19.10537 ], [ -69.90689, 19.1019 ], [ -69.89632, 19.09923 ], [ -69.89472, 19.09688 ], [ -69.89468, 19.09329 ], [ -69.89981, 19.0813 ], [ -69.90665, 19.07046 ], [ -69.90507, 19.06351 ], [ -69.90804, 19.06057 ], [ -69.90706, 19.05874 ], [ -69.90856, 19.05637 ], [ -69.90645, 19.05644 ], [ -69.9063, 19.05461 ], [ -69.91046, 19.05363 ], [ -69.90579, 19.0495 ], [ -69.88697, 19.04912 ], [ -69.88106, 19.04688 ], [ -69.87661, 19.04726 ], [ -69.87366, 19.04404 ], [ -69.86994, 19.04445 ], [ -69.86778, 19.05258 ], [ -69.87137, 19.06176 ], [ -69.87573, 19.06719 ], [ -69.87237, 19.06978 ], [ -69.8715, 19.07653 ], [ -69.87629, 19.08628 ], [ -69.86927, 19.08317 ], [ -69.86685, 19.08906 ], [ -69.86429, 19.08975 ], [ -69.85855, 19.0864 ], [ -69.85356, 19.07738 ], [ -69.85075, 19.08058 ], [ -69.8452, 19.08057 ], [ -69.8406, 19.08406 ], [ -69.83497, 19.08495 ], [ -69.83058, 19.08228 ], [ -69.82537, 19.08574 ], [ -69.82, 19.08096 ], [ -69.81392, 19.08258 ], [ -69.8091, 19.07947 ], [ -69.80496, 19.07956 ], [ -69.79825, 19.08358 ], [ -69.79071, 19.09523 ], [ -69.78557, 19.09797 ], [ -69.78372, 19.09452 ], [ -69.78091, 19.09405 ], [ -69.7751, 19.10142 ], [ -69.75015, 19.09589 ], [ -69.7337, 19.09513 ], [ -69.73099, 19.09875 ], [ -69.72721, 19.10023 ], [ -69.72476, 19.09877 ], [ -69.72332, 19.10162 ], [ -69.7203, 19.10281 ], [ -69.72128, 19.11162 ], [ -69.72481, 19.11206 ], [ -69.73008, 19.11598 ], [ -69.73323, 19.12404 ], [ -69.73872, 19.13208 ], [ -69.74173, 19.1323 ], [ -69.74887, 19.14693 ], [ -69.74838, 19.15037 ], [ -69.75081, 19.15189 ], [ -69.74563, 19.15567 ], [ -69.74636, 19.15919 ], [ -69.74863, 19.15968 ], [ -69.75463, 19.15098 ], [ -69.76017, 19.15191 ], [ -69.76407, 19.15754 ], [ -69.76741, 19.15694 ], [ -69.77235, 19.15108 ], [ -69.78276, 19.15595 ], [ -69.79252, 19.15595 ], [ -69.79721, 19.15863 ], [ -69.80112, 19.15375 ], [ -69.81409, 19.15143 ], [ -69.82163, 19.15574 ], [ -69.82361, 19.16687 ], [ -69.8413, 19.1647 ], [ -69.84133, 19.16897 ], [ -69.84514, 19.17158 ], [ -69.84508, 19.17345 ], [ -69.84299, 19.17507 ], [ -69.83671, 19.1749 ], [ -69.83475, 19.17732 ], [ -69.83555, 19.17914 ], [ -69.84852, 19.1795 ], [ -69.85726, 19.18572 ], [ -69.86719, 19.18726 ], [ -69.86583, 19.18934 ], [ -69.86847, 19.19205 ], [ -69.86908, 19.20101 ], [ -69.86375, 19.20316 ], [ -69.86255, 19.20879 ], [ -69.86424, 19.21179 ], [ -69.86413, 19.21805 ], [ -69.86663, 19.21987 ], [ -69.8745, 19.21993 ], [ -69.87888, 19.22748 ], [ -69.88332, 19.23139 ], [ -69.89018, 19.23365 ], [ -69.89911, 19.2451 ], [ -69.90794, 19.24316 ], [ -69.91335, 19.24488 ], [ -69.91709, 19.24933 ], [ -69.9133, 19.25147 ], [ -69.91411, 19.25296 ], [ -69.91642, 19.25356 ], [ -69.91848, 19.25869 ], [ -69.92088, 19.25847 ] ] ] } },
{ "type": "Feature", "properties": { "COD_PROV": "06", "COD_MUN": "0606", "MUNICIPIO": "Las Guáranas", "REG": "3" }, "geometry": { "type": "Polygon", "coordinates": [ [ [ -70.18121, 19.25342 ], [ -70.192, 19.25897 ], [ -70.19612, 19.2532 ], [ -70.22185, 19.25336 ], [ -70.22044, 19.25074 ], [ -70.22381, 19.24567 ], [ -70.23452, 19.24311 ], [ -70.24555, 19.22866 ], [ -70.24968, 19.23338 ], [ -70.25679, 19.2294 ], [ -70.25701, 19.22725 ], [ -70.26029, 19.22717 ], [ -70.27021, 19.22092 ], [ -70.28529, 19.21774 ], [ -70.2813, 19.21461 ], [ -70.28403, 19.21387 ], [ -70.28212, 19.21272 ], [ -70.28701, 19.20903 ], [ -70.28244, 19.20838 ], [ -70.28202, 19.20424 ], [ -70.27669, 19.20262 ], [ -70.27863, 19.20189 ], [ -70.27449, 19.19488 ], [ -70.27258, 19.19459 ], [ -70.27403, 19.19153 ], [ -70.27077, 19.19023 ], [ -70.27362, 19.18987 ], [ -70.27288, 19.18653 ], [ -70.26751, 19.18446 ], [ -70.27111, 19.18338 ], [ -70.27094, 19.1821 ], [ -70.26741, 19.18133 ], [ -70.26447, 19.17487 ], [ -70.25906, 19.17038 ], [ -70.26003, 19.16611 ], [ -70.25392, 19.16449 ], [ -70.25597, 19.16055 ], [ -70.2548, 19.15845 ], [ -70.24481, 19.16193 ], [ -70.24441, 19.15814 ], [ -70.24944, 19.15681 ], [ -70.24095, 19.15381 ], [ -70.23015, 19.15883 ], [ -70.22755, 19.14948 ], [ -70.20849, 19.14177 ], [ -70.20623, 19.14443 ], [ -70.20437, 19.15649 ], [ -70.20027, 19.15115 ], [ -70.18545, 19.16178 ], [ -70.18375, 19.16475 ], [ -70.18, 19.16255 ], [ -70.17822, 19.1654 ], [ -70.18213, 19.16616 ], [ -70.18804, 19.1742 ], [ -70.18258, 19.1818 ], [ -70.18397, 19.18548 ], [ -70.18248, 19.18721 ], [ -70.18877, 19.19352 ], [ -70.18321, 19.21068 ], [ -70.18866, 19.22465 ], [ -70.17974, 19.24415 ], [ -70.17067, 19.24811 ], [ -70.16917, 19.25036 ], [ -70.18121, 19.25342 ] ] ] } },
{ "type": "Feature", "properties": { "COD_PROV": "06", "COD_MUN": "0607", "MUNICIPIO": "Eugenio María de Hostos", "REG": "3" }, "geometry": { "type": "Polygon", "coordinates": [ [ [ -70.00512, 19.20249 ], [ -70.01922, 19.20782 ], [ -70.01846, 19.20241 ], [ -70.0218, 19.20073 ], [ -70.02191, 19.19895 ], [ -70.01923, 19.19128 ], [ -70.02349, 19.18369 ], [ -70.02734, 19.18382 ], [ -70.02749, 19.17841 ], [ -70.08653, 19.18119 ], [ -70.08317, 19.17359 ], [ -70.07613, 19.16978 ], [ -70.07336, 19.16429 ], [ -70.07546, 19.1603 ], [ -70.07285, 19.1546 ], [ -70.07504, 19.15057 ], [ -70.06932, 19.14658 ], [ -70.06505, 19.14628 ], [ -70.06062, 19.14158 ], [ -70.05458, 19.1437 ], [ -70.05324, 19.13987 ], [ -70.04972, 19.13685 ], [ -70.04308, 19.13494 ], [ -70.04137, 19.13274 ], [ -70.04337, 19.12902 ], [ -70.04274, 19.12271 ], [ -70.04549, 19.11683 ], [ -70.0409, 19.11234 ], [ -70.04416, 19.11036 ], [ -70.03965, 19.10182 ], [ -70.02169, 19.08698 ], [ -70.01094, 19.08498 ], [ -70.00102, 19.08054 ], [ -69.99631, 19.07316 ], [ -69.99547, 19.07576 ], [ -69.99071, 19.07861 ], [ -69.99054, 19.08071 ], [ -69.98494, 19.08228 ], [ -69.98923, 19.08842 ], [ -69.9872, 19.09445 ], [ -69.98813, 19.10306 ], [ -69.98292, 19.11267 ], [ -69.98711, 19.12442 ], [ -69.98601, 19.12742 ], [ -69.98019, 19.12721 ], [ -69.97708, 19.13139 ], [ -69.97159, 19.13264 ], [ -69.96548, 19.13081 ], [ -69.96281, 19.13203 ], [ -69.95911, 19.12861 ], [ -69.95428, 19.12672 ], [ -69.95426, 19.12822 ], [ -69.96679, 19.13846 ], [ -69.97174, 19.13613 ], [ -69.97283, 19.14104 ], [ -69.97573, 19.13869 ], [ -69.9812, 19.13868 ], [ -69.98245, 19.1422 ], [ -69.98914, 19.14066 ], [ -69.99519, 19.14433 ], [ -69.99099, 19.15028 ], [ -69.99012, 19.15502 ], [ -69.99282, 19.1569 ], [ -69.99545, 19.15356 ], [ -69.99949, 19.15711 ], [ -69.99773, 19.15987 ], [ -69.99937, 19.16198 ], [ -69.99441, 19.16324 ], [ -69.99474, 19.17012 ], [ -69.99206, 19.16919 ], [ -69.99073, 19.17064 ], [ -69.99432, 19.17272 ], [ -69.99099, 19.17531 ], [ -69.99808, 19.17832 ], [ -70.00933, 19.17849 ], [ -70.00916, 19.19277 ], [ -70.00512, 19.20249 ] ] ] } },
{ "type": "Feature", "properties": { "COD_PROV": "07", "COD_MUN": "0701", "MUNICIPIO": "Comendador", "REG": "6" }, "geometry": { "type": "Polygon", "coordinates": [ [ [ -71.71049, 19.01535 ], [ -71.71459, 19.01038 ], [ -71.7227, 19.00928 ], [ -71.72992, 19.00482 ], [ -71.73375, 18.99453 ], [ -71.74748, 18.99482 ], [ -71.75354, 18.99245 ], [ -71.75792, 18.98456 ], [ -71.77362, 18.97597 ], [ -71.78119, 18.9761 ], [ -71.78502, 18.97905 ], [ -71.79801, 18.98291 ], [ -71.80187, 18.99025 ], [ -71.80913, 18.998 ], [ -71.82803, 18.99426 ], [ -71.82988, 19.00331 ], [ -71.83382, 19.00507 ], [ -71.83524, 19.00018 ], [ -71.84191, 18.9994 ], [ -71.84383, 18.99146 ], [ -71.85203, 18.99234 ], [ -71.85118, 18.98672 ], [ -71.85673, 18.982 ], [ -71.85627, 18.97746 ], [ -71.86239, 18.97811 ], [ -71.86387, 18.98387 ], [ -71.86793, 18.98213 ], [ -71.86711, 18.97585 ], [ -71.87692, 18.97072 ], [ -71.87417, 18.9643 ], [ -71.87511, 18.95788 ], [ -71.87988, 18.95664 ], [ -71.8849, 18.96026 ], [ -71.88652, 18.95915 ], [ -71.8819, 18.94145 ], [ -71.87819, 18.94224 ], [ -71.87489, 18.94647 ], [ -71.87569, 18.9484 ], [ -71.86778, 18.94572 ], [ -71.86035, 18.9479 ], [ -71.86204, 18.95527 ], [ -71.86027, 18.96313 ], [ -71.85502, 18.95769 ], [ -71.85518, 18.95472 ], [ -71.84917, 18.96018 ], [ -71.84905, 18.96327 ], [ -71.84683, 18.96263 ], [ -71.84453, 18.95715 ], [ -71.84008, 18.9581 ], [ -71.84417, 18.96265 ], [ -71.84278, 18.96625 ], [ -71.83584, 18.97025 ], [ -71.83253, 18.96313 ], [ -71.82687, 18.96842 ], [ -71.82367, 18.96813 ], [ -71.82263, 18.96682 ], [ -71.82581, 18.96381 ], [ -71.81889, 18.96263 ], [ -71.81437, 18.96441 ], [ -71.81232, 18.95998 ], [ -71.80387, 18.95784 ], [ -71.80291, 18.95434 ], [ -71.79702, 18.95646 ], [ -71.79429, 18.95256 ], [ -71.79241, 18.95705 ], [ -71.7907, 18.9573 ], [ -71.78255, 18.95453 ], [ -71.78304, 18.94616 ], [ -71.77502, 18.92396 ], [ -71.77085, 18.90579 ], [ -71.75727, 18.90106 ], [ -71.74365, 18.88863 ], [ -71.74192, 18.87697 ], [ -71.72913, 18.87402 ], [ -71.72669, 18.8579 ], [ -71.72786, 18.85076 ], [ -71.72557, 18.84344 ], [ -71.72678, 18.83807 ], [ -71.72245, 18.83093 ], [ -71.72334, 18.8266 ], [ -71.7124, 18.8221 ], [ -71.68589, 18.81954 ], [ -71.68599, 18.82524 ], [ -71.67656, 18.83022 ], [ -71.67275, 18.84036 ], [ -71.66096, 18.84296 ], [ -71.6571, 18.83981 ], [ -71.65577, 18.84078 ], [ -71.65592, 18.84496 ], [ -71.65858, 18.84793 ], [ -71.65695, 18.85397 ], [ -71.66039, 18.85931 ], [ -71.6587, 18.86002 ], [ -71.66321, 18.86322 ], [ -71.66399, 18.86942 ], [ -71.66928, 18.87665 ], [ -71.66907, 18.87671 ], [ -71.66892, 18.87674 ], [ -71.6686, 18.87676 ], [ -71.66674, 18.87652 ], [ -71.66144, 18.87746 ], [ -71.65756, 18.87716 ], [ -71.65263, 18.87417 ], [ -71.63996, 18.87468 ], [ -71.6372, 18.87644 ], [ -71.6403, 18.87609 ], [ -71.65269, 18.88277 ], [ -71.64832, 18.88843 ], [ -71.63807, 18.89189 ], [ -71.62133, 18.9119 ], [ -71.61684, 18.92005 ], [ -71.61957, 18.92202 ], [ -71.61733, 18.92432 ], [ -71.61973, 18.92665 ], [ -71.61755, 18.93009 ], [ -71.6168, 18.93879 ], [ -71.61995, 18.93697 ], [ -71.62613, 18.93959 ], [ -71.63328, 18.93702 ], [ -71.63368, 18.9403 ], [ -71.63593, 18.94061 ], [ -71.63703, 18.93727 ], [ -71.64317, 18.94322 ], [ -71.65256, 18.94384 ], [ -71.64545, 18.96356 ], [ -71.64636, 18.96903 ], [ -71.65773, 18.97775 ], [ -71.67866, 18.98055 ], [ -71.68258, 18.97881 ], [ -71.69528, 18.98197 ], [ -71.69281, 18.98701 ], [ -71.67976, 18.98991 ], [ -71.67766, 18.99506 ], [ -71.67715, 19.00946 ], [ -71.68274, 19.0146 ], [ -71.6891, 19.01041 ], [ -71.69598, 19.01166 ], [ -71.70447, 19.01767 ], [ -71.71049, 19.01535 ] ] ] } },
{ "type": "Feature", "properties": { "COD_PROV": "07", "COD_MUN": "0702", "MUNICIPIO": "Bánica", "REG": "6" }, "geometry": { "type": "Polygon", "coordinates": [ [ [ -71.6809, 19.09362 ], [ -71.69145, 19.09334 ], [ -71.69758, 19.09145 ], [ -71.69714, 19.08693 ], [ -71.70174, 19.08464 ], [ -71.71082, 19.08454 ], [ -71.71216, 19.07829 ], [ -71.70302, 19.07587 ], [ -71.70115, 19.07321 ], [ -71.70938, 19.06704 ], [ -71.71085, 19.07038 ], [ -71.71569, 19.07089 ], [ -71.71832, 19.06866 ], [ -71.72052, 19.06541 ], [ -71.71995, 19.06378 ], [ -71.71584, 19.06293 ], [ -71.7172, 19.05832 ], [ -71.7204, 19.05948 ], [ -71.72289, 19.05351 ], [ -71.72671, 19.05171 ], [ -71.73781, 19.04954 ], [ -71.73818, 19.04519 ], [ -71.74073, 19.04345 ], [ -71.7459, 19.04644 ], [ -71.75206, 19.04654 ], [ -71.75507, 19.0411 ], [ -71.76335, 19.03534 ], [ -71.7604, 19.03013 ], [ -71.76212, 19.02673 ], [ -71.76547, 19.02656 ], [ -71.76817, 19.03182 ], [ -71.77174, 19.031 ], [ -71.78243, 19.01792 ], [ -71.78146, 19.01618 ], [ -71.77689, 19.01554 ], [ -71.77624, 19.01262 ], [ -71.78153, 19.01078 ], [ -71.78542, 19.01233 ], [ -71.79102, 19.00757 ], [ -71.79135, 19.00127 ], [ -71.78701, 18.99702 ], [ -71.78913, 18.99316 ], [ -71.79854, 18.99577 ], [ -71.79652, 19.00082 ], [ -71.7976, 19.00432 ], [ -71.80429, 19.00364 ], [ -71.80526, 18.99898 ], [ -71.80913, 18.998 ], [ -71.80187, 18.99025 ], [ -71.79801, 18.98291 ], [ -71.78502, 18.97905 ], [ -71.78119, 18.9761 ], [ -71.77082, 18.97657 ], [ -71.75792, 18.98456 ], [ -71.75354, 18.99245 ], [ -71.74748, 18.99482 ], [ -71.74067, 18.99362 ], [ -71.73335, 18.99479 ], [ -71.72992, 19.00482 ], [ -71.7227, 19.00928 ], [ -71.71459, 19.01038 ], [ -71.71049, 19.01535 ], [ -71.70759, 19.01571 ], [ -71.70709, 19.01796 ], [ -71.69598, 19.01166 ], [ -71.6891, 19.01041 ], [ -71.68274, 19.0146 ], [ -71.67715, 19.00946 ], [ -71.67818, 18.99293 ], [ -71.67976, 18.98991 ], [ -71.69281, 18.98701 ], [ -71.69528, 18.98197 ], [ -71.68258, 18.97881 ], [ -71.67866, 18.98055 ], [ -71.67006, 18.97971 ], [ -71.66919, 18.97827 ], [ -71.66154, 18.97867 ], [ -71.65225, 18.97451 ], [ -71.64636, 18.96903 ], [ -71.64529, 18.9654 ], [ -71.64904, 18.95092 ], [ -71.65267, 18.94435 ], [ -71.64594, 18.94248 ], [ -71.64342, 18.94323 ], [ -71.6436, 18.9452 ], [ -71.63763, 18.94737 ], [ -71.62979, 18.94722 ], [ -71.63089, 18.95035 ], [ -71.62927, 18.9533 ], [ -71.62527, 18.95323 ], [ -71.62402, 18.95483 ], [ -71.6253, 18.95592 ], [ -71.62371, 18.95657 ], [ -71.62132, 18.95524 ], [ -71.61966, 18.95779 ], [ -71.61991, 18.96238 ], [ -71.61431, 18.96996 ], [ -71.59745, 18.98172 ], [ -71.59469, 18.98619 ], [ -71.58311, 18.98359 ], [ -71.57273, 18.99379 ], [ -71.57396, 18.99879 ], [ -71.57191, 19.0011 ], [ -71.56449, 19.00329 ], [ -71.5554, 19.00183 ], [ -71.54913, 18.99865 ], [ -71.53831, 19.00122 ], [ -71.52367, 18.99751 ], [ -71.51712, 19.00215 ], [ -71.51268, 19.00879 ], [ -71.50717, 19.00974 ], [ -71.50585, 19.01671 ], [ -71.51109, 19.02297 ], [ -71.51234, 19.03023 ], [ -71.51093, 19.03491 ], [ -71.50722, 19.03696 ], [ -71.5052, 19.04086 ], [ -71.50325, 19.06291 ], [ -71.50893, 19.06532 ], [ -71.51545, 19.06381 ], [ -71.52247, 19.06905 ], [ -71.54198, 19.06914 ], [ -71.54334, 19.07853 ], [ -71.54579, 19.07959 ], [ -71.55682, 19.07632 ], [ -71.56714, 19.0672 ], [ -71.5715, 19.06647 ], [ -71.57603, 19.06818 ], [ -71.58079, 19.06618 ], [ -71.59257, 19.06767 ], [ -71.60474, 19.07159 ], [ -71.61879, 19.08361 ], [ -71.63213, 19.08879 ], [ -71.6462, 19.0908 ], [ -71.66344, 19.09052 ], [ -71.6809, 19.09362 ] ] ] } },
{ "type": "Feature", "properties": { "COD_PROV": "07", "COD_MUN": "0703", "MUNICIPIO": "El Llano", "REG": "6" }, "geometry": { "type": "Polygon", "coordinates": [ [ [ -71.6198, 18.88494 ], [ -71.6233, 18.88375 ], [ -71.62538, 18.87967 ], [ -71.62803, 18.87972 ], [ -71.63419, 18.87542 ], [ -71.63721, 18.87645 ], [ -71.63996, 18.87468 ], [ -71.6527, 18.87418 ], [ -71.65756, 18.87716 ], [ -71.66928, 18.87665 ], [ -71.66399, 18.86942 ], [ -71.66321, 18.86322 ], [ -71.6587, 18.86002 ], [ -71.66039, 18.85931 ], [ -71.65695, 18.85397 ], [ -71.65858, 18.84793 ], [ -71.65592, 18.84496 ], [ -71.65562, 18.84127 ], [ -71.6571, 18.83981 ], [ -71.66096, 18.84296 ], [ -71.67275, 18.84036 ], [ -71.67656, 18.83022 ], [ -71.68599, 18.82524 ], [ -71.68589, 18.81954 ], [ -71.7124, 18.8221 ], [ -71.72334, 18.8266 ], [ -71.72332, 18.80699 ], [ -71.73233, 18.75994 ], [ -71.71909, 18.7582 ], [ -71.70713, 18.75933 ], [ -71.67636, 18.7487 ], [ -71.66809, 18.74987 ], [ -71.66388, 18.74736 ], [ -71.65679, 18.74825 ], [ -71.65474, 18.75001 ], [ -71.6492, 18.74814 ], [ -71.64101, 18.76554 ], [ -71.64627, 18.77288 ], [ -71.64848, 18.78468 ], [ -71.63768, 18.80157 ], [ -71.62852, 18.80403 ], [ -71.63019, 18.80655 ], [ -71.62395, 18.80909 ], [ -71.62016, 18.81801 ], [ -71.6238, 18.82136 ], [ -71.62106, 18.82502 ], [ -71.61528, 18.82652 ], [ -71.62076, 18.82916 ], [ -71.62599, 18.84266 ], [ -71.62394, 18.85407 ], [ -71.62132, 18.85686 ], [ -71.61919, 18.86423 ], [ -71.6188, 18.88159 ], [ -71.61715, 18.88394 ], [ -71.6198, 18.88494 ] ] ] } },
{ "type": "Feature", "properties": { "COD_PROV": "07", "COD_MUN": "0704", "MUNICIPIO": "Hondo Valle", "REG": "6" }, "geometry": { "type": "Polygon", "coordinates": [ [ [ -71.72051, 18.75838 ], [ -71.73233, 18.75994 ], [ -71.73924, 18.72378 ], [ -71.78436, 18.70451 ], [ -71.78594, 18.69149 ], [ -71.79019, 18.68872 ], [ -71.78495, 18.68046 ], [ -71.7779, 18.68003 ], [ -71.76822, 18.67642 ], [ -71.76084, 18.67782 ], [ -71.75238, 18.68207 ], [ -71.74475, 18.67754 ], [ -71.73627, 18.67834 ], [ -71.7276, 18.67423 ], [ -71.72101, 18.67504 ], [ -71.71328, 18.67113 ], [ -71.69287, 18.66511 ], [ -71.68316, 18.66377 ], [ -71.65941, 18.66456 ], [ -71.64814, 18.66218 ], [ -71.64146, 18.66342 ], [ -71.64018, 18.66457 ], [ -71.64086, 18.67106 ], [ -71.63398, 18.68036 ], [ -71.63526, 18.68775 ], [ -71.63196, 18.69605 ], [ -71.63166, 18.70198 ], [ -71.62331, 18.71913 ], [ -71.62286, 18.72392 ], [ -71.62945, 18.74086 ], [ -71.63127, 18.74165 ], [ -71.63643, 18.73795 ], [ -71.64084, 18.7371 ], [ -71.64372, 18.73225 ], [ -71.6431, 18.7301 ], [ -71.64563, 18.72889 ], [ -71.65347, 18.73151 ], [ -71.65385, 18.74992 ], [ -71.66388, 18.74736 ], [ -71.66809, 18.74987 ], [ -71.67636, 18.7487 ], [ -71.70713, 18.75933 ], [ -71.72051, 18.75838 ] ] ] } },
{ "type": "Feature", "properties": { "COD_PROV": "07", "COD_MUN": "0705", "MUNICIPIO": "Pedro Santana", "REG": "6" }, "geometry": { "type": "Polygon", "coordinates": [ [ [ -71.5914, 19.28362 ], [ -71.59185, 19.27827 ], [ -71.59636, 19.2723 ], [ -71.59517, 19.26828 ], [ -71.59877, 19.26287 ], [ -71.59614, 19.26078 ], [ -71.59916, 19.25856 ], [ -71.59747, 19.25412 ], [ -71.60135, 19.25375 ], [ -71.60096, 19.25026 ], [ -71.60333, 19.25041 ], [ -71.60455, 19.24793 ], [ -71.60783, 19.24889 ], [ -71.609, 19.24635 ], [ -71.61114, 19.25151 ], [ -71.6171, 19.25394 ], [ -71.6158, 19.25074 ], [ -71.61891, 19.25048 ], [ -71.6212, 19.24522 ], [ -71.62565, 19.24607 ], [ -71.6309, 19.24202 ], [ -71.63077, 19.23974 ], [ -71.63366, 19.23772 ], [ -71.63566, 19.23279 ], [ -71.63452, 19.23009 ], [ -71.63691, 19.23262 ], [ -71.6389, 19.23173 ], [ -71.63962, 19.22943 ], [ -71.63808, 19.22796 ], [ -71.64036, 19.22486 ], [ -71.63583, 19.22529 ], [ -71.63393, 19.21722 ], [ -71.62826, 19.21134 ], [ -71.63272, 19.20741 ], [ -71.62661, 19.2092 ], [ -71.62175, 19.20653 ], [ -71.62393, 19.20648 ], [ -71.62457, 19.2028 ], [ -71.62746, 19.20612 ], [ -71.63421, 19.20477 ], [ -71.63496, 19.20165 ], [ -71.63764, 19.20185 ], [ -71.63696, 19.19897 ], [ -71.63905, 19.197 ], [ -71.63693, 19.19549 ], [ -71.63884, 19.19258 ], [ -71.63679, 19.19181 ], [ -71.63658, 19.18936 ], [ -71.63311, 19.18827 ], [ -71.63019, 19.18936 ], [ -71.62922, 19.18655 ], [ -71.62632, 19.1864 ], [ -71.62816, 19.18373 ], [ -71.62727, 19.18168 ], [ -71.63123, 19.18352 ], [ -71.63379, 19.18171 ], [ -71.63546, 19.18337 ], [ -71.63775, 19.17839 ], [ -71.64504, 19.18067 ], [ -71.64337, 19.17789 ], [ -71.64743, 19.17658 ], [ -71.63923, 19.17457 ], [ -71.63351, 19.16882 ], [ -71.63637, 19.16924 ], [ -71.63703, 19.16628 ], [ -71.64057, 19.16859 ], [ -71.64225, 19.16686 ], [ -71.64594, 19.16888 ], [ -71.64525, 19.16561 ], [ -71.64769, 19.16394 ], [ -71.64472, 19.16314 ], [ -71.64562, 19.16112 ], [ -71.64398, 19.16121 ], [ -71.6423, 19.15702 ], [ -71.64561, 19.15647 ], [ -71.64347, 19.1539 ], [ -71.64682, 19.15236 ], [ -71.64006, 19.14661 ], [ -71.64211, 19.14486 ], [ -71.6487, 19.14482 ], [ -71.64965, 19.14278 ], [ -71.65649, 19.14355 ], [ -71.65289, 19.13915 ], [ -71.64604, 19.13515 ], [ -71.65132, 19.12075 ], [ -71.65432, 19.11578 ], [ -71.65545, 19.1178 ], [ -71.66336, 19.11297 ], [ -71.67001, 19.11723 ], [ -71.67288, 19.11274 ], [ -71.67547, 19.11358 ], [ -71.67765, 19.11727 ], [ -71.67935, 19.11582 ], [ -71.68211, 19.11734 ], [ -71.67897, 19.10935 ], [ -71.6828, 19.10857 ], [ -71.68231, 19.10531 ], [ -71.68473, 19.10284 ], [ -71.69636, 19.10823 ], [ -71.70189, 19.10629 ], [ -71.70657, 19.09909 ], [ -71.6989, 19.09544 ], [ -71.69758, 19.09145 ], [ -71.6809, 19.09362 ], [ -71.66344, 19.09052 ], [ -71.6462, 19.0908 ], [ -71.63213, 19.08879 ], [ -71.61879, 19.08361 ], [ -71.60419, 19.07134 ], [ -71.58236, 19.06621 ], [ -71.57603, 19.06818 ], [ -71.5715, 19.06647 ], [ -71.56714, 19.0672 ], [ -71.55682, 19.07632 ], [ -71.54579, 19.07959 ], [ -71.54334, 19.07853 ], [ -71.54198, 19.06914 ], [ -71.52247, 19.06905 ], [ -71.51545, 19.06381 ], [ -71.50893, 19.06532 ], [ -71.50325, 19.06291 ], [ -71.49391, 19.0684 ], [ -71.48298, 19.08276 ], [ -71.48168, 19.09029 ], [ -71.48294, 19.09626 ], [ -71.46491, 19.10834 ], [ -71.46365, 19.1147 ], [ -71.46829, 19.12124 ], [ -71.46582, 19.12611 ], [ -71.44998, 19.12738 ], [ -71.43966, 19.12584 ], [ -71.43041, 19.13236 ], [ -71.4234, 19.12692 ], [ -71.42117, 19.12156 ], [ -71.4167, 19.12059 ], [ -71.41381, 19.11595 ], [ -71.4063, 19.1133 ], [ -71.39921, 19.11257 ], [ -71.38772, 19.12064 ], [ -71.3756, 19.12383 ], [ -71.37605, 19.12076 ], [ -71.37246, 19.11365 ], [ -71.37, 19.11329 ], [ -71.36401, 19.1068 ], [ -71.35919, 19.10709 ], [ -71.35582, 19.11071 ], [ -71.34993, 19.10788 ], [ -71.34192, 19.11229 ], [ -71.34497, 19.11715 ], [ -71.34158, 19.11774 ], [ -71.34147, 19.12191 ], [ -71.33838, 19.12549 ], [ -71.34551, 19.1372 ], [ -71.34548, 19.14382 ], [ -71.34269, 19.152 ], [ -71.3461, 19.15995 ], [ -71.34249, 19.16158 ], [ -71.34418, 19.166 ], [ -71.34181, 19.17132 ], [ -71.33072, 19.17109 ], [ -71.32627, 19.17324 ], [ -71.32124, 19.17086 ], [ -71.31779, 19.17213 ], [ -71.3265, 19.18593 ], [ -71.34077, 19.19305 ], [ -71.34641, 19.19002 ], [ -71.35196, 19.19249 ], [ -71.36208, 19.18998 ], [ -71.36481, 19.20062 ], [ -71.36928, 19.20477 ], [ -71.37795, 19.20806 ], [ -71.38479, 19.21587 ], [ -71.40321, 19.2183 ], [ -71.41716, 19.23496 ], [ -71.42087, 19.23725 ], [ -71.42896, 19.2384 ], [ -71.43314, 19.24404 ], [ -71.43768, 19.23999 ], [ -71.43947, 19.23973 ], [ -71.44144, 19.24227 ], [ -71.4465, 19.24069 ], [ -71.45645, 19.24991 ], [ -71.46232, 19.249 ], [ -71.4703, 19.25563 ], [ -71.472, 19.25419 ], [ -71.4764, 19.25502 ], [ -71.47586, 19.25386 ], [ -71.47878, 19.25392 ], [ -71.47891, 19.25519 ], [ -71.48029, 19.2535 ], [ -71.48213, 19.25512 ], [ -71.48481, 19.25335 ], [ -71.48789, 19.25654 ], [ -71.48888, 19.25418 ], [ -71.48988, 19.25563 ], [ -71.49143, 19.25457 ], [ -71.49157, 19.25684 ], [ -71.49357, 19.25253 ], [ -71.49765, 19.25132 ], [ -71.4964, 19.25492 ], [ -71.49999, 19.25774 ], [ -71.49697, 19.26375 ], [ -71.50001, 19.26572 ], [ -71.49787, 19.26562 ], [ -71.49687, 19.2678 ], [ -71.49867, 19.27178 ], [ -71.50212, 19.27417 ], [ -71.5031, 19.27225 ], [ -71.5096, 19.27499 ], [ -71.51464, 19.27359 ], [ -71.51803, 19.26993 ], [ -71.52114, 19.2698 ], [ -71.52218, 19.26352 ], [ -71.52646, 19.26547 ], [ -71.52645, 19.26742 ], [ -71.53125, 19.26518 ], [ -71.53212, 19.26808 ], [ -71.53679, 19.26726 ], [ -71.53901, 19.27335 ], [ -71.54262, 19.27435 ], [ -71.54582, 19.27216 ], [ -71.54749, 19.27635 ], [ -71.5509, 19.27677 ], [ -71.55408, 19.27977 ], [ -71.55688, 19.2794 ], [ -71.55572, 19.2777 ], [ -71.55705, 19.27561 ], [ -71.56137, 19.27495 ], [ -71.56486, 19.27116 ], [ -71.57141, 19.27493 ], [ -71.57391, 19.28018 ], [ -71.58283, 19.27791 ], [ -71.58359, 19.28294 ], [ -71.5914, 19.28362 ] ] ] } },
{ "type": "Feature", "properties": { "COD_PROV": "07", "COD_MUN": "0706", "MUNICIPIO": "Juan Santiago", "REG": "6" }, "geometry": { "type": "Polygon", "coordinates": [ [ [ -71.57216, 18.77719 ], [ -71.56704, 18.78147 ], [ -71.58726, 18.79026 ], [ -71.59146, 18.79642 ], [ -71.59758, 18.79993 ], [ -71.61029, 18.80328 ], [ -71.63453, 18.80332 ], [ -71.63837, 18.80069 ], [ -71.64848, 18.78468 ], [ -71.64627, 18.77288 ], [ -71.64101, 18.76554 ], [ -71.64879, 18.74869 ], [ -71.65132, 18.74801 ], [ -71.65336, 18.74966 ], [ -71.65483, 18.74646 ], [ -71.65347, 18.73151 ], [ -71.64563, 18.72889 ], [ -71.6431, 18.7301 ], [ -71.64372, 18.73225 ], [ -71.64084, 18.7371 ], [ -71.63643, 18.73795 ], [ -71.63127, 18.74165 ], [ -71.62744, 18.73742 ], [ -71.62286, 18.72392 ], [ -71.62331, 18.71913 ], [ -71.63083, 18.70416 ], [ -71.63471, 18.69027 ], [ -71.63398, 18.68036 ], [ -71.64144, 18.6692 ], [ -71.64018, 18.66457 ], [ -71.63667, 18.66763 ], [ -71.63207, 18.66857 ], [ -71.62375, 18.6666 ], [ -71.61238, 18.66731 ], [ -71.60602, 18.66273 ], [ -71.59435, 18.66155 ], [ -71.57846, 18.65296 ], [ -71.57577, 18.65466 ], [ -71.57144, 18.66776 ], [ -71.5743, 18.68042 ], [ -71.57181, 18.68897 ], [ -71.57253, 18.70001 ], [ -71.56896, 18.70652 ], [ -71.57001, 18.71989 ], [ -71.57217, 18.72537 ], [ -71.57994, 18.72875 ], [ -71.58008, 18.73538 ], [ -71.58525, 18.74279 ], [ -71.57909, 18.74467 ], [ -71.57841, 18.7494 ], [ -71.57326, 18.7558 ], [ -71.57421, 18.75837 ], [ -71.57083, 18.75925 ], [ -71.57279, 18.76724 ], [ -71.57842, 18.77164 ], [ -71.58179, 18.76907 ], [ -71.58398, 18.76998 ], [ -71.58421, 18.77294 ], [ -71.57216, 18.77719 ] ] ] } },
{ "type": "Feature", "properties": { "COD_PROV": "08", "COD_MUN": "0801", "MUNICIPIO": "El Seibo", "REG": "5" }, "geometry": { "type": "Polygon", "coordinates": [ [ [ -69.28499, 18.9536 ], [ -69.29167, 18.95604 ], [ -69.29636, 18.95119 ], [ -69.29664, 18.94756 ], [ -69.30264, 18.94339 ], [ -69.30992, 18.94695 ], [ -69.31471, 18.94042 ], [ -69.32173, 18.93686 ], [ -69.3245, 18.92036 ], [ -69.32323, 18.91342 ], [ -69.32524, 18.906 ], [ -69.32038, 18.90127 ], [ -69.32014, 18.89885 ], [ -69.32839, 18.88835 ], [ -69.3179, 18.87695 ], [ -69.30439, 18.87253 ], [ -69.29201, 18.87127 ], [ -69.28876, 18.8667 ], [ -69.28967, 18.85983 ], [ -69.28196, 18.83862 ], [ -69.27425, 18.84161 ], [ -69.26954, 18.84917 ], [ -69.26411, 18.84753 ], [ -69.26006, 18.83544 ], [ -69.25685, 18.83186 ], [ -69.25757, 18.82857 ], [ -69.25497, 18.82543 ], [ -69.25654, 18.81752 ], [ -69.24005, 18.80854 ], [ -69.23115, 18.80866 ], [ -69.22751, 18.80387 ], [ -69.22176, 18.80041 ], [ -69.21941, 18.79484 ], [ -69.21308, 18.79072 ], [ -69.2141, 18.78651 ], [ -69.21225, 18.78056 ], [ -69.2099, 18.77856 ], [ -69.20685, 18.76884 ], [ -69.20458, 18.76775 ], [ -69.20431, 18.76375 ], [ -69.20105, 18.76053 ], [ -69.20389, 18.75411 ], [ -69.20816, 18.75085 ], [ -69.20533, 18.74304 ], [ -69.2094, 18.74131 ], [ -69.21397, 18.73379 ], [ -69.21175, 18.73183 ], [ -69.21321, 18.72914 ], [ -69.2121, 18.72517 ], [ -69.21496, 18.72526 ], [ -69.21435, 18.7237 ], [ -69.21863, 18.71978 ], [ -69.21556, 18.71654 ], [ -69.22294, 18.70817 ], [ -69.22159, 18.70224 ], [ -69.22575, 18.69492 ], [ -69.22411, 18.6949 ], [ -69.22512, 18.69229 ], [ -69.22109, 18.68827 ], [ -69.22403, 18.68498 ], [ -69.22356, 18.68339 ], [ -69.22574, 18.68306 ], [ -69.22508, 18.68002 ], [ -69.2275, 18.67964 ], [ -69.22878, 18.67673 ], [ -69.22739, 18.67267 ], [ -69.22959, 18.67355 ], [ -69.22966, 18.67034 ], [ -69.22743, 18.66856 ], [ -69.23313, 18.66811 ], [ -69.23182, 18.66222 ], [ -69.22254, 18.66198 ], [ -69.22014, 18.66044 ], [ -69.21932, 18.65419 ], [ -69.21708, 18.6511 ], [ -69.21835, 18.63658 ], [ -69.21363, 18.63902 ], [ -69.20291, 18.63752 ], [ -69.19819, 18.63384 ], [ -69.1956, 18.62827 ], [ -69.18655, 18.62741 ], [ -69.17439, 18.61931 ], [ -69.17198, 18.61297 ], [ -69.16863, 18.6144 ], [ -69.16511, 18.61163 ], [ -69.16393, 18.61239 ], [ -69.16332, 18.60919 ], [ -69.16065, 18.60865 ], [ -69.16119, 18.60245 ], [ -69.15639, 18.60032 ], [ -69.15787, 18.59704 ], [ -69.15665, 18.59462 ], [ -69.15157, 18.59372 ], [ -69.15771, 18.58387 ], [ -69.15263, 18.58447 ], [ -69.14745, 18.5891 ], [ -69.14044, 18.58714 ], [ -69.13836, 18.59218 ], [ -69.13201, 18.59624 ], [ -69.06713, 18.59287 ], [ -69.07406, 18.57948 ], [ -69.0721, 18.57322 ], [ -69.08489, 18.56604 ], [ -69.08238, 18.56003 ], [ -69.08594, 18.55082 ], [ -69.08212, 18.54564 ], [ -69.08472, 18.5266 ], [ -69.07968, 18.52889 ], [ -69.07643, 18.52755 ], [ -69.07413, 18.52992 ], [ -69.06813, 18.52924 ], [ -69.05921, 18.5387 ], [ -69.05307, 18.54013 ], [ -69.05303, 18.54611 ], [ -69.04162, 18.55631 ], [ -69.04099, 18.56629 ], [ -69.02267, 18.57748 ], [ -69.01915, 18.57623 ], [ -69.01451, 18.57821 ], [ -69.01315, 18.58243 ], [ -69.01004, 18.58436 ], [ -69.0094, 18.58993 ], [ -69.00229, 18.59423 ], [ -68.99586, 18.6087 ], [ -68.98865, 18.61693 ], [ -68.98087, 18.63985 ], [ -68.97538, 18.6415 ], [ -68.97106, 18.64609 ], [ -68.96246, 18.64924 ], [ -68.95437, 18.65891 ], [ -68.94902, 18.65675 ], [ -68.94279, 18.65861 ], [ -68.93898, 18.65639 ], [ -68.93683, 18.65757 ], [ -68.9347, 18.65644 ], [ -68.93143, 18.65884 ], [ -68.92835, 18.65668 ], [ -68.92706, 18.65741 ], [ -68.9268, 18.66338 ], [ -68.92348, 18.66739 ], [ -68.93768, 18.68026 ], [ -68.93531, 18.68739 ], [ -68.92887, 18.69021 ], [ -68.9242, 18.69748 ], [ -68.92897, 18.69798 ], [ -68.93091, 18.70024 ], [ -68.93022, 18.70316 ], [ -68.93271, 18.70391 ], [ -68.93183, 18.70794 ], [ -68.929, 18.70926 ], [ -68.93014, 18.71496 ], [ -68.92598, 18.72189 ], [ -68.90524, 18.72331 ], [ -68.89893, 18.72174 ], [ -68.8918, 18.72611 ], [ -68.88474, 18.7184 ], [ -68.87502, 18.72073 ], [ -68.87236, 18.72334 ], [ -68.86936, 18.72213 ], [ -68.86663, 18.72897 ], [ -68.85455, 18.7424 ], [ -68.85463, 18.74608 ], [ -68.85953, 18.75137 ], [ -68.8581, 18.75589 ], [ -68.8517, 18.76203 ], [ -68.85171, 18.7724 ], [ -68.84283, 18.77413 ], [ -68.82424, 18.78779 ], [ -68.8106, 18.78729 ], [ -68.80675, 18.79454 ], [ -68.80515, 18.80401 ], [ -68.81155, 18.81461 ], [ -68.81387, 18.82447 ], [ -68.81217, 18.82933 ], [ -68.80874, 18.83114 ], [ -68.81175, 18.83875 ], [ -68.81628, 18.84301 ], [ -68.82158, 18.85512 ], [ -68.82262, 18.86201 ], [ -68.82657, 18.8669 ], [ -68.82473, 18.87469 ], [ -68.83112, 18.87837 ], [ -68.83148, 18.88801 ], [ -68.83452, 18.89101 ], [ -68.8401, 18.89093 ], [ -68.84157, 18.89273 ], [ -68.84532, 18.89036 ], [ -68.8493, 18.89037 ], [ -68.85101, 18.89235 ], [ -68.85518, 18.89163 ], [ -68.85803, 18.89453 ], [ -68.86125, 18.89417 ], [ -68.86829, 18.88806 ], [ -68.87145, 18.88729 ], [ -68.90737, 18.90796 ], [ -68.91911, 18.90541 ], [ -68.93023, 18.91202 ], [ -68.93598, 18.91292 ], [ -68.95021, 18.90933 ], [ -68.96268, 18.90196 ], [ -68.96895, 18.90076 ], [ -68.97457, 18.89537 ], [ -68.97926, 18.88588 ], [ -68.98733, 18.88881 ], [ -69.00022, 18.88139 ], [ -69.01297, 18.88352 ], [ -69.01892, 18.88048 ], [ -69.04039, 18.89079 ], [ -69.05149, 18.8884 ], [ -69.073, 18.89899 ], [ -69.07616, 18.89972 ], [ -69.08476, 18.89701 ], [ -69.09275, 18.9001 ], [ -69.09767, 18.90473 ], [ -69.10513, 18.92057 ], [ -69.11069, 18.91861 ], [ -69.12289, 18.92026 ], [ -69.13397, 18.9118 ], [ -69.16109, 18.91466 ], [ -69.16315, 18.91639 ], [ -69.16722, 18.91585 ], [ -69.18827, 18.92146 ], [ -69.19844, 18.92834 ], [ -69.20239, 18.93389 ], [ -69.21965, 18.93583 ], [ -69.22843, 18.93151 ], [ -69.23491, 18.93329 ], [ -69.23953, 18.93556 ], [ -69.24589, 18.9483 ], [ -69.25414, 18.95256 ], [ -69.26239, 18.94957 ], [ -69.26894, 18.95497 ], [ -69.27219, 18.95456 ], [ -69.27451, 18.95018 ], [ -69.27567, 18.95224 ], [ -69.27919, 18.95198 ], [ -69.2833, 18.95492 ], [ -69.28499, 18.9536 ] ] ] } },
{ "type": "Feature", "properties": { "COD_PROV": "08", "COD_MUN": "0802", "MUNICIPIO": "Miches", "REG": "5" }, "geometry": { "type": "MultiPolygon", "coordinates": [ [ [ [ -69.14516, 19.0432 ], [ -69.14985, 19.0423 ], [ -69.15554, 19.037 ], [ -69.14416, 19.04018 ], [ -69.13799, 19.03377 ], [ -69.1353, 19.01195 ], [ -69.13757, 19.00344 ], [ -69.14242, 18.99749 ], [ -69.14898, 18.99799 ], [ -69.15246, 19.00184 ], [ -69.14952, 19.00528 ], [ -69.14965, 19.00762 ], [ -69.1533, 19.00724 ], [ -69.15393, 19.01214 ], [ -69.15547, 19.01294 ], [ -69.15824, 19.01084 ], [ -69.16408, 19.01252 ], [ -69.16767, 19.0092 ], [ -69.18111, 19.00626 ], [ -69.18217, 19.00063 ], [ -69.18094, 18.99664 ], [ -69.18579, 18.98681 ], [ -69.18628, 18.98049 ], [ -69.1828, 18.97606 ], [ -69.18415, 18.97361 ], [ -69.18206, 18.96836 ], [ -69.16116, 18.94605 ], [ -69.13569, 18.93115 ], [ -69.12186, 18.92016 ], [ -69.11069, 18.91861 ], [ -69.10513, 18.92057 ], [ -69.09767, 18.90473 ], [ -69.09275, 18.9001 ], [ -69.08476, 18.89701 ], [ -69.07616, 18.89972 ], [ -69.073, 18.89899 ], [ -69.05149, 18.8884 ], [ -69.04039, 18.89079 ], [ -69.01892, 18.88048 ], [ -69.01297, 18.88352 ], [ -69.00022, 18.88139 ], [ -68.98733, 18.88881 ], [ -68.97926, 18.88588 ], [ -68.97457, 18.89537 ], [ -68.96895, 18.90076 ], [ -68.96268, 18.90196 ], [ -68.95021, 18.90933 ], [ -68.93598, 18.91292 ], [ -68.93023, 18.91202 ], [ -68.91911, 18.90541 ], [ -68.90737, 18.90796 ], [ -68.87145, 18.88729 ], [ -68.86829, 18.88806 ], [ -68.86125, 18.89417 ], [ -68.85803, 18.89453 ], [ -68.85518, 18.89163 ], [ -68.85101, 18.89235 ], [ -68.8493, 18.89037 ], [ -68.84418, 18.89072 ], [ -68.84157, 18.89273 ], [ -68.84069, 18.89676 ], [ -68.83747, 18.8957 ], [ -68.83976, 18.90131 ], [ -68.83657, 18.90539 ], [ -68.83081, 18.90595 ], [ -68.8303, 18.9095 ], [ -68.82809, 18.90978 ], [ -68.82898, 18.9124 ], [ -68.82589, 18.91167 ], [ -68.82563, 18.91393 ], [ -68.81685, 18.91513 ], [ -68.81688, 18.92631 ], [ -68.82103, 18.93031 ], [ -68.81751, 18.9372 ], [ -68.81839, 18.93922 ], [ -68.81484, 18.93899 ], [ -68.81568, 18.94147 ], [ -68.81202, 18.94087 ], [ -68.80652, 18.9444 ], [ -68.80647, 18.94645 ], [ -68.80078, 18.94917 ], [ -68.79937, 18.95364 ], [ -68.78823, 18.95117 ], [ -68.788, 18.94885 ], [ -68.78532, 18.94951 ], [ -68.78457, 18.9517 ], [ -68.77907, 18.95474 ], [ -68.78705, 18.95926 ], [ -68.78427, 18.96489 ], [ -68.77804, 18.95698 ], [ -68.77587, 18.95945 ], [ -68.77738, 18.97347 ], [ -68.78017, 18.97327 ], [ -68.7952, 18.98115 ], [ -68.80722, 18.98267 ], [ -68.81385, 18.98128 ], [ -68.82465, 18.98656 ], [ -68.83562, 18.99515 ], [ -68.85057, 18.99663 ], [ -68.85568, 18.99206 ], [ -68.86706, 18.99284 ], [ -68.91526, 19.02589 ], [ -68.92082, 19.02825 ], [ -68.92777, 19.02703 ], [ -68.94241, 19.03148 ], [ -68.9484, 19.03144 ], [ -68.95544, 19.02601 ], [ -68.9686, 19.03167 ], [ -68.97927, 19.02474 ], [ -68.97735, 19.02178 ], [ -68.97898, 19.01784 ], [ -68.98686, 19.01411 ], [ -68.99602, 19.01484 ], [ -69.00382, 19.01912 ], [ -69.01503, 19.01476 ], [ -69.01332, 19.00869 ], [ -69.0075, 19.00572 ], [ -69.00279, 19.00018 ], [ -69.00577, 18.99274 ], [ -69.01327, 18.98806 ], [ -69.02724, 18.98556 ], [ -69.0375, 18.98595 ], [ -69.04032, 18.98766 ], [ -69.04459, 18.98588 ], [ -69.0629, 18.98457 ], [ -69.06906, 18.98764 ], [ -69.07361, 18.98659 ], [ -69.08302, 18.99598 ], [ -69.08613, 18.99458 ], [ -69.0951, 18.999 ], [ -69.09929, 19.01079 ], [ -69.10789, 19.00952 ], [ -69.11541, 19.01141 ], [ -69.12258, 19.01922 ], [ -69.12496, 19.02818 ], [ -69.13408, 19.04106 ], [ -69.14516, 19.0432 ] ] ], [ [ [ -69.17277, 19.01588 ], [ -69.17462, 19.01436 ], [ -69.16794, 19.01487 ], [ -69.17277, 19.01588 ] ] ] ] } },
{ "type": "Feature", "properties": { "COD_PROV": "09", "COD_MUN": "0901", "MUNICIPIO": "Moca", "REG": "2" }, "geometry": { "type": "Polygon", "coordinates": [ [ [ -70.43725, 19.61165 ], [ -70.43468, 19.60818 ], [ -70.43806, 19.60593 ], [ -70.43584, 19.60269 ], [ -70.43693, 19.59677 ], [ -70.43429, 19.5972 ], [ -70.43359, 19.59578 ], [ -70.43496, 19.59313 ], [ -70.4344, 19.58587 ], [ -70.43145, 19.58399 ], [ -70.43397, 19.58034 ], [ -70.43231, 19.57882 ], [ -70.43254, 19.57417 ], [ -70.43576, 19.57351 ], [ -70.43453, 19.56885 ], [ -70.44272, 19.56308 ], [ -70.44292, 19.55944 ], [ -70.44851, 19.55812 ], [ -70.44689, 19.55567 ], [ -70.44907, 19.55487 ], [ -70.44975, 19.55205 ], [ -70.45055, 19.55366 ], [ -70.45337, 19.55184 ], [ -70.45603, 19.55337 ], [ -70.45765, 19.5524 ], [ -70.46103, 19.55392 ], [ -70.45924, 19.55526 ], [ -70.46192, 19.55527 ], [ -70.46118, 19.5567 ], [ -70.46615, 19.55801 ], [ -70.46856, 19.55479 ], [ -70.47306, 19.55526 ], [ -70.47612, 19.53385 ], [ -70.47998, 19.53158 ], [ -70.48599, 19.5318 ], [ -70.48597, 19.52595 ], [ -70.48817, 19.52654 ], [ -70.49044, 19.52481 ], [ -70.49479, 19.53117 ], [ -70.48881, 19.53629 ], [ -70.48692, 19.54193 ], [ -70.48785, 19.54383 ], [ -70.49172, 19.54374 ], [ -70.49571, 19.54946 ], [ -70.49921, 19.54815 ], [ -70.50646, 19.55148 ], [ -70.50446, 19.55795 ], [ -70.50619, 19.56524 ], [ -70.50479, 19.56739 ], [ -70.51054, 19.56893 ], [ -70.51614, 19.57349 ], [ -70.51558, 19.57968 ], [ -70.5346, 19.56791 ], [ -70.53665, 19.56113 ], [ -70.53446, 19.54828 ], [ -70.53666, 19.54382 ], [ -70.5339, 19.53795 ], [ -70.53415, 19.52807 ], [ -70.54002, 19.52356 ], [ -70.53597, 19.5124 ], [ -70.54559, 19.51709 ], [ -70.55081, 19.49377 ], [ -70.56297, 19.49342 ], [ -70.56414, 19.49016 ], [ -70.56542, 19.49125 ], [ -70.57012, 19.48718 ], [ -70.57108, 19.48908 ], [ -70.57353, 19.48734 ], [ -70.57281, 19.48527 ], [ -70.57754, 19.48358 ], [ -70.57789, 19.48671 ], [ -70.57959, 19.4841 ], [ -70.58266, 19.48404 ], [ -70.58381, 19.47679 ], [ -70.57949, 19.46849 ], [ -70.58034, 19.45809 ], [ -70.57887, 19.45635 ], [ -70.58201, 19.45452 ], [ -70.58256, 19.44509 ], [ -70.58877, 19.44208 ], [ -70.59015, 19.43784 ], [ -70.59162, 19.43767 ], [ -70.5942, 19.42919 ], [ -70.59028, 19.42746 ], [ -70.59248, 19.42346 ], [ -70.58989, 19.42157 ], [ -70.59419, 19.41986 ], [ -70.59101, 19.4187 ], [ -70.5935, 19.41663 ], [ -70.59114, 19.41705 ], [ -70.59176, 19.41426 ], [ -70.59042, 19.41435 ], [ -70.5894, 19.41043 ], [ -70.59064, 19.41027 ], [ -70.58728, 19.40715 ], [ -70.58851, 19.40422 ], [ -70.5873, 19.40544 ], [ -70.5856, 19.40279 ], [ -70.58618, 19.39927 ], [ -70.58755, 19.40037 ], [ -70.58844, 19.39881 ], [ -70.58517, 19.39542 ], [ -70.58698, 19.39299 ], [ -70.58562, 19.391 ], [ -70.58358, 19.39336 ], [ -70.5846, 19.38962 ], [ -70.58037, 19.39077 ], [ -70.5805, 19.3879 ], [ -70.57882, 19.38778 ], [ -70.57988, 19.386 ], [ -70.58221, 19.38554 ], [ -70.58265, 19.38703 ], [ -70.58674, 19.38437 ], [ -70.59154, 19.38667 ], [ -70.59502, 19.39099 ], [ -70.59711, 19.38871 ], [ -70.60037, 19.38801 ], [ -70.60276, 19.38949 ], [ -70.60583, 19.38746 ], [ -70.61064, 19.37574 ], [ -70.60852, 19.37518 ], [ -70.60494, 19.36274 ], [ -70.60205, 19.36004 ], [ -70.5932, 19.35853 ], [ -70.58867, 19.3539 ], [ -70.58316, 19.35133 ], [ -70.56194, 19.35169 ], [ -70.55217, 19.34946 ], [ -70.5387, 19.35211 ], [ -70.53299, 19.34942 ], [ -70.52742, 19.35475 ], [ -70.51885, 19.3544 ], [ -70.51474, 19.35734 ], [ -70.49904, 19.3453 ], [ -70.48658, 19.34412 ], [ -70.48572, 19.35037 ], [ -70.48107, 19.35346 ], [ -70.47973, 19.35826 ], [ -70.4769, 19.3602 ], [ -70.47399, 19.38079 ], [ -70.47089, 19.38005 ], [ -70.47094, 19.37783 ], [ -70.46404, 19.37652 ], [ -70.46422, 19.37466 ], [ -70.46038, 19.37253 ], [ -70.44924, 19.37211 ], [ -70.44893, 19.37801 ], [ -70.44338, 19.38759 ], [ -70.44634, 19.3953 ], [ -70.44356, 19.39814 ], [ -70.44236, 19.40504 ], [ -70.43856, 19.40796 ], [ -70.43895, 19.41138 ], [ -70.43326, 19.4151 ], [ -70.43067, 19.42426 ], [ -70.43335, 19.42821 ], [ -70.43335, 19.43622 ], [ -70.42334, 19.4478 ], [ -70.42469, 19.46066 ], [ -70.43172, 19.47135 ], [ -70.42778, 19.47568 ], [ -70.42697, 19.47974 ], [ -70.42489, 19.48043 ], [ -70.42651, 19.48305 ], [ -70.43201, 19.48402 ], [ -70.43528, 19.48676 ], [ -70.43516, 19.49035 ], [ -70.43783, 19.49204 ], [ -70.43728, 19.49623 ], [ -70.43885, 19.49965 ], [ -70.44198, 19.50114 ], [ -70.44269, 19.50613 ], [ -70.43747, 19.50991 ], [ -70.43401, 19.51623 ], [ -70.4307, 19.53372 ], [ -70.42732, 19.53642 ], [ -70.42079, 19.53724 ], [ -70.42103, 19.54039 ], [ -70.41801, 19.54299 ], [ -70.42011, 19.55314 ], [ -70.4178, 19.5531 ], [ -70.41334, 19.55749 ], [ -70.40926, 19.55884 ], [ -70.40868, 19.56287 ], [ -70.41285, 19.564 ], [ -70.41031, 19.56794 ], [ -70.40385, 19.56758 ], [ -70.40656, 19.57221 ], [ -70.40157, 19.57964 ], [ -70.40749, 19.58292 ], [ -70.40726, 19.58507 ], [ -70.40974, 19.58678 ], [ -70.4089, 19.58865 ], [ -70.41278, 19.58964 ], [ -70.41309, 19.5959 ], [ -70.41733, 19.6032 ], [ -70.42354, 19.60515 ], [ -70.4219, 19.60815 ], [ -70.42512, 19.60655 ], [ -70.42741, 19.60989 ], [ -70.43725, 19.61165 ] ] ] } },
{ "type": "Feature", "properties": { "COD_PROV": "09", "COD_MUN": "0902", "MUNICIPIO": "Cayetano Germosén", "REG": "2" }, "geometry": { "type": "Polygon", "coordinates": [ [ [ -70.47321, 19.38036 ], [ -70.4769, 19.3602 ], [ -70.47973, 19.35826 ], [ -70.48107, 19.35346 ], [ -70.48572, 19.35037 ], [ -70.48778, 19.34056 ], [ -70.49337, 19.33652 ], [ -70.49334, 19.33265 ], [ -70.49513, 19.33105 ], [ -70.49368, 19.3293 ], [ -70.49624, 19.32896 ], [ -70.49558, 19.32706 ], [ -70.49843, 19.32224 ], [ -70.49752, 19.32013 ], [ -70.5013, 19.31727 ], [ -70.49889, 19.31527 ], [ -70.50054, 19.31153 ], [ -70.49143, 19.31052 ], [ -70.48411, 19.313 ], [ -70.48355, 19.31008 ], [ -70.47631, 19.30781 ], [ -70.47395, 19.31154 ], [ -70.4766, 19.32449 ], [ -70.47339, 19.33036 ], [ -70.47284, 19.33995 ], [ -70.46315, 19.33652 ], [ -70.45903, 19.34345 ], [ -70.45735, 19.34326 ], [ -70.45679, 19.34775 ], [ -70.45405, 19.34832 ], [ -70.45748, 19.35818 ], [ -70.45609, 19.36298 ], [ -70.45288, 19.36519 ], [ -70.45288, 19.37038 ], [ -70.44954, 19.37041 ], [ -70.44964, 19.37175 ], [ -70.46038, 19.37253 ], [ -70.46422, 19.37466 ], [ -70.46404, 19.37652 ], [ -70.47068, 19.37772 ], [ -70.47089, 19.38005 ], [ -70.47321, 19.38036 ] ] ] } },
{ "type": "Feature", "properties": { "COD_PROV": "09", "COD_MUN": "0903", "MUNICIPIO": "Gaspar Hernández", "REG": "2" }, "geometry": { "type": "Polygon", "coordinates": [ [ [ -70.36954, 19.71037 ], [ -70.37586, 19.71377 ], [ -70.37636, 19.71158 ], [ -70.37229, 19.70836 ], [ -70.37033, 19.70227 ], [ -70.37224, 19.70054 ], [ -70.37713, 19.70248 ], [ -70.38089, 19.69662 ], [ -70.37553, 19.69533 ], [ -70.3744, 19.68648 ], [ -70.36739, 19.67713 ], [ -70.37588, 19.67116 ], [ -70.3884, 19.67127 ], [ -70.39624, 19.66789 ], [ -70.39795, 19.665 ], [ -70.3954, 19.66395 ], [ -70.39322, 19.65987 ], [ -70.38841, 19.66 ], [ -70.38919, 19.65705 ], [ -70.39403, 19.65685 ], [ -70.39568, 19.65389 ], [ -70.39917, 19.66354 ], [ -70.40201, 19.66596 ], [ -70.40397, 19.66504 ], [ -70.40071, 19.6587 ], [ -70.40336, 19.65828 ], [ -70.40225, 19.654 ], [ -70.4058, 19.64673 ], [ -70.40901, 19.63102 ], [ -70.40788, 19.62051 ], [ -70.40017, 19.61547 ], [ -70.39744, 19.6164 ], [ -70.39522, 19.61381 ], [ -70.38575, 19.61245 ], [ -70.38035, 19.60927 ], [ -70.37117, 19.60079 ], [ -70.36704, 19.59457 ], [ -70.36725, 19.59117 ], [ -70.37715, 19.58246 ], [ -70.38225, 19.57274 ], [ -70.3876, 19.57767 ], [ -70.39384, 19.5752 ], [ -70.39783, 19.57597 ], [ -70.40139, 19.57365 ], [ -70.40327, 19.57705 ], [ -70.40656, 19.57221 ], [ -70.40385, 19.56758 ], [ -70.41031, 19.56794 ], [ -70.41289, 19.56319 ], [ -70.40868, 19.56287 ], [ -70.40926, 19.55884 ], [ -70.41161, 19.55735 ], [ -70.39922, 19.54086 ], [ -70.3925, 19.54054 ], [ -70.38557, 19.53463 ], [ -70.38501, 19.53626 ], [ -70.37708, 19.53546 ], [ -70.37349, 19.53755 ], [ -70.37156, 19.53301 ], [ -70.36402, 19.53237 ], [ -70.36395, 19.52838 ], [ -70.36116, 19.52894 ], [ -70.36127, 19.52521 ], [ -70.3561, 19.52316 ], [ -70.35526, 19.51958 ], [ -70.34559, 19.51895 ], [ -70.34191, 19.52217 ], [ -70.33829, 19.55031 ], [ -70.33591, 19.55253 ], [ -70.31526, 19.55787 ], [ -70.31652, 19.55974 ], [ -70.31227, 19.56217 ], [ -70.29865, 19.55483 ], [ -70.29629, 19.5488 ], [ -70.29267, 19.54597 ], [ -70.29049, 19.53638 ], [ -70.28469, 19.5312 ], [ -70.27121, 19.5303 ], [ -70.25395, 19.52266 ], [ -70.24535, 19.52165 ], [ -70.22724, 19.51581 ], [ -70.21291, 19.51439 ], [ -70.1967, 19.51712 ], [ -70.19859, 19.54651 ], [ -70.20174, 19.5521 ], [ -70.19772, 19.55758 ], [ -70.19173, 19.55451 ], [ -70.18059, 19.55331 ], [ -70.17832, 19.55164 ], [ -70.17225, 19.55218 ], [ -70.16919, 19.55521 ], [ -70.16418, 19.5549 ], [ -70.16298, 19.55655 ], [ -70.16215, 19.5533 ], [ -70.15687, 19.55067 ], [ -70.15369, 19.55533 ], [ -70.14278, 19.55685 ], [ -70.13958, 19.55565 ], [ -70.13166, 19.56262 ], [ -70.12767, 19.56191 ], [ -70.12497, 19.56497 ], [ -70.1262, 19.56861 ], [ -70.12166, 19.56902 ], [ -70.12201, 19.57351 ], [ -70.11993, 19.57228 ], [ -70.11539, 19.57374 ], [ -70.11395, 19.57779 ], [ -70.11079, 19.57668 ], [ -70.10877, 19.57941 ], [ -70.10344, 19.57901 ], [ -70.1006, 19.58328 ], [ -70.0989, 19.58115 ], [ -70.09426, 19.5816 ], [ -70.09341, 19.58573 ], [ -70.09097, 19.58458 ], [ -70.08664, 19.58671 ], [ -70.08901, 19.58983 ], [ -70.0866, 19.59027 ], [ -70.08602, 19.59426 ], [ -70.08853, 19.59403 ], [ -70.0886, 19.59589 ], [ -70.08735, 19.60056 ], [ -70.08394, 19.60136 ], [ -70.08359, 19.60331 ], [ -70.08775, 19.61095 ], [ -70.08302, 19.61159 ], [ -70.08596, 19.61375 ], [ -70.08758, 19.61977 ], [ -70.08568, 19.62333 ], [ -70.08285, 19.62233 ], [ -70.08312, 19.63537 ], [ -70.0858, 19.63408 ], [ -70.08734, 19.63546 ], [ -70.09649, 19.62947 ], [ -70.10489, 19.62904 ], [ -70.10876, 19.62659 ], [ -70.15628, 19.62012 ], [ -70.16349, 19.62269 ], [ -70.17269, 19.62175 ], [ -70.18214, 19.62814 ], [ -70.18687, 19.62677 ], [ -70.19176, 19.62956 ], [ -70.2201, 19.6364 ], [ -70.23124, 19.64143 ], [ -70.24268, 19.64282 ], [ -70.25151, 19.64091 ], [ -70.26702, 19.64088 ], [ -70.29275, 19.64912 ], [ -70.3104, 19.65765 ], [ -70.3382, 19.68073 ], [ -70.35481, 19.69166 ], [ -70.36954, 19.71037 ] ] ] } },
{ "type": "Feature", "properties": { "COD_PROV": "09", "COD_MUN": "0904", "MUNICIPIO": "Jamao al Norte", "REG": "2" }, "geometry": { "type": "Polygon", "coordinates": [ [ [ -70.43553, 19.66532 ], [ -70.43377, 19.66885 ], [ -70.43991, 19.66383 ], [ -70.44505, 19.66417 ], [ -70.44916, 19.65895 ], [ -70.45019, 19.66122 ], [ -70.45761, 19.66427 ], [ -70.46087, 19.66213 ], [ -70.45737, 19.65785 ], [ -70.4579, 19.65438 ], [ -70.46009, 19.65331 ], [ -70.46429, 19.65402 ], [ -70.46284, 19.65818 ], [ -70.4655, 19.6606 ], [ -70.46785, 19.66042 ], [ -70.46734, 19.6574 ], [ -70.47353, 19.65523 ], [ -70.47552, 19.65687 ], [ -70.47287, 19.65946 ], [ -70.47476, 19.66078 ], [ -70.4812, 19.65699 ], [ -70.48491, 19.66048 ], [ -70.48722, 19.65809 ], [ -70.49396, 19.65947 ], [ -70.49345, 19.66219 ], [ -70.49739, 19.66013 ], [ -70.5003, 19.66099 ], [ -70.50209, 19.65908 ], [ -70.50233, 19.65319 ], [ -70.49956, 19.64552 ], [ -70.50051, 19.62183 ], [ -70.50199, 19.61872 ], [ -70.5062, 19.61607 ], [ -70.50741, 19.60983 ], [ -70.50617, 19.60648 ], [ -70.49632, 19.59613 ], [ -70.4944, 19.58594 ], [ -70.48886, 19.57343 ], [ -70.48971, 19.56677 ], [ -70.49675, 19.54946 ], [ -70.49337, 19.54746 ], [ -70.49172, 19.54374 ], [ -70.48785, 19.54383 ], [ -70.48692, 19.54193 ], [ -70.48881, 19.53629 ], [ -70.49479, 19.53144 ], [ -70.49044, 19.52481 ], [ -70.48579, 19.52611 ], [ -70.48563, 19.53203 ], [ -70.47998, 19.53158 ], [ -70.47612, 19.53385 ], [ -70.47306, 19.55526 ], [ -70.46856, 19.55479 ], [ -70.46615, 19.55801 ], [ -70.46118, 19.5567 ], [ -70.46192, 19.55527 ], [ -70.45924, 19.55526 ], [ -70.46103, 19.55392 ], [ -70.45765, 19.5524 ], [ -70.45603, 19.55337 ], [ -70.45337, 19.55184 ], [ -70.45055, 19.55366 ], [ -70.44975, 19.55205 ], [ -70.44907, 19.55487 ], [ -70.44689, 19.55567 ], [ -70.44851, 19.55812 ], [ -70.44292, 19.55944 ], [ -70.44272, 19.56308 ], [ -70.43453, 19.56885 ], [ -70.43576, 19.57351 ], [ -70.43254, 19.57417 ], [ -70.43231, 19.57882 ], [ -70.43397, 19.58034 ], [ -70.43145, 19.58399 ], [ -70.4344, 19.58587 ], [ -70.43379, 19.59677 ], [ -70.43676, 19.59656 ], [ -70.43737, 19.59845 ], [ -70.43573, 19.60158 ], [ -70.438, 19.60651 ], [ -70.43468, 19.60818 ], [ -70.43725, 19.61165 ], [ -70.42741, 19.60989 ], [ -70.42512, 19.60655 ], [ -70.4219, 19.60815 ], [ -70.42354, 19.60515 ], [ -70.41733, 19.6032 ], [ -70.41309, 19.5959 ], [ -70.41278, 19.58964 ], [ -70.4089, 19.58865 ], [ -70.40974, 19.58678 ], [ -70.40726, 19.58507 ], [ -70.40749, 19.58292 ], [ -70.40157, 19.57964 ], [ -70.40327, 19.57705 ], [ -70.40139, 19.57365 ], [ -70.39783, 19.57597 ], [ -70.39384, 19.5752 ], [ -70.3876, 19.57767 ], [ -70.38225, 19.57274 ], [ -70.37715, 19.58246 ], [ -70.36725, 19.59117 ], [ -70.36704, 19.59457 ], [ -70.37117, 19.60079 ], [ -70.38035, 19.60927 ], [ -70.38575, 19.61245 ], [ -70.39522, 19.61381 ], [ -70.39744, 19.6164 ], [ -70.40017, 19.61547 ], [ -70.40788, 19.62051 ], [ -70.40897, 19.63138 ], [ -70.4058, 19.64673 ], [ -70.40225, 19.654 ], [ -70.40355, 19.65878 ], [ -70.40865, 19.66046 ], [ -70.41095, 19.66375 ], [ -70.41448, 19.66078 ], [ -70.40978, 19.65618 ], [ -70.41582, 19.65364 ], [ -70.42192, 19.65422 ], [ -70.42571, 19.65651 ], [ -70.43146, 19.66467 ], [ -70.43553, 19.66532 ] ] ] } },
{ "type": "Feature", "properties": { "COD_PROV": "10", "COD_MUN": "1001", "MUNICIPIO": "Jimaní", "REG": "06" }, "geometry": { "type": "Polygon", "coordinates": [ [ [ -71.96156, 18.65254 ], [ -71.96572, 18.65647 ], [ -71.98555, 18.64054 ], [ -71.9857, 18.63598 ], [ -71.98782, 18.63411 ], [ -71.9977, 18.63133 ], [ -72.01147, 18.62147 ], [ -72.00377, 18.61357 ], [ -71.99995, 18.61573 ], [ -71.99738, 18.6151 ], [ -71.99778, 18.61692 ], [ -71.98949, 18.61613 ], [ -71.98136, 18.61202 ], [ -71.98357, 18.60876 ], [ -71.97773, 18.6037 ], [ -71.96917, 18.60344 ], [ -71.963, 18.5925 ], [ -71.9542, 18.58374 ], [ -71.95343, 18.57413 ], [ -71.88115, 18.50284 ], [ -71.88117, 18.4889 ], [ -71.91359, 18.48398 ], [ -71.90396, 18.45604 ], [ -71.87613, 18.44519 ], [ -71.8669, 18.43888 ], [ -71.84535, 18.42926 ], [ -71.83658, 18.41533 ], [ -71.82932, 18.39753 ], [ -71.81955, 18.3976 ], [ -71.80364, 18.39205 ], [ -71.80633, 18.38876 ], [ -71.79479, 18.37684 ], [ -71.70886, 18.34552 ], [ -71.7032, 18.35813 ], [ -71.69684, 18.36551 ], [ -71.69416, 18.37614 ], [ -71.687, 18.38406 ], [ -71.68806, 18.38888 ], [ -71.68642, 18.39309 ], [ -71.67681, 18.4011 ], [ -71.6704, 18.40349 ], [ -71.67112, 18.41914 ], [ -71.67262, 18.42338 ], [ -71.67709, 18.42589 ], [ -71.6754, 18.43761 ], [ -71.69739, 18.44406 ], [ -71.70857, 18.45094 ], [ -71.71611, 18.45888 ], [ -71.72363, 18.46386 ], [ -71.73413, 18.46805 ], [ -71.74707, 18.47867 ], [ -71.74953, 18.48352 ], [ -71.75734, 18.48754 ], [ -71.76831, 18.48611 ], [ -71.77669, 18.48901 ], [ -71.78168, 18.49378 ], [ -71.79267, 18.49378 ], [ -71.80264, 18.49742 ], [ -71.81374, 18.51186 ], [ -71.82413, 18.51609 ], [ -71.83096, 18.5276 ], [ -71.82983, 18.53089 ], [ -71.82552, 18.53226 ], [ -71.8246, 18.53742 ], [ -71.81761, 18.5389 ], [ -71.80235, 18.53628 ], [ -71.79324, 18.5223 ], [ -71.7928, 18.51823 ], [ -71.79643, 18.5146 ], [ -71.78793, 18.51097 ], [ -71.78411, 18.51913 ], [ -71.77417, 18.52918 ], [ -71.76807, 18.54047 ], [ -71.76846, 18.55159 ], [ -71.77421, 18.55703 ], [ -71.79189, 18.55556 ], [ -71.79686, 18.56344 ], [ -71.80521, 18.56783 ], [ -71.80893, 18.57234 ], [ -71.8068, 18.58265 ], [ -71.81469, 18.59643 ], [ -71.81987, 18.60074 ], [ -71.81191, 18.6166 ], [ -71.8104, 18.62572 ], [ -71.81137, 18.63264 ], [ -71.81573, 18.63013 ], [ -71.82756, 18.63293 ], [ -71.83482, 18.62935 ], [ -71.84432, 18.62921 ], [ -71.85216, 18.63548 ], [ -71.8689, 18.63761 ], [ -71.87362, 18.62757 ], [ -71.88009, 18.62704 ], [ -71.88456, 18.63618 ], [ -71.90362, 18.64791 ], [ -71.91295, 18.64809 ], [ -71.92366, 18.63473 ], [ -71.92583, 18.63459 ], [ -71.94448, 18.64739 ], [ -71.96156, 18.65254 ] ] ] } },
{ "type": "Feature", "properties": { "COD_PROV": "10", "COD_MUN": "1002", "MUNICIPIO": "Duvergé", "REG": "06" }, "geometry": { "type": "Polygon", "coordinates": [ [ [ -71.52449, 18.44339 ], [ -71.55041, 18.43145 ], [ -71.58106, 18.42364 ], [ -71.59623, 18.42174 ], [ -71.60613, 18.41389 ], [ -71.61815, 18.40938 ], [ -71.62191, 18.41008 ], [ -71.62986, 18.42 ], [ -71.63925, 18.42134 ], [ -71.6754, 18.43761 ], [ -71.67709, 18.42589 ], [ -71.67262, 18.42338 ], [ -71.67112, 18.41914 ], [ -71.6704, 18.40349 ], [ -71.67681, 18.4011 ], [ -71.68737, 18.39133 ], [ -71.687, 18.38406 ], [ -71.69416, 18.37614 ], [ -71.69684, 18.36551 ], [ -71.7032, 18.35813 ], [ -71.70886, 18.34552 ], [ -71.69602, 18.34064 ], [ -71.72531, 18.29046 ], [ -71.71292, 18.28776 ], [ -71.70692, 18.28382 ], [ -71.70288, 18.28446 ], [ -71.69966, 18.27941 ], [ -71.69031, 18.27516 ], [ -71.68259, 18.26558 ], [ -71.67497, 18.26273 ], [ -71.66878, 18.25593 ], [ -71.65811, 18.24943 ], [ -71.64563, 18.24464 ], [ -71.64161, 18.23952 ], [ -71.6336, 18.23697 ], [ -71.62934, 18.23027 ], [ -71.62408, 18.22649 ], [ -71.62099, 18.22578 ], [ -71.61129, 18.22808 ], [ -71.60291, 18.22626 ], [ -71.59546, 18.22883 ], [ -71.58694, 18.22178 ], [ -71.58142, 18.21945 ], [ -71.5677, 18.20486 ], [ -71.54685, 18.20718 ], [ -71.53176, 18.19825 ], [ -71.52303, 18.19529 ], [ -71.51027, 18.20167 ], [ -71.50418, 18.20205 ], [ -71.49469, 18.19418 ], [ -71.491, 18.20568 ], [ -71.48057, 18.21636 ], [ -71.47702, 18.22494 ], [ -71.46524, 18.22884 ], [ -71.46297, 18.23166 ], [ -71.47905, 18.24587 ], [ -71.47627, 18.25435 ], [ -71.47783, 18.25762 ], [ -71.49206, 18.26587 ], [ -71.48752, 18.26958 ], [ -71.49801, 18.2878 ], [ -71.52621, 18.30541 ], [ -71.52706, 18.30685 ], [ -71.52485, 18.30862 ], [ -71.52923, 18.31137 ], [ -71.52955, 18.31691 ], [ -71.53213, 18.31704 ], [ -71.53574, 18.32294 ], [ -71.53348, 18.3251 ], [ -71.53646, 18.32814 ], [ -71.53678, 18.33352 ], [ -71.5322, 18.33352 ], [ -71.53361, 18.33703 ], [ -71.53088, 18.3414 ], [ -71.53156, 18.34438 ], [ -71.52831, 18.34674 ], [ -71.53202, 18.34965 ], [ -71.53322, 18.35403 ], [ -71.52925, 18.35583 ], [ -71.53105, 18.35837 ], [ -71.53385, 18.3589 ], [ -71.5317, 18.36281 ], [ -71.53584, 18.365 ], [ -71.53277, 18.36608 ], [ -71.53381, 18.36854 ], [ -71.53118, 18.37046 ], [ -71.51467, 18.36918 ], [ -71.51007, 18.3765 ], [ -71.51112, 18.38228 ], [ -71.51578, 18.38452 ], [ -71.52232, 18.39533 ], [ -71.52342, 18.4016 ], [ -71.52126, 18.40567 ], [ -71.52237, 18.40834 ], [ -71.52112, 18.41919 ], [ -71.5191, 18.42345 ], [ -71.52449, 18.44339 ] ] ] } },
{ "type": "Feature", "properties": { "COD_PROV": "10", "COD_MUN": "1003", "MUNICIPIO": "La Descubierta", "REG": "06" }, "geometry": { "type": "Polygon", "coordinates": [ [ [ -71.79751, 18.68833 ], [ -71.80122, 18.69013 ], [ -71.80732, 18.68298 ], [ -71.8044, 18.67831 ], [ -71.80511, 18.6707 ], [ -71.81217, 18.65904 ], [ -71.80953, 18.64377 ], [ -71.80964, 18.63365 ], [ -71.81137, 18.63264 ], [ -71.81065, 18.62264 ], [ -71.81386, 18.61068 ], [ -71.81986, 18.60298 ], [ -71.81987, 18.60074 ], [ -71.81469, 18.59643 ], [ -71.8068, 18.58265 ], [ -71.80893, 18.57234 ], [ -71.80521, 18.56783 ], [ -71.79686, 18.56344 ], [ -71.79358, 18.55647 ], [ -71.78578, 18.55573 ], [ -71.77581, 18.55743 ], [ -71.769, 18.55259 ], [ -71.76807, 18.54047 ], [ -71.77417, 18.52918 ], [ -71.78411, 18.51913 ], [ -71.78793, 18.51097 ], [ -71.78199, 18.50743 ], [ -71.77648, 18.50958 ], [ -71.76607, 18.5063 ], [ -71.75418, 18.50862 ], [ -71.7371, 18.52265 ], [ -71.73045, 18.5324 ], [ -71.72154, 18.55229 ], [ -71.71042, 18.56462 ], [ -71.70442, 18.56469 ], [ -71.70223, 18.56626 ], [ -71.69786, 18.5641 ], [ -71.69388, 18.56434 ], [ -71.68483, 18.56989 ], [ -71.68446, 18.57494 ], [ -71.69995, 18.59218 ], [ -71.69198, 18.60095 ], [ -71.689, 18.60895 ], [ -71.68849, 18.62061 ], [ -71.684, 18.62794 ], [ -71.68738, 18.63681 ], [ -71.68298, 18.6444 ], [ -71.68238, 18.65309 ], [ -71.68627, 18.65788 ], [ -71.68755, 18.66443 ], [ -71.71328, 18.67113 ], [ -71.72101, 18.67504 ], [ -71.7276, 18.67423 ], [ -71.73627, 18.67834 ], [ -71.74475, 18.67754 ], [ -71.75238, 18.68207 ], [ -71.76084, 18.67782 ], [ -71.7728, 18.6771 ], [ -71.7779, 18.68003 ], [ -71.78495, 18.68046 ], [ -71.79019, 18.68872 ], [ -71.79751, 18.68833 ] ] ] } },
{ "type": "Feature", "properties": { "COD_PROV": "10", "COD_MUN": "1004", "MUNICIPIO": "Postrer Río", "REG": "06" }, "geometry": { "type": "Polygon", "coordinates": [ [ [ -71.62553, 18.66687 ], [ -71.63207, 18.66857 ], [ -71.63667, 18.66763 ], [ -71.64514, 18.66222 ], [ -71.65469, 18.66254 ], [ -71.65941, 18.66456 ], [ -71.68755, 18.66443 ], [ -71.68627, 18.65788 ], [ -71.68238, 18.65309 ], [ -71.68298, 18.6444 ], [ -71.68738, 18.63681 ], [ -71.684, 18.62794 ], [ -71.68849, 18.62061 ], [ -71.68841, 18.61174 ], [ -71.6911, 18.60253 ], [ -71.69995, 18.59218 ], [ -71.6842, 18.57398 ], [ -71.68483, 18.56989 ], [ -71.68736, 18.56762 ], [ -71.69383, 18.56435 ], [ -71.69728, 18.5647 ], [ -71.69945, 18.56341 ], [ -71.69869, 18.56212 ], [ -71.68043, 18.55803 ], [ -71.6758, 18.55416 ], [ -71.66884, 18.55246 ], [ -71.65318, 18.54182 ], [ -71.64963, 18.53436 ], [ -71.63131, 18.52927 ], [ -71.62346, 18.53603 ], [ -71.6212, 18.54043 ], [ -71.61673, 18.56396 ], [ -71.60874, 18.58554 ], [ -71.59324, 18.60369 ], [ -71.59418, 18.60948 ], [ -71.60959, 18.61728 ], [ -71.61078, 18.61988 ], [ -71.60878, 18.6318 ], [ -71.60396, 18.63467 ], [ -71.58282, 18.63768 ], [ -71.57751, 18.64199 ], [ -71.5739, 18.65338 ], [ -71.57846, 18.65296 ], [ -71.59435, 18.66155 ], [ -71.60602, 18.66273 ], [ -71.61074, 18.66689 ], [ -71.62553, 18.66687 ] ] ] } },
{ "type": "Feature", "properties": { "COD_PROV": "10", "COD_MUN": "1005", "MUNICIPIO": "Cristóbal", "REG": "06" }, "geometry": { "type": "Polygon", "coordinates": [ [ [ -71.27661, 18.38714 ], [ -71.27696, 18.39313 ], [ -71.29772, 18.41925 ], [ -71.32094, 18.41888 ], [ -71.32267, 18.41478 ], [ -71.3615, 18.39687 ], [ -71.34787, 18.31916 ], [ -71.34601, 18.29418 ], [ -71.32802, 18.28351 ], [ -71.30414, 18.27811 ], [ -71.27368, 18.26528 ], [ -71.26868, 18.26627 ], [ -71.25099, 18.2752 ], [ -71.24813, 18.27453 ], [ -71.23676, 18.30282 ], [ -71.23598, 18.31369 ], [ -71.22885, 18.32053 ], [ -71.21136, 18.3255 ], [ -71.22868, 18.33692 ], [ -71.23896, 18.33734 ], [ -71.2453, 18.34066 ], [ -71.24847, 18.34596 ], [ -71.24628, 18.3492 ], [ -71.25567, 18.35162 ], [ -71.26038, 18.35747 ], [ -71.26016, 18.36542 ], [ -71.26684, 18.36565 ], [ -71.26906, 18.36832 ], [ -71.26802, 18.3743 ], [ -71.26969, 18.37571 ], [ -71.26776, 18.38287 ], [ -71.27122, 18.38629 ], [ -71.27661, 18.38714 ] ] ] } },
{ "type": "Feature", "properties": { "COD_PROV": "10", "COD_MUN": "1006", "MUNICIPIO": "Mella", "REG": "06" }, "geometry": { "type": "Polygon", "coordinates": [ [ [ -71.51666, 18.46012 ], [ -71.51438, 18.45444 ], [ -71.515, 18.45126 ], [ -71.52449, 18.44339 ], [ -71.5191, 18.42345 ], [ -71.52112, 18.41919 ], [ -71.52237, 18.40834 ], [ -71.52126, 18.40567 ], [ -71.52342, 18.4016 ], [ -71.52232, 18.39533 ], [ -71.51578, 18.38452 ], [ -71.51112, 18.38228 ], [ -71.51007, 18.3765 ], [ -71.51467, 18.36918 ], [ -71.53118, 18.37046 ], [ -71.53381, 18.36854 ], [ -71.53277, 18.36608 ], [ -71.53584, 18.365 ], [ -71.5317, 18.36281 ], [ -71.53385, 18.3589 ], [ -71.53105, 18.35837 ], [ -71.52925, 18.35583 ], [ -71.53322, 18.35403 ], [ -71.53202, 18.34965 ], [ -71.52831, 18.34674 ], [ -71.53156, 18.34438 ], [ -71.53088, 18.3414 ], [ -71.53361, 18.33703 ], [ -71.5322, 18.33352 ], [ -71.53678, 18.33352 ], [ -71.53646, 18.32814 ], [ -71.53348, 18.3251 ], [ -71.53574, 18.32294 ], [ -71.53213, 18.31704 ], [ -71.52955, 18.31691 ], [ -71.52923, 18.31137 ], [ -71.52485, 18.30862 ], [ -71.52706, 18.30685 ], [ -71.52621, 18.30541 ], [ -71.49801, 18.2878 ], [ -71.48752, 18.26958 ], [ -71.49206, 18.26587 ], [ -71.47783, 18.25762 ], [ -71.47627, 18.25435 ], [ -71.47905, 18.24587 ], [ -71.46315, 18.23232 ], [ -71.46524, 18.22884 ], [ -71.47744, 18.22443 ], [ -71.48057, 18.21636 ], [ -71.491, 18.20568 ], [ -71.49469, 18.19418 ], [ -71.48613, 18.19051 ], [ -71.47445, 18.17686 ], [ -71.4652, 18.16949 ], [ -71.46273, 18.16297 ], [ -71.45833, 18.1583 ], [ -71.45167, 18.15391 ], [ -71.44085, 18.15029 ], [ -71.43137, 18.1403 ], [ -71.42547, 18.13787 ], [ -71.42306, 18.1451 ], [ -71.42532, 18.15057 ], [ -71.42516, 18.16282 ], [ -71.42779, 18.16993 ], [ -71.42599, 18.17761 ], [ -71.42872, 18.17994 ], [ -71.42409, 18.18512 ], [ -71.42493, 18.19675 ], [ -71.41707, 18.19729 ], [ -71.40902, 18.1916 ], [ -71.39639, 18.18975 ], [ -71.39651, 18.18681 ], [ -71.39408, 18.18775 ], [ -71.39366, 18.18549 ], [ -71.39134, 18.18645 ], [ -71.38966, 18.18423 ], [ -71.3835, 18.18864 ], [ -71.38581, 18.19012 ], [ -71.38405, 18.19507 ], [ -71.38636, 18.19545 ], [ -71.38618, 18.19789 ], [ -71.38413, 18.19868 ], [ -71.38775, 18.19903 ], [ -71.38717, 18.20258 ], [ -71.38525, 18.20208 ], [ -71.38729, 18.2034 ], [ -71.38711, 18.20611 ], [ -71.38846, 18.2035 ], [ -71.38987, 18.20422 ], [ -71.38769, 18.20961 ], [ -71.38507, 18.20954 ], [ -71.38658, 18.21401 ], [ -71.38539, 18.21651 ], [ -71.37792, 18.22515 ], [ -71.37906, 18.22721 ], [ -71.37669, 18.23132 ], [ -71.37993, 18.23936 ], [ -71.37661, 18.24788 ], [ -71.37772, 18.25136 ], [ -71.37644, 18.25807 ], [ -71.37308, 18.26204 ], [ -71.38541, 18.26847 ], [ -71.38641, 18.26933 ], [ -71.38464, 18.27157 ], [ -71.39308, 18.27627 ], [ -71.3918, 18.28192 ], [ -71.38574, 18.28732 ], [ -71.38425, 18.29227 ], [ -71.36932, 18.30149 ], [ -71.36524, 18.30754 ], [ -71.35885, 18.30506 ], [ -71.34601, 18.29418 ], [ -71.34787, 18.31916 ], [ -71.3615, 18.39687 ], [ -71.37147, 18.39198 ], [ -71.37575, 18.38445 ], [ -71.41058, 18.37495 ], [ -71.41413, 18.37539 ], [ -71.4176, 18.3826 ], [ -71.41707, 18.39307 ], [ -71.41981, 18.39545 ], [ -71.42087, 18.39947 ], [ -71.42374, 18.39959 ], [ -71.42887, 18.4042 ], [ -71.43164, 18.41163 ], [ -71.4388, 18.41935 ], [ -71.46047, 18.4265 ], [ -71.46487, 18.42339 ], [ -71.47352, 18.4262 ], [ -71.48714, 18.44721 ], [ -71.49089, 18.44869 ], [ -71.49429, 18.4539 ], [ -71.49996, 18.45827 ], [ -71.51666, 18.46012 ] ] ] } },
{ "type": "Feature", "properties": { "COD_PROV": "11", "COD_MUN": "1101", "MUNICIPIO": "Higüey", "REG": "5" }, "geometry": { "type": "Polygon", "coordinates": [ [ [ -68.77574, 18.97415 ], [ -68.77747, 18.97205 ], [ -68.77646, 18.95754 ], [ -68.77804, 18.95698 ], [ -68.78338, 18.96454 ], [ -68.78676, 18.96181 ], [ -68.78705, 18.95926 ], [ -68.77907, 18.95474 ], [ -68.78147, 18.95246 ], [ -68.788, 18.94885 ], [ -68.78823, 18.95117 ], [ -68.79937, 18.95364 ], [ -68.80078, 18.94917 ], [ -68.80647, 18.94645 ], [ -68.80652, 18.9444 ], [ -68.81202, 18.94087 ], [ -68.81568, 18.94147 ], [ -68.81484, 18.93899 ], [ -68.81839, 18.93922 ], [ -68.81751, 18.9372 ], [ -68.82103, 18.93031 ], [ -68.81688, 18.92631 ], [ -68.81685, 18.91513 ], [ -68.82563, 18.91393 ], [ -68.82589, 18.91167 ], [ -68.82898, 18.9124 ], [ -68.82809, 18.90978 ], [ -68.8303, 18.9095 ], [ -68.83081, 18.90595 ], [ -68.83657, 18.90539 ], [ -68.83976, 18.90131 ], [ -68.83747, 18.8957 ], [ -68.84069, 18.89676 ], [ -68.84197, 18.8945 ], [ -68.84056, 18.8911 ], [ -68.83452, 18.89101 ], [ -68.8318, 18.88889 ], [ -68.83112, 18.87837 ], [ -68.82473, 18.87469 ], [ -68.82657, 18.8669 ], [ -68.82262, 18.86201 ], [ -68.82158, 18.85512 ], [ -68.81628, 18.84301 ], [ -68.81175, 18.83875 ], [ -68.80874, 18.83114 ], [ -68.81217, 18.82933 ], [ -68.81387, 18.82447 ], [ -68.81155, 18.81461 ], [ -68.80497, 18.80281 ], [ -68.80958, 18.78779 ], [ -68.82424, 18.78779 ], [ -68.84283, 18.77413 ], [ -68.85171, 18.7724 ], [ -68.8517, 18.76203 ], [ -68.8581, 18.75589 ], [ -68.85953, 18.75137 ], [ -68.85463, 18.74608 ], [ -68.85455, 18.7424 ], [ -68.86663, 18.72897 ], [ -68.86936, 18.72213 ], [ -68.87236, 18.72334 ], [ -68.87502, 18.72073 ], [ -68.88474, 18.7184 ], [ -68.8918, 18.72611 ], [ -68.89893, 18.72174 ], [ -68.90524, 18.72331 ], [ -68.91305, 18.72175 ], [ -68.91627, 18.72312 ], [ -68.92513, 18.72265 ], [ -68.93007, 18.71518 ], [ -68.92883, 18.70994 ], [ -68.93183, 18.70794 ], [ -68.93271, 18.70391 ], [ -68.93022, 18.70316 ], [ -68.93091, 18.70024 ], [ -68.92897, 18.69798 ], [ -68.9242, 18.69748 ], [ -68.92887, 18.69021 ], [ -68.93531, 18.68739 ], [ -68.93763, 18.68094 ], [ -68.93628, 18.678 ], [ -68.92862, 18.67337 ], [ -68.92348, 18.66739 ], [ -68.92701, 18.66269 ], [ -68.92623, 18.65405 ], [ -68.91895, 18.64983 ], [ -68.91255, 18.64904 ], [ -68.91602, 18.6403 ], [ -68.91253, 18.63897 ], [ -68.90749, 18.64139 ], [ -68.90283, 18.63403 ], [ -68.90532, 18.62375 ], [ -68.90532, 18.60826 ], [ -68.90297, 18.60811 ], [ -68.90131, 18.61039 ], [ -68.8896, 18.60481 ], [ -68.88426, 18.59175 ], [ -68.88474, 18.58701 ], [ -68.87539, 18.58471 ], [ -68.87549, 18.57723 ], [ -68.87066, 18.57267 ], [ -68.86257, 18.5691 ], [ -68.86269, 18.56589 ], [ -68.85135, 18.56365 ], [ -68.85378, 18.55569 ], [ -68.84832, 18.55659 ], [ -68.84676, 18.55378 ], [ -68.84862, 18.55086 ], [ -68.84679, 18.54208 ], [ -68.84907, 18.53416 ], [ -68.84685, 18.52343 ], [ -68.85022, 18.52082 ], [ -68.84251, 18.51907 ], [ -68.84514, 18.51033 ], [ -68.82379, 18.4968 ], [ -68.81957, 18.50115 ], [ -68.7772, 18.50026 ], [ -68.77398, 18.52163 ], [ -68.76246, 18.5222 ], [ -68.75928, 18.52918 ], [ -68.74437, 18.52529 ], [ -68.74522, 18.54107 ], [ -68.72371, 18.54095 ], [ -68.72307, 18.54359 ], [ -68.71954, 18.54371 ], [ -68.71944, 18.52933 ], [ -68.7173, 18.52755 ], [ -68.70674, 18.52537 ], [ -68.69456, 18.52608 ], [ -68.69555, 18.5271 ], [ -68.66626, 18.52695 ], [ -68.66627, 18.52098 ], [ -68.65928, 18.52115 ], [ -68.65877, 18.51919 ], [ -68.65516, 18.51813 ], [ -68.6428, 18.50833 ], [ -68.63554, 18.5081 ], [ -68.62888, 18.50502 ], [ -68.60775, 18.49081 ], [ -68.60847, 18.48957 ], [ -68.60444, 18.48758 ], [ -68.60811, 18.48547 ], [ -68.60861, 18.47742 ], [ -68.59884, 18.47893 ], [ -68.59709, 18.47354 ], [ -68.59356, 18.47093 ], [ -68.58037, 18.47045 ], [ -68.56233, 18.47382 ], [ -68.54809, 18.47869 ], [ -68.54099, 18.4766 ], [ -68.53149, 18.47641 ], [ -68.52512, 18.47507 ], [ -68.51698, 18.47059 ], [ -68.46596, 18.46477 ], [ -68.44657, 18.45689 ], [ -68.43434, 18.45551 ], [ -68.43281, 18.44419 ], [ -68.42882, 18.44124 ], [ -68.42461, 18.44341 ], [ -68.42234, 18.45075 ], [ -68.41694, 18.45113 ], [ -68.41361, 18.45607 ], [ -68.40817, 18.45721 ], [ -68.40189, 18.46296 ], [ -68.39999, 18.47009 ], [ -68.39175, 18.48474 ], [ -68.3915, 18.49491 ], [ -68.38807, 18.498 ], [ -68.38356, 18.49567 ], [ -68.37568, 18.50095 ], [ -68.37649, 18.50273 ], [ -68.37313, 18.50914 ], [ -68.37092, 18.50909 ], [ -68.36114, 18.53091 ], [ -68.35454, 18.5385 ], [ -68.35358, 18.54223 ], [ -68.34883, 18.54554 ], [ -68.34354, 18.55881 ], [ -68.34085, 18.56149 ], [ -68.34135, 18.56375 ], [ -68.33944, 18.56323 ], [ -68.33594, 18.56581 ], [ -68.33135, 18.57291 ], [ -68.32296, 18.59771 ], [ -68.32493, 18.60126 ], [ -68.32391, 18.60928 ], [ -68.32831, 18.6129 ], [ -68.32513, 18.61684 ], [ -68.33216, 18.6289 ], [ -68.34488, 18.6438 ], [ -68.35015, 18.64544 ], [ -68.35387, 18.64897 ], [ -68.36136, 18.65101 ], [ -68.36792, 18.65809 ], [ -68.37915, 18.66487 ], [ -68.38103, 18.66487 ], [ -68.38473, 18.66036 ], [ -68.39373, 18.66385 ], [ -68.4012, 18.67167 ], [ -68.4097, 18.67694 ], [ -68.41312, 18.68537 ], [ -68.41822, 18.69071 ], [ -68.43857, 18.70225 ], [ -68.44221, 18.71197 ], [ -68.44773, 18.71498 ], [ -68.46575, 18.73514 ], [ -68.47677, 18.73653 ], [ -68.49615, 18.74957 ], [ -68.52102, 18.77127 ], [ -68.52171, 18.77373 ], [ -68.51994, 18.77472 ], [ -68.52486, 18.77683 ], [ -68.52704, 18.78009 ], [ -68.52777, 18.77991 ], [ -68.53022, 18.77636 ], [ -68.53086, 18.77337 ], [ -68.53438, 18.7728 ], [ -68.54394, 18.77995 ], [ -68.55133, 18.78289 ], [ -68.5509, 18.78485 ], [ -68.56788, 18.80011 ], [ -68.57088, 18.80552 ], [ -68.57522, 18.80773 ], [ -68.5918, 18.82378 ], [ -68.60506, 18.83197 ], [ -68.60731, 18.83821 ], [ -68.61736, 18.84206 ], [ -68.6277, 18.85752 ], [ -68.64009, 18.86939 ], [ -68.64272, 18.87467 ], [ -68.64716, 18.8773 ], [ -68.65, 18.88347 ], [ -68.66363, 18.89662 ], [ -68.66985, 18.89884 ], [ -68.68164, 18.91172 ], [ -68.68615, 18.9132 ], [ -68.69925, 18.92926 ], [ -68.71032, 18.93417 ], [ -68.71484, 18.93882 ], [ -68.74587, 18.95942 ], [ -68.75084, 18.95987 ], [ -68.75358, 18.9629 ], [ -68.75913, 18.96229 ], [ -68.76678, 18.96549 ], [ -68.77574, 18.97415 ] ] ] } },
{ "type": "Feature", "properties": { "COD_PROV": "11", "COD_MUN": "1102", "MUNICIPIO": "San Rafael del Yuma", "REG": "5" }, "geometry": { "type": "MultiPolygon", "coordinates": [ [ [ [ -68.63409, 18.19845 ], [ -68.63717, 18.19776 ], [ -68.64051, 18.19307 ], [ -68.63676, 18.19347 ], [ -68.63715, 18.19522 ], [ -68.63409, 18.19845 ] ] ], [ [ [ -68.71954, 18.54371 ], [ -68.72307, 18.54359 ], [ -68.72371, 18.54095 ], [ -68.74522, 18.54107 ], [ -68.74437, 18.52529 ], [ -68.75928, 18.52918 ], [ -68.76246, 18.5222 ], [ -68.77398, 18.52163 ], [ -68.7772, 18.50026 ], [ -68.81957, 18.50115 ], [ -68.82379, 18.4968 ], [ -68.84514, 18.51033 ], [ -68.85111, 18.50702 ], [ -68.85433, 18.49783 ], [ -68.86099, 18.49285 ], [ -68.85884, 18.48929 ], [ -68.85958, 18.48744 ], [ -68.86427, 18.48392 ], [ -68.87197, 18.48165 ], [ -68.86784, 18.47207 ], [ -68.87212, 18.47091 ], [ -68.87404, 18.46763 ], [ -68.87989, 18.46608 ], [ -68.87364, 18.45719 ], [ -68.881, 18.45026 ], [ -68.88446, 18.452 ], [ -68.88683, 18.45021 ], [ -68.88307, 18.44619 ], [ -68.8878, 18.43809 ], [ -68.88376, 18.4334 ], [ -68.88938, 18.42448 ], [ -68.88654, 18.41552 ], [ -68.89452, 18.41035 ], [ -68.89765, 18.40586 ], [ -68.89713, 18.39843 ], [ -68.89453, 18.39629 ], [ -68.88461, 18.39357 ], [ -68.88345, 18.39156 ], [ -68.87796, 18.38853 ], [ -68.87592, 18.38901 ], [ -68.86994, 18.38448 ], [ -68.85705, 18.38094 ], [ -68.84328, 18.37367 ], [ -68.8406, 18.36996 ], [ -68.84331, 18.3688 ], [ -68.84046, 18.36852 ], [ -68.84348, 18.3647 ], [ -68.84084, 18.36361 ], [ -68.83814, 18.3592 ], [ -68.83611, 18.35169 ], [ -68.81294, 18.33469 ], [ -68.8013, 18.30933 ], [ -68.7841, 18.28691 ], [ -68.76542, 18.24502 ], [ -68.75907, 18.23962 ], [ -68.75482, 18.23248 ], [ -68.75162, 18.21439 ], [ -68.75257, 18.20719 ], [ -68.7552, 18.20566 ], [ -68.75455, 18.20227 ], [ -68.75103, 18.20347 ], [ -68.74892, 18.20674 ], [ -68.74117, 18.20714 ], [ -68.7411, 18.20993 ], [ -68.74675, 18.21091 ], [ -68.74893, 18.21831 ], [ -68.74748, 18.22215 ], [ -68.74395, 18.22335 ], [ -68.73817, 18.2225 ], [ -68.73198, 18.21913 ], [ -68.73024, 18.21604 ], [ -68.73157, 18.21196 ], [ -68.72869, 18.21198 ], [ -68.73145, 18.20868 ], [ -68.73997, 18.20939 ], [ -68.74147, 18.20562 ], [ -68.73783, 18.2037 ], [ -68.73473, 18.20407 ], [ -68.73046, 18.2092 ], [ -68.7236, 18.20908 ], [ -68.7222, 18.20994 ], [ -68.72271, 18.21359 ], [ -68.72007, 18.214 ], [ -68.71273, 18.21289 ], [ -68.70506, 18.20909 ], [ -68.69969, 18.20927 ], [ -68.68596, 18.21076 ], [ -68.67914, 18.21589 ], [ -68.66341, 18.21556 ], [ -68.66166, 18.21777 ], [ -68.65513, 18.21705 ], [ -68.65019, 18.2143 ], [ -68.64931, 18.21184 ], [ -68.64265, 18.20986 ], [ -68.64315, 18.21639 ], [ -68.64117, 18.21709 ], [ -68.64214, 18.21814 ], [ -68.6406, 18.21965 ], [ -68.64148, 18.22578 ], [ -68.64397, 18.22942 ], [ -68.64175, 18.23112 ], [ -68.64158, 18.2517 ], [ -68.63995, 18.25392 ], [ -68.64114, 18.25632 ], [ -68.63844, 18.2584 ], [ -68.63904, 18.26189 ], [ -68.63546, 18.26697 ], [ -68.6343, 18.27723 ], [ -68.62731, 18.29218 ], [ -68.61655, 18.30214 ], [ -68.60212, 18.33187 ], [ -68.60294, 18.34295 ], [ -68.6156, 18.35694 ], [ -68.61395, 18.35781 ], [ -68.61401, 18.36082 ], [ -68.61778, 18.3645 ], [ -68.61801, 18.36741 ], [ -68.61352, 18.36785 ], [ -68.61445, 18.36867 ], [ -68.61174, 18.37003 ], [ -68.61095, 18.37315 ], [ -68.60868, 18.37388 ], [ -68.60753, 18.37684 ], [ -68.60363, 18.37757 ], [ -68.60373, 18.37914 ], [ -68.5938, 18.38041 ], [ -68.57374, 18.3663 ], [ -68.57016, 18.36682 ], [ -68.56603, 18.36498 ], [ -68.56142, 18.36029 ], [ -68.55414, 18.35658 ], [ -68.50968, 18.3451 ], [ -68.49092, 18.33743 ], [ -68.48417, 18.33743 ], [ -68.47558, 18.34318 ], [ -68.4669, 18.34347 ], [ -68.45546, 18.35421 ], [ -68.44953, 18.36487 ], [ -68.4487, 18.40669 ], [ -68.44456, 18.42513 ], [ -68.42882, 18.44124 ], [ -68.43281, 18.44419 ], [ -68.43434, 18.45551 ], [ -68.44657, 18.45689 ], [ -68.46445, 18.46439 ], [ -68.47477, 18.46637 ], [ -68.51254, 18.46972 ], [ -68.51939, 18.47127 ], [ -68.52512, 18.47507 ], [ -68.54809, 18.47869 ], [ -68.56233, 18.47382 ], [ -68.58037, 18.47045 ], [ -68.59356, 18.47093 ], [ -68.59709, 18.47354 ], [ -68.59884, 18.47893 ], [ -68.60861, 18.47742 ], [ -68.60811, 18.48547 ], [ -68.60444, 18.48758 ], [ -68.60847, 18.48957 ], [ -68.60775, 18.49081 ], [ -68.62888, 18.50502 ], [ -68.63554, 18.5081 ], [ -68.6428, 18.50833 ], [ -68.65516, 18.51813 ], [ -68.65877, 18.51919 ], [ -68.65928, 18.52115 ], [ -68.66627, 18.52098 ], [ -68.66626, 18.52695 ], [ -68.71368, 18.52587 ], [ -68.71944, 18.52933 ], [ -68.71954, 18.54371 ] ] ] ] } },
{ "type": "Feature", "properties": { "COD_PROV": "12", "COD_MUN": "1201", "MUNICIPIO": "La Romana", "REG": "5" }, "geometry": { "type": "MultiPolygon", "coordinates": [ [ [ [ -68.65241, 18.09619 ], [ -68.65972, 18.09865 ], [ -68.66448, 18.09744 ], [ -68.65973, 18.0969 ], [ -68.65241, 18.09619 ] ] ], [ [ [ -68.76652, 18.19614 ], [ -68.76662, 18.1982 ], [ -68.76895, 18.19925 ], [ -68.77615, 18.19579 ], [ -68.78416, 18.18844 ], [ -68.78223, 18.17726 ], [ -68.78489, 18.17334 ], [ -68.78055, 18.17225 ], [ -68.77608, 18.16641 ], [ -68.77251, 18.16558 ], [ -68.7607, 18.15225 ], [ -68.76118, 18.15016 ], [ -68.75477, 18.14488 ], [ -68.75399, 18.14014 ], [ -68.75723, 18.13897 ], [ -68.75711, 18.13701 ], [ -68.73686, 18.13053 ], [ -68.73173, 18.12682 ], [ -68.72748, 18.12719 ], [ -68.71155, 18.12265 ], [ -68.69732, 18.11632 ], [ -68.68642, 18.11385 ], [ -68.68453, 18.11558 ], [ -68.68085, 18.11451 ], [ -68.67694, 18.12022 ], [ -68.67336, 18.12224 ], [ -68.66249, 18.12543 ], [ -68.65594, 18.12385 ], [ -68.64586, 18.12958 ], [ -68.62313, 18.12668 ], [ -68.61016, 18.12065 ], [ -68.58911, 18.11763 ], [ -68.58695, 18.11333 ], [ -68.58305, 18.11296 ], [ -68.57828, 18.10952 ], [ -68.57265, 18.1112 ], [ -68.57011, 18.11504 ], [ -68.56884, 18.12648 ], [ -68.58178, 18.14674 ], [ -68.58931, 18.15374 ], [ -68.60656, 18.1632 ], [ -68.62314, 18.15869 ], [ -68.63149, 18.16156 ], [ -68.64958, 18.15932 ], [ -68.6566, 18.1639 ], [ -68.66642, 18.16424 ], [ -68.6745, 18.17487 ], [ -68.685, 18.17588 ], [ -68.68838, 18.17779 ], [ -68.6916, 18.17411 ], [ -68.68715, 18.17218 ], [ -68.69127, 18.17054 ], [ -68.70998, 18.17339 ], [ -68.72599, 18.18422 ], [ -68.76652, 18.19614 ] ] ], [ [ [ -68.64504, 18.16147 ], [ -68.64876, 18.16341 ], [ -68.6501, 18.16108 ], [ -68.64504, 18.16147 ] ] ], [ [ [ -69.01249, 18.37765 ], [ -69.01755, 18.37629 ], [ -69.02208, 18.36464 ], [ -69.02126, 18.35687 ], [ -69.02218, 18.35532 ], [ -69.02627, 18.35603 ], [ -69.02516, 18.35149 ], [ -69.00743, 18.34221 ], [ -68.99439, 18.33908 ], [ -68.99168, 18.34561 ], [ -68.99328, 18.34642 ], [ -68.99313, 18.35106 ], [ -68.99656, 18.36091 ], [ -69.01249, 18.37765 ] ] ], [ [ [ -68.86051, 18.5168 ], [ -68.86143, 18.52191 ], [ -68.92497, 18.52158 ], [ -68.9275, 18.5158 ], [ -68.92678, 18.51149 ], [ -68.93277, 18.51204 ], [ -68.93455, 18.51501 ], [ -68.94684, 18.51529 ], [ -68.97, 18.51178 ], [ -68.97066, 18.50824 ], [ -68.97628, 18.50577 ], [ -68.97815, 18.49264 ], [ -68.9761, 18.48659 ], [ -68.96864, 18.4818 ], [ -68.96863, 18.47741 ], [ -68.96643, 18.47623 ], [ -68.96993, 18.47266 ], [ -68.96673, 18.46881 ], [ -68.9697, 18.46865 ], [ -68.96957, 18.46639 ], [ -68.97184, 18.46636 ], [ -68.9719, 18.46441 ], [ -68.96521, 18.45541 ], [ -68.9666, 18.45253 ], [ -68.96399, 18.44757 ], [ -68.96947, 18.44436 ], [ -68.97455, 18.45149 ], [ -68.97897, 18.45062 ], [ -69.00927, 18.46507 ], [ -68.99345, 18.43231 ], [ -68.99197, 18.43208 ], [ -69.00903, 18.43428 ], [ -69.02159, 18.44189 ], [ -69.02011, 18.41707 ], [ -69.01924, 18.41516 ], [ -69.01251, 18.41734 ], [ -69.0122, 18.3974 ], [ -69.00828, 18.39855 ], [ -69.00857, 18.40009 ], [ -68.99912, 18.40186 ], [ -68.97843, 18.40064 ], [ -68.97472, 18.40265 ], [ -68.97288, 18.40781 ], [ -68.96945, 18.41048 ], [ -68.95317, 18.41464 ], [ -68.94766, 18.40575 ], [ -68.94258, 18.40969 ], [ -68.93057, 18.40439 ], [ -68.92411, 18.4043 ], [ -68.91132, 18.40034 ], [ -68.91645, 18.39947 ], [ -68.91664, 18.39795 ], [ -68.90423, 18.39795 ], [ -68.90399, 18.40028 ], [ -68.90014, 18.39993 ], [ -68.90314, 18.39886 ], [ -68.90205, 18.39813 ], [ -68.89773, 18.40037 ], [ -68.89609, 18.40864 ], [ -68.88654, 18.41552 ], [ -68.88938, 18.42448 ], [ -68.88376, 18.4334 ], [ -68.8878, 18.43809 ], [ -68.88307, 18.44619 ], [ -68.88683, 18.45021 ], [ -68.88446, 18.452 ], [ -68.881, 18.45026 ], [ -68.87364, 18.45719 ], [ -68.87989, 18.46608 ], [ -68.87404, 18.46763 ], [ -68.87212, 18.47091 ], [ -68.86784, 18.47207 ], [ -68.87197, 18.48165 ], [ -68.86033, 18.48662 ], [ -68.85881, 18.48887 ], [ -68.861, 18.49246 ], [ -68.86009, 18.49479 ], [ -68.85552, 18.49643 ], [ -68.85152, 18.50648 ], [ -68.84402, 18.51187 ], [ -68.84359, 18.51606 ], [ -68.86051, 18.5168 ] ] ] ] } },
{ "type": "Feature", "properties": { "COD_PROV": "12", "COD_MUN": "1202", "MUNICIPIO": "Guaymate", "REG": "5" }, "geometry": { "type": "Polygon", "coordinates": [ [ [ -68.95329, 18.65861 ], [ -68.96246, 18.64924 ], [ -68.97182, 18.6457 ], [ -68.97538, 18.6415 ], [ -68.98134, 18.63946 ], [ -68.98865, 18.61693 ], [ -68.99586, 18.6087 ], [ -69.00229, 18.59423 ], [ -69.0094, 18.58993 ], [ -69.01004, 18.58436 ], [ -69.01315, 18.58243 ], [ -69.01451, 18.57821 ], [ -69.01915, 18.57623 ], [ -69.02267, 18.57748 ], [ -69.04099, 18.56629 ], [ -69.04162, 18.55631 ], [ -69.05303, 18.54611 ], [ -69.05307, 18.54013 ], [ -69.05921, 18.5387 ], [ -69.06813, 18.52924 ], [ -69.07413, 18.52992 ], [ -69.07643, 18.52755 ], [ -69.07968, 18.52889 ], [ -69.08556, 18.52633 ], [ -69.0875, 18.52258 ], [ -69.09029, 18.52159 ], [ -69.08943, 18.51733 ], [ -69.09219, 18.51677 ], [ -69.09106, 18.5114 ], [ -69.09583, 18.50799 ], [ -69.09764, 18.49878 ], [ -69.0907, 18.48144 ], [ -69.08395, 18.47601 ], [ -69.07938, 18.47533 ], [ -69.07755, 18.48174 ], [ -69.07051, 18.48789 ], [ -69.0417, 18.4881 ], [ -69.02933, 18.49115 ], [ -69.02495, 18.49041 ], [ -69.02057, 18.48202 ], [ -69.01678, 18.48378 ], [ -69.01486, 18.48058 ], [ -69.0041, 18.48602 ], [ -69.00198, 18.49911 ], [ -68.99798, 18.50648 ], [ -68.98943, 18.50652 ], [ -68.98852, 18.51068 ], [ -68.97979, 18.51083 ], [ -68.97519, 18.50634 ], [ -68.97066, 18.50824 ], [ -68.96887, 18.5124 ], [ -68.95713, 18.5128 ], [ -68.94735, 18.51526 ], [ -68.93455, 18.51501 ], [ -68.93277, 18.51204 ], [ -68.92678, 18.51149 ], [ -68.9275, 18.5158 ], [ -68.92497, 18.52158 ], [ -68.86143, 18.52191 ], [ -68.86002, 18.51601 ], [ -68.843, 18.51659 ], [ -68.84289, 18.51938 ], [ -68.85021, 18.52069 ], [ -68.84685, 18.52343 ], [ -68.84907, 18.53416 ], [ -68.84679, 18.54208 ], [ -68.84862, 18.55086 ], [ -68.84676, 18.55378 ], [ -68.84832, 18.55659 ], [ -68.85378, 18.55569 ], [ -68.85135, 18.56365 ], [ -68.86269, 18.56589 ], [ -68.86257, 18.5691 ], [ -68.87066, 18.57267 ], [ -68.87549, 18.57723 ], [ -68.87539, 18.58471 ], [ -68.88474, 18.58701 ], [ -68.88426, 18.59175 ], [ -68.8896, 18.60481 ], [ -68.90131, 18.61039 ], [ -68.90297, 18.60811 ], [ -68.90532, 18.60826 ], [ -68.90532, 18.62375 ], [ -68.90253, 18.63288 ], [ -68.90749, 18.64139 ], [ -68.91253, 18.63897 ], [ -68.91602, 18.6403 ], [ -68.91239, 18.64889 ], [ -68.91876, 18.64976 ], [ -68.92478, 18.65289 ], [ -68.92691, 18.65733 ], [ -68.92835, 18.65668 ], [ -68.93065, 18.65873 ], [ -68.93856, 18.65639 ], [ -68.9409, 18.65851 ], [ -68.94644, 18.65665 ], [ -68.95329, 18.65861 ] ] ] } },
{ "type": "Feature", "properties": { "COD_PROV": "12", "COD_MUN": "1203", "MUNICIPIO": "Villa Hermosa", "REG": "5" }, "geometry": { "type": "Polygon", "coordinates": [ [ [ -68.9761, 18.48659 ], [ -68.97821, 18.49385 ], [ -68.97567, 18.50656 ], [ -68.97979, 18.51083 ], [ -68.98852, 18.51068 ], [ -68.98943, 18.50652 ], [ -68.99798, 18.50648 ], [ -69.00022, 18.50346 ], [ -69.0041, 18.48602 ], [ -69.01486, 18.48058 ], [ -69.01678, 18.48378 ], [ -69.02057, 18.48202 ], [ -69.02606, 18.49106 ], [ -69.04212, 18.48807 ], [ -69.06635, 18.4887 ], [ -69.07051, 18.48789 ], [ -69.07755, 18.48174 ], [ -69.07829, 18.47702 ], [ -69.08044, 18.47481 ], [ -69.09006, 18.48066 ], [ -69.09266, 18.48475 ], [ -69.09703, 18.49619 ], [ -69.09733, 18.50421 ], [ -69.10006, 18.50488 ], [ -69.10417, 18.50203 ], [ -69.10615, 18.49683 ], [ -69.10905, 18.49627 ], [ -69.112, 18.49213 ], [ -69.11101, 18.48667 ], [ -69.11474, 18.48651 ], [ -69.11555, 18.48286 ], [ -69.11839, 18.48243 ], [ -69.11534, 18.47807 ], [ -69.11788, 18.47807 ], [ -69.11961, 18.47594 ], [ -69.11767, 18.46903 ], [ -69.11273, 18.46918 ], [ -69.11368, 18.46058 ], [ -69.10786, 18.45934 ], [ -69.10412, 18.45585 ], [ -69.10353, 18.45275 ], [ -69.10055, 18.45236 ], [ -69.0951, 18.4481 ], [ -69.09626, 18.44361 ], [ -69.09273, 18.43873 ], [ -69.0899, 18.44138 ], [ -69.08794, 18.43977 ], [ -69.08581, 18.43463 ], [ -69.08601, 18.43292 ], [ -69.08936, 18.43153 ], [ -69.08623, 18.42632 ], [ -69.0874, 18.42288 ], [ -69.08195, 18.41806 ], [ -69.08913, 18.41268 ], [ -69.08426, 18.40145 ], [ -69.08431, 18.39299 ], [ -69.06165, 18.39164 ], [ -69.02695, 18.3961 ], [ -69.01781, 18.39564 ], [ -69.0122, 18.3974 ], [ -69.01251, 18.41734 ], [ -69.01924, 18.41516 ], [ -69.02011, 18.41707 ], [ -69.02159, 18.44189 ], [ -69.00903, 18.43428 ], [ -68.99197, 18.43208 ], [ -68.99345, 18.43231 ], [ -69.00927, 18.46507 ], [ -68.97897, 18.45062 ], [ -68.97455, 18.45149 ], [ -68.96947, 18.44436 ], [ -68.96399, 18.44757 ], [ -68.9666, 18.45253 ], [ -68.96521, 18.45541 ], [ -68.9719, 18.46441 ], [ -68.97184, 18.46636 ], [ -68.96957, 18.46639 ], [ -68.9697, 18.46865 ], [ -68.96673, 18.46881 ], [ -68.96993, 18.47266 ], [ -68.96643, 18.47623 ], [ -68.96863, 18.47741 ], [ -68.96864, 18.4818 ], [ -68.9761, 18.48659 ] ] ] } },
{ "type": "Feature", "properties": { "COD_PROV": "13", "COD_MUN": "1301", "MUNICIPIO": "La Vega", "REG": "8" }, "geometry": { "type": "Polygon", "coordinates": [ [ [ -70.60846, 19.37421 ], [ -70.61123, 19.37745 ], [ -70.61597, 19.37401 ], [ -70.61839, 19.37495 ], [ -70.62631, 19.37226 ], [ -70.62928, 19.37425 ], [ -70.63565, 19.37398 ], [ -70.63548, 19.37014 ], [ -70.64046, 19.35823 ], [ -70.65278, 19.34867 ], [ -70.65765, 19.34212 ], [ -70.66496, 19.33741 ], [ -70.67468, 19.32159 ], [ -70.67419, 19.31478 ], [ -70.66732, 19.30093 ], [ -70.66782, 19.29316 ], [ -70.6729, 19.29078 ], [ -70.6721, 19.28645 ], [ -70.67387, 19.28488 ], [ -70.68068, 19.2842 ], [ -70.68347, 19.28829 ], [ -70.69449, 19.29395 ], [ -70.70349, 19.29472 ], [ -70.71432, 19.29932 ], [ -70.71932, 19.29656 ], [ -70.71881, 19.29401 ], [ -70.71591, 19.29495 ], [ -70.71485, 19.29068 ], [ -70.72003, 19.28972 ], [ -70.72297, 19.28455 ], [ -70.71691, 19.27724 ], [ -70.69809, 19.27335 ], [ -70.6912, 19.26733 ], [ -70.6869, 19.26846 ], [ -70.67953, 19.26498 ], [ -70.68021, 19.26102 ], [ -70.68568, 19.25516 ], [ -70.68178, 19.24983 ], [ -70.67943, 19.25336 ], [ -70.67804, 19.25275 ], [ -70.67681, 19.245 ], [ -70.68392, 19.23849 ], [ -70.68172, 19.23765 ], [ -70.67805, 19.24035 ], [ -70.67616, 19.23763 ], [ -70.679, 19.2304 ], [ -70.67841, 19.22586 ], [ -70.68453, 19.22179 ], [ -70.68325, 19.21976 ], [ -70.68036, 19.22255 ], [ -70.67689, 19.22176 ], [ -70.6776, 19.21838 ], [ -70.68024, 19.21738 ], [ -70.67659, 19.21085 ], [ -70.67836, 19.20842 ], [ -70.68264, 19.20764 ], [ -70.67659, 19.19941 ], [ -70.67149, 19.20164 ], [ -70.66986, 19.19812 ], [ -70.67242, 19.19579 ], [ -70.66968, 19.19431 ], [ -70.65998, 19.1919 ], [ -70.65515, 19.19549 ], [ -70.64116, 19.18868 ], [ -70.63174, 19.19788 ], [ -70.62228, 19.20147 ], [ -70.62067, 19.206 ], [ -70.61799, 19.20519 ], [ -70.6188, 19.20083 ], [ -70.6155, 19.20039 ], [ -70.61322, 19.20409 ], [ -70.60975, 19.20438 ], [ -70.60551, 19.20822 ], [ -70.60018, 19.20995 ], [ -70.60044, 19.21314 ], [ -70.59061, 19.22105 ], [ -70.58729, 19.22863 ], [ -70.58002, 19.22496 ], [ -70.57857, 19.22131 ], [ -70.57065, 19.2154 ], [ -70.56385, 19.20284 ], [ -70.56665, 19.1996 ], [ -70.56498, 19.1973 ], [ -70.56627, 19.19266 ], [ -70.5639, 19.19148 ], [ -70.56756, 19.18861 ], [ -70.56869, 19.1827 ], [ -70.57386, 19.17814 ], [ -70.57138, 19.17375 ], [ -70.56919, 19.17355 ], [ -70.5707, 19.16851 ], [ -70.56846, 19.16564 ], [ -70.56867, 19.15823 ], [ -70.56448, 19.15422 ], [ -70.56781, 19.15268 ], [ -70.56545, 19.15049 ], [ -70.56631, 19.14797 ], [ -70.55976, 19.14564 ], [ -70.56533, 19.14272 ], [ -70.56461, 19.13979 ], [ -70.56694, 19.137 ], [ -70.56954, 19.13824 ], [ -70.56982, 19.13582 ], [ -70.57307, 19.13554 ], [ -70.57253, 19.1321 ], [ -70.56975, 19.13148 ], [ -70.57098, 19.12545 ], [ -70.56892, 19.12404 ], [ -70.56653, 19.11348 ], [ -70.56376, 19.11317 ], [ -70.56093, 19.10948 ], [ -70.56271, 19.10688 ], [ -70.56533, 19.10665 ], [ -70.56233, 19.10319 ], [ -70.56359, 19.10209 ], [ -70.56095, 19.10206 ], [ -70.56165, 19.09807 ], [ -70.55658, 19.09688 ], [ -70.55711, 19.0926 ], [ -70.55255, 19.09403 ], [ -70.54434, 19.09051 ], [ -70.54597, 19.08689 ], [ -70.54116, 19.08032 ], [ -70.54141, 19.07697 ], [ -70.5385, 19.07632 ], [ -70.53828, 19.07304 ], [ -70.53472, 19.07258 ], [ -70.53682, 19.0707 ], [ -70.53363, 19.06945 ], [ -70.5285, 19.06346 ], [ -70.53297, 19.056 ], [ -70.5329, 19.05071 ], [ -70.53111, 19.04907 ], [ -70.52656, 19.04906 ], [ -70.52151, 19.04047 ], [ -70.51935, 19.03923 ], [ -70.52002, 19.04875 ], [ -70.5233, 19.05466 ], [ -70.5227, 19.06431 ], [ -70.52801, 19.07708 ], [ -70.53206, 19.08085 ], [ -70.53103, 19.08504 ], [ -70.53813, 19.0952 ], [ -70.53975, 19.1024 ], [ -70.53797, 19.10434 ], [ -70.53016, 19.10439 ], [ -70.52468, 19.10741 ], [ -70.51857, 19.10624 ], [ -70.5124, 19.11238 ], [ -70.50714, 19.1127 ], [ -70.48688, 19.09207 ], [ -70.48469, 19.09158 ], [ -70.47904, 19.09451 ], [ -70.47601, 19.10172 ], [ -70.48072, 19.11258 ], [ -70.47608, 19.12525 ], [ -70.46937, 19.12653 ], [ -70.46223, 19.12519 ], [ -70.45951, 19.13138 ], [ -70.46115, 19.14234 ], [ -70.45871, 19.14504 ], [ -70.45842, 19.14901 ], [ -70.46117, 19.15383 ], [ -70.46356, 19.15479 ], [ -70.46385, 19.16201 ], [ -70.45694, 19.16743 ], [ -70.45595, 19.1749 ], [ -70.45275, 19.17866 ], [ -70.4501, 19.17803 ], [ -70.44197, 19.18138 ], [ -70.43676, 19.17888 ], [ -70.41963, 19.17988 ], [ -70.41276, 19.18625 ], [ -70.4082, 19.18592 ], [ -70.408, 19.18747 ], [ -70.40147, 19.18019 ], [ -70.38783, 19.17478 ], [ -70.38451, 19.16899 ], [ -70.3812, 19.17291 ], [ -70.37813, 19.17036 ], [ -70.375, 19.17372 ], [ -70.37411, 19.17071 ], [ -70.36813, 19.17249 ], [ -70.37106, 19.16852 ], [ -70.36668, 19.17057 ], [ -70.36559, 19.16884 ], [ -70.36348, 19.17272 ], [ -70.36322, 19.16785 ], [ -70.36166, 19.16759 ], [ -70.36282, 19.16565 ], [ -70.35964, 19.16599 ], [ -70.361, 19.1644 ], [ -70.35864, 19.1643 ], [ -70.35777, 19.16079 ], [ -70.3557, 19.16085 ], [ -70.35682, 19.16585 ], [ -70.354, 19.16375 ], [ -70.35156, 19.16575 ], [ -70.35135, 19.16244 ], [ -70.34718, 19.15994 ], [ -70.34761, 19.15744 ], [ -70.3454, 19.15684 ], [ -70.34425, 19.15908 ], [ -70.34313, 19.15493 ], [ -70.34101, 19.15462 ], [ -70.34021, 19.15855 ], [ -70.33803, 19.15858 ], [ -70.3361, 19.15557 ], [ -70.33843, 19.15313 ], [ -70.33501, 19.15267 ], [ -70.33293, 19.14964 ], [ -70.32721, 19.15138 ], [ -70.32577, 19.15426 ], [ -70.32258, 19.14975 ], [ -70.31981, 19.14999 ], [ -70.31969, 19.15181 ], [ -70.32192, 19.1505 ], [ -70.32123, 19.15317 ], [ -70.31881, 19.15261 ], [ -70.31445, 19.15518 ], [ -70.31355, 19.15121 ], [ -70.31225, 19.15117 ], [ -70.31234, 19.1534 ], [ -70.30949, 19.15353 ], [ -70.30676, 19.15112 ], [ -70.29711, 19.14886 ], [ -70.2967, 19.14771 ], [ -70.30144, 19.14579 ], [ -70.30112, 19.14379 ], [ -70.2973, 19.1441 ], [ -70.29235, 19.14184 ], [ -70.28905, 19.14667 ], [ -70.29009, 19.14957 ], [ -70.28516, 19.14896 ], [ -70.28375, 19.14471 ], [ -70.28167, 19.14381 ], [ -70.27308, 19.14689 ], [ -70.27165, 19.15145 ], [ -70.27552, 19.14928 ], [ -70.27942, 19.15294 ], [ -70.27624, 19.15416 ], [ -70.27602, 19.15587 ], [ -70.28205, 19.15545 ], [ -70.2896, 19.16125 ], [ -70.28937, 19.16465 ], [ -70.29698, 19.166 ], [ -70.29689, 19.16815 ], [ -70.29825, 19.16794 ], [ -70.30446, 19.17563 ], [ -70.31347, 19.17647 ], [ -70.32245, 19.18192 ], [ -70.32319, 19.18638 ], [ -70.32873, 19.18963 ], [ -70.32893, 19.19588 ], [ -70.33141, 19.19689 ], [ -70.33414, 19.20163 ], [ -70.3389, 19.20123 ], [ -70.34297, 19.20367 ], [ -70.34305, 19.20553 ], [ -70.35036, 19.20786 ], [ -70.35177, 19.21127 ], [ -70.35507, 19.21137 ], [ -70.35545, 19.21499 ], [ -70.35763, 19.21603 ], [ -70.3557, 19.21619 ], [ -70.35771, 19.21712 ], [ -70.35609, 19.21872 ], [ -70.35814, 19.21954 ], [ -70.3567, 19.22134 ], [ -70.35873, 19.222 ], [ -70.35781, 19.22842 ], [ -70.36039, 19.23172 ], [ -70.38704, 19.23191 ], [ -70.40835, 19.22987 ], [ -70.41139, 19.24666 ], [ -70.41046, 19.25081 ], [ -70.41268, 19.25878 ], [ -70.4163, 19.26219 ], [ -70.41288, 19.27047 ], [ -70.41374, 19.27363 ], [ -70.4161, 19.27471 ], [ -70.41482, 19.27703 ], [ -70.42135, 19.28054 ], [ -70.42155, 19.28602 ], [ -70.42784, 19.28924 ], [ -70.43463, 19.29697 ], [ -70.43275, 19.29999 ], [ -70.43939, 19.30289 ], [ -70.43908, 19.30795 ], [ -70.4345, 19.30898 ], [ -70.43347, 19.31216 ], [ -70.4381, 19.32281 ], [ -70.44147, 19.32454 ], [ -70.44665, 19.33156 ], [ -70.44511, 19.3362 ], [ -70.44741, 19.33985 ], [ -70.4448, 19.33945 ], [ -70.44429, 19.34101 ], [ -70.45316, 19.34164 ], [ -70.45719, 19.34479 ], [ -70.46315, 19.33652 ], [ -70.47284, 19.33995 ], [ -70.47339, 19.33036 ], [ -70.4766, 19.32449 ], [ -70.47395, 19.31154 ], [ -70.47638, 19.30775 ], [ -70.48355, 19.31008 ], [ -70.48411, 19.313 ], [ -70.49116, 19.31055 ], [ -70.49942, 19.31122 ], [ -70.50055, 19.31212 ], [ -70.49889, 19.31527 ], [ -70.50107, 19.31806 ], [ -70.49752, 19.32013 ], [ -70.49843, 19.32224 ], [ -70.49558, 19.32706 ], [ -70.49624, 19.32896 ], [ -70.49368, 19.3293 ], [ -70.49513, 19.33105 ], [ -70.49334, 19.33265 ], [ -70.49337, 19.33652 ], [ -70.48778, 19.34056 ], [ -70.48697, 19.34472 ], [ -70.49904, 19.3453 ], [ -70.51474, 19.35734 ], [ -70.51885, 19.3544 ], [ -70.52742, 19.35475 ], [ -70.53323, 19.34939 ], [ -70.53685, 19.35209 ], [ -70.55186, 19.34945 ], [ -70.56194, 19.35169 ], [ -70.58316, 19.35133 ], [ -70.58867, 19.3539 ], [ -70.5932, 19.35853 ], [ -70.60205, 19.36004 ], [ -70.60494, 19.36274 ], [ -70.60846, 19.37421 ] ] ] } },
{ "type": "Feature", "properties": { "COD_PROV": "13", "COD_MUN": "1302", "MUNICIPIO": "Constanza", "REG": "8" }, "geometry": { "type": "Polygon", "coordinates": [ [ [ -70.54604, 19.04567 ], [ -70.55294, 19.04403 ], [ -70.5555, 19.04093 ], [ -70.57072, 19.0389 ], [ -70.56478, 19.0346 ], [ -70.57293, 19.03016 ], [ -70.5748, 19.0272 ], [ -70.58293, 19.02996 ], [ -70.58719, 19.02492 ], [ -70.58506, 19.02368 ], [ -70.58602, 19.02225 ], [ -70.58432, 19.01992 ], [ -70.5871, 19.01547 ], [ -70.58527, 19.014 ], [ -70.60504, 19.01291 ], [ -70.61414, 19.00414 ], [ -70.62194, 19.00066 ], [ -70.62353, 19.00079 ], [ -70.62956, 19.01073 ], [ -70.62882, 19.01448 ], [ -70.63174, 19.01094 ], [ -70.63684, 19.01047 ], [ -70.64946, 19.01496 ], [ -70.66316, 19.01291 ], [ -70.66722, 19.01422 ], [ -70.67169, 19.01242 ], [ -70.67193, 19.00999 ], [ -70.67774, 19.00844 ], [ -70.68023, 19.00343 ], [ -70.68369, 19.00512 ], [ -70.68649, 19.00286 ], [ -70.68823, 19.00354 ], [ -70.69161, 19.00007 ], [ -70.69408, 19.00031 ], [ -70.7043, 18.99358 ], [ -70.70484, 18.99637 ], [ -70.70934, 18.99262 ], [ -70.71414, 18.99199 ], [ -70.72553, 18.99665 ], [ -70.73601, 18.99381 ], [ -70.74118, 19.00131 ], [ -70.74126, 19.00477 ], [ -70.74667, 19.00685 ], [ -70.75071, 19.01151 ], [ -70.75397, 19.00904 ], [ -70.75433, 19.00627 ], [ -70.75205, 19.00398 ], [ -70.75027, 18.99385 ], [ -70.75182, 18.98886 ], [ -70.75626, 18.98625 ], [ -70.7634, 18.98671 ], [ -70.7727, 18.98326 ], [ -70.80422, 18.98943 ], [ -70.81361, 19.00801 ], [ -70.82412, 19.01454 ], [ -70.85894, 19.01182 ], [ -70.86666, 19.00829 ], [ -70.87011, 19.00272 ], [ -70.85352, 19.00013 ], [ -70.84816, 18.99302 ], [ -70.84194, 18.98913 ], [ -70.83772, 18.98924 ], [ -70.84082, 18.9834 ], [ -70.84544, 18.98185 ], [ -70.84608, 18.97873 ], [ -70.84372, 18.97767 ], [ -70.84764, 18.96609 ], [ -70.84414, 18.96442 ], [ -70.84375, 18.95767 ], [ -70.84169, 18.95687 ], [ -70.84148, 18.95371 ], [ -70.83798, 18.9541 ], [ -70.83275, 18.95169 ], [ -70.83102, 18.93959 ], [ -70.82624, 18.93807 ], [ -70.82562, 18.93276 ], [ -70.82934, 18.93323 ], [ -70.8308, 18.92827 ], [ -70.83602, 18.93131 ], [ -70.83686, 18.92852 ], [ -70.83955, 18.92894 ], [ -70.84056, 18.92714 ], [ -70.83716, 18.91886 ], [ -70.83822, 18.9132 ], [ -70.84024, 18.91169 ], [ -70.83822, 18.90617 ], [ -70.84052, 18.90613 ], [ -70.83775, 18.90153 ], [ -70.83851, 18.89647 ], [ -70.83589, 18.89453 ], [ -70.83511, 18.89099 ], [ -70.83732, 18.88116 ], [ -70.82655, 18.87004 ], [ -70.82155, 18.85881 ], [ -70.81933, 18.84373 ], [ -70.81662, 18.83846 ], [ -70.80613, 18.83319 ], [ -70.79993, 18.83262 ], [ -70.79247, 18.8277 ], [ -70.7856, 18.82749 ], [ -70.77052, 18.80141 ], [ -70.76344, 18.7832 ], [ -70.75877, 18.77928 ], [ -70.75541, 18.77242 ], [ -70.73344, 18.77145 ], [ -70.70969, 18.76665 ], [ -70.69981, 18.77502 ], [ -70.69637, 18.7675 ], [ -70.69254, 18.76562 ], [ -70.69223, 18.76152 ], [ -70.68398, 18.75726 ], [ -70.6826, 18.74877 ], [ -70.68486, 18.74278 ], [ -70.68388, 18.73918 ], [ -70.68881, 18.73264 ], [ -70.68314, 18.72479 ], [ -70.68277, 18.72029 ], [ -70.67837, 18.7112 ], [ -70.68199, 18.70575 ], [ -70.6875, 18.70365 ], [ -70.68956, 18.69371 ], [ -70.69608, 18.68526 ], [ -70.69211, 18.68646 ], [ -70.68755, 18.6845 ], [ -70.68015, 18.68781 ], [ -70.67271, 18.68671 ], [ -70.66724, 18.68959 ], [ -70.66564, 18.68711 ], [ -70.65922, 18.6915 ], [ -70.65696, 18.68984 ], [ -70.65342, 18.69041 ], [ -70.64068, 18.69466 ], [ -70.63425, 18.69016 ], [ -70.62975, 18.6907 ], [ -70.62796, 18.68659 ], [ -70.62288, 18.68776 ], [ -70.61575, 18.68642 ], [ -70.60652, 18.68862 ], [ -70.60364, 18.68698 ], [ -70.59688, 18.68787 ], [ -70.59211, 18.68644 ], [ -70.58878, 18.69402 ], [ -70.59075, 18.6945 ], [ -70.59141, 18.70084 ], [ -70.59887, 18.7064 ], [ -70.5993, 18.71052 ], [ -70.58854, 18.71029 ], [ -70.58478, 18.71726 ], [ -70.57914, 18.72312 ], [ -70.57466, 18.72509 ], [ -70.57105, 18.72492 ], [ -70.56685, 18.72202 ], [ -70.56553, 18.72486 ], [ -70.5617, 18.72322 ], [ -70.56093, 18.72694 ], [ -70.56394, 18.73383 ], [ -70.55602, 18.7455 ], [ -70.55146, 18.7487 ], [ -70.54375, 18.75049 ], [ -70.54133, 18.75604 ], [ -70.53972, 18.75419 ], [ -70.53346, 18.75597 ], [ -70.52994, 18.76024 ], [ -70.53266, 18.76304 ], [ -70.52827, 18.76777 ], [ -70.53371, 18.76713 ], [ -70.53358, 18.77035 ], [ -70.53794, 18.77211 ], [ -70.53726, 18.7772 ], [ -70.54503, 18.79174 ], [ -70.54439, 18.79614 ], [ -70.54958, 18.80584 ], [ -70.55082, 18.81244 ], [ -70.56615, 18.83096 ], [ -70.56579, 18.83874 ], [ -70.55614, 18.86112 ], [ -70.55714, 18.86466 ], [ -70.56539, 18.86782 ], [ -70.56799, 18.87051 ], [ -70.56588, 18.8742 ], [ -70.56611, 18.881 ], [ -70.56313, 18.88501 ], [ -70.56542, 18.88594 ], [ -70.56668, 18.8837 ], [ -70.57075, 18.88583 ], [ -70.57444, 18.88993 ], [ -70.57674, 18.8979 ], [ -70.58456, 18.90599 ], [ -70.58261, 18.92081 ], [ -70.57331, 18.92434 ], [ -70.57053, 18.92805 ], [ -70.571, 18.93788 ], [ -70.5526, 18.94894 ], [ -70.55223, 18.96227 ], [ -70.54921, 18.96462 ], [ -70.54812, 18.97261 ], [ -70.53628, 18.99243 ], [ -70.5259, 18.99421 ], [ -70.51578, 19.00174 ], [ -70.51774, 19.0072 ], [ -70.51444, 19.01653 ], [ -70.52062, 19.03144 ], [ -70.51935, 19.03923 ], [ -70.53018, 19.04414 ], [ -70.54604, 19.04567 ] ] ] } },
{ "type": "Feature", "properties": { "COD_PROV": "13", "COD_MUN": "1303", "MUNICIPIO": "Jarabacoa", "REG": "8" }, "geometry": { "type": "Polygon", "coordinates": [ [ [ -70.58184, 19.22599 ], [ -70.58729, 19.22863 ], [ -70.59061, 19.22105 ], [ -70.60044, 19.21314 ], [ -70.60018, 19.20995 ], [ -70.60551, 19.20822 ], [ -70.60975, 19.20438 ], [ -70.61322, 19.20409 ], [ -70.6155, 19.20039 ], [ -70.6188, 19.20083 ], [ -70.61799, 19.20519 ], [ -70.62067, 19.206 ], [ -70.62228, 19.20147 ], [ -70.63174, 19.19788 ], [ -70.64116, 19.18868 ], [ -70.65515, 19.19549 ], [ -70.66075, 19.19186 ], [ -70.67242, 19.19579 ], [ -70.67544, 19.19392 ], [ -70.67483, 19.19072 ], [ -70.68269, 19.18575 ], [ -70.6834, 19.18157 ], [ -70.68779, 19.18227 ], [ -70.69125, 19.1793 ], [ -70.69455, 19.18177 ], [ -70.69686, 19.18763 ], [ -70.70829, 19.19292 ], [ -70.72472, 19.2085 ], [ -70.72721, 19.20638 ], [ -70.72961, 19.20863 ], [ -70.73136, 19.20645 ], [ -70.72782, 19.20524 ], [ -70.7336, 19.20433 ], [ -70.73427, 19.20121 ], [ -70.7275, 19.19446 ], [ -70.72936, 19.18785 ], [ -70.7332, 19.18708 ], [ -70.73358, 19.17972 ], [ -70.73548, 19.17957 ], [ -70.73335, 19.17608 ], [ -70.73743, 19.17197 ], [ -70.73462, 19.1721 ], [ -70.73538, 19.16875 ], [ -70.73257, 19.1681 ], [ -70.73219, 19.16504 ], [ -70.7477, 19.16062 ], [ -70.75289, 19.15548 ], [ -70.7552, 19.1568 ], [ -70.75764, 19.1546 ], [ -70.76569, 19.15532 ], [ -70.76952, 19.14561 ], [ -70.77323, 19.14717 ], [ -70.77712, 19.14077 ], [ -70.78141, 19.13839 ], [ -70.78583, 19.13977 ], [ -70.79424, 19.13656 ], [ -70.80806, 19.14001 ], [ -70.81279, 19.13491 ], [ -70.81317, 19.12836 ], [ -70.82543, 19.11696 ], [ -70.83428, 19.11253 ], [ -70.8447, 19.10155 ], [ -70.8478, 19.09588 ], [ -70.85479, 19.09838 ], [ -70.86501, 19.09563 ], [ -70.87805, 19.09824 ], [ -70.88212, 19.0925 ], [ -70.89071, 19.08991 ], [ -70.89509, 19.09194 ], [ -70.90208, 19.09144 ], [ -70.90868, 19.09341 ], [ -70.9208, 19.09229 ], [ -70.92416, 19.09427 ], [ -70.93078, 19.09403 ], [ -70.93504, 19.09581 ], [ -70.9387, 19.09427 ], [ -70.942, 19.0964 ], [ -70.94801, 19.09474 ], [ -70.95367, 19.08718 ], [ -70.95399, 19.08356 ], [ -70.94835, 19.07418 ], [ -70.95586, 19.06433 ], [ -70.95607, 19.05261 ], [ -70.96021, 19.0447 ], [ -70.95332, 19.03883 ], [ -70.94032, 19.03526 ], [ -70.93304, 19.03052 ], [ -70.91262, 19.02316 ], [ -70.90445, 19.01195 ], [ -70.89497, 19.00494 ], [ -70.89111, 18.99576 ], [ -70.89109, 18.99134 ], [ -70.8832, 18.99274 ], [ -70.8702, 19.00243 ], [ -70.86666, 19.00829 ], [ -70.85936, 19.01168 ], [ -70.82525, 19.01467 ], [ -70.81361, 19.00801 ], [ -70.80422, 18.98943 ], [ -70.7727, 18.98326 ], [ -70.7634, 18.98671 ], [ -70.75626, 18.98625 ], [ -70.75182, 18.98886 ], [ -70.75027, 18.99385 ], [ -70.75205, 19.00398 ], [ -70.75433, 19.00627 ], [ -70.75397, 19.00904 ], [ -70.75111, 19.01144 ], [ -70.74921, 19.01131 ], [ -70.74667, 19.00685 ], [ -70.74126, 19.00477 ], [ -70.74118, 19.00131 ], [ -70.73601, 18.99381 ], [ -70.72553, 18.99665 ], [ -70.71389, 18.99196 ], [ -70.70934, 18.99262 ], [ -70.70484, 18.99637 ], [ -70.7043, 18.99358 ], [ -70.68369, 19.00512 ], [ -70.68023, 19.00343 ], [ -70.67774, 19.00844 ], [ -70.67193, 19.00999 ], [ -70.67169, 19.01242 ], [ -70.66722, 19.01422 ], [ -70.66316, 19.01291 ], [ -70.64946, 19.01496 ], [ -70.63684, 19.01047 ], [ -70.63174, 19.01094 ], [ -70.62882, 19.01448 ], [ -70.62956, 19.01073 ], [ -70.62353, 19.00079 ], [ -70.62194, 19.00066 ], [ -70.61414, 19.00414 ], [ -70.60504, 19.01291 ], [ -70.58527, 19.014 ], [ -70.5871, 19.01547 ], [ -70.58432, 19.01992 ], [ -70.58602, 19.02225 ], [ -70.58506, 19.02368 ], [ -70.58719, 19.02492 ], [ -70.58293, 19.02996 ], [ -70.5748, 19.0272 ], [ -70.57293, 19.03016 ], [ -70.56478, 19.0346 ], [ -70.57072, 19.0389 ], [ -70.5555, 19.04093 ], [ -70.55294, 19.04403 ], [ -70.54604, 19.04567 ], [ -70.53018, 19.04414 ], [ -70.51935, 19.03923 ], [ -70.5256, 19.04566 ], [ -70.52656, 19.04906 ], [ -70.53111, 19.04907 ], [ -70.5329, 19.05071 ], [ -70.53297, 19.056 ], [ -70.5285, 19.06346 ], [ -70.53363, 19.06945 ], [ -70.53682, 19.0707 ], [ -70.53472, 19.07258 ], [ -70.53828, 19.07304 ], [ -70.5385, 19.07632 ], [ -70.54141, 19.07697 ], [ -70.54116, 19.08032 ], [ -70.54597, 19.08689 ], [ -70.54434, 19.09051 ], [ -70.55255, 19.09403 ], [ -70.55727, 19.0927 ], [ -70.55654, 19.09684 ], [ -70.5615, 19.09787 ], [ -70.56095, 19.10206 ], [ -70.56359, 19.10209 ], [ -70.56236, 19.10327 ], [ -70.565, 19.10514 ], [ -70.56509, 19.10698 ], [ -70.56271, 19.10688 ], [ -70.56093, 19.10948 ], [ -70.56376, 19.11317 ], [ -70.56653, 19.11348 ], [ -70.56892, 19.12404 ], [ -70.57098, 19.12545 ], [ -70.56975, 19.13148 ], [ -70.57253, 19.1321 ], [ -70.57334, 19.13418 ], [ -70.57281, 19.13583 ], [ -70.56982, 19.13582 ], [ -70.56954, 19.13824 ], [ -70.56694, 19.137 ], [ -70.56461, 19.13979 ], [ -70.56533, 19.14272 ], [ -70.55976, 19.14564 ], [ -70.56631, 19.14797 ], [ -70.56545, 19.15049 ], [ -70.56781, 19.15268 ], [ -70.56448, 19.15422 ], [ -70.56867, 19.15823 ], [ -70.56846, 19.16564 ], [ -70.5707, 19.16851 ], [ -70.56919, 19.17355 ], [ -70.57138, 19.17375 ], [ -70.57386, 19.17814 ], [ -70.56869, 19.1827 ], [ -70.56756, 19.18861 ], [ -70.56397, 19.19089 ], [ -70.56627, 19.19266 ], [ -70.56498, 19.1973 ], [ -70.56665, 19.1996 ], [ -70.56385, 19.20284 ], [ -70.57065, 19.2154 ], [ -70.57857, 19.22131 ], [ -70.58184, 19.22599 ] ] ] } },
{ "type": "Feature", "properties": { "COD_PROV": "13", "COD_MUN": "1304", "MUNICIPIO": "Jima Abajo", "REG": "8" }, "geometry": { "type": "Polygon", "coordinates": [ [ [ -70.408, 19.18747 ], [ -70.4082, 19.18592 ], [ -70.41276, 19.18625 ], [ -70.41963, 19.17988 ], [ -70.43676, 19.17888 ], [ -70.44197, 19.18138 ], [ -70.4501, 19.17803 ], [ -70.45275, 19.17866 ], [ -70.45595, 19.1749 ], [ -70.45694, 19.16743 ], [ -70.46385, 19.16201 ], [ -70.46356, 19.15479 ], [ -70.46117, 19.15383 ], [ -70.45842, 19.14901 ], [ -70.45871, 19.14504 ], [ -70.46115, 19.14234 ], [ -70.45951, 19.13138 ], [ -70.46223, 19.12519 ], [ -70.46937, 19.12653 ], [ -70.47608, 19.12525 ], [ -70.48073, 19.11137 ], [ -70.47756, 19.1051 ], [ -70.47277, 19.10322 ], [ -70.46905, 19.09866 ], [ -70.46309, 19.10231 ], [ -70.4507, 19.10565 ], [ -70.44582, 19.10951 ], [ -70.44462, 19.12034 ], [ -70.43882, 19.12448 ], [ -70.44197, 19.12828 ], [ -70.44124, 19.13041 ], [ -70.43408, 19.13143 ], [ -70.40781, 19.10475 ], [ -70.40851, 19.09481 ], [ -70.40003, 19.08658 ], [ -70.39756, 19.08641 ], [ -70.38827, 19.07609 ], [ -70.38737, 19.06985 ], [ -70.38069, 19.06488 ], [ -70.37763, 19.06502 ], [ -70.37639, 19.05606 ], [ -70.37347, 19.05147 ], [ -70.36806, 19.04966 ], [ -70.36053, 19.04983 ], [ -70.35178, 19.06711 ], [ -70.35459, 19.07088 ], [ -70.35392, 19.07396 ], [ -70.35671, 19.0819 ], [ -70.35166, 19.08383 ], [ -70.35235, 19.08544 ], [ -70.35054, 19.08727 ], [ -70.34692, 19.08739 ], [ -70.3465, 19.09209 ], [ -70.34788, 19.09266 ], [ -70.33813, 19.10386 ], [ -70.33908, 19.10863 ], [ -70.33008, 19.11707 ], [ -70.3257, 19.11844 ], [ -70.32829, 19.1192 ], [ -70.32925, 19.12151 ], [ -70.33192, 19.12138 ], [ -70.33222, 19.12303 ], [ -70.33685, 19.12282 ], [ -70.33472, 19.12478 ], [ -70.33043, 19.1406 ], [ -70.32737, 19.14297 ], [ -70.32288, 19.15124 ], [ -70.32614, 19.15423 ], [ -70.32721, 19.15138 ], [ -70.33293, 19.14964 ], [ -70.33501, 19.15267 ], [ -70.33843, 19.15313 ], [ -70.3361, 19.15557 ], [ -70.33803, 19.15858 ], [ -70.34004, 19.15877 ], [ -70.3408, 19.15469 ], [ -70.34279, 19.15461 ], [ -70.34414, 19.15902 ], [ -70.3454, 19.15684 ], [ -70.34776, 19.15763 ], [ -70.34718, 19.15994 ], [ -70.35135, 19.16244 ], [ -70.35156, 19.16575 ], [ -70.354, 19.16375 ], [ -70.35682, 19.16585 ], [ -70.3557, 19.16085 ], [ -70.35777, 19.16079 ], [ -70.35864, 19.1643 ], [ -70.361, 19.1644 ], [ -70.35964, 19.16599 ], [ -70.36282, 19.16565 ], [ -70.36166, 19.16759 ], [ -70.36322, 19.16785 ], [ -70.36363, 19.17277 ], [ -70.36559, 19.16884 ], [ -70.36668, 19.17057 ], [ -70.37106, 19.16852 ], [ -70.36813, 19.17249 ], [ -70.37411, 19.17071 ], [ -70.375, 19.17372 ], [ -70.37813, 19.17036 ], [ -70.3812, 19.17291 ], [ -70.38451, 19.16899 ], [ -70.38783, 19.17478 ], [ -70.40147, 19.18019 ], [ -70.408, 19.18747 ] ] ] } },
{ "type": "Feature", "properties": { "COD_PROV": "14", "COD_MUN": "1401", "MUNICIPIO": "Nagua", "REG": "3" }, "geometry": { "type": "Polygon", "coordinates": [ [ [ -69.87693, 19.49807 ], [ -69.89067, 19.49823 ], [ -69.89214, 19.4904 ], [ -69.89535, 19.48789 ], [ -69.90742, 19.48753 ], [ -69.91526, 19.48054 ], [ -69.91952, 19.48037 ], [ -69.92246, 19.47775 ], [ -69.93082, 19.47812 ], [ -69.9357, 19.4821 ], [ -69.9358, 19.48512 ], [ -69.94052, 19.48868 ], [ -69.94193, 19.49211 ], [ -69.9458, 19.49209 ], [ -69.9488, 19.49495 ], [ -69.95515, 19.49668 ], [ -69.96491, 19.48698 ], [ -69.96291, 19.48257 ], [ -69.96465, 19.48149 ], [ -69.97094, 19.4835 ], [ -69.98826, 19.48123 ], [ -69.99212, 19.47903 ], [ -69.9954, 19.48123 ], [ -70.00055, 19.48084 ], [ -70.00665, 19.47587 ], [ -70.01321, 19.47446 ], [ -70.02804, 19.47847 ], [ -70.03418, 19.48615 ], [ -70.04309, 19.4896 ], [ -70.05191, 19.49181 ], [ -70.061, 19.48956 ], [ -70.06726, 19.49333 ], [ -70.07577, 19.4849 ], [ -70.0765, 19.47425 ], [ -70.07845, 19.47146 ], [ -70.08759, 19.46657 ], [ -70.09133, 19.46079 ], [ -70.10993, 19.45459 ], [ -70.12429, 19.45245 ], [ -70.12987, 19.45383 ], [ -70.12385, 19.44663 ], [ -70.1242, 19.44049 ], [ -70.12607, 19.43771 ], [ -70.1254, 19.42884 ], [ -70.11753, 19.42818 ], [ -70.11788, 19.43186 ], [ -70.11334, 19.43287 ], [ -70.11435, 19.43606 ], [ -70.11187, 19.43683 ], [ -70.10456, 19.43617 ], [ -70.1021, 19.43329 ], [ -70.09531, 19.43378 ], [ -70.0884, 19.43044 ], [ -70.08069, 19.43302 ], [ -70.0787, 19.42965 ], [ -70.07978, 19.41556 ], [ -70.0759, 19.41029 ], [ -70.08041, 19.404 ], [ -70.07952, 19.39738 ], [ -70.08538, 19.3913 ], [ -70.08647, 19.38659 ], [ -70.08927, 19.38506 ], [ -70.09091, 19.3774 ], [ -70.08943, 19.37337 ], [ -70.09567, 19.36738 ], [ -70.10363, 19.35263 ], [ -70.09741, 19.34584 ], [ -70.08182, 19.34229 ], [ -70.06636, 19.33545 ], [ -70.05245, 19.33221 ], [ -70.04107, 19.32527 ], [ -70.0307, 19.32231 ], [ -70.01187, 19.32183 ], [ -69.99964, 19.31512 ], [ -69.99087, 19.31349 ], [ -69.9846, 19.31001 ], [ -69.97063, 19.30988 ], [ -69.96123, 19.30296 ], [ -69.95604, 19.30139 ], [ -69.94697, 19.3096 ], [ -69.95116, 19.30829 ], [ -69.95685, 19.31356 ], [ -69.95132, 19.32562 ], [ -69.94728, 19.3255 ], [ -69.94106, 19.32077 ], [ -69.93713, 19.32581 ], [ -69.93621, 19.33116 ], [ -69.93044, 19.33416 ], [ -69.92709, 19.3396 ], [ -69.91755, 19.34029 ], [ -69.90788, 19.33691 ], [ -69.90561, 19.33435 ], [ -69.89986, 19.33523 ], [ -69.90188, 19.34636 ], [ -69.90618, 19.35058 ], [ -69.89324, 19.35571 ], [ -69.8823, 19.35326 ], [ -69.87496, 19.34419 ], [ -69.86706, 19.3445 ], [ -69.86109, 19.33979 ], [ -69.85053, 19.33871 ], [ -69.84934, 19.3373 ], [ -69.84276, 19.33859 ], [ -69.84188, 19.33708 ], [ -69.84612, 19.33155 ], [ -69.84704, 19.32645 ], [ -69.84996, 19.32525 ], [ -69.84912, 19.31999 ], [ -69.85317, 19.31249 ], [ -69.85195, 19.30475 ], [ -69.84665, 19.30236 ], [ -69.84517, 19.29961 ], [ -69.84665, 19.29514 ], [ -69.84595, 19.28132 ], [ -69.84264, 19.27664 ], [ -69.84198, 19.26812 ], [ -69.84766, 19.26279 ], [ -69.85452, 19.25173 ], [ -69.85864, 19.23871 ], [ -69.84828, 19.23094 ], [ -69.84084, 19.22908 ], [ -69.8344, 19.23038 ], [ -69.82362, 19.2296 ], [ -69.8065, 19.21735 ], [ -69.79448, 19.20568 ], [ -69.78865, 19.20818 ], [ -69.78593, 19.20371 ], [ -69.77972, 19.20191 ], [ -69.77805, 19.20332 ], [ -69.77883, 19.20761 ], [ -69.77576, 19.21019 ], [ -69.77194, 19.21886 ], [ -69.76144, 19.22352 ], [ -69.75016, 19.22349 ], [ -69.74862, 19.25518 ], [ -69.74578, 19.26243 ], [ -69.76125, 19.25783 ], [ -69.76227, 19.26196 ], [ -69.7601, 19.27078 ], [ -69.76284, 19.2738 ], [ -69.77098, 19.27583 ], [ -69.77165, 19.28025 ], [ -69.76516, 19.28291 ], [ -69.75948, 19.2795 ], [ -69.74751, 19.27625 ], [ -69.74383, 19.27986 ], [ -69.74534, 19.28208 ], [ -69.74746, 19.28202 ], [ -69.7484, 19.28538 ], [ -69.77365, 19.29898 ], [ -69.78784, 19.31068 ], [ -69.80416, 19.32951 ], [ -69.8058, 19.33614 ], [ -69.81438, 19.34208 ], [ -69.81578, 19.35166 ], [ -69.82407, 19.35485 ], [ -69.82976, 19.36254 ], [ -69.84175, 19.37089 ], [ -69.84615, 19.3819 ], [ -69.84636, 19.39355 ], [ -69.86082, 19.41615 ], [ -69.87455, 19.4485 ], [ -69.87547, 19.45711 ], [ -69.87223, 19.46141 ], [ -69.87344, 19.47111 ], [ -69.87115, 19.47555 ], [ -69.87302, 19.48004 ], [ -69.87174, 19.49288 ], [ -69.87693, 19.49807 ] ] ] } },
{ "type": "Feature", "properties": { "COD_PROV": "14", "COD_MUN": "1402", "MUNICIPIO": "Cabrera", "REG": "3" }, "geometry": { "type": "Polygon", "coordinates": [ [ [ -69.98899, 19.68047 ], [ -69.98942, 19.68298 ], [ -69.99135, 19.68315 ], [ -69.992, 19.68049 ], [ -69.99541, 19.67811 ], [ -69.99468, 19.67072 ], [ -70.00628, 19.654 ], [ -70.00777, 19.64406 ], [ -70.01542, 19.63654 ], [ -70.02598, 19.61581 ], [ -70.04364, 19.60963 ], [ -70.04771, 19.60694 ], [ -70.04872, 19.60419 ], [ -70.05517, 19.60277 ], [ -70.05841, 19.59926 ], [ -70.06145, 19.59875 ], [ -70.05456, 19.59453 ], [ -70.05816, 19.58441 ], [ -70.06047, 19.58426 ], [ -70.0615, 19.58102 ], [ -70.06024, 19.57825 ], [ -70.05379, 19.57645 ], [ -70.05223, 19.57109 ], [ -70.0499, 19.56925 ], [ -70.05087, 19.56611 ], [ -70.04809, 19.56175 ], [ -70.05044, 19.5588 ], [ -70.04681, 19.55674 ], [ -70.04164, 19.55686 ], [ -70.02901, 19.54292 ], [ -70.02101, 19.54067 ], [ -70.02193, 19.53441 ], [ -70.01485, 19.52733 ], [ -70.01117, 19.52928 ], [ -70.00496, 19.52626 ], [ -70.00071, 19.51567 ], [ -69.99035, 19.51264 ], [ -69.98728, 19.5129 ], [ -69.98627, 19.51568 ], [ -69.98357, 19.51516 ], [ -69.98113, 19.51014 ], [ -69.98245, 19.50571 ], [ -69.98089, 19.50436 ], [ -69.98122, 19.50071 ], [ -69.97293, 19.49885 ], [ -69.97019, 19.5006 ], [ -69.96557, 19.50017 ], [ -69.96092, 19.49623 ], [ -69.95096, 19.49591 ], [ -69.9458, 19.49209 ], [ -69.94241, 19.49241 ], [ -69.9358, 19.48512 ], [ -69.9357, 19.4821 ], [ -69.93082, 19.47812 ], [ -69.92246, 19.47775 ], [ -69.91952, 19.48037 ], [ -69.91526, 19.48054 ], [ -69.90742, 19.48753 ], [ -69.89535, 19.48789 ], [ -69.89214, 19.4904 ], [ -69.89067, 19.49823 ], [ -69.87824, 19.49855 ], [ -69.87183, 19.49408 ], [ -69.8726, 19.5016 ], [ -69.86852, 19.50854 ], [ -69.87758, 19.51701 ], [ -69.8843, 19.51752 ], [ -69.88853, 19.52028 ], [ -69.88854, 19.52256 ], [ -69.89072, 19.52398 ], [ -69.88995, 19.52552 ], [ -69.89684, 19.53063 ], [ -69.90385, 19.54593 ], [ -69.90359, 19.55 ], [ -69.90053, 19.55317 ], [ -69.90138, 19.55422 ], [ -69.89772, 19.55572 ], [ -69.89909, 19.55959 ], [ -69.89499, 19.56513 ], [ -69.89657, 19.56772 ], [ -69.89534, 19.57415 ], [ -69.89929, 19.58027 ], [ -69.8951, 19.57761 ], [ -69.89428, 19.5853 ], [ -69.88683, 19.59548 ], [ -69.88403, 19.60586 ], [ -69.88621, 19.61798 ], [ -69.89131, 19.62538 ], [ -69.89328, 19.6336 ], [ -69.89656, 19.63691 ], [ -69.89969, 19.64617 ], [ -69.90709, 19.64893 ], [ -69.90997, 19.64742 ], [ -69.91205, 19.64981 ], [ -69.91494, 19.64849 ], [ -69.92187, 19.65537 ], [ -69.92778, 19.65191 ], [ -69.9311, 19.65359 ], [ -69.93602, 19.66079 ], [ -69.93426, 19.66301 ], [ -69.93501, 19.66561 ], [ -69.94176, 19.6677 ], [ -69.94692, 19.67523 ], [ -69.95283, 19.67426 ], [ -69.96081, 19.67996 ], [ -69.96599, 19.67974 ], [ -69.96717, 19.6816 ], [ -69.97533, 19.68002 ], [ -69.97818, 19.68261 ], [ -69.98188, 19.68288 ], [ -69.98899, 19.68047 ] ] ] } },
{ "type": "Feature", "properties": { "COD_PROV": "14", "COD_MUN": "1403", "MUNICIPIO": "El Factor", "REG": "3" }, "geometry": { "type": "Polygon", "coordinates": [ [ [ -69.89324, 19.35571 ], [ -69.90618, 19.35058 ], [ -69.90188, 19.34636 ], [ -69.89986, 19.33523 ], [ -69.90561, 19.33435 ], [ -69.90788, 19.33691 ], [ -69.91755, 19.34029 ], [ -69.92709, 19.3396 ], [ -69.93044, 19.33416 ], [ -69.93621, 19.33116 ], [ -69.93713, 19.32581 ], [ -69.94106, 19.32077 ], [ -69.94728, 19.3255 ], [ -69.95124, 19.32569 ], [ -69.95685, 19.31356 ], [ -69.95116, 19.30829 ], [ -69.94697, 19.3096 ], [ -69.95516, 19.30155 ], [ -69.96113, 19.3029 ], [ -69.97075, 19.30992 ], [ -69.98454, 19.30999 ], [ -69.99087, 19.31349 ], [ -69.99964, 19.31512 ], [ -70.01165, 19.32176 ], [ -70.01645, 19.32159 ], [ -70.015, 19.31916 ], [ -70.01837, 19.31094 ], [ -70.01447, 19.30039 ], [ -70.01511, 19.29461 ], [ -70.0205, 19.28689 ], [ -70.02195, 19.2801 ], [ -70.01907, 19.279 ], [ -70.01651, 19.2742 ], [ -70.00824, 19.27626 ], [ -70.00483, 19.27439 ], [ -70.00121, 19.27495 ], [ -70.00289, 19.2709 ], [ -70.0017, 19.26946 ], [ -69.9973, 19.27268 ], [ -69.98763, 19.27302 ], [ -69.98427, 19.27017 ], [ -69.97757, 19.26926 ], [ -69.97268, 19.27164 ], [ -69.96507, 19.27164 ], [ -69.96331, 19.26698 ], [ -69.95466, 19.25814 ], [ -69.94062, 19.25145 ], [ -69.93768, 19.25245 ], [ -69.93485, 19.251 ], [ -69.92671, 19.2568 ], [ -69.92685, 19.25817 ], [ -69.92306, 19.25845 ], [ -69.92138, 19.26033 ], [ -69.9133, 19.25147 ], [ -69.91709, 19.24933 ], [ -69.91431, 19.24559 ], [ -69.90794, 19.24316 ], [ -69.89911, 19.2451 ], [ -69.89018, 19.23365 ], [ -69.88764, 19.23294 ], [ -69.88054, 19.23549 ], [ -69.87222, 19.23559 ], [ -69.86508, 19.23855 ], [ -69.85864, 19.23871 ], [ -69.85452, 19.25173 ], [ -69.84766, 19.26279 ], [ -69.84198, 19.26812 ], [ -69.84264, 19.27664 ], [ -69.84595, 19.28132 ], [ -69.84665, 19.29514 ], [ -69.84517, 19.29961 ], [ -69.84665, 19.30236 ], [ -69.85195, 19.30475 ], [ -69.85317, 19.31249 ], [ -69.84912, 19.31999 ], [ -69.84996, 19.32525 ], [ -69.84704, 19.32645 ], [ -69.84612, 19.33155 ], [ -69.84192, 19.33773 ], [ -69.84333, 19.33876 ], [ -69.84934, 19.3373 ], [ -69.85053, 19.33871 ], [ -69.86109, 19.33979 ], [ -69.86706, 19.3445 ], [ -69.87496, 19.34419 ], [ -69.8823, 19.35326 ], [ -69.89324, 19.35571 ] ] ] } },
{ "type": "Feature", "properties": { "COD_PROV": "14", "COD_MUN": "1404", "MUNICIPIO": "Río San Juan", "REG": "3" }, "geometry": { "type": "Polygon", "coordinates": [ [ [ -70.01821, 19.68139 ], [ -70.02185, 19.68137 ], [ -70.02306, 19.67809 ], [ -70.02446, 19.68061 ], [ -70.02863, 19.67483 ], [ -70.02898, 19.67664 ], [ -70.03302, 19.67805 ], [ -70.04087, 19.67556 ], [ -70.04543, 19.67801 ], [ -70.04911, 19.67332 ], [ -70.0586, 19.67233 ], [ -70.06914, 19.66381 ], [ -70.07167, 19.65561 ], [ -70.07369, 19.65619 ], [ -70.07321, 19.65445 ], [ -70.07492, 19.65517 ], [ -70.07725, 19.65348 ], [ -70.07631, 19.6513 ], [ -70.08009, 19.64929 ], [ -70.07918, 19.64826 ], [ -70.0814, 19.64631 ], [ -70.08266, 19.63971 ], [ -70.08734, 19.63546 ], [ -70.0858, 19.63408 ], [ -70.08418, 19.63565 ], [ -70.08266, 19.63489 ], [ -70.08182, 19.62745 ], [ -70.08405, 19.62539 ], [ -70.08285, 19.62233 ], [ -70.08568, 19.62333 ], [ -70.08758, 19.61977 ], [ -70.08596, 19.61375 ], [ -70.08302, 19.61159 ], [ -70.08775, 19.61095 ], [ -70.08359, 19.60331 ], [ -70.08394, 19.60136 ], [ -70.08735, 19.60056 ], [ -70.0886, 19.59589 ], [ -70.08853, 19.59403 ], [ -70.08602, 19.59426 ], [ -70.0866, 19.59027 ], [ -70.08901, 19.58983 ], [ -70.08714, 19.58599 ], [ -70.09097, 19.58458 ], [ -70.09341, 19.58573 ], [ -70.09426, 19.5816 ], [ -70.0989, 19.58115 ], [ -70.1006, 19.58328 ], [ -70.10344, 19.57901 ], [ -70.10877, 19.57941 ], [ -70.11079, 19.57668 ], [ -70.11395, 19.57779 ], [ -70.11539, 19.57374 ], [ -70.11993, 19.57228 ], [ -70.12201, 19.57351 ], [ -70.12166, 19.56902 ], [ -70.1262, 19.56861 ], [ -70.12497, 19.56497 ], [ -70.12767, 19.56191 ], [ -70.13166, 19.56262 ], [ -70.13958, 19.55565 ], [ -70.14278, 19.55685 ], [ -70.15369, 19.55533 ], [ -70.15687, 19.55067 ], [ -70.16215, 19.5533 ], [ -70.16298, 19.55655 ], [ -70.16418, 19.5549 ], [ -70.16919, 19.55521 ], [ -70.17225, 19.55218 ], [ -70.17832, 19.55164 ], [ -70.18059, 19.55331 ], [ -70.19173, 19.55451 ], [ -70.19772, 19.55758 ], [ -70.20139, 19.55322 ], [ -70.19822, 19.54368 ], [ -70.1967, 19.51712 ], [ -70.16907, 19.51402 ], [ -70.15856, 19.50966 ], [ -70.15115, 19.51133 ], [ -70.13817, 19.50812 ], [ -70.13614, 19.49934 ], [ -70.13713, 19.48806 ], [ -70.13041, 19.48368 ], [ -70.13147, 19.47679 ], [ -70.12829, 19.47345 ], [ -70.12793, 19.46612 ], [ -70.13246, 19.46108 ], [ -70.1299, 19.45376 ], [ -70.12429, 19.45245 ], [ -70.10993, 19.45459 ], [ -70.09133, 19.46079 ], [ -70.08759, 19.46657 ], [ -70.07845, 19.47146 ], [ -70.0765, 19.47425 ], [ -70.07577, 19.4849 ], [ -70.06726, 19.49333 ], [ -70.061, 19.48956 ], [ -70.05191, 19.49181 ], [ -70.04309, 19.4896 ], [ -70.03418, 19.48615 ], [ -70.02804, 19.47847 ], [ -70.01321, 19.47446 ], [ -70.00665, 19.47587 ], [ -70.00055, 19.48084 ], [ -69.9954, 19.48123 ], [ -69.99212, 19.47903 ], [ -69.98826, 19.48123 ], [ -69.97094, 19.4835 ], [ -69.96465, 19.48149 ], [ -69.96291, 19.48257 ], [ -69.96491, 19.48698 ], [ -69.95614, 19.49626 ], [ -69.96092, 19.49623 ], [ -69.96557, 19.50017 ], [ -69.97019, 19.5006 ], [ -69.97293, 19.49885 ], [ -69.98122, 19.50071 ], [ -69.98089, 19.50436 ], [ -69.98245, 19.50571 ], [ -69.98113, 19.51014 ], [ -69.98464, 19.51596 ], [ -69.98958, 19.51264 ], [ -70.00071, 19.51567 ], [ -70.00496, 19.52626 ], [ -70.01117, 19.52928 ], [ -70.01485, 19.52733 ], [ -70.02193, 19.53441 ], [ -70.02101, 19.54067 ], [ -70.02901, 19.54292 ], [ -70.04164, 19.55686 ], [ -70.04681, 19.55674 ], [ -70.05044, 19.5588 ], [ -70.04809, 19.56175 ], [ -70.05087, 19.56611 ], [ -70.0499, 19.56925 ], [ -70.05223, 19.57109 ], [ -70.05379, 19.57645 ], [ -70.06024, 19.57825 ], [ -70.0615, 19.58102 ], [ -70.06047, 19.58426 ], [ -70.05816, 19.58441 ], [ -70.05456, 19.59453 ], [ -70.06145, 19.59875 ], [ -70.05841, 19.59926 ], [ -70.05517, 19.60277 ], [ -70.04872, 19.60419 ], [ -70.04771, 19.60694 ], [ -70.04364, 19.60963 ], [ -70.02598, 19.61581 ], [ -70.01542, 19.63654 ], [ -70.00777, 19.64406 ], [ -70.00628, 19.654 ], [ -69.99468, 19.67072 ], [ -69.99541, 19.67811 ], [ -70.00425, 19.68055 ], [ -70.00674, 19.67851 ], [ -70.01253, 19.67823 ], [ -70.01637, 19.6789 ], [ -70.01821, 19.68139 ] ] ] } },
{ "type": "Feature", "properties": { "COD_PROV": "15", "COD_MUN": "1501", "MUNICIPIO": "Monte Cristi", "REG": "7" }, "geometry": { "type": "MultiPolygon", "coordinates": [ [ [ [ -71.53018, 19.90885 ], [ -71.54075, 19.9121 ], [ -71.56224, 19.90566 ], [ -71.5679, 19.90851 ], [ -71.58071, 19.90839 ], [ -71.58073, 19.90955 ], [ -71.5996, 19.90181 ], [ -71.59918, 19.89882 ], [ -71.60415, 19.90261 ], [ -71.61589, 19.90062 ], [ -71.61966, 19.89681 ], [ -71.61848, 19.88703 ], [ -71.62952, 19.88116 ], [ -71.63777, 19.88393 ], [ -71.63943, 19.89301 ], [ -71.6432, 19.89622 ], [ -71.65463, 19.89896 ], [ -71.65407, 19.89618 ], [ -71.65981, 19.89513 ], [ -71.66156, 19.8928 ], [ -71.65428, 19.87901 ], [ -71.65402, 19.86708 ], [ -71.65963, 19.85707 ], [ -71.67604, 19.84358 ], [ -71.69072, 19.83978 ], [ -71.69364, 19.82975 ], [ -71.72246, 19.81757 ], [ -71.74476, 19.81483 ], [ -71.74694, 19.80594 ], [ -71.75518, 19.80116 ], [ -71.7792, 19.77821 ], [ -71.77719, 19.77304 ], [ -71.78044, 19.7639 ], [ -71.77985, 19.75908 ], [ -71.77341, 19.75828 ], [ -71.77034, 19.76188 ], [ -71.77158, 19.76351 ], [ -71.77459, 19.76303 ], [ -71.77506, 19.76847 ], [ -71.76415, 19.77253 ], [ -71.76346, 19.77698 ], [ -71.76734, 19.78009 ], [ -71.76557, 19.78108 ], [ -71.75913, 19.77864 ], [ -71.75769, 19.78494 ], [ -71.75328, 19.78889 ], [ -71.75295, 19.79382 ], [ -71.74666, 19.79582 ], [ -71.74786, 19.79179 ], [ -71.75106, 19.78926 ], [ -71.74913, 19.78671 ], [ -71.75045, 19.78125 ], [ -71.74758, 19.77139 ], [ -71.74936, 19.769 ], [ -71.75348, 19.76876 ], [ -71.74815, 19.75986 ], [ -71.74815, 19.76539 ], [ -71.74636, 19.76705 ], [ -71.74355, 19.76566 ], [ -71.74418, 19.76309 ], [ -71.74202, 19.76113 ], [ -71.74342, 19.75784 ], [ -71.73909, 19.757 ], [ -71.738, 19.7552 ], [ -71.74358, 19.75602 ], [ -71.74602, 19.75834 ], [ -71.74684, 19.75709 ], [ -71.73849, 19.74412 ], [ -71.73735, 19.73663 ], [ -71.7315, 19.74293 ], [ -71.72967, 19.73479 ], [ -71.73174, 19.73811 ], [ -71.73292, 19.73591 ], [ -71.72675, 19.72893 ], [ -71.72559, 19.72232 ], [ -71.73296, 19.7021 ], [ -71.72835, 19.70272 ], [ -71.7236, 19.70681 ], [ -71.71821, 19.70274 ], [ -71.72021, 19.70162 ], [ -71.71873, 19.69939 ], [ -71.72253, 19.699 ], [ -71.72465, 19.69672 ], [ -71.72261, 19.69505 ], [ -71.70223, 19.69634 ], [ -71.69341, 19.6869 ], [ -71.68659, 19.68655 ], [ -71.68208, 19.68155 ], [ -71.67647, 19.68243 ], [ -71.66794, 19.6806 ], [ -71.6651, 19.68339 ], [ -71.65633, 19.68686 ], [ -71.65221, 19.69086 ], [ -71.65024, 19.70062 ], [ -71.64313, 19.70053 ], [ -71.63067, 19.71349 ], [ -71.62803, 19.71392 ], [ -71.61668, 19.70839 ], [ -71.60514, 19.70544 ], [ -71.60064, 19.70794 ], [ -71.6012, 19.71176 ], [ -71.596, 19.71928 ], [ -71.59372, 19.71827 ], [ -71.59309, 19.71376 ], [ -71.59008, 19.71018 ], [ -71.58644, 19.71169 ], [ -71.58184, 19.71726 ], [ -71.5682, 19.71568 ], [ -71.56745, 19.71265 ], [ -71.55732, 19.71336 ], [ -71.56157, 19.70654 ], [ -71.55701, 19.699 ], [ -71.56042, 19.69155 ], [ -71.55768, 19.68333 ], [ -71.57546, 19.67288 ], [ -71.57663, 19.67137 ], [ -71.57269, 19.66972 ], [ -71.57279, 19.66783 ], [ -71.5786, 19.66367 ], [ -71.57479, 19.66037 ], [ -71.58057, 19.64598 ], [ -71.60196, 19.63035 ], [ -71.60128, 19.62888 ], [ -71.60003, 19.62971 ], [ -71.59913, 19.62672 ], [ -71.60192, 19.62167 ], [ -71.59852, 19.62159 ], [ -71.59889, 19.61775 ], [ -71.5965, 19.61611 ], [ -71.59336, 19.61559 ], [ -71.5884, 19.62168 ], [ -71.58532, 19.62201 ], [ -71.58064, 19.61859 ], [ -71.5785, 19.61283 ], [ -71.5694, 19.61317 ], [ -71.56275, 19.60779 ], [ -71.55499, 19.61085 ], [ -71.55188, 19.61981 ], [ -71.54737, 19.61971 ], [ -71.5448, 19.62238 ], [ -71.52033, 19.62289 ], [ -71.52108, 19.62514 ], [ -71.52477, 19.62481 ], [ -71.52715, 19.63273 ], [ -71.51875, 19.63347 ], [ -71.51825, 19.63911 ], [ -71.5138, 19.64558 ], [ -71.51924, 19.6572 ], [ -71.51589, 19.66516 ], [ -71.51054, 19.66702 ], [ -71.51045, 19.66906 ], [ -71.51488, 19.67092 ], [ -71.5164, 19.67349 ], [ -71.51641, 19.70129 ], [ -71.52452, 19.7022 ], [ -71.53228, 19.70609 ], [ -71.53694, 19.71008 ], [ -71.53889, 19.72075 ], [ -71.54342, 19.71787 ], [ -71.54614, 19.72069 ], [ -71.54905, 19.72076 ], [ -71.55152, 19.72671 ], [ -71.55597, 19.72853 ], [ -71.55642, 19.73212 ], [ -71.55242, 19.73495 ], [ -71.55205, 19.73729 ], [ -71.55412, 19.73823 ], [ -71.55666, 19.73691 ], [ -71.55779, 19.73839 ], [ -71.55297, 19.74568 ], [ -71.55313, 19.74849 ], [ -71.56195, 19.74782 ], [ -71.56464, 19.75029 ], [ -71.56348, 19.75582 ], [ -71.56019, 19.75892 ], [ -71.56362, 19.76387 ], [ -71.57184, 19.76651 ], [ -71.57329, 19.7727 ], [ -71.57186, 19.78478 ], [ -71.56891, 19.78567 ], [ -71.569, 19.78939 ], [ -71.56713, 19.79125 ], [ -71.56536, 19.79073 ], [ -71.56488, 19.78572 ], [ -71.55971, 19.78617 ], [ -71.55865, 19.77339 ], [ -71.56005, 19.77058 ], [ -71.55701, 19.76377 ], [ -71.55028, 19.76205 ], [ -71.54884, 19.766 ], [ -71.53938, 19.77634 ], [ -71.53707, 19.77587 ], [ -71.533, 19.78061 ], [ -71.53177, 19.78925 ], [ -71.51267, 19.80272 ], [ -71.50545, 19.80317 ], [ -71.50219, 19.80504 ], [ -71.49958, 19.81254 ], [ -71.50322, 19.82698 ], [ -71.50837, 19.83607 ], [ -71.50245, 19.83907 ], [ -71.49659, 19.84602 ], [ -71.49273, 19.84611 ], [ -71.48221, 19.85336 ], [ -71.48152, 19.85542 ], [ -71.48844, 19.87634 ], [ -71.48846, 19.88317 ], [ -71.49288, 19.89329 ], [ -71.49225, 19.89908 ], [ -71.49753, 19.90329 ], [ -71.49779, 19.90682 ], [ -71.50472, 19.90553 ], [ -71.53018, 19.90885 ] ] ], [ [ [ -71.7558, 19.81921 ], [ -71.75513, 19.82217 ], [ -71.75995, 19.821 ], [ -71.76043, 19.81985 ], [ -71.7558, 19.81921 ] ] ], [ [ [ -71.79434, 19.82842 ], [ -71.79315, 19.82897 ], [ -71.7942, 19.8304 ], [ -71.79648, 19.83029 ], [ -71.79989, 19.82754 ], [ -71.7915, 19.82487 ], [ -71.79434, 19.82842 ] ] ], [ [ [ -71.82478, 19.85606 ], [ -71.83374, 19.86367 ], [ -71.83655, 19.86337 ], [ -71.83481, 19.85737 ], [ -71.83101, 19.85716 ], [ -71.82518, 19.85207 ], [ -71.83363, 19.85484 ], [ -71.83402, 19.85228 ], [ -71.82648, 19.85039 ], [ -71.82081, 19.85209 ], [ -71.81402, 19.84536 ], [ -71.80988, 19.84491 ], [ -71.80954, 19.84693 ], [ -71.81376, 19.85069 ], [ -71.81049, 19.85233 ], [ -71.81696, 19.85411 ], [ -71.81771, 19.85727 ], [ -71.82478, 19.85606 ] ] ], [ [ [ -71.80993, 19.86114 ], [ -71.81052, 19.86339 ], [ -71.8133, 19.86396 ], [ -71.81463, 19.86034 ], [ -71.80993, 19.86114 ] ] ], [ [ [ -71.76754, 19.86635 ], [ -71.76927, 19.86417 ], [ -71.768, 19.8616 ], [ -71.76515, 19.86127 ], [ -71.76458, 19.86258 ], [ -71.76754, 19.86635 ] ] ], [ [ [ -71.67604, 19.86639 ], [ -71.67393, 19.86621 ], [ -71.67344, 19.87021 ], [ -71.6751, 19.87036 ], [ -71.67604, 19.86639 ] ] ], [ [ [ -71.83588, 19.87367 ], [ -71.84089, 19.87676 ], [ -71.83991, 19.87294 ], [ -71.84402, 19.8722 ], [ -71.844, 19.87018 ], [ -71.83824, 19.86704 ], [ -71.8397, 19.8611 ], [ -71.83511, 19.86594 ], [ -71.83588, 19.87367 ] ] ], [ [ [ -71.82172, 19.87876 ], [ -71.82038, 19.87506 ], [ -71.8156, 19.87251 ], [ -71.8174, 19.87865 ], [ -71.82172, 19.87876 ] ] ], [ [ [ -71.78751, 19.8858 ], [ -71.78663, 19.88128 ], [ -71.78382, 19.88213 ], [ -71.78363, 19.88631 ], [ -71.78751, 19.8858 ] ] ], [ [ [ -71.67063, 19.88641 ], [ -71.66694, 19.88487 ], [ -71.66542, 19.88949 ], [ -71.66959, 19.89064 ], [ -71.67063, 19.88641 ] ] ], [ [ [ -71.81632, 19.89531 ], [ -71.81218, 19.88989 ], [ -71.80979, 19.89048 ], [ -71.80761, 19.89384 ], [ -71.81201, 19.89871 ], [ -71.81577, 19.89759 ], [ -71.81632, 19.89531 ] ] ], [ [ [ -71.62386, 19.90458 ], [ -71.62399, 19.90381 ], [ -71.6196, 19.90389 ], [ -71.62386, 19.90458 ] ] ], [ [ [ -71.6279, 19.90658 ], [ -71.63194, 19.90536 ], [ -71.62569, 19.90357 ], [ -71.6279, 19.90658 ] ] ], [ [ [ -71.609, 19.90661 ], [ -71.60764, 19.90814 ], [ -71.60881, 19.90863 ], [ -71.609, 19.90661 ] ] ], [ [ [ -71.58925, 19.9095 ], [ -71.58867, 19.91022 ], [ -71.58962, 19.91067 ], [ -71.58925, 19.9095 ] ] ], [ [ [ -71.61095, 19.90956 ], [ -71.61154, 19.91071 ], [ -71.61308, 19.90963 ], [ -71.61095, 19.90956 ] ] ], [ [ [ -71.54964, 19.91361 ], [ -71.54893, 19.91603 ], [ -71.54931, 19.91636 ], [ -71.55086, 19.91529 ], [ -71.54964, 19.91361 ] ] ], [ [ [ -71.58595, 19.91759 ], [ -71.58978, 19.91591 ], [ -71.59033, 19.91255 ], [ -71.58745, 19.91116 ], [ -71.56906, 19.91338 ], [ -71.56746, 19.91114 ], [ -71.56529, 19.91178 ], [ -71.56146, 19.91793 ], [ -71.56477, 19.91679 ], [ -71.57332, 19.91863 ], [ -71.58595, 19.91759 ] ] ], [ [ [ -71.54894, 19.91501 ], [ -71.54713, 19.91534 ], [ -71.54734, 19.91576 ], [ -71.54894, 19.91501 ] ] ], [ [ [ -71.53501, 19.91612 ], [ -71.52957, 19.91801 ], [ -71.53699, 19.92144 ], [ -71.53766, 19.91808 ], [ -71.53501, 19.91612 ] ] ], [ [ [ -71.54955, 19.91721 ], [ -71.54926, 19.91973 ], [ -71.55239, 19.91966 ], [ -71.55204, 19.91764 ], [ -71.54955, 19.91721 ] ] ], [ [ [ -71.55502, 19.91867 ], [ -71.55353, 19.91767 ], [ -71.55284, 19.91774 ], [ -71.5533, 19.91943 ], [ -71.55502, 19.91867 ] ] ], [ [ [ -71.52303, 19.9195 ], [ -71.51867, 19.91787 ], [ -71.51425, 19.92021 ], [ -71.52303, 19.9195 ] ] ] ] } },
{ "type": "Feature", "properties": { "COD_PROV": "15", "COD_MUN": "1502", "MUNICIPIO": "Castañuelas", "REG": "7" }, "geometry": { "type": "Polygon", "coordinates": [ [ [ -71.50175, 19.80347 ], [ -71.51267, 19.80272 ], [ -71.53177, 19.78925 ], [ -71.533, 19.78061 ], [ -71.53707, 19.77587 ], [ -71.53938, 19.77634 ], [ -71.54884, 19.766 ], [ -71.55028, 19.76205 ], [ -71.55701, 19.76377 ], [ -71.56005, 19.77058 ], [ -71.55865, 19.77339 ], [ -71.55971, 19.78617 ], [ -71.56488, 19.78572 ], [ -71.56561, 19.791 ], [ -71.56807, 19.79088 ], [ -71.56891, 19.78567 ], [ -71.57186, 19.78478 ], [ -71.57328, 19.77381 ], [ -71.57144, 19.76568 ], [ -71.56362, 19.76387 ], [ -71.56019, 19.75892 ], [ -71.56348, 19.75582 ], [ -71.56464, 19.75029 ], [ -71.56331, 19.74829 ], [ -71.55313, 19.74849 ], [ -71.55297, 19.74568 ], [ -71.55779, 19.73839 ], [ -71.55666, 19.73691 ], [ -71.55412, 19.73823 ], [ -71.55205, 19.73729 ], [ -71.55242, 19.73495 ], [ -71.55642, 19.73212 ], [ -71.55597, 19.72853 ], [ -71.55152, 19.72671 ], [ -71.54905, 19.72076 ], [ -71.54614, 19.72069 ], [ -71.54342, 19.71787 ], [ -71.53889, 19.72075 ], [ -71.53694, 19.71008 ], [ -71.53228, 19.70609 ], [ -71.52452, 19.7022 ], [ -71.51641, 19.70129 ], [ -71.5167, 19.67517 ], [ -71.51367, 19.67074 ], [ -71.51273, 19.67727 ], [ -71.5062, 19.67816 ], [ -71.50042, 19.68124 ], [ -71.49987, 19.67596 ], [ -71.49588, 19.67244 ], [ -71.48508, 19.67695 ], [ -71.48017, 19.68209 ], [ -71.47276, 19.68312 ], [ -71.46506, 19.68683 ], [ -71.46045, 19.68613 ], [ -71.45325, 19.68948 ], [ -71.45384, 19.69612 ], [ -71.45611, 19.69859 ], [ -71.45571, 19.70308 ], [ -71.45305, 19.70738 ], [ -71.45052, 19.70829 ], [ -71.45314, 19.70869 ], [ -71.45422, 19.71124 ], [ -71.45191, 19.72073 ], [ -71.44816, 19.72651 ], [ -71.45699, 19.72581 ], [ -71.46243, 19.72057 ], [ -71.46657, 19.72229 ], [ -71.46599, 19.72757 ], [ -71.46329, 19.73029 ], [ -71.46393, 19.73646 ], [ -71.47207, 19.74054 ], [ -71.47727, 19.74515 ], [ -71.4793, 19.74968 ], [ -71.48626, 19.75335 ], [ -71.49716, 19.74485 ], [ -71.4967, 19.74091 ], [ -71.50676, 19.74251 ], [ -71.51774, 19.75005 ], [ -71.50716, 19.77156 ], [ -71.509, 19.77544 ], [ -71.50608, 19.78243 ], [ -71.49622, 19.788 ], [ -71.49422, 19.79167 ], [ -71.49652, 19.79801 ], [ -71.50175, 19.80347 ] ] ] } },
{ "type": "Feature", "properties": { "COD_PROV": "15", "COD_MUN": "1503", "MUNICIPIO": "Guayubín", "REG": "7" }, "geometry": { "type": "MultiPolygon", "coordinates": [ [ [ [ -71.32712, 19.87756 ], [ -71.33276, 19.87679 ], [ -71.33264, 19.87596 ], [ -71.32712, 19.87756 ] ] ], [ [ [ -71.31818, 19.88027 ], [ -71.3216, 19.88118 ], [ -71.3256, 19.87901 ], [ -71.31776, 19.87785 ], [ -71.31818, 19.88027 ] ] ], [ [ [ -71.33143, 19.87959 ], [ -71.32942, 19.87866 ], [ -71.32772, 19.88024 ], [ -71.33034, 19.88163 ], [ -71.33143, 19.87959 ] ] ], [ [ [ -71.32646, 19.88049 ], [ -71.32347, 19.88192 ], [ -71.3237, 19.88321 ], [ -71.32747, 19.8823 ], [ -71.32646, 19.88049 ] ] ], [ [ [ -71.32914, 19.8839 ], [ -71.32665, 19.8839 ], [ -71.32843, 19.88534 ], [ -71.32914, 19.8839 ] ] ], [ [ [ -71.3466, 19.8848 ], [ -71.34196, 19.88487 ], [ -71.3451, 19.88654 ], [ -71.3466, 19.8848 ] ] ], [ [ [ -71.35848, 19.89722 ], [ -71.36276, 19.89545 ], [ -71.36047, 19.89223 ], [ -71.35878, 19.89208 ], [ -71.35882, 19.8945 ], [ -71.35318, 19.89274 ], [ -71.35271, 19.89481 ], [ -71.35161, 19.89241 ], [ -71.34676, 19.89324 ], [ -71.34934, 19.89079 ], [ -71.34846, 19.89003 ], [ -71.34049, 19.89126 ], [ -71.34209, 19.89377 ], [ -71.35848, 19.89722 ] ] ], [ [ [ -71.46155, 19.67205 ], [ -71.46212, 19.67013 ], [ -71.4681, 19.64845 ], [ -71.46858, 19.64288 ], [ -71.47086, 19.64144 ], [ -71.47212, 19.63243 ], [ -71.4793, 19.62856 ], [ -71.4747, 19.6231 ], [ -71.47431, 19.61975 ], [ -71.46853, 19.61486 ], [ -71.46289, 19.61724 ], [ -71.46146, 19.61493 ], [ -71.45365, 19.61361 ], [ -71.4552, 19.60438 ], [ -71.4592, 19.59961 ], [ -71.44887, 19.59651 ], [ -71.44463, 19.59168 ], [ -71.43789, 19.58988 ], [ -71.43672, 19.58705 ], [ -71.43986, 19.57845 ], [ -71.44357, 19.57721 ], [ -71.44713, 19.57052 ], [ -71.46674, 19.56776 ], [ -71.46784, 19.56254 ], [ -71.45803, 19.5602 ], [ -71.45188, 19.54933 ], [ -71.43842, 19.54785 ], [ -71.42847, 19.53606 ], [ -71.42129, 19.53391 ], [ -71.41984, 19.53766 ], [ -71.42195, 19.54017 ], [ -71.4219, 19.54366 ], [ -71.42015, 19.54119 ], [ -71.41545, 19.54068 ], [ -71.41507, 19.54833 ], [ -71.41203, 19.55028 ], [ -71.41599, 19.55219 ], [ -71.41702, 19.55667 ], [ -71.39948, 19.55343 ], [ -71.39116, 19.55406 ], [ -71.38436, 19.55163 ], [ -71.37077, 19.55712 ], [ -71.35941, 19.55276 ], [ -71.33684, 19.54827 ], [ -71.33089, 19.55456 ], [ -71.33354, 19.56987 ], [ -71.31634, 19.56496 ], [ -71.31029, 19.5597 ], [ -71.30377, 19.56026 ], [ -71.29552, 19.55517 ], [ -71.29702, 19.55231 ], [ -71.28999, 19.55062 ], [ -71.2791, 19.5447 ], [ -71.26143, 19.53166 ], [ -71.24922, 19.53184 ], [ -71.2396, 19.52417 ], [ -71.23326, 19.52399 ], [ -71.2304, 19.52699 ], [ -71.22662, 19.53826 ], [ -71.21754, 19.54783 ], [ -71.21029, 19.54604 ], [ -71.20522, 19.53977 ], [ -71.18953, 19.53011 ], [ -71.18953, 19.53458 ], [ -71.18713, 19.53546 ], [ -71.18949, 19.53905 ], [ -71.18617, 19.54202 ], [ -71.18952, 19.54267 ], [ -71.18414, 19.5447 ], [ -71.18525, 19.54755 ], [ -71.18334, 19.54906 ], [ -71.18287, 19.55304 ], [ -71.18099, 19.553 ], [ -71.17934, 19.55578 ], [ -71.17737, 19.55425 ], [ -71.17519, 19.55537 ], [ -71.17817, 19.55842 ], [ -71.17689, 19.56228 ], [ -71.17481, 19.56134 ], [ -71.17744, 19.56838 ], [ -71.1719, 19.57013 ], [ -71.17339, 19.5729 ], [ -71.17187, 19.57355 ], [ -71.17414, 19.57428 ], [ -71.17061, 19.57724 ], [ -71.17232, 19.57832 ], [ -71.17193, 19.58821 ], [ -71.1797, 19.59456 ], [ -71.18224, 19.60977 ], [ -71.18441, 19.61082 ], [ -71.18513, 19.61494 ], [ -71.18931, 19.61794 ], [ -71.1884, 19.62096 ], [ -71.18546, 19.62231 ], [ -71.18539, 19.62906 ], [ -71.18369, 19.63122 ], [ -71.17887, 19.63053 ], [ -71.17681, 19.62729 ], [ -71.17516, 19.62897 ], [ -71.1697, 19.62707 ], [ -71.16522, 19.62911 ], [ -71.16068, 19.64594 ], [ -71.16248, 19.65035 ], [ -71.16228, 19.6573 ], [ -71.16615, 19.65537 ], [ -71.16799, 19.66009 ], [ -71.16656, 19.67324 ], [ -71.16797, 19.67723 ], [ -71.16753, 19.68404 ], [ -71.16186, 19.69076 ], [ -71.16133, 19.69797 ], [ -71.16621, 19.7072 ], [ -71.15666, 19.72975 ], [ -71.15448, 19.74079 ], [ -71.14527, 19.75739 ], [ -71.13588, 19.75572 ], [ -71.13102, 19.75911 ], [ -71.13071, 19.76243 ], [ -71.17546, 19.76774 ], [ -71.18415, 19.77116 ], [ -71.18904, 19.76952 ], [ -71.19793, 19.77313 ], [ -71.20162, 19.77672 ], [ -71.209, 19.77774 ], [ -71.21654, 19.78332 ], [ -71.22935, 19.7862 ], [ -71.23483, 19.79014 ], [ -71.24337, 19.80049 ], [ -71.24128, 19.80357 ], [ -71.235, 19.80596 ], [ -71.23385, 19.81019 ], [ -71.23705, 19.81257 ], [ -71.24919, 19.81417 ], [ -71.25969, 19.83309 ], [ -71.26486, 19.83228 ], [ -71.26632, 19.82666 ], [ -71.26866, 19.82746 ], [ -71.27007, 19.82469 ], [ -71.27283, 19.82457 ], [ -71.2727, 19.82887 ], [ -71.27498, 19.82751 ], [ -71.27575, 19.82949 ], [ -71.2729, 19.82975 ], [ -71.27197, 19.82693 ], [ -71.27062, 19.82716 ], [ -71.2657, 19.82979 ], [ -71.2655, 19.83147 ], [ -71.26825, 19.83206 ], [ -71.27006, 19.82923 ], [ -71.26844, 19.83194 ], [ -71.273, 19.83275 ], [ -71.27578, 19.83605 ], [ -71.27743, 19.83561 ], [ -71.27705, 19.83353 ], [ -71.27797, 19.83481 ], [ -71.28268, 19.83449 ], [ -71.28152, 19.83733 ], [ -71.28986, 19.83983 ], [ -71.29185, 19.84306 ], [ -71.28922, 19.84196 ], [ -71.28886, 19.84435 ], [ -71.29167, 19.84609 ], [ -71.29457, 19.84606 ], [ -71.29341, 19.84374 ], [ -71.2987, 19.84725 ], [ -71.31131, 19.84919 ], [ -71.31219, 19.84678 ], [ -71.32323, 19.84935 ], [ -71.32459, 19.84774 ], [ -71.32869, 19.84762 ], [ -71.34262, 19.85036 ], [ -71.34606, 19.84929 ], [ -71.35272, 19.85281 ], [ -71.35894, 19.83679 ], [ -71.37155, 19.82716 ], [ -71.37974, 19.81453 ], [ -71.38658, 19.81166 ], [ -71.38369, 19.80696 ], [ -71.377, 19.80322 ], [ -71.37369, 19.79761 ], [ -71.37783, 19.78484 ], [ -71.37762, 19.77136 ], [ -71.38274, 19.76756 ], [ -71.38231, 19.76041 ], [ -71.38443, 19.7554 ], [ -71.39545, 19.744 ], [ -71.40177, 19.73108 ], [ -71.41452, 19.72075 ], [ -71.41982, 19.71341 ], [ -71.42525, 19.71025 ], [ -71.43145, 19.71043 ], [ -71.43223, 19.70811 ], [ -71.44176, 19.71094 ], [ -71.44309, 19.71344 ], [ -71.4402, 19.7212 ], [ -71.44208, 19.72288 ], [ -71.44516, 19.722 ], [ -71.44891, 19.71765 ], [ -71.45043, 19.70841 ], [ -71.45558, 19.70354 ], [ -71.45611, 19.69859 ], [ -71.45384, 19.69612 ], [ -71.45304, 19.69002 ], [ -71.46155, 19.67205 ] ], [ [ -71.46093, 19.67194 ], [ -71.46153, 19.67208 ], [ -71.46057, 19.67186 ], [ -71.46093, 19.67194 ] ] ], [ [ [ -71.27601, 19.83923 ], [ -71.27515, 19.8372 ], [ -71.27401, 19.83918 ], [ -71.27601, 19.83923 ] ] ], [ [ [ -71.27285, 19.84556 ], [ -71.27217, 19.84432 ], [ -71.27119, 19.84551 ], [ -71.27285, 19.84556 ] ] ], [ [ [ -71.28699, 19.84546 ], [ -71.28671, 19.84389 ], [ -71.28358, 19.84582 ], [ -71.28699, 19.84546 ] ] ], [ [ [ -71.26498, 19.84732 ], [ -71.2639, 19.84764 ], [ -71.26409, 19.84898 ], [ -71.26498, 19.84732 ] ] ], [ [ [ -71.30775, 19.87015 ], [ -71.30779, 19.86844 ], [ -71.30438, 19.86954 ], [ -71.30527, 19.87101 ], [ -71.30775, 19.87015 ] ] ], [ [ [ -71.30148, 19.87859 ], [ -71.31024, 19.87817 ], [ -71.31405, 19.87542 ], [ -71.30542, 19.87562 ], [ -71.2965, 19.87124 ], [ -71.29425, 19.87351 ], [ -71.30148, 19.87859 ] ] ] ] } },
{ "type": "Feature", "properties": { "COD_PROV": "15", "COD_MUN": "1504", "MUNICIPIO": "Las Matas de Santa Cruz", "REG": "7" }, "geometry": { "type": "MultiPolygon", "coordinates": [ [ [ [ -71.46155, 19.67205 ], [ -71.45325, 19.68948 ], [ -71.46045, 19.68613 ], [ -71.46506, 19.68683 ], [ -71.47276, 19.68312 ], [ -71.48017, 19.68209 ], [ -71.48508, 19.67695 ], [ -71.49588, 19.67244 ], [ -71.49987, 19.67596 ], [ -71.50005, 19.68126 ], [ -71.5062, 19.67816 ], [ -71.51273, 19.67727 ], [ -71.51383, 19.67114 ], [ -71.5105, 19.66953 ], [ -71.51054, 19.66702 ], [ -71.51589, 19.66516 ], [ -71.51924, 19.6572 ], [ -71.5138, 19.64558 ], [ -71.51825, 19.63911 ], [ -71.51875, 19.63347 ], [ -71.52715, 19.63273 ], [ -71.52477, 19.62481 ], [ -71.52108, 19.62514 ], [ -71.51909, 19.61977 ], [ -71.51222, 19.61628 ], [ -71.50969, 19.61199 ], [ -71.50597, 19.61133 ], [ -71.50511, 19.60946 ], [ -71.50676, 19.60524 ], [ -71.51026, 19.60264 ], [ -71.50918, 19.59736 ], [ -71.5124, 19.59605 ], [ -71.51149, 19.59043 ], [ -71.51347, 19.58798 ], [ -71.51349, 19.58373 ], [ -71.50592, 19.57832 ], [ -71.50374, 19.5716 ], [ -71.50113, 19.56925 ], [ -71.49554, 19.56656 ], [ -71.48815, 19.56565 ], [ -71.48182, 19.56205 ], [ -71.47382, 19.56466 ], [ -71.46784, 19.56254 ], [ -71.46674, 19.56776 ], [ -71.44713, 19.57052 ], [ -71.44357, 19.57721 ], [ -71.43986, 19.57845 ], [ -71.43672, 19.58705 ], [ -71.43789, 19.58988 ], [ -71.44463, 19.59168 ], [ -71.44887, 19.59651 ], [ -71.4592, 19.59961 ], [ -71.4552, 19.60438 ], [ -71.45365, 19.61361 ], [ -71.46146, 19.61493 ], [ -71.46289, 19.61724 ], [ -71.46853, 19.61486 ], [ -71.47431, 19.61975 ], [ -71.4747, 19.6231 ], [ -71.4793, 19.62856 ], [ -71.47212, 19.63243 ], [ -71.46155, 19.67205 ] ] ], [ [ [ -71.46057, 19.67186 ], [ -71.46153, 19.67208 ], [ -71.46093, 19.67194 ], [ -71.46057, 19.67186 ] ] ] ] } },
{ "type": "Feature", "properties": { "COD_PROV": "15", "COD_MUN": "1505", "MUNICIPIO": "Pepillo Salcedo", "REG": "7" }, "geometry": { "type": "Polygon", "coordinates": [ [ [ -71.59008, 19.71018 ], [ -71.59532, 19.7193 ], [ -71.59769, 19.71841 ], [ -71.5981, 19.7152 ], [ -71.60104, 19.71213 ], [ -71.60064, 19.70794 ], [ -71.60514, 19.70544 ], [ -71.61668, 19.70839 ], [ -71.62803, 19.71392 ], [ -71.63067, 19.71349 ], [ -71.64313, 19.70053 ], [ -71.64953, 19.70126 ], [ -71.65318, 19.68933 ], [ -71.66794, 19.6806 ], [ -71.68424, 19.68244 ], [ -71.68659, 19.68655 ], [ -71.69341, 19.6869 ], [ -71.69986, 19.69505 ], [ -71.70293, 19.69657 ], [ -71.71609, 19.69167 ], [ -71.71886, 19.69435 ], [ -71.72302, 19.69395 ], [ -71.73581, 19.70118 ], [ -71.73263, 19.70782 ], [ -71.74123, 19.70673 ], [ -71.74371, 19.70784 ], [ -71.75489, 19.70336 ], [ -71.76017, 19.69885 ], [ -71.76202, 19.69323 ], [ -71.75962, 19.69489 ], [ -71.75599, 19.69112 ], [ -71.75914, 19.68822 ], [ -71.75413, 19.68538 ], [ -71.75598, 19.68475 ], [ -71.75439, 19.681 ], [ -71.75682, 19.67849 ], [ -71.75626, 19.67629 ], [ -71.75268, 19.67544 ], [ -71.74347, 19.66477 ], [ -71.73886, 19.66569 ], [ -71.73782, 19.66227 ], [ -71.73534, 19.66166 ], [ -71.73204, 19.64613 ], [ -71.73949, 19.63976 ], [ -71.73254, 19.63114 ], [ -71.72966, 19.63041 ], [ -71.72739, 19.63601 ], [ -71.70807, 19.63493 ], [ -71.69986, 19.63239 ], [ -71.69594, 19.63354 ], [ -71.69186, 19.63161 ], [ -71.69158, 19.62841 ], [ -71.6941, 19.62908 ], [ -71.69423, 19.62563 ], [ -71.69158, 19.6258 ], [ -71.68988, 19.62252 ], [ -71.6844, 19.62057 ], [ -71.6769, 19.60978 ], [ -71.67103, 19.60666 ], [ -71.65682, 19.60697 ], [ -71.65496, 19.60326 ], [ -71.6385, 19.60785 ], [ -71.64135, 19.61195 ], [ -71.63947, 19.61588 ], [ -71.62937, 19.62183 ], [ -71.6129, 19.63919 ], [ -71.60425, 19.64502 ], [ -71.5991, 19.63346 ], [ -71.58164, 19.64459 ], [ -71.57481, 19.66025 ], [ -71.5786, 19.66367 ], [ -71.57279, 19.66783 ], [ -71.57269, 19.66972 ], [ -71.57663, 19.67137 ], [ -71.55768, 19.68333 ], [ -71.56042, 19.69155 ], [ -71.55701, 19.699 ], [ -71.56157, 19.70654 ], [ -71.55732, 19.71336 ], [ -71.56745, 19.71265 ], [ -71.5682, 19.71568 ], [ -71.58184, 19.71726 ], [ -71.58644, 19.71169 ], [ -71.59008, 19.71018 ] ] ] } },
{ "type": "Feature", "properties": { "COD_PROV": "15", "COD_MUN": "1506", "MUNICIPIO": "Villa Vásquez", "REG": "7" }, "geometry": { "type": "MultiPolygon", "coordinates": [ [ [ [ -71.48981, 19.90953 ], [ -71.49668, 19.90937 ], [ -71.49767, 19.90365 ], [ -71.49225, 19.89908 ], [ -71.49288, 19.89329 ], [ -71.48846, 19.88317 ], [ -71.48844, 19.87634 ], [ -71.48152, 19.85542 ], [ -71.48221, 19.85336 ], [ -71.49273, 19.84611 ], [ -71.49659, 19.84602 ], [ -71.50245, 19.83907 ], [ -71.50837, 19.83607 ], [ -71.50322, 19.82698 ], [ -71.49958, 19.81254 ], [ -71.50306, 19.8039 ], [ -71.49652, 19.79801 ], [ -71.49422, 19.79167 ], [ -71.49622, 19.788 ], [ -71.50608, 19.78243 ], [ -71.509, 19.77544 ], [ -71.50716, 19.77156 ], [ -71.51774, 19.75005 ], [ -71.50676, 19.74251 ], [ -71.4967, 19.74091 ], [ -71.49716, 19.74485 ], [ -71.48626, 19.75335 ], [ -71.48427, 19.75258 ], [ -71.4793, 19.74968 ], [ -71.47727, 19.74515 ], [ -71.47207, 19.74054 ], [ -71.46393, 19.73646 ], [ -71.46329, 19.73029 ], [ -71.46599, 19.72757 ], [ -71.46657, 19.72229 ], [ -71.46243, 19.72057 ], [ -71.45699, 19.72581 ], [ -71.44816, 19.72651 ], [ -71.45226, 19.71975 ], [ -71.45422, 19.71124 ], [ -71.45314, 19.70869 ], [ -71.45043, 19.70841 ], [ -71.44891, 19.71765 ], [ -71.44516, 19.722 ], [ -71.44208, 19.72288 ], [ -71.43992, 19.71941 ], [ -71.44264, 19.71541 ], [ -71.44255, 19.71157 ], [ -71.43185, 19.70819 ], [ -71.43145, 19.71043 ], [ -71.42637, 19.70971 ], [ -71.41982, 19.71341 ], [ -71.41452, 19.72075 ], [ -71.40177, 19.73108 ], [ -71.39545, 19.744 ], [ -71.38443, 19.7554 ], [ -71.38231, 19.76041 ], [ -71.38274, 19.76756 ], [ -71.37762, 19.77136 ], [ -71.37783, 19.78484 ], [ -71.37369, 19.79761 ], [ -71.377, 19.80322 ], [ -71.38369, 19.80696 ], [ -71.38658, 19.81166 ], [ -71.37974, 19.81453 ], [ -71.37155, 19.82716 ], [ -71.35894, 19.83679 ], [ -71.35272, 19.85281 ], [ -71.36411, 19.85601 ], [ -71.37814, 19.85735 ], [ -71.3824, 19.86166 ], [ -71.38927, 19.86494 ], [ -71.39597, 19.86464 ], [ -71.39767, 19.86867 ], [ -71.40275, 19.86657 ], [ -71.40331, 19.86811 ], [ -71.40137, 19.86865 ], [ -71.40247, 19.87178 ], [ -71.40721, 19.87202 ], [ -71.4116, 19.87499 ], [ -71.41364, 19.87442 ], [ -71.42907, 19.88101 ], [ -71.43871, 19.883 ], [ -71.44069, 19.88648 ], [ -71.44962, 19.89144 ], [ -71.45022, 19.89414 ], [ -71.45578, 19.89451 ], [ -71.48981, 19.90953 ] ] ], [ [ [ -71.41358, 19.87851 ], [ -71.42342, 19.88647 ], [ -71.42775, 19.88675 ], [ -71.42817, 19.88272 ], [ -71.42234, 19.87911 ], [ -71.41497, 19.87624 ], [ -71.41358, 19.87851 ] ] ], [ [ [ -71.45408, 19.9088 ], [ -71.45684, 19.90723 ], [ -71.45554, 19.90343 ], [ -71.44767, 19.90473 ], [ -71.44665, 19.90245 ], [ -71.44025, 19.90196 ], [ -71.43491, 19.89879 ], [ -71.43187, 19.89648 ], [ -71.43104, 19.88762 ], [ -71.42957, 19.88658 ], [ -71.42423, 19.88836 ], [ -71.42404, 19.89107 ], [ -71.4278, 19.89455 ], [ -71.43054, 19.9018 ], [ -71.45408, 19.9088 ] ] ] ] } },
{ "type": "Feature", "properties": { "COD_PROV": "16", "COD_MUN": "1601", "MUNICIPIO": "Pedernales", "REG": "4" }, "geometry": { "type": "MultiPolygon", "coordinates": [ [ [ [ -71.64283, 17.48037 ], [ -71.64795, 17.47758 ], [ -71.64318, 17.47033 ], [ -71.63485, 17.47242 ], [ -71.63703, 17.47511 ], [ -71.63649, 17.47763 ], [ -71.64283, 17.48037 ] ] ], [ [ [ -71.64938, 17.48387 ], [ -71.64625, 17.48463 ], [ -71.64536, 17.48697 ], [ -71.64703, 17.48691 ], [ -71.64938, 17.48387 ] ] ], [ [ [ -71.51248, 17.61264 ], [ -71.52186, 17.62021 ], [ -71.5291, 17.60109 ], [ -71.53861, 17.59572 ], [ -71.54157, 17.58065 ], [ -71.5493, 17.57101 ], [ -71.55048, 17.5623 ], [ -71.55378, 17.55587 ], [ -71.55442, 17.54769 ], [ -71.54889, 17.54098 ], [ -71.54501, 17.53958 ], [ -71.5336, 17.54018 ], [ -71.49903, 17.55077 ], [ -71.49528, 17.55654 ], [ -71.47652, 17.56966 ], [ -71.47322, 17.57959 ], [ -71.46922, 17.58014 ], [ -71.46999, 17.58372 ], [ -71.47539, 17.58569 ], [ -71.48251, 17.58465 ], [ -71.48785, 17.58992 ], [ -71.49591, 17.60811 ], [ -71.50273, 17.61202 ], [ -71.51248, 17.61264 ] ] ], [ [ [ -71.7094, 17.63237 ], [ -71.71094, 17.63197 ], [ -71.70933, 17.63081 ], [ -71.7094, 17.63237 ] ] ], [ [ [ -71.70692, 18.28382 ], [ -71.71292, 18.28776 ], [ -71.72531, 18.29046 ], [ -71.75954, 18.23556 ], [ -71.75793, 18.22795 ], [ -71.76263, 18.22573 ], [ -71.76387, 18.22126 ], [ -71.76749, 18.22113 ], [ -71.76922, 18.21894 ], [ -71.76922, 18.21328 ], [ -71.77346, 18.20512 ], [ -71.77191, 18.19842 ], [ -71.77523, 18.19473 ], [ -71.78058, 18.19303 ], [ -71.78633, 18.18645 ], [ -71.78815, 18.17951 ], [ -71.78423, 18.17322 ], [ -71.78349, 18.16583 ], [ -71.76627, 18.16756 ], [ -71.76592, 18.1652 ], [ -71.76862, 18.16464 ], [ -71.76849, 18.16154 ], [ -71.76474, 18.15923 ], [ -71.76485, 18.15619 ], [ -71.76198, 18.15564 ], [ -71.76097, 18.15118 ], [ -71.75866, 18.15263 ], [ -71.75751, 18.15156 ], [ -71.75825, 18.14445 ], [ -71.75694, 18.14697 ], [ -71.75489, 18.147 ], [ -71.7536, 18.14587 ], [ -71.75468, 18.14267 ], [ -71.75255, 18.1423 ], [ -71.74883, 18.14898 ], [ -71.74661, 18.14705 ], [ -71.74504, 18.1418 ], [ -71.74704, 18.13962 ], [ -71.74905, 18.13998 ], [ -71.75167, 18.13639 ], [ -71.74611, 18.13547 ], [ -71.74347, 18.13119 ], [ -71.74734, 18.12951 ], [ -71.74503, 18.12559 ], [ -71.748, 18.12453 ], [ -71.74551, 18.12119 ], [ -71.74702, 18.11393 ], [ -71.74966, 18.11188 ], [ -71.74599, 18.09895 ], [ -71.74435, 18.09785 ], [ -71.74166, 18.10028 ], [ -71.73829, 18.10027 ], [ -71.73756, 18.0966 ], [ -71.73509, 18.09523 ], [ -71.73875, 18.0902 ], [ -71.73688, 18.08847 ], [ -71.73504, 18.08 ], [ -71.7386, 18.07528 ], [ -71.7384, 18.06866 ], [ -71.74391, 18.06408 ], [ -71.74544, 18.05066 ], [ -71.75637, 18.04189 ], [ -71.75688, 18.03458 ], [ -71.75912, 18.03115 ], [ -71.74466, 18.02773 ], [ -71.73502, 18.02344 ], [ -71.72523, 18.01174 ], [ -71.72479, 18.00498 ], [ -71.72247, 18.00069 ], [ -71.70359, 17.99173 ], [ -71.69053, 17.98194 ], [ -71.67869, 17.97071 ], [ -71.67258, 17.96216 ], [ -71.66912, 17.94933 ], [ -71.66042, 17.93486 ], [ -71.65917, 17.92878 ], [ -71.66383, 17.91279 ], [ -71.66635, 17.90992 ], [ -71.67251, 17.91088 ], [ -71.67504, 17.90884 ], [ -71.67962, 17.90282 ], [ -71.6789, 17.8968 ], [ -71.67714, 17.89333 ], [ -71.66318, 17.8854 ], [ -71.65884, 17.881 ], [ -71.65116, 17.86629 ], [ -71.6523, 17.86449 ], [ -71.65109, 17.86175 ], [ -71.65285, 17.85942 ], [ -71.63984, 17.84717 ], [ -71.63573, 17.83807 ], [ -71.60789, 17.8503 ], [ -71.59386, 17.86099 ], [ -71.58282, 17.86488 ], [ -71.57289, 17.88013 ], [ -71.55962, 17.88035 ], [ -71.55311, 17.8874 ], [ -71.54109, 17.89413 ], [ -71.53798, 17.90553 ], [ -71.54018, 17.92006 ], [ -71.53703, 17.93229 ], [ -71.53848, 17.93575 ], [ -71.53278, 17.9513 ], [ -71.52792, 17.95875 ], [ -71.53974, 17.97797 ], [ -71.53483, 17.98625 ], [ -71.53085, 18.00591 ], [ -71.52522, 18.01393 ], [ -71.51231, 18.02463 ], [ -71.50809, 18.03132 ], [ -71.49678, 18.04258 ], [ -71.48894, 18.0556 ], [ -71.47439, 18.05693 ], [ -71.47229, 18.05198 ], [ -71.46869, 18.05069 ], [ -71.46905, 18.04633 ], [ -71.46507, 18.03656 ], [ -71.44879, 18.0223 ], [ -71.44284, 18.02474 ], [ -71.42941, 18.01821 ], [ -71.42123, 18.01808 ], [ -71.41205, 18.01097 ], [ -71.40631, 18.01411 ], [ -71.397, 18.02961 ], [ -71.38665, 18.04159 ], [ -71.38396, 18.04875 ], [ -71.38514, 18.05401 ], [ -71.3898, 18.05869 ], [ -71.39014, 18.08023 ], [ -71.40554, 18.09983 ], [ -71.40135, 18.1043 ], [ -71.39586, 18.10439 ], [ -71.3942, 18.10938 ], [ -71.38876, 18.11374 ], [ -71.38557, 18.12107 ], [ -71.39323, 18.12908 ], [ -71.39782, 18.13141 ], [ -71.4053, 18.13138 ], [ -71.4111, 18.12886 ], [ -71.42042, 18.1333 ], [ -71.42547, 18.13787 ], [ -71.43137, 18.1403 ], [ -71.44085, 18.15029 ], [ -71.45736, 18.15754 ], [ -71.46273, 18.16297 ], [ -71.4652, 18.16949 ], [ -71.47445, 18.17686 ], [ -71.48613, 18.19051 ], [ -71.49642, 18.19503 ], [ -71.50292, 18.2016 ], [ -71.50871, 18.20217 ], [ -71.52303, 18.19529 ], [ -71.53176, 18.19825 ], [ -71.54685, 18.20718 ], [ -71.55917, 18.20488 ], [ -71.56843, 18.20516 ], [ -71.58142, 18.21945 ], [ -71.58694, 18.22178 ], [ -71.59546, 18.22883 ], [ -71.60291, 18.22626 ], [ -71.61129, 18.22808 ], [ -71.62099, 18.22578 ], [ -71.62408, 18.22649 ], [ -71.62934, 18.23027 ], [ -71.6336, 18.23697 ], [ -71.64072, 18.23903 ], [ -71.64563, 18.24464 ], [ -71.65535, 18.24801 ], [ -71.66878, 18.25593 ], [ -71.67497, 18.26273 ], [ -71.6864, 18.26861 ], [ -71.69031, 18.27516 ], [ -71.69966, 18.27941 ], [ -71.70153, 18.28319 ], [ -71.70692, 18.28382 ] ] ] ] } },
{ "type": "Feature", "properties": { "COD_PROV": "16", "COD_MUN": "1602", "MUNICIPIO": "Oviedo", "REG": "4" }, "geometry": { "type": "MultiPolygon", "coordinates": [ [ [ [ -71.47408, 18.05644 ], [ -71.47633, 18.05757 ], [ -71.48961, 18.05509 ], [ -71.49678, 18.04258 ], [ -71.50809, 18.03132 ], [ -71.51231, 18.02463 ], [ -71.52522, 18.01393 ], [ -71.53085, 18.00591 ], [ -71.53483, 17.98625 ], [ -71.53974, 17.97797 ], [ -71.52792, 17.95875 ], [ -71.53278, 17.9513 ], [ -71.53848, 17.93575 ], [ -71.53703, 17.93229 ], [ -71.54018, 17.92006 ], [ -71.53798, 17.90553 ], [ -71.54162, 17.89342 ], [ -71.55311, 17.8874 ], [ -71.55962, 17.88035 ], [ -71.57289, 17.88013 ], [ -71.58282, 17.86488 ], [ -71.59386, 17.86099 ], [ -71.60789, 17.8503 ], [ -71.63573, 17.83807 ], [ -71.63426, 17.82752 ], [ -71.63981, 17.81382 ], [ -71.64741, 17.8123 ], [ -71.65639, 17.81568 ], [ -71.66055, 17.81414 ], [ -71.66394, 17.80568 ], [ -71.66636, 17.79112 ], [ -71.6713, 17.78326 ], [ -71.67521, 17.78005 ], [ -71.68179, 17.77975 ], [ -71.69774, 17.77385 ], [ -71.6988, 17.7711 ], [ -71.69074, 17.76407 ], [ -71.68113, 17.76004 ], [ -71.67364, 17.75292 ], [ -71.66588, 17.75325 ], [ -71.66226, 17.75017 ], [ -71.65561, 17.75205 ], [ -71.64286, 17.75073 ], [ -71.63591, 17.7544 ], [ -71.61812, 17.75955 ], [ -71.60006, 17.76254 ], [ -71.58893, 17.76098 ], [ -71.57333, 17.76208 ], [ -71.55793, 17.76087 ], [ -71.53444, 17.75221 ], [ -71.53283, 17.74686 ], [ -71.51334, 17.73356 ], [ -71.50449, 17.72391 ], [ -71.4919, 17.6958 ], [ -71.48691, 17.67454 ], [ -71.47822, 17.65666 ], [ -71.45961, 17.638 ], [ -71.45285, 17.63385 ], [ -71.44745, 17.61961 ], [ -71.43432, 17.61087 ], [ -71.43313, 17.6065 ], [ -71.42183, 17.59659 ], [ -71.41218, 17.61318 ], [ -71.4042, 17.61433 ], [ -71.39864, 17.62152 ], [ -71.39603, 17.62756 ], [ -71.39858, 17.63291 ], [ -71.38612, 17.65056 ], [ -71.38609, 17.65778 ], [ -71.38372, 17.66025 ], [ -71.37769, 17.66211 ], [ -71.37156, 17.67661 ], [ -71.36655, 17.68205 ], [ -71.36781, 17.69342 ], [ -71.36303, 17.69739 ], [ -71.35919, 17.70721 ], [ -71.3499, 17.74479 ], [ -71.34371, 17.74821 ], [ -71.34842, 17.74787 ], [ -71.34924, 17.75228 ], [ -71.32793, 17.78938 ], [ -71.32603, 17.79571 ], [ -71.30808, 17.81942 ], [ -71.30338, 17.82162 ], [ -71.29746, 17.81609 ], [ -71.28549, 17.82551 ], [ -71.28639, 17.84614 ], [ -71.28462, 17.85184 ], [ -71.282, 17.85333 ], [ -71.28259, 17.84941 ], [ -71.27844, 17.84455 ], [ -71.27493, 17.84566 ], [ -71.27229, 17.85191 ], [ -71.283, 17.86193 ], [ -71.28507, 17.86941 ], [ -71.2922, 17.87579 ], [ -71.28949, 17.88001 ], [ -71.29285, 17.88792 ], [ -71.29265, 17.89164 ], [ -71.30017, 17.89735 ], [ -71.31057, 17.89838 ], [ -71.3014, 17.90337 ], [ -71.29782, 17.90786 ], [ -71.29814, 17.91219 ], [ -71.30282, 17.91451 ], [ -71.30816, 17.91433 ], [ -71.31072, 17.91709 ], [ -71.32363, 17.91727 ], [ -71.33354, 17.92018 ], [ -71.34236, 17.9159 ], [ -71.348, 17.92042 ], [ -71.35824, 17.92172 ], [ -71.36627, 17.92971 ], [ -71.37135, 17.92794 ], [ -71.38162, 17.92865 ], [ -71.38054, 17.93574 ], [ -71.37755, 17.93971 ], [ -71.38438, 17.94237 ], [ -71.38651, 17.94625 ], [ -71.39496, 17.95337 ], [ -71.39238, 17.9577 ], [ -71.39834, 17.96398 ], [ -71.40211, 17.96209 ], [ -71.40543, 17.96707 ], [ -71.40475, 17.9701 ], [ -71.40943, 17.9707 ], [ -71.41609, 17.96713 ], [ -71.42053, 17.96732 ], [ -71.4351, 17.97728 ], [ -71.4379, 17.98011 ], [ -71.43813, 17.98812 ], [ -71.42767, 17.9975 ], [ -71.43, 18.00761 ], [ -71.42982, 18.01844 ], [ -71.44284, 18.02474 ], [ -71.44879, 18.0223 ], [ -71.45567, 18.02774 ], [ -71.46507, 18.03656 ], [ -71.46905, 18.04633 ], [ -71.46869, 18.05069 ], [ -71.47229, 18.05198 ], [ -71.47408, 18.05644 ] ] ], [ [ [ -71.28248, 17.83713 ], [ -71.27886, 17.83878 ], [ -71.27932, 17.84121 ], [ -71.28421, 17.84101 ], [ -71.28248, 17.83713 ] ] ] ] } },
{ "type": "Feature", "properties": { "COD_PROV": "17", "COD_MUN": "1701", "MUNICIPIO": "Baní", "REG": "1" }, "geometry": { "type": "Polygon", "coordinates": [ [ [ -70.32916, 18.50218 ], [ -70.33041, 18.50934 ], [ -70.33577, 18.50662 ], [ -70.33563, 18.5019 ], [ -70.33861, 18.49959 ], [ -70.33918, 18.50422 ], [ -70.34593, 18.50219 ], [ -70.35208, 18.50724 ], [ -70.35681, 18.50723 ], [ -70.35723, 18.50364 ], [ -70.36131, 18.50243 ], [ -70.3615, 18.50003 ], [ -70.37037, 18.4937 ], [ -70.37255, 18.48952 ], [ -70.37065, 18.48786 ], [ -70.374, 18.48336 ], [ -70.37898, 18.48312 ], [ -70.37976, 18.48118 ], [ -70.38656, 18.47823 ], [ -70.38857, 18.47968 ], [ -70.39965, 18.47237 ], [ -70.40445, 18.47217 ], [ -70.42141, 18.46595 ], [ -70.42935, 18.46761 ], [ -70.43059, 18.46467 ], [ -70.43702, 18.46178 ], [ -70.44224, 18.45486 ], [ -70.44503, 18.45791 ], [ -70.44881, 18.45576 ], [ -70.45103, 18.45729 ], [ -70.45174, 18.45351 ], [ -70.45544, 18.45396 ], [ -70.45782, 18.45678 ], [ -70.46922, 18.45101 ], [ -70.47062, 18.44779 ], [ -70.46841, 18.44423 ], [ -70.47703, 18.4289 ], [ -70.47814, 18.41995 ], [ -70.47195, 18.41533 ], [ -70.46948, 18.41109 ], [ -70.47124, 18.40039 ], [ -70.4704, 18.39512 ], [ -70.4735, 18.38969 ], [ -70.47406, 18.38344 ], [ -70.48677, 18.36802 ], [ -70.4902, 18.35661 ], [ -70.48682, 18.32357 ], [ -70.49825, 18.29197 ], [ -70.50241, 18.2884 ], [ -70.512, 18.28906 ], [ -70.52355, 18.2814 ], [ -70.54426, 18.28292 ], [ -70.55712, 18.28193 ], [ -70.56334, 18.27867 ], [ -70.5801, 18.27955 ], [ -70.58799, 18.2727 ], [ -70.58036, 18.26899 ], [ -70.57831, 18.2631 ], [ -70.57477, 18.25921 ], [ -70.56024, 18.25674 ], [ -70.55886, 18.25312 ], [ -70.55113, 18.25061 ], [ -70.54922, 18.24613 ], [ -70.54342, 18.24158 ], [ -70.54301, 18.23823 ], [ -70.53766, 18.23518 ], [ -70.53347, 18.22956 ], [ -70.53179, 18.22964 ], [ -70.53014, 18.23391 ], [ -70.5273, 18.22932 ], [ -70.52411, 18.23054 ], [ -70.51964, 18.22939 ], [ -70.51186, 18.22138 ], [ -70.51178, 18.21803 ], [ -70.52286, 18.21331 ], [ -70.53438, 18.21575 ], [ -70.53631, 18.21353 ], [ -70.54674, 18.21264 ], [ -70.54903, 18.21405 ], [ -70.55015, 18.21855 ], [ -70.54937, 18.2241 ], [ -70.54553, 18.22805 ], [ -70.54765, 18.22882 ], [ -70.5595, 18.22078 ], [ -70.56441, 18.21188 ], [ -70.56389, 18.20991 ], [ -70.56746, 18.20961 ], [ -70.5639, 18.20406 ], [ -70.55231, 18.2029 ], [ -70.5279, 18.20676 ], [ -70.52357, 18.20528 ], [ -70.51405, 18.1945 ], [ -70.50135, 18.19286 ], [ -70.47144, 18.20298 ], [ -70.46388, 18.20384 ], [ -70.42456, 18.22722 ], [ -70.42293, 18.23432 ], [ -70.42286, 18.23304 ], [ -70.42339, 18.23112 ], [ -70.42302, 18.22845 ], [ -70.41092, 18.23035 ], [ -70.39203, 18.23731 ], [ -70.38531, 18.23678 ], [ -70.37164, 18.23104 ], [ -70.35225, 18.23085 ], [ -70.33483, 18.22638 ], [ -70.30269, 18.2292 ], [ -70.28581, 18.23656 ], [ -70.27835, 18.23803 ], [ -70.26656, 18.23638 ], [ -70.25301, 18.23044 ], [ -70.24597, 18.22912 ], [ -70.23734, 18.22204 ], [ -70.23441, 18.22397 ], [ -70.23336, 18.23349 ], [ -70.24008, 18.24174 ], [ -70.23813, 18.24675 ], [ -70.24014, 18.25413 ], [ -70.23936, 18.26127 ], [ -70.23778, 18.26162 ], [ -70.23595, 18.26835 ], [ -70.23423, 18.26864 ], [ -70.23564, 18.27143 ], [ -70.23813, 18.27119 ], [ -70.2388, 18.27384 ], [ -70.24139, 18.27516 ], [ -70.23876, 18.27907 ], [ -70.25218, 18.2944 ], [ -70.2537, 18.30299 ], [ -70.25154, 18.30853 ], [ -70.24054, 18.30815 ], [ -70.24023, 18.3125 ], [ -70.23455, 18.31105 ], [ -70.23195, 18.314 ], [ -70.22682, 18.31304 ], [ -70.2287, 18.31703 ], [ -70.22859, 18.32448 ], [ -70.23664, 18.32944 ], [ -70.24202, 18.33517 ], [ -70.24309, 18.34358 ], [ -70.24677, 18.34506 ], [ -70.24855, 18.3501 ], [ -70.24608, 18.35572 ], [ -70.2467, 18.36029 ], [ -70.25142, 18.36639 ], [ -70.25574, 18.36697 ], [ -70.26678, 18.35875 ], [ -70.27026, 18.35838 ], [ -70.27234, 18.37843 ], [ -70.27513, 18.38463 ], [ -70.27842, 18.38489 ], [ -70.28333, 18.37855 ], [ -70.28876, 18.38621 ], [ -70.28134, 18.38976 ], [ -70.28074, 18.39603 ], [ -70.27747, 18.3999 ], [ -70.27824, 18.40407 ], [ -70.26318, 18.40216 ], [ -70.25796, 18.4115 ], [ -70.24621, 18.4152 ], [ -70.2437, 18.42067 ], [ -70.24986, 18.42641 ], [ -70.25983, 18.4282 ], [ -70.26242, 18.43027 ], [ -70.26269, 18.43209 ], [ -70.25852, 18.43668 ], [ -70.25976, 18.43805 ], [ -70.26418, 18.43754 ], [ -70.26608, 18.43988 ], [ -70.25967, 18.44525 ], [ -70.26578, 18.44844 ], [ -70.26527, 18.45171 ], [ -70.26233, 18.45326 ], [ -70.26533, 18.45755 ], [ -70.26752, 18.45741 ], [ -70.26918, 18.45378 ], [ -70.2711, 18.45345 ], [ -70.27432, 18.45429 ], [ -70.27964, 18.45954 ], [ -70.28656, 18.45384 ], [ -70.29198, 18.46327 ], [ -70.28884, 18.46516 ], [ -70.28963, 18.46847 ], [ -70.28709, 18.47072 ], [ -70.29141, 18.4738 ], [ -70.28821, 18.47533 ], [ -70.29422, 18.47866 ], [ -70.30145, 18.47877 ], [ -70.30022, 18.4821 ], [ -70.30269, 18.48431 ], [ -70.3014, 18.48629 ], [ -70.3057, 18.48699 ], [ -70.30593, 18.48942 ], [ -70.30969, 18.49023 ], [ -70.30967, 18.49479 ], [ -70.31196, 18.49509 ], [ -70.31395, 18.49274 ], [ -70.31876, 18.49395 ], [ -70.32073, 18.49657 ], [ -70.3221, 18.49507 ], [ -70.32257, 18.49666 ], [ -70.32536, 18.49695 ], [ -70.32668, 18.50236 ], [ -70.32916, 18.50218 ] ] ] } },
{ "type": "Feature", "properties": { "COD_PROV": "17", "COD_MUN": "1702", "MUNICIPIO": "Nizao", "REG": "1" }, "geometry": { "type": "Polygon", "coordinates": [ [ [ -70.22622, 18.3142 ], [ -70.22813, 18.31219 ], [ -70.23195, 18.314 ], [ -70.23455, 18.31105 ], [ -70.24023, 18.3125 ], [ -70.24054, 18.30815 ], [ -70.25154, 18.30853 ], [ -70.2537, 18.30299 ], [ -70.25218, 18.2944 ], [ -70.23876, 18.27907 ], [ -70.24139, 18.27516 ], [ -70.2388, 18.27384 ], [ -70.23813, 18.27119 ], [ -70.23564, 18.27143 ], [ -70.23423, 18.26864 ], [ -70.23595, 18.26835 ], [ -70.23778, 18.26162 ], [ -70.23936, 18.26127 ], [ -70.24014, 18.25413 ], [ -70.23813, 18.24675 ], [ -70.24008, 18.24174 ], [ -70.23336, 18.23349 ], [ -70.23509, 18.22562 ], [ -70.23441, 18.22397 ], [ -70.21331, 18.23452 ], [ -70.20559, 18.23521 ], [ -70.2059, 18.24011 ], [ -70.20848, 18.24245 ], [ -70.20457, 18.23936 ], [ -70.20465, 18.23336 ], [ -70.19327, 18.22867 ], [ -70.18786, 18.22865 ], [ -70.18759, 18.23464 ], [ -70.1917, 18.23985 ], [ -70.19225, 18.24325 ], [ -70.18901, 18.24998 ], [ -70.18965, 18.25632 ], [ -70.18619, 18.26085 ], [ -70.18508, 18.27271 ], [ -70.1869, 18.27962 ], [ -70.19256, 18.28357 ], [ -70.20164, 18.28257 ], [ -70.20598, 18.28465 ], [ -70.20839, 18.28861 ], [ -70.20781, 18.29568 ], [ -70.21232, 18.30653 ], [ -70.21691, 18.30773 ], [ -70.21832, 18.31271 ], [ -70.22622, 18.3142 ] ] ] } },
{ "type": "Feature", "properties": { "COD_PROV": "18", "COD_MUN": "1801", "MUNICIPIO": "Puerto Plata", "REG": "2" }, "geometry": { "type": "MultiPolygon", "coordinates": [ [ [ [ -70.84838, 19.90841 ], [ -70.84989, 19.90591 ], [ -70.85651, 19.90635 ], [ -70.86255, 19.90111 ], [ -70.86386, 19.90273 ], [ -70.86927, 19.90315 ], [ -70.87037, 19.90504 ], [ -70.87505, 19.9052 ], [ -70.8751, 19.90295 ], [ -70.87741, 19.90374 ], [ -70.87852, 19.90033 ], [ -70.88325, 19.89956 ], [ -70.88217, 19.89755 ], [ -70.88506, 19.89193 ], [ -70.88912, 19.88888 ], [ -70.88573, 19.8856 ], [ -70.88083, 19.8844 ], [ -70.87527, 19.88726 ], [ -70.87097, 19.87978 ], [ -70.86569, 19.87772 ], [ -70.86301, 19.87212 ], [ -70.85569, 19.86794 ], [ -70.86552, 19.85677 ], [ -70.8726, 19.85264 ], [ -70.8716, 19.84808 ], [ -70.87302, 19.84286 ], [ -70.88051, 19.83542 ], [ -70.88358, 19.82265 ], [ -70.87172, 19.82118 ], [ -70.8677, 19.8265 ], [ -70.86373, 19.82686 ], [ -70.86111, 19.82649 ], [ -70.85766, 19.82021 ], [ -70.85048, 19.81956 ], [ -70.84351, 19.82139 ], [ -70.84442, 19.81777 ], [ -70.84629, 19.81742 ], [ -70.84922, 19.81241 ], [ -70.85269, 19.79762 ], [ -70.85742, 19.79914 ], [ -70.85982, 19.78883 ], [ -70.84401, 19.78009 ], [ -70.8347, 19.78083 ], [ -70.83431, 19.77581 ], [ -70.83045, 19.77159 ], [ -70.81089, 19.76832 ], [ -70.80602, 19.77498 ], [ -70.80112, 19.77552 ], [ -70.79031, 19.7689 ], [ -70.78836, 19.76071 ], [ -70.77567, 19.76578 ], [ -70.76444, 19.76309 ], [ -70.76081, 19.74135 ], [ -70.76381, 19.7367 ], [ -70.77308, 19.73131 ], [ -70.77578, 19.72089 ], [ -70.77007, 19.72123 ], [ -70.76751, 19.71957 ], [ -70.75162, 19.69903 ], [ -70.74645, 19.69663 ], [ -70.7396, 19.69612 ], [ -70.73646, 19.69385 ], [ -70.73128, 19.6815 ], [ -70.72018, 19.67242 ], [ -70.71671, 19.66147 ], [ -70.70613, 19.64941 ], [ -70.70012, 19.65063 ], [ -70.68836, 19.64656 ], [ -70.68237, 19.62809 ], [ -70.67995, 19.62654 ], [ -70.67188, 19.62617 ], [ -70.66566, 19.62281 ], [ -70.64647, 19.62107 ], [ -70.63641, 19.6158 ], [ -70.63533, 19.61127 ], [ -70.63093, 19.60831 ], [ -70.63534, 19.60449 ], [ -70.63017, 19.58568 ], [ -70.63108, 19.57675 ], [ -70.63468, 19.57198 ], [ -70.63307, 19.56746 ], [ -70.62708, 19.5627 ], [ -70.62719, 19.55614 ], [ -70.62899, 19.55446 ], [ -70.62678, 19.55067 ], [ -70.61686, 19.54514 ], [ -70.59517, 19.54598 ], [ -70.58538, 19.54218 ], [ -70.57527, 19.54523 ], [ -70.57252, 19.54214 ], [ -70.5754, 19.53972 ], [ -70.57555, 19.53422 ], [ -70.56677, 19.53091 ], [ -70.53616, 19.51209 ], [ -70.54002, 19.52356 ], [ -70.53415, 19.52807 ], [ -70.5339, 19.53795 ], [ -70.53666, 19.54382 ], [ -70.53446, 19.54828 ], [ -70.53661, 19.56251 ], [ -70.53361, 19.56902 ], [ -70.52387, 19.57336 ], [ -70.50832, 19.58652 ], [ -70.50733, 19.59406 ], [ -70.51142, 19.59687 ], [ -70.51441, 19.59593 ], [ -70.51339, 19.60062 ], [ -70.51709, 19.59908 ], [ -70.51695, 19.6031 ], [ -70.52021, 19.60307 ], [ -70.5175, 19.60577 ], [ -70.52035, 19.60868 ], [ -70.5198, 19.61546 ], [ -70.52289, 19.61518 ], [ -70.52828, 19.62242 ], [ -70.53567, 19.62577 ], [ -70.53927, 19.63465 ], [ -70.54498, 19.63289 ], [ -70.54916, 19.63356 ], [ -70.55725, 19.64041 ], [ -70.57151, 19.64149 ], [ -70.58072, 19.64896 ], [ -70.59, 19.65062 ], [ -70.59948, 19.656 ], [ -70.59874, 19.66309 ], [ -70.59586, 19.66461 ], [ -70.59423, 19.66998 ], [ -70.58815, 19.67103 ], [ -70.59823, 19.67374 ], [ -70.59572, 19.67853 ], [ -70.60143, 19.68324 ], [ -70.601, 19.68664 ], [ -70.60307, 19.68993 ], [ -70.60518, 19.68931 ], [ -70.60754, 19.69209 ], [ -70.60469, 19.69804 ], [ -70.6028, 19.69832 ], [ -70.6038, 19.70056 ], [ -70.60006, 19.70221 ], [ -70.60523, 19.70365 ], [ -70.61112, 19.71328 ], [ -70.61401, 19.71521 ], [ -70.6158, 19.71202 ], [ -70.62187, 19.70979 ], [ -70.62413, 19.70668 ], [ -70.6219, 19.70385 ], [ -70.62176, 19.6968 ], [ -70.62469, 19.70018 ], [ -70.62559, 19.70512 ], [ -70.62187, 19.71582 ], [ -70.63159, 19.72535 ], [ -70.64527, 19.72896 ], [ -70.64914, 19.7335 ], [ -70.64765, 19.74136 ], [ -70.64885, 19.74479 ], [ -70.64634, 19.74507 ], [ -70.64692, 19.74784 ], [ -70.64456, 19.74831 ], [ -70.64478, 19.75486 ], [ -70.64077, 19.75691 ], [ -70.64302, 19.75744 ], [ -70.63821, 19.76382 ], [ -70.63118, 19.76373 ], [ -70.63813, 19.76709 ], [ -70.63874, 19.77279 ], [ -70.65053, 19.77347 ], [ -70.65731, 19.77941 ], [ -70.65967, 19.78488 ], [ -70.66503, 19.78696 ], [ -70.66744, 19.78596 ], [ -70.67065, 19.79025 ], [ -70.69232, 19.80062 ], [ -70.69197, 19.8032 ], [ -70.69573, 19.80565 ], [ -70.69527, 19.80224 ], [ -70.697, 19.80108 ], [ -70.69872, 19.80215 ], [ -70.69925, 19.79813 ], [ -70.70135, 19.79806 ], [ -70.70071, 19.80119 ], [ -70.70191, 19.7985 ], [ -70.70499, 19.79968 ], [ -70.70581, 19.80467 ], [ -70.70218, 19.807 ], [ -70.71174, 19.81553 ], [ -70.72127, 19.81783 ], [ -70.72375, 19.82166 ], [ -70.72858, 19.82045 ], [ -70.72969, 19.82867 ], [ -70.73143, 19.82868 ], [ -70.73057, 19.82704 ], [ -70.73456, 19.82716 ], [ -70.73456, 19.83041 ], [ -70.73789, 19.83063 ], [ -70.73769, 19.83286 ], [ -70.74121, 19.83341 ], [ -70.74292, 19.83708 ], [ -70.74888, 19.83883 ], [ -70.75345, 19.83695 ], [ -70.7577, 19.83929 ], [ -70.75809, 19.8367 ], [ -70.7647, 19.83455 ], [ -70.77123, 19.83716 ], [ -70.7755, 19.83027 ], [ -70.78121, 19.82888 ], [ -70.78441, 19.83363 ], [ -70.77907, 19.83798 ], [ -70.77769, 19.84215 ], [ -70.78408, 19.84824 ], [ -70.7907, 19.85879 ], [ -70.79722, 19.85485 ], [ -70.79876, 19.85756 ], [ -70.80334, 19.8585 ], [ -70.80167, 19.86152 ], [ -70.80647, 19.8645 ], [ -70.80426, 19.86588 ], [ -70.79871, 19.86307 ], [ -70.79977, 19.86181 ], [ -70.79767, 19.8593 ], [ -70.79378, 19.85974 ], [ -70.79548, 19.86442 ], [ -70.79721, 19.86596 ], [ -70.79855, 19.86487 ], [ -70.80449, 19.8756 ], [ -70.80788, 19.87762 ], [ -70.80806, 19.88018 ], [ -70.81403, 19.88329 ], [ -70.82432, 19.8825 ], [ -70.82838, 19.88511 ], [ -70.83061, 19.8897 ], [ -70.83519, 19.88893 ], [ -70.83802, 19.89373 ], [ -70.83652, 19.89993 ], [ -70.83926, 19.90273 ], [ -70.83808, 19.90516 ], [ -70.8461, 19.90427 ], [ -70.84838, 19.90841 ] ] ], [ [ [ -70.73942, 19.83553 ], [ -70.7401, 19.83685 ], [ -70.74129, 19.83615 ], [ -70.73942, 19.83553 ] ] ] ] } },
{ "type": "Feature", "properties": { "COD_PROV": "18", "COD_MUN": "1802", "MUNICIPIO": "Altamira", "REG": "2" }, "geometry": { "type": "Polygon", "coordinates": [ [ [ -70.78509, 19.71808 ], [ -70.80096, 19.72148 ], [ -70.81291, 19.71139 ], [ -70.8176, 19.71058 ], [ -70.82765, 19.70317 ], [ -70.83675, 19.71168 ], [ -70.84719, 19.70914 ], [ -70.88429, 19.71576 ], [ -70.89249, 19.70963 ], [ -70.88848, 19.70596 ], [ -70.88825, 19.69856 ], [ -70.87702, 19.68556 ], [ -70.88385, 19.67997 ], [ -70.88986, 19.66654 ], [ -70.90055, 19.65354 ], [ -70.89131, 19.65416 ], [ -70.88468, 19.6574 ], [ -70.88137, 19.65606 ], [ -70.88128, 19.65359 ], [ -70.878, 19.6508 ], [ -70.86754, 19.65016 ], [ -70.85291, 19.64221 ], [ -70.84641, 19.64301 ], [ -70.84129, 19.63861 ], [ -70.8279, 19.63581 ], [ -70.81986, 19.62603 ], [ -70.81643, 19.62946 ], [ -70.81876, 19.63454 ], [ -70.81649, 19.6362 ], [ -70.80175, 19.63111 ], [ -70.79176, 19.62365 ], [ -70.78982, 19.62464 ], [ -70.7897, 19.6227 ], [ -70.78692, 19.62258 ], [ -70.78762, 19.61999 ], [ -70.78405, 19.61933 ], [ -70.78392, 19.61591 ], [ -70.77682, 19.60997 ], [ -70.77316, 19.60043 ], [ -70.75571, 19.59723 ], [ -70.75161, 19.58341 ], [ -70.74977, 19.58096 ], [ -70.74563, 19.58061 ], [ -70.70962, 19.59933 ], [ -70.70536, 19.61396 ], [ -70.71244, 19.62404 ], [ -70.71301, 19.62784 ], [ -70.70953, 19.63505 ], [ -70.71123, 19.64366 ], [ -70.70592, 19.64925 ], [ -70.71596, 19.66024 ], [ -70.72018, 19.67242 ], [ -70.73128, 19.6815 ], [ -70.73541, 19.69255 ], [ -70.738, 19.69521 ], [ -70.75162, 19.69903 ], [ -70.76923, 19.72089 ], [ -70.78509, 19.71808 ] ] ] } },
{ "type": "Feature", "properties": { "COD_PROV": "18", "COD_MUN": "1803", "MUNICIPIO": "Guananico", "REG": "2" }, "geometry": { "type": "Polygon", "coordinates": [ [ [ -70.92666, 19.7416 ], [ -70.9475, 19.7407 ], [ -70.95228, 19.72762 ], [ -70.96073, 19.713 ], [ -70.95878, 19.70574 ], [ -70.95922, 19.69633 ], [ -70.96506, 19.68441 ], [ -70.95183, 19.67473 ], [ -70.94958, 19.67602 ], [ -70.9435, 19.67238 ], [ -70.93895, 19.67411 ], [ -70.932, 19.66789 ], [ -70.92771, 19.66727 ], [ -70.92365, 19.66362 ], [ -70.91983, 19.6564 ], [ -70.91664, 19.6566 ], [ -70.91143, 19.65272 ], [ -70.90399, 19.6526 ], [ -70.90055, 19.65354 ], [ -70.88986, 19.66654 ], [ -70.88385, 19.67997 ], [ -70.87702, 19.68556 ], [ -70.88825, 19.69856 ], [ -70.88848, 19.70596 ], [ -70.89249, 19.70963 ], [ -70.88429, 19.71576 ], [ -70.88604, 19.71831 ], [ -70.89405, 19.72153 ], [ -70.89269, 19.72921 ], [ -70.8943, 19.73137 ], [ -70.91177, 19.73647 ], [ -70.91338, 19.74101 ], [ -70.92245, 19.73443 ], [ -70.9248, 19.73674 ], [ -70.92355, 19.73977 ], [ -70.92666, 19.7416 ] ] ] } },
{ "type": "Feature", "properties": { "COD_PROV": "18", "COD_MUN": "1804", "MUNICIPIO": "Imbert", "REG": "2" }, "geometry": { "type": "Polygon", "coordinates": [ [ [ -70.90651, 19.82773 ], [ -70.92624, 19.82622 ], [ -70.93051, 19.81774 ], [ -70.93143, 19.80582 ], [ -70.92876, 19.80437 ], [ -70.93508, 19.8012 ], [ -70.94182, 19.80496 ], [ -70.93949, 19.79442 ], [ -70.93266, 19.79301 ], [ -70.93289, 19.78953 ], [ -70.94411, 19.78296 ], [ -70.9452, 19.77865 ], [ -70.95045, 19.77287 ], [ -70.95586, 19.76057 ], [ -70.96038, 19.7547 ], [ -70.95817, 19.74659 ], [ -70.94485, 19.74026 ], [ -70.92672, 19.74213 ], [ -70.92686, 19.74078 ], [ -70.92355, 19.73977 ], [ -70.9248, 19.73674 ], [ -70.92245, 19.73443 ], [ -70.91338, 19.74101 ], [ -70.91177, 19.73647 ], [ -70.8943, 19.73137 ], [ -70.89269, 19.72921 ], [ -70.89405, 19.72153 ], [ -70.88604, 19.71831 ], [ -70.88384, 19.71547 ], [ -70.84719, 19.70914 ], [ -70.83675, 19.71168 ], [ -70.82765, 19.70317 ], [ -70.8176, 19.71058 ], [ -70.81291, 19.71139 ], [ -70.80096, 19.72148 ], [ -70.78359, 19.71801 ], [ -70.77534, 19.72048 ], [ -70.77308, 19.73131 ], [ -70.76381, 19.7367 ], [ -70.76081, 19.74135 ], [ -70.76444, 19.76309 ], [ -70.77567, 19.76578 ], [ -70.78836, 19.76071 ], [ -70.79031, 19.7689 ], [ -70.80112, 19.77552 ], [ -70.80602, 19.77498 ], [ -70.81089, 19.76832 ], [ -70.83045, 19.77159 ], [ -70.83431, 19.77581 ], [ -70.8347, 19.78083 ], [ -70.84401, 19.78009 ], [ -70.85982, 19.78883 ], [ -70.85742, 19.79914 ], [ -70.85269, 19.79762 ], [ -70.84922, 19.81241 ], [ -70.84629, 19.81742 ], [ -70.84442, 19.81777 ], [ -70.84351, 19.82139 ], [ -70.85048, 19.81956 ], [ -70.85766, 19.82021 ], [ -70.86213, 19.82671 ], [ -70.8677, 19.8265 ], [ -70.8703, 19.82161 ], [ -70.87535, 19.82081 ], [ -70.88358, 19.82265 ], [ -70.88707, 19.82552 ], [ -70.90651, 19.82773 ] ] ] } },
{ "type": "Feature", "properties": { "COD_PROV": "18", "COD_MUN": "1805", "MUNICIPIO": "Los Hidalgos", "REG": "2" }, "geometry": { "type": "Polygon", "coordinates": [ [ [ -71.05128, 19.80767 ], [ -71.04949, 19.8024 ], [ -71.05078, 19.79584 ], [ -71.06068, 19.78666 ], [ -71.06683, 19.78508 ], [ -71.07561, 19.77557 ], [ -71.08054, 19.7739 ], [ -71.07581, 19.76293 ], [ -71.07671, 19.76 ], [ -71.0724, 19.75456 ], [ -71.0712, 19.73816 ], [ -71.07277, 19.73767 ], [ -71.07026, 19.73591 ], [ -71.07026, 19.7266 ], [ -71.06013, 19.72051 ], [ -71.02679, 19.71088 ], [ -71.00845, 19.71011 ], [ -71.0009, 19.71306 ], [ -70.99642, 19.7098 ], [ -70.99627, 19.70574 ], [ -70.98444, 19.70587 ], [ -70.98422, 19.70197 ], [ -70.97845, 19.69479 ], [ -70.96506, 19.68441 ], [ -70.95922, 19.69633 ], [ -70.95878, 19.70574 ], [ -70.96073, 19.713 ], [ -70.95228, 19.72762 ], [ -70.94721, 19.74102 ], [ -70.95817, 19.74659 ], [ -70.96078, 19.75451 ], [ -70.96969, 19.75796 ], [ -70.96969, 19.76416 ], [ -70.97446, 19.76761 ], [ -70.97758, 19.76783 ], [ -70.98007, 19.77511 ], [ -70.98533, 19.78026 ], [ -70.98744, 19.77887 ], [ -70.98481, 19.77823 ], [ -70.9871, 19.7771 ], [ -70.98501, 19.77561 ], [ -70.9867, 19.77411 ], [ -70.98563, 19.77304 ], [ -70.98967, 19.77269 ], [ -70.99321, 19.76751 ], [ -70.99437, 19.76968 ], [ -71.0057, 19.76629 ], [ -71.01351, 19.76784 ], [ -71.01042, 19.77542 ], [ -71.01101, 19.78145 ], [ -71.01969, 19.78606 ], [ -71.02318, 19.79347 ], [ -71.03294, 19.79794 ], [ -71.03612, 19.79765 ], [ -71.03654, 19.7958 ], [ -71.03831, 19.79653 ], [ -71.04305, 19.80033 ], [ -71.04355, 19.80484 ], [ -71.04533, 19.80341 ], [ -71.04662, 19.80698 ], [ -71.05128, 19.80767 ] ] ] } },
{ "type": "Feature", "properties": { "COD_PROV": "18", "COD_MUN": "1806", "MUNICIPIO": "Luperón", "REG": "2" }, "geometry": { "type": "Polygon", "coordinates": [ [ [ -70.9952, 19.93142 ], [ -71.02453, 19.93093 ], [ -71.02899, 19.9282 ], [ -71.03942, 19.92597 ], [ -71.04478, 19.92229 ], [ -71.06188, 19.91786 ], [ -71.06429, 19.91053 ], [ -71.06626, 19.91131 ], [ -71.07469, 19.90685 ], [ -71.07892, 19.9011 ], [ -71.08607, 19.89686 ], [ -71.08188, 19.89387 ], [ -71.0797, 19.88437 ], [ -71.08554, 19.87722 ], [ -71.07784, 19.87969 ], [ -71.07281, 19.87378 ], [ -71.06208, 19.87903 ], [ -71.05778, 19.87774 ], [ -71.06343, 19.8687 ], [ -71.05886, 19.86821 ], [ -71.05367, 19.85979 ], [ -71.04947, 19.85833 ], [ -71.04285, 19.85231 ], [ -71.03489, 19.84106 ], [ -71.03107, 19.83175 ], [ -71.03366, 19.8267 ], [ -71.03118, 19.8192 ], [ -71.03202, 19.81585 ], [ -71.03683, 19.8127 ], [ -71.03744, 19.8074 ], [ -71.03294, 19.79794 ], [ -71.02318, 19.79347 ], [ -71.01969, 19.78606 ], [ -71.01101, 19.78145 ], [ -71.01042, 19.77542 ], [ -71.01351, 19.76784 ], [ -71.0057, 19.76629 ], [ -70.99437, 19.76968 ], [ -70.99321, 19.76751 ], [ -70.98967, 19.77269 ], [ -70.98563, 19.77304 ], [ -70.9867, 19.77411 ], [ -70.98501, 19.77561 ], [ -70.9871, 19.7771 ], [ -70.98481, 19.77823 ], [ -70.98744, 19.77887 ], [ -70.98533, 19.78026 ], [ -70.98007, 19.77511 ], [ -70.97758, 19.76783 ], [ -70.97446, 19.76761 ], [ -70.96969, 19.76416 ], [ -70.96969, 19.75796 ], [ -70.96045, 19.75424 ], [ -70.95045, 19.77287 ], [ -70.9452, 19.77865 ], [ -70.94411, 19.78296 ], [ -70.93289, 19.78953 ], [ -70.93266, 19.79301 ], [ -70.93949, 19.79442 ], [ -70.94195, 19.80447 ], [ -70.93791, 19.80167 ], [ -70.93339, 19.80114 ], [ -70.92876, 19.80437 ], [ -70.92936, 19.80493 ], [ -70.93123, 19.80486 ], [ -70.93105, 19.81208 ], [ -70.9303, 19.81924 ], [ -70.92734, 19.82542 ], [ -70.92388, 19.82721 ], [ -70.91375, 19.8263 ], [ -70.90651, 19.82773 ], [ -70.88707, 19.82552 ], [ -70.88358, 19.82265 ], [ -70.88051, 19.83542 ], [ -70.87302, 19.84286 ], [ -70.8716, 19.84808 ], [ -70.8726, 19.85264 ], [ -70.86552, 19.85677 ], [ -70.85569, 19.86794 ], [ -70.86301, 19.87212 ], [ -70.86569, 19.87772 ], [ -70.87097, 19.87978 ], [ -70.87527, 19.88726 ], [ -70.88083, 19.8844 ], [ -70.88573, 19.8856 ], [ -70.88912, 19.88888 ], [ -70.88581, 19.89099 ], [ -70.88217, 19.89755 ], [ -70.88354, 19.89783 ], [ -70.88218, 19.90033 ], [ -70.88461, 19.90187 ], [ -70.88519, 19.90473 ], [ -70.88852, 19.90327 ], [ -70.89642, 19.90504 ], [ -70.9043, 19.90325 ], [ -70.90693, 19.90492 ], [ -70.90841, 19.90365 ], [ -70.90918, 19.90684 ], [ -70.91728, 19.90801 ], [ -70.92692, 19.91501 ], [ -70.93296, 19.91573 ], [ -70.93875, 19.90967 ], [ -70.9413, 19.90363 ], [ -70.94035, 19.89999 ], [ -70.93141, 19.89653 ], [ -70.93228, 19.89126 ], [ -70.93395, 19.88996 ], [ -70.93354, 19.89578 ], [ -70.93716, 19.89315 ], [ -70.94222, 19.89585 ], [ -70.94087, 19.89722 ], [ -70.94388, 19.90125 ], [ -70.95197, 19.89772 ], [ -70.95481, 19.89404 ], [ -70.96027, 19.89729 ], [ -70.95683, 19.89996 ], [ -70.953, 19.89994 ], [ -70.95788, 19.9032 ], [ -70.95388, 19.90102 ], [ -70.95341, 19.90319 ], [ -70.9467, 19.90106 ], [ -70.94396, 19.90233 ], [ -70.94286, 19.9063 ], [ -70.95536, 19.91357 ], [ -70.96772, 19.91683 ], [ -70.98893, 19.92997 ], [ -70.9952, 19.93142 ] ] ] } },
{ "type": "Feature", "properties": { "COD_PROV": "18", "COD_MUN": "1807", "MUNICIPIO": "Sosúa", "REG": "2" }, "geometry": { "type": "Polygon", "coordinates": [ [ [ -70.4761, 19.7848 ], [ -70.50313, 19.78226 ], [ -70.51281, 19.77884 ], [ -70.51352, 19.7725 ], [ -70.51854, 19.76776 ], [ -70.51845, 19.76438 ], [ -70.52029, 19.76311 ], [ -70.52003, 19.76139 ], [ -70.51717, 19.76055 ], [ -70.51836, 19.75468 ], [ -70.52642, 19.75497 ], [ -70.52802, 19.75297 ], [ -70.52848, 19.75598 ], [ -70.53452, 19.75638 ], [ -70.53764, 19.75427 ], [ -70.54135, 19.75674 ], [ -70.5475, 19.75422 ], [ -70.55793, 19.76463 ], [ -70.56271, 19.76203 ], [ -70.5656, 19.76472 ], [ -70.57154, 19.76068 ], [ -70.57953, 19.75975 ], [ -70.58684, 19.75641 ], [ -70.5932, 19.74474 ], [ -70.5922, 19.74223 ], [ -70.58803, 19.74009 ], [ -70.58897, 19.73877 ], [ -70.58612, 19.73475 ], [ -70.58658, 19.72806 ], [ -70.58477, 19.72351 ], [ -70.58129, 19.72324 ], [ -70.57668, 19.72613 ], [ -70.5671, 19.72442 ], [ -70.55917, 19.72093 ], [ -70.55454, 19.714 ], [ -70.54713, 19.70906 ], [ -70.54651, 19.70386 ], [ -70.54825, 19.69829 ], [ -70.5452, 19.69144 ], [ -70.54748, 19.6898 ], [ -70.54779, 19.68642 ], [ -70.55756, 19.6776 ], [ -70.55759, 19.67222 ], [ -70.55522, 19.66882 ], [ -70.54481, 19.66689 ], [ -70.55725, 19.65948 ], [ -70.55983, 19.64594 ], [ -70.55691, 19.63984 ], [ -70.55121, 19.63462 ], [ -70.54498, 19.63289 ], [ -70.53927, 19.63465 ], [ -70.53567, 19.62577 ], [ -70.52828, 19.62242 ], [ -70.52289, 19.61518 ], [ -70.5198, 19.61546 ], [ -70.52035, 19.60868 ], [ -70.5175, 19.60577 ], [ -70.52021, 19.60307 ], [ -70.51695, 19.6031 ], [ -70.51709, 19.59908 ], [ -70.51339, 19.60062 ], [ -70.51441, 19.59593 ], [ -70.51142, 19.59687 ], [ -70.50733, 19.59406 ], [ -70.50832, 19.58652 ], [ -70.51523, 19.58027 ], [ -70.51501, 19.57559 ], [ -70.51659, 19.57407 ], [ -70.51054, 19.56893 ], [ -70.50479, 19.56739 ], [ -70.50619, 19.56524 ], [ -70.50446, 19.55795 ], [ -70.50678, 19.5519 ], [ -70.49921, 19.54815 ], [ -70.49654, 19.54972 ], [ -70.48971, 19.56677 ], [ -70.48886, 19.57343 ], [ -70.4944, 19.58594 ], [ -70.49632, 19.59613 ], [ -70.50617, 19.60648 ], [ -70.50741, 19.60983 ], [ -70.5062, 19.61607 ], [ -70.50199, 19.61872 ], [ -70.50051, 19.62183 ], [ -70.49956, 19.64562 ], [ -70.50233, 19.65319 ], [ -70.50209, 19.65908 ], [ -70.5003, 19.66099 ], [ -70.49739, 19.66013 ], [ -70.49345, 19.66219 ], [ -70.49396, 19.65947 ], [ -70.48722, 19.65809 ], [ -70.48491, 19.66048 ], [ -70.4812, 19.65699 ], [ -70.47476, 19.66078 ], [ -70.47287, 19.65946 ], [ -70.47552, 19.65687 ], [ -70.47353, 19.65523 ], [ -70.46734, 19.6574 ], [ -70.46785, 19.66042 ], [ -70.4655, 19.6606 ], [ -70.46284, 19.65818 ], [ -70.46429, 19.65402 ], [ -70.46009, 19.65331 ], [ -70.4579, 19.65438 ], [ -70.45737, 19.65785 ], [ -70.46018, 19.66288 ], [ -70.45617, 19.66457 ], [ -70.44877, 19.659 ], [ -70.44505, 19.66417 ], [ -70.43991, 19.66383 ], [ -70.43443, 19.6689 ], [ -70.43293, 19.66829 ], [ -70.43553, 19.66532 ], [ -70.43146, 19.66467 ], [ -70.42571, 19.65651 ], [ -70.42192, 19.65422 ], [ -70.41582, 19.65364 ], [ -70.40978, 19.65618 ], [ -70.41448, 19.66078 ], [ -70.41095, 19.66375 ], [ -70.40865, 19.66046 ], [ -70.4014, 19.65793 ], [ -70.40069, 19.65936 ], [ -70.40432, 19.6643 ], [ -70.40201, 19.66596 ], [ -70.39917, 19.66354 ], [ -70.39568, 19.65389 ], [ -70.39403, 19.65685 ], [ -70.38919, 19.65705 ], [ -70.38841, 19.66 ], [ -70.39322, 19.65987 ], [ -70.3954, 19.66395 ], [ -70.39795, 19.665 ], [ -70.39624, 19.66789 ], [ -70.3884, 19.67127 ], [ -70.37588, 19.67116 ], [ -70.36739, 19.67713 ], [ -70.3744, 19.68648 ], [ -70.37553, 19.69533 ], [ -70.381, 19.69761 ], [ -70.37628, 19.7029 ], [ -70.37224, 19.70054 ], [ -70.37033, 19.70227 ], [ -70.37229, 19.70836 ], [ -70.37649, 19.71316 ], [ -70.37505, 19.71402 ], [ -70.36961, 19.71074 ], [ -70.395, 19.7468 ], [ -70.40092, 19.75252 ], [ -70.40753, 19.75078 ], [ -70.4129, 19.75264 ], [ -70.42046, 19.76301 ], [ -70.42972, 19.76723 ], [ -70.44214, 19.77986 ], [ -70.458, 19.78473 ], [ -70.46943, 19.78357 ], [ -70.4761, 19.7848 ] ] ] } },
{ "type": "Feature", "properties": { "COD_PROV": "18", "COD_MUN": "1808", "MUNICIPIO": "Villa Isabela", "REG": "2" }, "geometry": { "type": "Polygon", "coordinates": [ [ [ -71.07852, 19.87972 ], [ -71.0853, 19.87765 ], [ -71.10408, 19.86708 ], [ -71.12841, 19.86188 ], [ -71.13415, 19.85615 ], [ -71.14647, 19.85878 ], [ -71.15466, 19.85813 ], [ -71.16436, 19.86291 ], [ -71.17094, 19.86232 ], [ -71.1721, 19.85799 ], [ -71.17822, 19.85713 ], [ -71.17476, 19.85273 ], [ -71.16929, 19.85546 ], [ -71.16999, 19.86022 ], [ -71.16573, 19.86115 ], [ -71.15518, 19.85675 ], [ -71.14706, 19.85705 ], [ -71.1457, 19.85531 ], [ -71.13627, 19.85372 ], [ -71.12892, 19.85814 ], [ -71.12496, 19.85361 ], [ -71.11743, 19.85783 ], [ -71.11562, 19.85464 ], [ -71.11781, 19.85432 ], [ -71.1186, 19.85257 ], [ -71.11613, 19.85281 ], [ -71.11774, 19.85148 ], [ -71.1223, 19.85252 ], [ -71.12184, 19.8495 ], [ -71.11965, 19.85018 ], [ -71.11979, 19.84934 ], [ -71.12172, 19.8491 ], [ -71.12798, 19.85077 ], [ -71.12695, 19.85382 ], [ -71.13002, 19.85586 ], [ -71.13496, 19.85069 ], [ -71.15658, 19.85222 ], [ -71.16482, 19.85452 ], [ -71.1654, 19.8479 ], [ -71.16356, 19.84666 ], [ -71.17145, 19.84452 ], [ -71.17275, 19.83919 ], [ -71.17749, 19.8353 ], [ -71.18132, 19.83454 ], [ -71.18405, 19.83821 ], [ -71.18788, 19.83784 ], [ -71.19098, 19.84383 ], [ -71.1886, 19.84561 ], [ -71.18479, 19.84241 ], [ -71.17531, 19.84097 ], [ -71.17458, 19.85018 ], [ -71.1807, 19.85197 ], [ -71.1764, 19.85348 ], [ -71.18471, 19.85277 ], [ -71.18633, 19.85402 ], [ -71.18549, 19.85643 ], [ -71.1899, 19.85532 ], [ -71.19518, 19.86189 ], [ -71.2124, 19.87026 ], [ -71.21134, 19.86772 ], [ -71.2129, 19.86258 ], [ -71.20971, 19.86098 ], [ -71.21447, 19.85158 ], [ -71.2132, 19.84359 ], [ -71.21529, 19.83881 ], [ -71.22095, 19.83777 ], [ -71.22658, 19.83438 ], [ -71.23187, 19.83466 ], [ -71.23372, 19.83262 ], [ -71.23681, 19.83441 ], [ -71.24028, 19.83389 ], [ -71.24438, 19.83015 ], [ -71.24894, 19.82875 ], [ -71.25547, 19.83073 ], [ -71.25689, 19.82905 ], [ -71.24919, 19.81417 ], [ -71.23705, 19.81257 ], [ -71.23385, 19.81019 ], [ -71.235, 19.80596 ], [ -71.24128, 19.80357 ], [ -71.24337, 19.80049 ], [ -71.23483, 19.79014 ], [ -71.22935, 19.7862 ], [ -71.21654, 19.78332 ], [ -71.209, 19.77774 ], [ -71.20162, 19.77672 ], [ -71.19793, 19.77313 ], [ -71.18904, 19.76952 ], [ -71.18415, 19.77116 ], [ -71.17546, 19.76774 ], [ -71.13401, 19.76378 ], [ -71.13033, 19.76104 ], [ -71.13272, 19.75754 ], [ -71.13187, 19.75568 ], [ -71.12116, 19.75653 ], [ -71.11824, 19.75271 ], [ -71.11109, 19.75189 ], [ -71.09571, 19.74291 ], [ -71.08729, 19.74211 ], [ -71.07277, 19.73767 ], [ -71.0712, 19.73816 ], [ -71.0724, 19.75456 ], [ -71.07671, 19.76 ], [ -71.07581, 19.76293 ], [ -71.08054, 19.7739 ], [ -71.07561, 19.77557 ], [ -71.06683, 19.78508 ], [ -71.06068, 19.78666 ], [ -71.05078, 19.79584 ], [ -71.04949, 19.8024 ], [ -71.05128, 19.80767 ], [ -71.04662, 19.80698 ], [ -71.04533, 19.80341 ], [ -71.04355, 19.80484 ], [ -71.04305, 19.80033 ], [ -71.03831, 19.79653 ], [ -71.03654, 19.7958 ], [ -71.03612, 19.79765 ], [ -71.03294, 19.79794 ], [ -71.03751, 19.80869 ], [ -71.03602, 19.81412 ], [ -71.03202, 19.81585 ], [ -71.03157, 19.82212 ], [ -71.03366, 19.8267 ], [ -71.03107, 19.83175 ], [ -71.04133, 19.85075 ], [ -71.04947, 19.85833 ], [ -71.05367, 19.85979 ], [ -71.05886, 19.86821 ], [ -71.06343, 19.8687 ], [ -71.05803, 19.87596 ], [ -71.05847, 19.87853 ], [ -71.06208, 19.87903 ], [ -71.07281, 19.87378 ], [ -71.07852, 19.87972 ] ], [ [ -71.12036, 19.86068 ], [ -71.11736, 19.85982 ], [ -71.12208, 19.85601 ], [ -71.1264, 19.85599 ], [ -71.12036, 19.86068 ] ] ] } },
{ "type": "Feature", "properties": { "COD_PROV": "18", "COD_MUN": "1809", "MUNICIPIO": "Villa Montellano", "REG": "2" }, "geometry": { "type": "Polygon", "coordinates": [ [ [ -70.61993, 19.77014 ], [ -70.62729, 19.76373 ], [ -70.63908, 19.76318 ], [ -70.64302, 19.75744 ], [ -70.64077, 19.75691 ], [ -70.64478, 19.75486 ], [ -70.64456, 19.74831 ], [ -70.64692, 19.74784 ], [ -70.64634, 19.74507 ], [ -70.64885, 19.74479 ], [ -70.64765, 19.74136 ], [ -70.64914, 19.7335 ], [ -70.64527, 19.72896 ], [ -70.63159, 19.72535 ], [ -70.62187, 19.71582 ], [ -70.62559, 19.70512 ], [ -70.62469, 19.70018 ], [ -70.62176, 19.6968 ], [ -70.6219, 19.70385 ], [ -70.62413, 19.70668 ], [ -70.62187, 19.70979 ], [ -70.6158, 19.71202 ], [ -70.61401, 19.71521 ], [ -70.61112, 19.71328 ], [ -70.60523, 19.70365 ], [ -70.60006, 19.70221 ], [ -70.6038, 19.70056 ], [ -70.6028, 19.69832 ], [ -70.60469, 19.69804 ], [ -70.60754, 19.69209 ], [ -70.60518, 19.68931 ], [ -70.60307, 19.68993 ], [ -70.601, 19.68664 ], [ -70.60143, 19.68324 ], [ -70.59572, 19.67853 ], [ -70.59823, 19.67374 ], [ -70.58815, 19.67103 ], [ -70.59423, 19.66998 ], [ -70.59586, 19.66461 ], [ -70.59874, 19.66309 ], [ -70.59948, 19.656 ], [ -70.59, 19.65062 ], [ -70.58072, 19.64896 ], [ -70.57151, 19.64149 ], [ -70.55725, 19.64041 ], [ -70.56001, 19.64912 ], [ -70.55725, 19.65948 ], [ -70.54481, 19.66689 ], [ -70.55522, 19.66882 ], [ -70.55759, 19.67222 ], [ -70.55756, 19.6776 ], [ -70.54779, 19.68642 ], [ -70.54748, 19.6898 ], [ -70.5452, 19.69144 ], [ -70.54825, 19.69829 ], [ -70.54651, 19.70386 ], [ -70.54713, 19.70906 ], [ -70.55454, 19.714 ], [ -70.55917, 19.72093 ], [ -70.5671, 19.72442 ], [ -70.57668, 19.72613 ], [ -70.58129, 19.72324 ], [ -70.58477, 19.72351 ], [ -70.58658, 19.72806 ], [ -70.58612, 19.73475 ], [ -70.58897, 19.73877 ], [ -70.58803, 19.74009 ], [ -70.5922, 19.74223 ], [ -70.5932, 19.74473 ], [ -70.59022, 19.75241 ], [ -70.58671, 19.75554 ], [ -70.59396, 19.75918 ], [ -70.60576, 19.76073 ], [ -70.61993, 19.77014 ] ] ] } },
{ "type": "Feature", "properties": { "COD_PROV": "19", "COD_MUN": "1901", "MUNICIPIO": "Salcedo", "REG": "3" }, "geometry": { "type": "Polygon", "coordinates": [ [ [ -70.41161, 19.55735 ], [ -70.4178, 19.5531 ], [ -70.41975, 19.55388 ], [ -70.41822, 19.54212 ], [ -70.42103, 19.54039 ], [ -70.42079, 19.53724 ], [ -70.42732, 19.53642 ], [ -70.4307, 19.53372 ], [ -70.43401, 19.51623 ], [ -70.43747, 19.50991 ], [ -70.44269, 19.50613 ], [ -70.44198, 19.50114 ], [ -70.43885, 19.49965 ], [ -70.43728, 19.49623 ], [ -70.43783, 19.49204 ], [ -70.43516, 19.49035 ], [ -70.43528, 19.48676 ], [ -70.43201, 19.48402 ], [ -70.42651, 19.48305 ], [ -70.42489, 19.48043 ], [ -70.42697, 19.47974 ], [ -70.42778, 19.47568 ], [ -70.43172, 19.47135 ], [ -70.42469, 19.46066 ], [ -70.42334, 19.4478 ], [ -70.43335, 19.43622 ], [ -70.43335, 19.42821 ], [ -70.4306, 19.42479 ], [ -70.43282, 19.41603 ], [ -70.43895, 19.41138 ], [ -70.43856, 19.40796 ], [ -70.44236, 19.40504 ], [ -70.44356, 19.39814 ], [ -70.44634, 19.3953 ], [ -70.44338, 19.38759 ], [ -70.44893, 19.37801 ], [ -70.44954, 19.37041 ], [ -70.45288, 19.37038 ], [ -70.45288, 19.36519 ], [ -70.4563, 19.36259 ], [ -70.45748, 19.35818 ], [ -70.45405, 19.34832 ], [ -70.45679, 19.34775 ], [ -70.45745, 19.34522 ], [ -70.4532, 19.34165 ], [ -70.44429, 19.34101 ], [ -70.4448, 19.33945 ], [ -70.44741, 19.33985 ], [ -70.44568, 19.33696 ], [ -70.43433, 19.33601 ], [ -70.42226, 19.33937 ], [ -70.41768, 19.33933 ], [ -70.41533, 19.33725 ], [ -70.41299, 19.34669 ], [ -70.40373, 19.34737 ], [ -70.39893, 19.34583 ], [ -70.4003, 19.35272 ], [ -70.38617, 19.35311 ], [ -70.37465, 19.34399 ], [ -70.36968, 19.34495 ], [ -70.35482, 19.34 ], [ -70.35332, 19.34091 ], [ -70.35656, 19.34094 ], [ -70.35999, 19.3455 ], [ -70.36045, 19.35148 ], [ -70.36344, 19.35153 ], [ -70.3622, 19.36024 ], [ -70.36623, 19.3693 ], [ -70.36789, 19.37894 ], [ -70.37905, 19.3963 ], [ -70.37916, 19.40431 ], [ -70.37635, 19.41094 ], [ -70.37078, 19.4163 ], [ -70.36066, 19.42015 ], [ -70.35857, 19.4236 ], [ -70.35302, 19.42327 ], [ -70.34771, 19.42514 ], [ -70.34831, 19.42832 ], [ -70.3465, 19.43156 ], [ -70.3524, 19.44129 ], [ -70.35755, 19.45647 ], [ -70.35765, 19.46158 ], [ -70.35522, 19.46606 ], [ -70.34679, 19.47221 ], [ -70.33612, 19.47581 ], [ -70.33313, 19.48482 ], [ -70.34274, 19.49892 ], [ -70.37217, 19.499 ], [ -70.37233, 19.50746 ], [ -70.37076, 19.51318 ], [ -70.36791, 19.51523 ], [ -70.36651, 19.52361 ], [ -70.36851, 19.52865 ], [ -70.36785, 19.5333 ], [ -70.37227, 19.5335 ], [ -70.37349, 19.53755 ], [ -70.37708, 19.53546 ], [ -70.38501, 19.53626 ], [ -70.38557, 19.53463 ], [ -70.3925, 19.54054 ], [ -70.39922, 19.54086 ], [ -70.41161, 19.55735 ] ] ] } },
{ "type": "Feature", "properties": { "COD_PROV": "19", "COD_MUN": "1902", "MUNICIPIO": "Tenares", "REG": "3" }, "geometry": { "type": "Polygon", "coordinates": [ [ [ -70.31227, 19.56217 ], [ -70.31652, 19.55974 ], [ -70.31526, 19.55787 ], [ -70.33654, 19.55196 ], [ -70.33898, 19.54942 ], [ -70.34191, 19.52217 ], [ -70.34559, 19.51895 ], [ -70.3559, 19.51997 ], [ -70.3561, 19.52316 ], [ -70.36127, 19.52521 ], [ -70.36116, 19.52894 ], [ -70.36395, 19.52838 ], [ -70.36402, 19.53237 ], [ -70.3679, 19.53329 ], [ -70.36851, 19.52865 ], [ -70.36648, 19.52398 ], [ -70.36791, 19.51523 ], [ -70.37076, 19.51318 ], [ -70.37233, 19.50746 ], [ -70.37217, 19.499 ], [ -70.34274, 19.49892 ], [ -70.33313, 19.48482 ], [ -70.33612, 19.47581 ], [ -70.34679, 19.47221 ], [ -70.35522, 19.46606 ], [ -70.35765, 19.46158 ], [ -70.35755, 19.45647 ], [ -70.3524, 19.44129 ], [ -70.3465, 19.43156 ], [ -70.34831, 19.42832 ], [ -70.34771, 19.42514 ], [ -70.35302, 19.42327 ], [ -70.35857, 19.4236 ], [ -70.36066, 19.42015 ], [ -70.37078, 19.4163 ], [ -70.37635, 19.41094 ], [ -70.37916, 19.40431 ], [ -70.37905, 19.3963 ], [ -70.36789, 19.37894 ], [ -70.36623, 19.3693 ], [ -70.3622, 19.36024 ], [ -70.36344, 19.35153 ], [ -70.36045, 19.35148 ], [ -70.35999, 19.3455 ], [ -70.35607, 19.34075 ], [ -70.3462, 19.34354 ], [ -70.33788, 19.33405 ], [ -70.33924, 19.344 ], [ -70.33156, 19.35943 ], [ -70.32607, 19.36556 ], [ -70.32917, 19.37448 ], [ -70.32346, 19.37986 ], [ -70.32226, 19.3864 ], [ -70.32467, 19.39172 ], [ -70.32306, 19.39535 ], [ -70.3146, 19.39672 ], [ -70.30803, 19.40572 ], [ -70.30745, 19.41031 ], [ -70.30362, 19.41399 ], [ -70.30189, 19.41284 ], [ -70.30113, 19.41602 ], [ -70.29498, 19.41886 ], [ -70.29373, 19.42234 ], [ -70.29502, 19.42354 ], [ -70.29068, 19.42713 ], [ -70.2846, 19.42771 ], [ -70.2838, 19.43159 ], [ -70.28086, 19.43266 ], [ -70.28022, 19.4313 ], [ -70.27905, 19.43361 ], [ -70.28142, 19.44079 ], [ -70.27995, 19.441 ], [ -70.28018, 19.44299 ], [ -70.27562, 19.44636 ], [ -70.26903, 19.446 ], [ -70.26783, 19.44779 ], [ -70.26247, 19.44537 ], [ -70.25836, 19.44871 ], [ -70.25888, 19.45236 ], [ -70.26138, 19.45363 ], [ -70.26061, 19.45565 ], [ -70.2633, 19.45507 ], [ -70.26586, 19.4589 ], [ -70.2671, 19.45516 ], [ -70.27185, 19.45532 ], [ -70.27348, 19.45091 ], [ -70.27714, 19.45118 ], [ -70.27798, 19.44963 ], [ -70.28356, 19.45295 ], [ -70.28232, 19.45701 ], [ -70.28348, 19.45879 ], [ -70.28702, 19.4578 ], [ -70.29383, 19.45971 ], [ -70.2948, 19.46164 ], [ -70.2881, 19.46646 ], [ -70.29243, 19.46927 ], [ -70.29254, 19.47422 ], [ -70.29537, 19.47747 ], [ -70.29521, 19.48228 ], [ -70.28898, 19.48747 ], [ -70.28109, 19.49065 ], [ -70.27589, 19.48892 ], [ -70.27203, 19.48527 ], [ -70.25787, 19.4868 ], [ -70.24969, 19.49887 ], [ -70.2511, 19.50322 ], [ -70.2476, 19.51502 ], [ -70.25337, 19.52049 ], [ -70.25444, 19.52393 ], [ -70.26394, 19.52616 ], [ -70.27121, 19.5303 ], [ -70.28634, 19.53218 ], [ -70.29049, 19.53638 ], [ -70.29267, 19.54597 ], [ -70.29629, 19.5488 ], [ -70.29865, 19.55483 ], [ -70.31227, 19.56217 ] ] ] } },
{ "type": "Feature", "properties": { "COD_PROV": "19", "COD_MUN": "1903", "MUNICIPIO": "Villa Tapia", "REG": "3" }, "geometry": { "type": "GeometryCollection", "geometries": [ { "type": "Polygon", "coordinates": [ [ [ -70.35299, 19.33484 ], [ -70.35311, 19.34071 ], [ -70.36084, 19.34132 ], [ -70.36976, 19.34496 ], [ -70.37451, 19.34393 ], [ -70.38569, 19.35296 ], [ -70.39053, 19.35319 ], [ -70.4003, 19.35272 ], [ -70.39893, 19.34583 ], [ -70.40373, 19.34737 ], [ -70.41299, 19.34669 ], [ -70.41533, 19.33725 ], [ -70.41768, 19.33933 ], [ -70.42226, 19.33937 ], [ -70.43433, 19.33601 ], [ -70.44568, 19.33696 ], [ -70.44665, 19.33156 ], [ -70.44147, 19.32454 ], [ -70.4381, 19.32281 ], [ -70.43347, 19.31216 ], [ -70.4345, 19.30898 ], [ -70.43908, 19.30795 ], [ -70.43939, 19.30289 ], [ -70.43275, 19.29999 ], [ -70.43463, 19.29697 ], [ -70.42784, 19.28924 ], [ -70.42155, 19.28602 ], [ -70.42135, 19.28054 ], [ -70.41482, 19.27703 ], [ -70.4161, 19.27471 ], [ -70.41374, 19.27363 ], [ -70.41288, 19.27047 ], [ -70.4163, 19.26219 ], [ -70.41268, 19.25878 ], [ -70.41046, 19.25081 ], [ -70.41139, 19.24666 ], [ -70.40835, 19.22987 ], [ -70.35969, 19.23269 ], [ -70.36184, 19.23321 ], [ -70.35963, 19.23436 ], [ -70.3608, 19.23748 ], [ -70.35953, 19.23928 ], [ -70.36163, 19.23905 ], [ -70.36267, 19.24639 ], [ -70.3673, 19.2469 ], [ -70.3677, 19.25161 ], [ -70.37045, 19.2516 ], [ -70.37104, 19.25448 ], [ -70.3687, 19.25611 ], [ -70.37058, 19.25622 ], [ -70.37059, 19.25928 ], [ -70.3679, 19.26083 ], [ -70.37015, 19.26185 ], [ -70.36722, 19.26394 ], [ -70.36874, 19.26479 ], [ -70.36723, 19.26556 ], [ -70.36861, 19.26627 ], [ -70.36806, 19.27155 ], [ -70.36629, 19.27316 ], [ -70.36741, 19.27438 ], [ -70.36523, 19.27754 ], [ -70.36341, 19.27571 ], [ -70.3636, 19.27649 ], [ -70.36436, 19.27713 ], [ -70.36208, 19.27866 ], [ -70.36348, 19.28147 ], [ -70.35798, 19.28159 ], [ -70.35669, 19.28371 ], [ -70.35378, 19.28207 ], [ -70.35429, 19.28498 ], [ -70.35315, 19.28711 ], [ -70.35217, 19.28539 ], [ -70.35145, 19.29053 ], [ -70.34818, 19.2918 ], [ -70.34921, 19.29334 ], [ -70.34676, 19.29386 ], [ -70.34618, 19.29695 ], [ -70.34314, 19.29762 ], [ -70.34647, 19.30128 ], [ -70.34339, 19.30213 ], [ -70.34669, 19.30653 ], [ -70.34637, 19.3097 ], [ -70.34514, 19.30865 ], [ -70.3437, 19.31107 ], [ -70.3472, 19.312 ], [ -70.349, 19.32022 ], [ -70.34771, 19.32354 ], [ -70.34915, 19.32626 ], [ -70.34656, 19.32759 ], [ -70.34761, 19.32926 ], [ -70.34606, 19.32843 ], [ -70.34462, 19.32989 ], [ -70.35299, 19.33484 ] ] ] }, { "type": "Point", "coordinates": [ -70.35332, 19.34091 ] } ] } },
{ "type": "Feature", "properties": { "COD_PROV": "20", "COD_MUN": "2001", "MUNICIPIO": "Samaná", "REG": "3" }, "geometry": { "type": "MultiPolygon", "coordinates": [ [ [ [ -69.28527, 19.1617 ], [ -69.28517, 19.16297 ], [ -69.28559, 19.16254 ], [ -69.28527, 19.1617 ] ] ], [ [ [ -69.27737, 19.1684 ], [ -69.2811, 19.16712 ], [ -69.27526, 19.16392 ], [ -69.2719, 19.1652 ], [ -69.27217, 19.16653 ], [ -69.27737, 19.1684 ] ] ], [ [ [ -69.27566, 19.18296 ], [ -69.27545, 19.18358 ], [ -69.27606, 19.18374 ], [ -69.27566, 19.18296 ] ] ], [ [ [ -69.29663, 19.19022 ], [ -69.29542, 19.19019 ], [ -69.29595, 19.19105 ], [ -69.29663, 19.19022 ] ] ], [ [ [ -69.32163, 19.19209 ], [ -69.32113, 19.19194 ], [ -69.321, 19.19214 ], [ -69.32163, 19.19209 ] ] ], [ [ [ -69.23088, 19.36255 ], [ -69.23635, 19.36394 ], [ -69.23879, 19.36279 ], [ -69.24204, 19.35276 ], [ -69.25044, 19.34188 ], [ -69.25186, 19.34157 ], [ -69.25221, 19.34422 ], [ -69.2553, 19.34659 ], [ -69.26042, 19.34571 ], [ -69.268, 19.3392 ], [ -69.26794, 19.33512 ], [ -69.26519, 19.33446 ], [ -69.27652, 19.33417 ], [ -69.28819, 19.33128 ], [ -69.29415, 19.32292 ], [ -69.29746, 19.32062 ], [ -69.30518, 19.32005 ], [ -69.30765, 19.31518 ], [ -69.31975, 19.30858 ], [ -69.32497, 19.30303 ], [ -69.32351, 19.29862 ], [ -69.32427, 19.28832 ], [ -69.32544, 19.28495 ], [ -69.32889, 19.28359 ], [ -69.33707, 19.28435 ], [ -69.33906, 19.28919 ], [ -69.34292, 19.28834 ], [ -69.34814, 19.29262 ], [ -69.35395, 19.30312 ], [ -69.36479, 19.30156 ], [ -69.37483, 19.30257 ], [ -69.37669, 19.30642 ], [ -69.37987, 19.30733 ], [ -69.37971, 19.3111 ], [ -69.38689, 19.31168 ], [ -69.3879, 19.30781 ], [ -69.39144, 19.30832 ], [ -69.40361, 19.31708 ], [ -69.40592, 19.31603 ], [ -69.41243, 19.31997 ], [ -69.41266, 19.32275 ], [ -69.41818, 19.3204 ], [ -69.41679, 19.31855 ], [ -69.41982, 19.31604 ], [ -69.42617, 19.31433 ], [ -69.43449, 19.31906 ], [ -69.43838, 19.32563 ], [ -69.44348, 19.32621 ], [ -69.44554, 19.32162 ], [ -69.44936, 19.32095 ], [ -69.45372, 19.32654 ], [ -69.46316, 19.32755 ], [ -69.47096, 19.29662 ], [ -69.48595, 19.29534 ], [ -69.48339, 19.28871 ], [ -69.47875, 19.28499 ], [ -69.47985, 19.28326 ], [ -69.47821, 19.27922 ], [ -69.48197, 19.26993 ], [ -69.48194, 19.26454 ], [ -69.49085, 19.25043 ], [ -69.48837, 19.24479 ], [ -69.4822, 19.24394 ], [ -69.47469, 19.23467 ], [ -69.47395, 19.22807 ], [ -69.4782, 19.2242 ], [ -69.47998, 19.21973 ], [ -69.47803, 19.20823 ], [ -69.47218, 19.20774 ], [ -69.46061, 19.20234 ], [ -69.45034, 19.20281 ], [ -69.4466, 19.19764 ], [ -69.44762, 19.20178 ], [ -69.44124, 19.19995 ], [ -69.43693, 19.19718 ], [ -69.43174, 19.19029 ], [ -69.42636, 19.19384 ], [ -69.42234, 19.19242 ], [ -69.41616, 19.19332 ], [ -69.41394, 19.18719 ], [ -69.40721, 19.1843 ], [ -69.40765, 19.18995 ], [ -69.40227, 19.19543 ], [ -69.39861, 19.19421 ], [ -69.39314, 19.19628 ], [ -69.38767, 19.19391 ], [ -69.38554, 19.19568 ], [ -69.38093, 19.19453 ], [ -69.36938, 19.19687 ], [ -69.34056, 19.19315 ], [ -69.33948, 19.19654 ], [ -69.33362, 19.19637 ], [ -69.33685, 19.20089 ], [ -69.33327, 19.20255 ], [ -69.32578, 19.20137 ], [ -69.31384, 19.19343 ], [ -69.31111, 19.19686 ], [ -69.30751, 19.19684 ], [ -69.29958, 19.19039 ], [ -69.29751, 19.19065 ], [ -69.29558, 19.19455 ], [ -69.29331, 19.19468 ], [ -69.28466, 19.19083 ], [ -69.27813, 19.18424 ], [ -69.27466, 19.18562 ], [ -69.2711, 19.18362 ], [ -69.25794, 19.18413 ], [ -69.25576, 19.18052 ], [ -69.25159, 19.18304 ], [ -69.2504, 19.18169 ], [ -69.2432, 19.18229 ], [ -69.23939, 19.1806 ], [ -69.2344, 19.18146 ], [ -69.23162, 19.17976 ], [ -69.22045, 19.18287 ], [ -69.21914, 19.18835 ], [ -69.22232, 19.19086 ], [ -69.21792, 19.19859 ], [ -69.2153, 19.19908 ], [ -69.217, 19.20459 ], [ -69.215, 19.21094 ], [ -69.21686, 19.21314 ], [ -69.21175, 19.22032 ], [ -69.20923, 19.22881 ], [ -69.21041, 19.22998 ], [ -69.208, 19.23133 ], [ -69.20947, 19.23294 ], [ -69.19831, 19.2382 ], [ -69.19156, 19.2434 ], [ -69.19266, 19.24505 ], [ -69.18756, 19.24921 ], [ -69.16707, 19.26121 ], [ -69.16666, 19.26401 ], [ -69.16276, 19.26565 ], [ -69.15336, 19.28142 ], [ -69.14911, 19.29911 ], [ -69.15164, 19.30246 ], [ -69.16121, 19.30125 ], [ -69.1637, 19.30505 ], [ -69.16967, 19.30439 ], [ -69.17242, 19.30082 ], [ -69.17991, 19.29976 ], [ -69.18133, 19.29607 ], [ -69.18546, 19.29485 ], [ -69.18658, 19.29239 ], [ -69.18949, 19.29451 ], [ -69.19176, 19.2927 ], [ -69.19695, 19.29293 ], [ -69.20486, 19.29578 ], [ -69.2049, 19.29802 ], [ -69.20633, 19.298 ], [ -69.20675, 19.29547 ], [ -69.21104, 19.29381 ], [ -69.21678, 19.28767 ], [ -69.23112, 19.2858 ], [ -69.24693, 19.28864 ], [ -69.25143, 19.29165 ], [ -69.25444, 19.29505 ], [ -69.24567, 19.31262 ], [ -69.23938, 19.319 ], [ -69.22926, 19.33438 ], [ -69.22742, 19.33387 ], [ -69.22388, 19.3373 ], [ -69.21521, 19.3527 ], [ -69.21619, 19.36036 ], [ -69.22417, 19.36018 ], [ -69.22559, 19.3565 ], [ -69.23088, 19.36255 ] ] ], [ [ [ -69.27617, 19.16299 ], [ -69.27514, 19.16344 ], [ -69.27556, 19.16366 ], [ -69.27617, 19.16299 ] ] ], [ [ [ -69.27111, 19.16612 ], [ -69.26998, 19.16625 ], [ -69.27074, 19.16683 ], [ -69.27111, 19.16612 ] ] ], [ [ [ -69.26971, 19.16839 ], [ -69.269, 19.16942 ], [ -69.27107, 19.16919 ], [ -69.26971, 19.16839 ] ] ], [ [ [ -69.22682, 19.17801 ], [ -69.22645, 19.17826 ], [ -69.22666, 19.17843 ], [ -69.22682, 19.17801 ] ] ], [ [ [ -69.22179, 19.181 ], [ -69.22131, 19.18059 ], [ -69.22113, 19.18102 ], [ -69.22179, 19.181 ] ] ] ] } },
{ "type": "Feature", "properties": { "COD_PROV": "20", "COD_MUN": "2002", "MUNICIPIO": "Sánchez", "REG": "3" }, "geometry": { "type": "MultiPolygon", "coordinates": [ [ [ [ -69.60935, 19.0812 ], [ -69.60596, 19.0791 ], [ -69.60301, 19.08078 ], [ -69.60935, 19.0812 ] ] ], [ [ [ -69.6224, 19.08748 ], [ -69.62275, 19.08766 ], [ -69.62287, 19.08674 ], [ -69.6224, 19.08748 ] ] ], [ [ [ -69.62372, 19.08796 ], [ -69.6241, 19.08908 ], [ -69.62625, 19.08859 ], [ -69.62564, 19.08806 ], [ -69.62372, 19.08796 ] ] ], [ [ [ -69.62846, 19.08892 ], [ -69.62661, 19.08969 ], [ -69.62644, 19.09131 ], [ -69.62713, 19.09144 ], [ -69.62846, 19.08892 ] ] ], [ [ [ -69.6319, 19.09397 ], [ -69.6316, 19.09508 ], [ -69.63241, 19.09479 ], [ -69.6319, 19.09397 ] ] ], [ [ [ -69.65731, 19.29261 ], [ -69.66675, 19.28774 ], [ -69.6782, 19.28493 ], [ -69.68803, 19.28543 ], [ -69.69527, 19.28187 ], [ -69.70814, 19.27899 ], [ -69.72836, 19.27874 ], [ -69.7484, 19.28538 ], [ -69.74746, 19.28202 ], [ -69.74534, 19.28208 ], [ -69.74383, 19.27986 ], [ -69.74669, 19.27625 ], [ -69.75948, 19.2795 ], [ -69.76516, 19.28291 ], [ -69.77067, 19.28149 ], [ -69.77172, 19.27695 ], [ -69.76989, 19.27513 ], [ -69.76284, 19.2738 ], [ -69.7601, 19.27078 ], [ -69.76227, 19.26196 ], [ -69.76125, 19.25783 ], [ -69.74578, 19.26243 ], [ -69.74862, 19.25518 ], [ -69.75016, 19.22349 ], [ -69.74287, 19.22568 ], [ -69.731, 19.22552 ], [ -69.68357, 19.21921 ], [ -69.66598, 19.20303 ], [ -69.66181, 19.20662 ], [ -69.65592, 19.20778 ], [ -69.6533, 19.2017 ], [ -69.64967, 19.20141 ], [ -69.66123, 19.20049 ], [ -69.66452, 19.19858 ], [ -69.67068, 19.1905 ], [ -69.67339, 19.18995 ], [ -69.67097, 19.18846 ], [ -69.67272, 19.18462 ], [ -69.67543, 19.18364 ], [ -69.67363, 19.18236 ], [ -69.67563, 19.18161 ], [ -69.67434, 19.17691 ], [ -69.67662, 19.1757 ], [ -69.67448, 19.17394 ], [ -69.67544, 19.17124 ], [ -69.67846, 19.17145 ], [ -69.67901, 19.169 ], [ -69.68467, 19.16961 ], [ -69.68247, 19.1659 ], [ -69.68538, 19.16604 ], [ -69.68837, 19.16317 ], [ -69.69033, 19.16849 ], [ -69.69175, 19.16464 ], [ -69.69899, 19.16773 ], [ -69.69649, 19.16623 ], [ -69.69617, 19.16313 ], [ -69.6995, 19.16203 ], [ -69.70112, 19.15711 ], [ -69.70508, 19.15977 ], [ -69.70997, 19.15904 ], [ -69.70978, 19.15701 ], [ -69.70657, 19.15651 ], [ -69.70451, 19.15401 ], [ -69.70594, 19.1501 ], [ -69.71144, 19.14612 ], [ -69.71738, 19.14574 ], [ -69.72186, 19.1396 ], [ -69.72508, 19.13908 ], [ -69.72742, 19.1414 ], [ -69.73326, 19.1428 ], [ -69.73598, 19.14787 ], [ -69.73649, 19.15624 ], [ -69.74241, 19.15373 ], [ -69.74532, 19.15043 ], [ -69.74838, 19.15037 ], [ -69.74887, 19.14693 ], [ -69.74173, 19.1323 ], [ -69.73872, 19.13208 ], [ -69.73323, 19.12404 ], [ -69.73008, 19.11598 ], [ -69.72481, 19.11206 ], [ -69.72128, 19.11162 ], [ -69.7203, 19.10281 ], [ -69.72332, 19.10162 ], [ -69.72476, 19.09877 ], [ -69.72721, 19.10023 ], [ -69.73099, 19.09875 ], [ -69.73312, 19.09373 ], [ -69.72607, 19.08913 ], [ -69.71903, 19.08816 ], [ -69.71434, 19.08396 ], [ -69.70691, 19.08066 ], [ -69.70236, 19.072 ], [ -69.70097, 19.06246 ], [ -69.70191, 19.05218 ], [ -69.6962, 19.04254 ], [ -69.68974, 19.03668 ], [ -69.67572, 19.03114 ], [ -69.66345, 19.01314 ], [ -69.65313, 19.00985 ], [ -69.63344, 18.99634 ], [ -69.6243, 18.9922 ], [ -69.60409, 19.07942 ], [ -69.60694, 19.07889 ], [ -69.61227, 19.08159 ], [ -69.61321, 19.07965 ], [ -69.61439, 19.08169 ], [ -69.6156, 19.07953 ], [ -69.61703, 19.08147 ], [ -69.6187, 19.08004 ], [ -69.6179, 19.07803 ], [ -69.62032, 19.07723 ], [ -69.61985, 19.08322 ], [ -69.62178, 19.08116 ], [ -69.62245, 19.08296 ], [ -69.62328, 19.08111 ], [ -69.62439, 19.08266 ], [ -69.62729, 19.08177 ], [ -69.63486, 19.0946 ], [ -69.63921, 19.09873 ], [ -69.63442, 19.09918 ], [ -69.63178, 19.10368 ], [ -69.63551, 19.10873 ], [ -69.63329, 19.11179 ], [ -69.63608, 19.11868 ], [ -69.6376, 19.13737 ], [ -69.63184, 19.16664 ], [ -69.62816, 19.17313 ], [ -69.62574, 19.18721 ], [ -69.626, 19.1919 ], [ -69.6311, 19.19077 ], [ -69.6324, 19.19277 ], [ -69.62524, 19.19316 ], [ -69.62519, 19.1957 ], [ -69.62802, 19.19793 ], [ -69.62348, 19.19855 ], [ -69.62516, 19.20118 ], [ -69.62437, 19.21324 ], [ -69.62736, 19.21768 ], [ -69.62996, 19.21034 ], [ -69.6283, 19.21015 ], [ -69.62675, 19.20591 ], [ -69.6307, 19.2097 ], [ -69.63112, 19.21182 ], [ -69.6278, 19.21914 ], [ -69.61895, 19.2261 ], [ -69.61529, 19.22446 ], [ -69.60931, 19.22546 ], [ -69.59183, 19.21893 ], [ -69.59059, 19.21664 ], [ -69.58219, 19.21901 ], [ -69.5786, 19.21802 ], [ -69.57688, 19.21545 ], [ -69.56349, 19.21516 ], [ -69.55466, 19.2115 ], [ -69.55299, 19.21268 ], [ -69.54811, 19.21174 ], [ -69.54124, 19.21444 ], [ -69.53359, 19.21089 ], [ -69.5279, 19.21381 ], [ -69.51549, 19.21111 ], [ -69.51295, 19.20827 ], [ -69.50509, 19.2131 ], [ -69.49561, 19.20664 ], [ -69.49209, 19.20861 ], [ -69.48606, 19.20602 ], [ -69.47803, 19.20823 ], [ -69.47998, 19.21973 ], [ -69.4782, 19.2242 ], [ -69.47395, 19.22807 ], [ -69.47469, 19.23467 ], [ -69.4822, 19.24394 ], [ -69.48837, 19.24479 ], [ -69.49087, 19.25067 ], [ -69.48194, 19.26454 ], [ -69.48197, 19.26993 ], [ -69.47821, 19.27934 ], [ -69.4796, 19.28283 ], [ -69.48974, 19.28284 ], [ -69.49685, 19.27671 ], [ -69.49134, 19.26855 ], [ -69.50417, 19.2668 ], [ -69.54386, 19.25554 ], [ -69.5436, 19.24432 ], [ -69.54685, 19.2448 ], [ -69.55377, 19.24219 ], [ -69.56113, 19.24542 ], [ -69.58033, 19.24589 ], [ -69.59818, 19.24449 ], [ -69.61967, 19.2402 ], [ -69.61675, 19.25264 ], [ -69.61906, 19.26441 ], [ -69.6295, 19.2687 ], [ -69.63584, 19.26868 ], [ -69.6488, 19.27407 ], [ -69.65731, 19.29261 ] ] ] ] } },
{ "type": "Feature", "properties": { "COD_PROV": "20", "COD_MUN": "2003", "MUNICIPIO": "Las Terrenas", "REG": "3" }, "geometry": { "type": "Polygon", "coordinates": [ [ [ -69.5065, 19.32719 ], [ -69.51484, 19.32739 ], [ -69.52517, 19.32436 ], [ -69.5275, 19.3258 ], [ -69.53961, 19.32226 ], [ -69.54452, 19.32705 ], [ -69.5508, 19.3263 ], [ -69.55684, 19.31913 ], [ -69.5629, 19.32111 ], [ -69.56185, 19.31893 ], [ -69.56426, 19.31711 ], [ -69.56285, 19.31624 ], [ -69.56446, 19.31429 ], [ -69.57578, 19.31571 ], [ -69.57496, 19.30881 ], [ -69.57668, 19.30473 ], [ -69.59287, 19.29665 ], [ -69.64558, 19.29375 ], [ -69.65302, 19.29484 ], [ -69.65731, 19.29261 ], [ -69.64906, 19.27425 ], [ -69.63584, 19.26868 ], [ -69.6295, 19.2687 ], [ -69.61906, 19.26441 ], [ -69.61675, 19.25264 ], [ -69.61967, 19.2402 ], [ -69.59818, 19.24449 ], [ -69.58033, 19.24589 ], [ -69.56113, 19.24542 ], [ -69.55377, 19.24219 ], [ -69.54685, 19.2448 ], [ -69.5436, 19.24432 ], [ -69.54334, 19.2558 ], [ -69.51345, 19.26305 ], [ -69.50417, 19.2668 ], [ -69.49134, 19.26855 ], [ -69.49685, 19.27671 ], [ -69.49013, 19.28268 ], [ -69.4802, 19.28221 ], [ -69.47878, 19.28458 ], [ -69.48339, 19.28871 ], [ -69.48595, 19.29534 ], [ -69.47096, 19.29662 ], [ -69.46317, 19.32753 ], [ -69.48858, 19.32242 ], [ -69.49471, 19.32568 ], [ -69.50131, 19.32682 ], [ -69.50502, 19.32565 ], [ -69.5065, 19.32719 ] ] ] } },
{ "type": "Feature", "properties": { "COD_PROV": "21", "COD_MUN": "2101", "MUNICIPIO": "San Cristóbal", "REG": "1" }, "geometry": { "type": "Polygon", "coordinates": [ [ [ -70.21983, 18.55829 ], [ -70.22713, 18.55235 ], [ -70.22244, 18.54766 ], [ -70.22478, 18.5426 ], [ -70.21789, 18.54216 ], [ -70.21538, 18.53677 ], [ -70.20914, 18.53605 ], [ -70.20831, 18.53335 ], [ -70.2009, 18.5267 ], [ -70.19381, 18.52349 ], [ -70.19193, 18.51934 ], [ -70.19524, 18.517 ], [ -70.18737, 18.51335 ], [ -70.18729, 18.51029 ], [ -70.18475, 18.5093 ], [ -70.18052, 18.50053 ], [ -70.16634, 18.501 ], [ -70.1629, 18.49884 ], [ -70.15725, 18.49913 ], [ -70.15585, 18.49031 ], [ -70.1532, 18.48888 ], [ -70.15136, 18.48985 ], [ -70.14966, 18.48702 ], [ -70.1514, 18.48363 ], [ -70.15378, 18.48586 ], [ -70.15657, 18.48418 ], [ -70.16051, 18.48492 ], [ -70.16081, 18.48109 ], [ -70.16295, 18.47978 ], [ -70.1625, 18.47812 ], [ -70.15781, 18.47749 ], [ -70.15692, 18.47528 ], [ -70.16138, 18.46806 ], [ -70.15923, 18.46113 ], [ -70.1656, 18.45902 ], [ -70.16534, 18.44954 ], [ -70.16858, 18.44492 ], [ -70.16807, 18.44332 ], [ -70.16279, 18.44214 ], [ -70.16605, 18.43404 ], [ -70.16115, 18.43344 ], [ -70.15855, 18.43078 ], [ -70.15407, 18.43181 ], [ -70.1507, 18.42811 ], [ -70.15188, 18.42807 ], [ -70.15422, 18.42889 ], [ -70.15751, 18.42744 ], [ -70.15964, 18.42493 ], [ -70.15814, 18.42205 ], [ -70.16004, 18.41684 ], [ -70.16659, 18.41546 ], [ -70.16785, 18.40787 ], [ -70.17308, 18.40582 ], [ -70.17797, 18.40112 ], [ -70.19318, 18.39607 ], [ -70.20133, 18.39846 ], [ -70.20265, 18.40251 ], [ -70.20522, 18.40349 ], [ -70.20889, 18.40237 ], [ -70.21035, 18.39981 ], [ -70.20124, 18.38259 ], [ -70.1871, 18.3813 ], [ -70.18249, 18.37909 ], [ -70.16715, 18.37983 ], [ -70.16572, 18.3786 ], [ -70.16629, 18.37174 ], [ -70.16207, 18.37174 ], [ -70.16252, 18.36716 ], [ -70.15523, 18.36463 ], [ -70.15868, 18.35982 ], [ -70.15562, 18.35927 ], [ -70.15661, 18.35688 ], [ -70.15487, 18.35518 ], [ -70.15124, 18.35458 ], [ -70.15289, 18.35292 ], [ -70.14914, 18.35175 ], [ -70.14032, 18.35795 ], [ -70.13905, 18.355 ], [ -70.13714, 18.35525 ], [ -70.13601, 18.35076 ], [ -70.12613, 18.34402 ], [ -70.12716, 18.34077 ], [ -70.1311, 18.34234 ], [ -70.13575, 18.33223 ], [ -70.13079, 18.3261 ], [ -70.13335, 18.32017 ], [ -70.12719, 18.31657 ], [ -70.13197, 18.31085 ], [ -70.12783, 18.30895 ], [ -70.12793, 18.3051 ], [ -70.14984, 18.29068 ], [ -70.14631, 18.28773 ], [ -70.14386, 18.28906 ], [ -70.14043, 18.28798 ], [ -70.14013, 18.2851 ], [ -70.13751, 18.28529 ], [ -70.13856, 18.2837 ], [ -70.13286, 18.28064 ], [ -70.13366, 18.27947 ], [ -70.12775, 18.27875 ], [ -70.1244, 18.27228 ], [ -70.12255, 18.27179 ], [ -70.11537, 18.2825 ], [ -70.11172, 18.28522 ], [ -70.10998, 18.29134 ], [ -70.11032, 18.29495 ], [ -70.11573, 18.29809 ], [ -70.11508, 18.29967 ], [ -70.11616, 18.29842 ], [ -70.11849, 18.30065 ], [ -70.1047, 18.31382 ], [ -70.1076, 18.32186 ], [ -70.11263, 18.32443 ], [ -70.11769, 18.33121 ], [ -70.11496, 18.33073 ], [ -70.11403, 18.33746 ], [ -70.10821, 18.34152 ], [ -70.10378, 18.3419 ], [ -70.10068, 18.34665 ], [ -70.10298, 18.35029 ], [ -70.11138, 18.35379 ], [ -70.11381, 18.35652 ], [ -70.1086, 18.36642 ], [ -70.10731, 18.37518 ], [ -70.10251, 18.37403 ], [ -70.10082, 18.37558 ], [ -70.09955, 18.37435 ], [ -70.0965, 18.37705 ], [ -70.09517, 18.37022 ], [ -70.09329, 18.37183 ], [ -70.08908, 18.36999 ], [ -70.08534, 18.3754 ], [ -70.08733, 18.37799 ], [ -70.09474, 18.37964 ], [ -70.0965, 18.38338 ], [ -70.10699, 18.38945 ], [ -70.10917, 18.39557 ], [ -70.10446, 18.39863 ], [ -70.10418, 18.40057 ], [ -70.09896, 18.40066 ], [ -70.0958, 18.39711 ], [ -70.08721, 18.40172 ], [ -70.08309, 18.39415 ], [ -70.0795, 18.39729 ], [ -70.07975, 18.39241 ], [ -70.0728, 18.38945 ], [ -70.06808, 18.39425 ], [ -70.0705, 18.40058 ], [ -70.06997, 18.40443 ], [ -70.06314, 18.40977 ], [ -70.05337, 18.40809 ], [ -70.05431, 18.41223 ], [ -70.05126, 18.41606 ], [ -70.05514, 18.43184 ], [ -70.05839, 18.43367 ], [ -70.06321, 18.4326 ], [ -70.06945, 18.43495 ], [ -70.0733, 18.43396 ], [ -70.07524, 18.43615 ], [ -70.07005, 18.44721 ], [ -70.06411, 18.45078 ], [ -70.06231, 18.45797 ], [ -70.06571, 18.46017 ], [ -70.06274, 18.46543 ], [ -70.06592, 18.46462 ], [ -70.06841, 18.46944 ], [ -70.06712, 18.47447 ], [ -70.06392, 18.47667 ], [ -70.06415, 18.47998 ], [ -70.06538, 18.48137 ], [ -70.07212, 18.4799 ], [ -70.0736, 18.48131 ], [ -70.07262, 18.48431 ], [ -70.06571, 18.48743 ], [ -70.06425, 18.49322 ], [ -70.07025, 18.49697 ], [ -70.07228, 18.5022 ], [ -70.07102, 18.5099 ], [ -70.07233, 18.51575 ], [ -70.0827, 18.52022 ], [ -70.08757, 18.53066 ], [ -70.09215, 18.53496 ], [ -70.09643, 18.53182 ], [ -70.09388, 18.52685 ], [ -70.09604, 18.5243 ], [ -70.10753, 18.52773 ], [ -70.11229, 18.52594 ], [ -70.11502, 18.51587 ], [ -70.11709, 18.51548 ], [ -70.11723, 18.51743 ], [ -70.12097, 18.51422 ], [ -70.12411, 18.51402 ], [ -70.12719, 18.50858 ], [ -70.13013, 18.50869 ], [ -70.12953, 18.50704 ], [ -70.13297, 18.50449 ], [ -70.1353, 18.50697 ], [ -70.1443, 18.50696 ], [ -70.1464, 18.51172 ], [ -70.15278, 18.50919 ], [ -70.15689, 18.51338 ], [ -70.16255, 18.51592 ], [ -70.16493, 18.51964 ], [ -70.16496, 18.52486 ], [ -70.17318, 18.52589 ], [ -70.17942, 18.53008 ], [ -70.18067, 18.53582 ], [ -70.18445, 18.53681 ], [ -70.19611, 18.54806 ], [ -70.20739, 18.55254 ], [ -70.21441, 18.55796 ], [ -70.21983, 18.55829 ] ] ] } },
{ "type": "Feature", "properties": { "COD_PROV": "21", "COD_MUN": "2102", "MUNICIPIO": "Sabana Grande de Palenque", "REG": "1" }, "geometry": { "type": "Polygon", "coordinates": [ [ [ -70.14386, 18.28906 ], [ -70.15398, 18.28288 ], [ -70.16224, 18.27574 ], [ -70.17074, 18.28356 ], [ -70.18029, 18.28796 ], [ -70.18622, 18.26863 ], [ -70.18647, 18.2595 ], [ -70.18965, 18.25632 ], [ -70.18976, 18.24695 ], [ -70.19225, 18.24325 ], [ -70.1917, 18.23985 ], [ -70.18759, 18.23464 ], [ -70.18786, 18.22865 ], [ -70.16927, 18.23708 ], [ -70.16676, 18.23548 ], [ -70.16685, 18.23197 ], [ -70.16331, 18.23441 ], [ -70.16071, 18.22726 ], [ -70.14923, 18.23492 ], [ -70.13448, 18.26312 ], [ -70.12767, 18.26962 ], [ -70.12282, 18.27173 ], [ -70.12775, 18.27875 ], [ -70.13366, 18.27947 ], [ -70.13286, 18.28064 ], [ -70.13856, 18.2837 ], [ -70.13741, 18.28515 ], [ -70.13989, 18.28488 ], [ -70.13999, 18.28752 ], [ -70.14386, 18.28906 ] ] ] } },
{ "type": "Feature", "properties": { "COD_PROV": "21", "COD_MUN": "2103", "MUNICIPIO": "Bajos de Haina", "REG": "1" }, "geometry": { "type": "Polygon", "coordinates": [ [ [ -70.04826, 18.47715 ], [ -70.06205, 18.46961 ], [ -70.06307, 18.46342 ], [ -70.06571, 18.46017 ], [ -70.06231, 18.45797 ], [ -70.06407, 18.45087 ], [ -70.07005, 18.44721 ], [ -70.07524, 18.43615 ], [ -70.0733, 18.43396 ], [ -70.07122, 18.43508 ], [ -70.06321, 18.4326 ], [ -70.05761, 18.43358 ], [ -70.05474, 18.43139 ], [ -70.05126, 18.41606 ], [ -70.05431, 18.41223 ], [ -70.05337, 18.40809 ], [ -70.04378, 18.39784 ], [ -70.04574, 18.38883 ], [ -70.04338, 18.38724 ], [ -70.03926, 18.39187 ], [ -70.03795, 18.38952 ], [ -70.03404, 18.38918 ], [ -70.02484, 18.4091 ], [ -70.0212, 18.41296 ], [ -70.01838, 18.41273 ], [ -70.01984, 18.41329 ], [ -70.01871, 18.41451 ], [ -70.02081, 18.41419 ], [ -70.01821, 18.42671 ], [ -70.00649, 18.43057 ], [ -70.00664, 18.44307 ], [ -70.00254, 18.44579 ], [ -70.00205, 18.44801 ], [ -70.01064, 18.45339 ], [ -70.00763, 18.45744 ], [ -70.00931, 18.46036 ], [ -70.01035, 18.46121 ], [ -70.01379, 18.45908 ], [ -70.01558, 18.46035 ], [ -70.01315, 18.46489 ], [ -70.01348, 18.47644 ], [ -70.01916, 18.47638 ], [ -70.02221, 18.46646 ], [ -70.02874, 18.46124 ], [ -70.03357, 18.46195 ], [ -70.03705, 18.46615 ], [ -70.04154, 18.46832 ], [ -70.04392, 18.47507 ], [ -70.04826, 18.47715 ] ] ] } },
{ "type": "Feature", "properties": { "COD_PROV": "21", "COD_MUN": "2104", "MUNICIPIO": "Cambita Garabitos", "REG": "1" }, "geometry": { "type": "Polygon", "coordinates": [ [ [ -70.22713, 18.55235 ], [ -70.23676, 18.54454 ], [ -70.25468, 18.54026 ], [ -70.25872, 18.54028 ], [ -70.26368, 18.54293 ], [ -70.28141, 18.54469 ], [ -70.28545, 18.54801 ], [ -70.28825, 18.54214 ], [ -70.2763, 18.53852 ], [ -70.27309, 18.53208 ], [ -70.26768, 18.52915 ], [ -70.2609, 18.53105 ], [ -70.2492, 18.52849 ], [ -70.24532, 18.52943 ], [ -70.24561, 18.53238 ], [ -70.24168, 18.5315 ], [ -70.24086, 18.53304 ], [ -70.24031, 18.53135 ], [ -70.23786, 18.53174 ], [ -70.23485, 18.52714 ], [ -70.23559, 18.52548 ], [ -70.23203, 18.52555 ], [ -70.23308, 18.52302 ], [ -70.231, 18.52155 ], [ -70.23145, 18.51585 ], [ -70.25142, 18.50212 ], [ -70.25445, 18.50503 ], [ -70.2629, 18.49529 ], [ -70.27039, 18.49512 ], [ -70.26988, 18.50792 ], [ -70.27572, 18.51461 ], [ -70.27766, 18.51326 ], [ -70.27785, 18.51473 ], [ -70.28585, 18.51809 ], [ -70.28658, 18.51685 ], [ -70.29114, 18.52031 ], [ -70.29296, 18.51782 ], [ -70.30038, 18.52031 ], [ -70.30023, 18.51683 ], [ -70.3025, 18.51643 ], [ -70.30556, 18.51198 ], [ -70.30983, 18.51361 ], [ -70.30854, 18.50965 ], [ -70.31046, 18.50816 ], [ -70.31015, 18.50577 ], [ -70.31365, 18.50722 ], [ -70.3145, 18.505 ], [ -70.32169, 18.50089 ], [ -70.3221, 18.49507 ], [ -70.32073, 18.49657 ], [ -70.31876, 18.49395 ], [ -70.31395, 18.49274 ], [ -70.31196, 18.49509 ], [ -70.30967, 18.49479 ], [ -70.30969, 18.49023 ], [ -70.30593, 18.48942 ], [ -70.3057, 18.48699 ], [ -70.3014, 18.48629 ], [ -70.30269, 18.48431 ], [ -70.30022, 18.4821 ], [ -70.30145, 18.47877 ], [ -70.29422, 18.47866 ], [ -70.28821, 18.47533 ], [ -70.29141, 18.4738 ], [ -70.28709, 18.47072 ], [ -70.28963, 18.46847 ], [ -70.28884, 18.46516 ], [ -70.29198, 18.46327 ], [ -70.28656, 18.45384 ], [ -70.27964, 18.45954 ], [ -70.27432, 18.45429 ], [ -70.2711, 18.45345 ], [ -70.26918, 18.45378 ], [ -70.26752, 18.45741 ], [ -70.26533, 18.45755 ], [ -70.26233, 18.45326 ], [ -70.26527, 18.45171 ], [ -70.26578, 18.44844 ], [ -70.25967, 18.44525 ], [ -70.26608, 18.43988 ], [ -70.26418, 18.43754 ], [ -70.25976, 18.43805 ], [ -70.25852, 18.43668 ], [ -70.26269, 18.43209 ], [ -70.26242, 18.43027 ], [ -70.25983, 18.4282 ], [ -70.24986, 18.42641 ], [ -70.2437, 18.42067 ], [ -70.24621, 18.4152 ], [ -70.25796, 18.4115 ], [ -70.26318, 18.40216 ], [ -70.27824, 18.40407 ], [ -70.27763, 18.39917 ], [ -70.28048, 18.39658 ], [ -70.2815, 18.39198 ], [ -70.24788, 18.39195 ], [ -70.23831, 18.38914 ], [ -70.23314, 18.39183 ], [ -70.22797, 18.40493 ], [ -70.22258, 18.4072 ], [ -70.21794, 18.40637 ], [ -70.20941, 18.40144 ], [ -70.20367, 18.40312 ], [ -70.20133, 18.39846 ], [ -70.19318, 18.39607 ], [ -70.17797, 18.40112 ], [ -70.17308, 18.40582 ], [ -70.16863, 18.40689 ], [ -70.16648, 18.41047 ], [ -70.16684, 18.41522 ], [ -70.16004, 18.41684 ], [ -70.15881, 18.41889 ], [ -70.15964, 18.42493 ], [ -70.15628, 18.42848 ], [ -70.1507, 18.42811 ], [ -70.15407, 18.43181 ], [ -70.15855, 18.43078 ], [ -70.16115, 18.43344 ], [ -70.16605, 18.43404 ], [ -70.16281, 18.44222 ], [ -70.16858, 18.4446 ], [ -70.16534, 18.44954 ], [ -70.1656, 18.45902 ], [ -70.15923, 18.46113 ], [ -70.16138, 18.46806 ], [ -70.15692, 18.47528 ], [ -70.15781, 18.47749 ], [ -70.1625, 18.47812 ], [ -70.16295, 18.47978 ], [ -70.16081, 18.48109 ], [ -70.16051, 18.48492 ], [ -70.15657, 18.48418 ], [ -70.15378, 18.48586 ], [ -70.1514, 18.48363 ], [ -70.14966, 18.48702 ], [ -70.15136, 18.48985 ], [ -70.1532, 18.48888 ], [ -70.15585, 18.49031 ], [ -70.15663, 18.49876 ], [ -70.1629, 18.49884 ], [ -70.16634, 18.501 ], [ -70.18052, 18.50053 ], [ -70.18475, 18.5093 ], [ -70.18729, 18.51029 ], [ -70.18737, 18.51335 ], [ -70.19524, 18.517 ], [ -70.19193, 18.51934 ], [ -70.19381, 18.52349 ], [ -70.2009, 18.5267 ], [ -70.20831, 18.53335 ], [ -70.20914, 18.53605 ], [ -70.21538, 18.53677 ], [ -70.21789, 18.54216 ], [ -70.22461, 18.54246 ], [ -70.22244, 18.54766 ], [ -70.22713, 18.55235 ] ] ] } },
{ "type": "Feature", "properties": { "COD_PROV": "21", "COD_MUN": "2105", "MUNICIPIO": "Villa Altagracia", "REG": "1" }, "geometry": { "type": "Polygon", "coordinates": [ [ [ -70.24049, 18.80148 ], [ -70.24871, 18.80763 ], [ -70.2507, 18.80501 ], [ -70.25817, 18.80178 ], [ -70.27202, 18.80013 ], [ -70.27646, 18.79468 ], [ -70.28903, 18.79028 ], [ -70.29418, 18.78024 ], [ -70.30051, 18.77812 ], [ -70.30312, 18.77536 ], [ -70.30341, 18.77016 ], [ -70.29492, 18.75369 ], [ -70.29771, 18.74799 ], [ -70.29656, 18.74444 ], [ -70.29843, 18.73914 ], [ -70.30316, 18.73415 ], [ -70.30682, 18.73284 ], [ -70.31445, 18.72239 ], [ -70.3296, 18.71544 ], [ -70.32581, 18.69189 ], [ -70.32223, 18.68329 ], [ -70.31488, 18.67362 ], [ -70.30606, 18.66673 ], [ -70.29715, 18.64641 ], [ -70.28654, 18.63594 ], [ -70.28156, 18.63403 ], [ -70.29073, 18.6202 ], [ -70.29146, 18.61419 ], [ -70.29657, 18.60251 ], [ -70.29466, 18.58823 ], [ -70.28436, 18.58315 ], [ -70.28392, 18.5785 ], [ -70.27847, 18.57326 ], [ -70.27916, 18.56138 ], [ -70.28545, 18.54801 ], [ -70.28141, 18.54469 ], [ -70.26368, 18.54293 ], [ -70.25872, 18.54028 ], [ -70.25468, 18.54026 ], [ -70.23676, 18.54454 ], [ -70.22178, 18.55729 ], [ -70.21441, 18.55796 ], [ -70.19039, 18.54364 ], [ -70.18445, 18.53681 ], [ -70.18067, 18.53582 ], [ -70.17942, 18.53008 ], [ -70.1747, 18.52684 ], [ -70.16539, 18.52522 ], [ -70.16493, 18.51964 ], [ -70.16255, 18.51592 ], [ -70.15689, 18.51338 ], [ -70.15278, 18.50919 ], [ -70.1464, 18.51172 ], [ -70.1443, 18.50696 ], [ -70.13749, 18.50744 ], [ -70.13225, 18.50458 ], [ -70.12953, 18.50704 ], [ -70.13013, 18.50869 ], [ -70.12719, 18.50858 ], [ -70.12411, 18.51402 ], [ -70.12097, 18.51422 ], [ -70.11723, 18.51743 ], [ -70.11709, 18.51548 ], [ -70.11502, 18.51587 ], [ -70.11239, 18.52202 ], [ -70.12476, 18.52632 ], [ -70.12515, 18.52915 ], [ -70.11885, 18.54144 ], [ -70.12581, 18.54596 ], [ -70.12387, 18.55074 ], [ -70.13282, 18.55941 ], [ -70.12797, 18.56572 ], [ -70.13426, 18.56433 ], [ -70.13743, 18.56611 ], [ -70.13915, 18.56917 ], [ -70.13742, 18.57318 ], [ -70.13816, 18.57645 ], [ -70.14791, 18.58573 ], [ -70.14912, 18.59405 ], [ -70.15288, 18.59496 ], [ -70.14747, 18.60006 ], [ -70.14813, 18.6041 ], [ -70.14596, 18.60804 ], [ -70.14671, 18.61647 ], [ -70.15103, 18.62369 ], [ -70.1503, 18.62828 ], [ -70.14691, 18.63101 ], [ -70.13572, 18.62806 ], [ -70.12587, 18.63096 ], [ -70.13184, 18.63369 ], [ -70.13555, 18.63278 ], [ -70.13838, 18.63406 ], [ -70.13739, 18.63641 ], [ -70.13945, 18.63643 ], [ -70.13704, 18.64043 ], [ -70.14272, 18.64514 ], [ -70.14037, 18.64704 ], [ -70.14356, 18.64864 ], [ -70.14393, 18.65344 ], [ -70.1507, 18.65559 ], [ -70.15247, 18.66044 ], [ -70.15536, 18.66053 ], [ -70.15534, 18.6632 ], [ -70.15247, 18.66386 ], [ -70.15581, 18.67264 ], [ -70.15303, 18.67559 ], [ -70.1527, 18.67981 ], [ -70.15546, 18.68087 ], [ -70.15602, 18.68957 ], [ -70.15775, 18.68953 ], [ -70.16035, 18.69329 ], [ -70.15789, 18.69785 ], [ -70.16247, 18.70236 ], [ -70.1644, 18.70846 ], [ -70.17189, 18.71322 ], [ -70.17545, 18.72008 ], [ -70.17405, 18.72424 ], [ -70.16473, 18.72883 ], [ -70.16371, 18.73435 ], [ -70.16852, 18.7433 ], [ -70.17469, 18.74711 ], [ -70.17602, 18.75173 ], [ -70.18121, 18.7537 ], [ -70.18626, 18.75875 ], [ -70.19292, 18.76118 ], [ -70.19715, 18.76562 ], [ -70.20283, 18.76697 ], [ -70.20811, 18.76443 ], [ -70.21727, 18.7669 ], [ -70.2203, 18.77839 ], [ -70.22809, 18.78419 ], [ -70.22882, 18.78912 ], [ -70.23366, 18.79258 ], [ -70.24049, 18.80148 ] ] ] } },
{ "type": "Feature", "properties": { "COD_PROV": "21", "COD_MUN": "2106", "MUNICIPIO": "Yaguate", "REG": "1" }, "geometry": { "type": "Polygon", "coordinates": [ [ [ -70.21008, 18.39806 ], [ -70.20959, 18.40178 ], [ -70.22258, 18.4072 ], [ -70.22797, 18.40493 ], [ -70.23314, 18.39183 ], [ -70.23831, 18.38914 ], [ -70.24682, 18.39185 ], [ -70.27273, 18.39276 ], [ -70.2815, 18.39198 ], [ -70.28188, 18.38931 ], [ -70.28876, 18.38621 ], [ -70.28333, 18.37855 ], [ -70.27842, 18.38489 ], [ -70.27513, 18.38463 ], [ -70.27234, 18.37843 ], [ -70.27026, 18.35838 ], [ -70.26678, 18.35875 ], [ -70.25574, 18.36697 ], [ -70.25142, 18.36639 ], [ -70.2467, 18.36029 ], [ -70.24608, 18.35572 ], [ -70.24855, 18.3501 ], [ -70.24677, 18.34506 ], [ -70.24309, 18.34358 ], [ -70.24202, 18.33517 ], [ -70.23664, 18.32944 ], [ -70.22859, 18.32448 ], [ -70.22813, 18.31514 ], [ -70.21914, 18.31362 ], [ -70.21691, 18.30773 ], [ -70.21232, 18.30653 ], [ -70.20781, 18.29568 ], [ -70.20839, 18.28861 ], [ -70.20598, 18.28465 ], [ -70.20164, 18.28257 ], [ -70.19256, 18.28357 ], [ -70.18862, 18.28163 ], [ -70.18508, 18.27271 ], [ -70.17997, 18.28816 ], [ -70.17035, 18.28329 ], [ -70.16224, 18.27574 ], [ -70.14564, 18.28759 ], [ -70.14971, 18.29042 ], [ -70.14921, 18.29217 ], [ -70.12793, 18.3051 ], [ -70.12783, 18.30895 ], [ -70.13197, 18.31085 ], [ -70.12719, 18.31657 ], [ -70.13335, 18.32017 ], [ -70.13079, 18.3261 ], [ -70.13575, 18.33223 ], [ -70.1311, 18.34234 ], [ -70.12716, 18.34077 ], [ -70.12613, 18.34402 ], [ -70.13601, 18.35076 ], [ -70.13714, 18.35525 ], [ -70.13905, 18.355 ], [ -70.14032, 18.35795 ], [ -70.14914, 18.35175 ], [ -70.15289, 18.35292 ], [ -70.15124, 18.35458 ], [ -70.15487, 18.35518 ], [ -70.15661, 18.35688 ], [ -70.15562, 18.35927 ], [ -70.15868, 18.35982 ], [ -70.15523, 18.36463 ], [ -70.16252, 18.36716 ], [ -70.16207, 18.37174 ], [ -70.16629, 18.37174 ], [ -70.16572, 18.3786 ], [ -70.16715, 18.37983 ], [ -70.18249, 18.37909 ], [ -70.18718, 18.38132 ], [ -70.19904, 18.38173 ], [ -70.20262, 18.38374 ], [ -70.21008, 18.39806 ] ] ] } },
{ "type": "Feature", "properties": { "COD_PROV": "21", "COD_MUN": "2107", "MUNICIPIO": "San Gregorio de Nigua", "REG": "1" }, "geometry": { "type": "Polygon", "coordinates": [ [ [ -70.06118, 18.41013 ], [ -70.07037, 18.40386 ], [ -70.06808, 18.39425 ], [ -70.0728, 18.38945 ], [ -70.07975, 18.39241 ], [ -70.0795, 18.39729 ], [ -70.08309, 18.39415 ], [ -70.08721, 18.40172 ], [ -70.0958, 18.39711 ], [ -70.09896, 18.40066 ], [ -70.10418, 18.40057 ], [ -70.10446, 18.39863 ], [ -70.10917, 18.39557 ], [ -70.10699, 18.38945 ], [ -70.0965, 18.38338 ], [ -70.09474, 18.37964 ], [ -70.08733, 18.37799 ], [ -70.08534, 18.3754 ], [ -70.08908, 18.36999 ], [ -70.09329, 18.37183 ], [ -70.09517, 18.37022 ], [ -70.0965, 18.37705 ], [ -70.09955, 18.37435 ], [ -70.10082, 18.37558 ], [ -70.10251, 18.37403 ], [ -70.10731, 18.37518 ], [ -70.1086, 18.36642 ], [ -70.11381, 18.35652 ], [ -70.11138, 18.35379 ], [ -70.10298, 18.35029 ], [ -70.1006, 18.34716 ], [ -70.10378, 18.3419 ], [ -70.10821, 18.34152 ], [ -70.11403, 18.33746 ], [ -70.11496, 18.33073 ], [ -70.1177, 18.33165 ], [ -70.1159, 18.32748 ], [ -70.10744, 18.32164 ], [ -70.1047, 18.31382 ], [ -70.11849, 18.30065 ], [ -70.11616, 18.29842 ], [ -70.11508, 18.29967 ], [ -70.11573, 18.29809 ], [ -70.11219, 18.29556 ], [ -70.11032, 18.29495 ], [ -70.10242, 18.30448 ], [ -70.09787, 18.30295 ], [ -70.09334, 18.30374 ], [ -70.08793, 18.30838 ], [ -70.07821, 18.3216 ], [ -70.07048, 18.33998 ], [ -70.05436, 18.36759 ], [ -70.04934, 18.37095 ], [ -70.03789, 18.38398 ], [ -70.03705, 18.3891 ], [ -70.03926, 18.39187 ], [ -70.04276, 18.38746 ], [ -70.04574, 18.38883 ], [ -70.04378, 18.39784 ], [ -70.05337, 18.40809 ], [ -70.05939, 18.40825 ], [ -70.06118, 18.41013 ] ] ] } },
{ "type": "Feature", "properties": { "COD_PROV": "21", "COD_MUN": "2108", "MUNICIPIO": "Los Cacaos", "REG": "1" }, "geometry": { "type": "Polygon", "coordinates": [ [ [ -70.34394, 18.72594 ], [ -70.3589, 18.70806 ], [ -70.35766, 18.69406 ], [ -70.36029, 18.6919 ], [ -70.36053, 18.68613 ], [ -70.35779, 18.68244 ], [ -70.36162, 18.67868 ], [ -70.36299, 18.67118 ], [ -70.36567, 18.67279 ], [ -70.36737, 18.672 ], [ -70.36611, 18.66646 ], [ -70.37552, 18.65835 ], [ -70.37453, 18.65323 ], [ -70.37706, 18.64926 ], [ -70.37542, 18.64664 ], [ -70.37756, 18.64311 ], [ -70.37333, 18.64023 ], [ -70.37534, 18.63795 ], [ -70.37317, 18.63697 ], [ -70.37561, 18.63602 ], [ -70.37232, 18.63448 ], [ -70.37422, 18.63294 ], [ -70.37153, 18.63236 ], [ -70.37207, 18.62895 ], [ -70.36893, 18.63176 ], [ -70.36671, 18.63153 ], [ -70.36985, 18.62795 ], [ -70.36818, 18.62316 ], [ -70.36378, 18.62126 ], [ -70.36522, 18.61735 ], [ -70.36336, 18.6165 ], [ -70.36612, 18.61568 ], [ -70.36279, 18.61134 ], [ -70.36496, 18.60981 ], [ -70.35991, 18.61054 ], [ -70.35885, 18.60764 ], [ -70.36175, 18.60434 ], [ -70.36595, 18.60476 ], [ -70.36503, 18.59966 ], [ -70.36681, 18.59876 ], [ -70.36609, 18.59643 ], [ -70.36898, 18.59549 ], [ -70.36469, 18.59284 ], [ -70.3662, 18.59029 ], [ -70.36973, 18.59187 ], [ -70.36849, 18.58792 ], [ -70.3698, 18.58548 ], [ -70.36545, 18.5854 ], [ -70.3682, 18.58176 ], [ -70.3655, 18.58092 ], [ -70.36701, 18.57487 ], [ -70.37052, 18.57283 ], [ -70.37058, 18.571 ], [ -70.37364, 18.5721 ], [ -70.37447, 18.56783 ], [ -70.37706, 18.56912 ], [ -70.37366, 18.56454 ], [ -70.36918, 18.5625 ], [ -70.37581, 18.55891 ], [ -70.37642, 18.55681 ], [ -70.37992, 18.55884 ], [ -70.38215, 18.55552 ], [ -70.38192, 18.55312 ], [ -70.37916, 18.55142 ], [ -70.38019, 18.54851 ], [ -70.37291, 18.54352 ], [ -70.37745, 18.54022 ], [ -70.37151, 18.53587 ], [ -70.36999, 18.53179 ], [ -70.36372, 18.53226 ], [ -70.36525, 18.5277 ], [ -70.36103, 18.52958 ], [ -70.36009, 18.52819 ], [ -70.36206, 18.52591 ], [ -70.3552, 18.52363 ], [ -70.35798, 18.5197 ], [ -70.35401, 18.51952 ], [ -70.3542, 18.51732 ], [ -70.35108, 18.51396 ], [ -70.35392, 18.51162 ], [ -70.34819, 18.50999 ], [ -70.35208, 18.50724 ], [ -70.34662, 18.50234 ], [ -70.33918, 18.50422 ], [ -70.33954, 18.50024 ], [ -70.33767, 18.49972 ], [ -70.33563, 18.5019 ], [ -70.33577, 18.50662 ], [ -70.33041, 18.50934 ], [ -70.32987, 18.50271 ], [ -70.32678, 18.50245 ], [ -70.32536, 18.49695 ], [ -70.32257, 18.49666 ], [ -70.32169, 18.50089 ], [ -70.31899, 18.50165 ], [ -70.31814, 18.50396 ], [ -70.31594, 18.50398 ], [ -70.31268, 18.5075 ], [ -70.31015, 18.50577 ], [ -70.31046, 18.50816 ], [ -70.30854, 18.50965 ], [ -70.30983, 18.51361 ], [ -70.30556, 18.51198 ], [ -70.3025, 18.51643 ], [ -70.30023, 18.51683 ], [ -70.29905, 18.52088 ], [ -70.29296, 18.51782 ], [ -70.29114, 18.52031 ], [ -70.28658, 18.51685 ], [ -70.28585, 18.51809 ], [ -70.27785, 18.51473 ], [ -70.27766, 18.51326 ], [ -70.27572, 18.51461 ], [ -70.26988, 18.50792 ], [ -70.27039, 18.49512 ], [ -70.26354, 18.49504 ], [ -70.2561, 18.50145 ], [ -70.25445, 18.50503 ], [ -70.25142, 18.50212 ], [ -70.23145, 18.51585 ], [ -70.231, 18.52155 ], [ -70.23308, 18.52302 ], [ -70.23203, 18.52555 ], [ -70.23559, 18.52548 ], [ -70.23485, 18.52714 ], [ -70.23786, 18.53174 ], [ -70.24031, 18.53135 ], [ -70.24086, 18.53304 ], [ -70.24168, 18.5315 ], [ -70.24561, 18.53238 ], [ -70.24532, 18.52943 ], [ -70.2492, 18.52849 ], [ -70.2609, 18.53105 ], [ -70.26768, 18.52915 ], [ -70.27309, 18.53208 ], [ -70.2763, 18.53852 ], [ -70.28825, 18.54214 ], [ -70.27928, 18.56097 ], [ -70.27796, 18.5704 ], [ -70.28002, 18.5762 ], [ -70.28392, 18.5785 ], [ -70.28407, 18.58285 ], [ -70.29466, 18.58823 ], [ -70.29657, 18.60251 ], [ -70.29146, 18.61419 ], [ -70.29073, 18.6202 ], [ -70.28156, 18.63403 ], [ -70.28654, 18.63594 ], [ -70.29715, 18.64641 ], [ -70.30606, 18.66673 ], [ -70.32016, 18.68008 ], [ -70.32581, 18.69189 ], [ -70.3296, 18.71544 ], [ -70.34394, 18.72594 ] ] ] } },
{ "type": "Feature", "properties": { "COD_PROV": "22", "COD_MUN": "2201", "MUNICIPIO": "San Juan", "REG": "6" }, "geometry": { "type": "Polygon", "coordinates": [ [ [ -71.20453, 19.17814 ], [ -71.21504, 19.17838 ], [ -71.2284, 19.17348 ], [ -71.23243, 19.17402 ], [ -71.24177, 19.1712 ], [ -71.25159, 19.17237 ], [ -71.25673, 19.16939 ], [ -71.26147, 19.17092 ], [ -71.26648, 19.16839 ], [ -71.27452, 19.16972 ], [ -71.28368, 19.17515 ], [ -71.28978, 19.17665 ], [ -71.30239, 19.17285 ], [ -71.31598, 19.17308 ], [ -71.32035, 19.1708 ], [ -71.32627, 19.17324 ], [ -71.33072, 19.17109 ], [ -71.34181, 19.17132 ], [ -71.34418, 19.166 ], [ -71.34249, 19.16158 ], [ -71.3461, 19.15995 ], [ -71.34269, 19.152 ], [ -71.34548, 19.14382 ], [ -71.34553, 19.13732 ], [ -71.33838, 19.12549 ], [ -71.34147, 19.12191 ], [ -71.34158, 19.11774 ], [ -71.34497, 19.11715 ], [ -71.34192, 19.11229 ], [ -71.34993, 19.10788 ], [ -71.35582, 19.11071 ], [ -71.35919, 19.10709 ], [ -71.36401, 19.1068 ], [ -71.37, 19.11329 ], [ -71.37246, 19.11365 ], [ -71.37605, 19.12076 ], [ -71.3756, 19.12383 ], [ -71.38772, 19.12064 ], [ -71.39921, 19.11257 ], [ -71.41458, 19.1164 ], [ -71.4167, 19.12059 ], [ -71.42117, 19.12156 ], [ -71.4234, 19.12692 ], [ -71.42803, 19.12918 ], [ -71.43008, 19.13226 ], [ -71.43884, 19.12612 ], [ -71.43449, 19.10071 ], [ -71.42757, 19.09483 ], [ -71.42484, 19.08434 ], [ -71.42766, 19.07097 ], [ -71.41525, 19.08063 ], [ -71.40552, 19.08091 ], [ -71.3924, 19.06997 ], [ -71.39159, 19.06525 ], [ -71.38901, 19.06266 ], [ -71.38499, 19.06138 ], [ -71.37634, 19.06205 ], [ -71.36228, 19.05222 ], [ -71.35565, 19.04448 ], [ -71.3576, 19.03894 ], [ -71.35694, 19.03479 ], [ -71.3463, 19.03175 ], [ -71.35439, 19.01677 ], [ -71.35337, 19.00133 ], [ -71.35614, 18.98359 ], [ -71.35458, 18.97751 ], [ -71.36152, 18.96989 ], [ -71.36374, 18.94652 ], [ -71.36209, 18.94045 ], [ -71.36796, 18.92359 ], [ -71.37207, 18.9218 ], [ -71.38432, 18.92626 ], [ -71.39183, 18.92578 ], [ -71.41104, 18.91262 ], [ -71.42466, 18.89583 ], [ -71.43092, 18.89626 ], [ -71.44688, 18.8926 ], [ -71.45172, 18.89447 ], [ -71.45521, 18.89332 ], [ -71.4547, 18.88839 ], [ -71.45254, 18.88791 ], [ -71.45351, 18.88617 ], [ -71.45119, 18.8848 ], [ -71.44986, 18.87811 ], [ -71.45231, 18.87423 ], [ -71.45054, 18.87047 ], [ -71.45175, 18.86401 ], [ -71.45542, 18.85974 ], [ -71.45534, 18.85732 ], [ -71.45692, 18.85745 ], [ -71.45632, 18.85127 ], [ -71.45786, 18.84913 ], [ -71.45565, 18.84801 ], [ -71.45675, 18.8451 ], [ -71.45464, 18.845 ], [ -71.4494, 18.83955 ], [ -71.4488, 18.82634 ], [ -71.45985, 18.80815 ], [ -71.45872, 18.80472 ], [ -71.46503, 18.79684 ], [ -71.45862, 18.79677 ], [ -71.4453, 18.79304 ], [ -71.43853, 18.78883 ], [ -71.44021, 18.78127 ], [ -71.43933, 18.77158 ], [ -71.43117, 18.74657 ], [ -71.41852, 18.74666 ], [ -71.41292, 18.74326 ], [ -71.40501, 18.7427 ], [ -71.38962, 18.73562 ], [ -71.37717, 18.73441 ], [ -71.37183, 18.73138 ], [ -71.36621, 18.73422 ], [ -71.363, 18.72634 ], [ -71.35709, 18.72199 ], [ -71.35617, 18.71558 ], [ -71.35029, 18.71119 ], [ -71.34888, 18.70558 ], [ -71.33654, 18.69766 ], [ -71.3141, 18.69548 ], [ -71.29629, 18.69696 ], [ -71.28507, 18.6995 ], [ -71.27642, 18.70371 ], [ -71.26881, 18.70449 ], [ -71.26186, 18.70966 ], [ -71.25401, 18.71044 ], [ -71.25132, 18.7126 ], [ -71.24736, 18.71082 ], [ -71.24483, 18.69841 ], [ -71.24557, 18.68009 ], [ -71.24181, 18.67522 ], [ -71.26057, 18.65577 ], [ -71.26441, 18.64419 ], [ -71.26119, 18.63598 ], [ -71.2541, 18.62822 ], [ -71.25334, 18.61617 ], [ -71.2496, 18.61579 ], [ -71.24537, 18.61671 ], [ -71.22983, 18.62618 ], [ -71.22117, 18.62891 ], [ -71.21753, 18.6232 ], [ -71.212, 18.62202 ], [ -71.19859, 18.62167 ], [ -71.19321, 18.62641 ], [ -71.18853, 18.62646 ], [ -71.17096, 18.61982 ], [ -71.16156, 18.61912 ], [ -71.16019, 18.62209 ], [ -71.15132, 18.62282 ], [ -71.14622, 18.62666 ], [ -71.13957, 18.62822 ], [ -71.13132, 18.64167 ], [ -71.11963, 18.63881 ], [ -71.10532, 18.64368 ], [ -71.10528, 18.64601 ], [ -71.10026, 18.64975 ], [ -71.10181, 18.65115 ], [ -71.1005, 18.65725 ], [ -71.09661, 18.65936 ], [ -71.09408, 18.66262 ], [ -71.09461, 18.66453 ], [ -71.0914, 18.66401 ], [ -71.08978, 18.66811 ], [ -71.08678, 18.66838 ], [ -71.08465, 18.67801 ], [ -71.07966, 18.68624 ], [ -71.07862, 18.69208 ], [ -71.07576, 18.69479 ], [ -71.07225, 18.69544 ], [ -71.07073, 18.6933 ], [ -71.0721, 18.68613 ], [ -71.07638, 18.68087 ], [ -71.07654, 18.67686 ], [ -71.07266, 18.67704 ], [ -71.06741, 18.67399 ], [ -71.06287, 18.68045 ], [ -71.05735, 18.67653 ], [ -71.05319, 18.67585 ], [ -71.0504, 18.68225 ], [ -71.04972, 18.69169 ], [ -71.0466, 18.69633 ], [ -71.04842, 18.70945 ], [ -71.0424, 18.71327 ], [ -71.03823, 18.72044 ], [ -71.03828, 18.72433 ], [ -71.04556, 18.73624 ], [ -71.04931, 18.74618 ], [ -71.05237, 18.74866 ], [ -71.05407, 18.75563 ], [ -71.05124, 18.75809 ], [ -71.0595, 18.76646 ], [ -71.06037, 18.77582 ], [ -71.06388, 18.77496 ], [ -71.06694, 18.77726 ], [ -71.06855, 18.78168 ], [ -71.07792, 18.78579 ], [ -71.08513, 18.79287 ], [ -71.08567, 18.79551 ], [ -71.09324, 18.80054 ], [ -71.09377, 18.80502 ], [ -71.08412, 18.8107 ], [ -71.0709, 18.8154 ], [ -71.06883, 18.81993 ], [ -71.0687, 18.83041 ], [ -71.06504, 18.83579 ], [ -71.05128, 18.84659 ], [ -71.04843, 18.85306 ], [ -71.04231, 18.85903 ], [ -71.03954, 18.87086 ], [ -71.04891, 18.88393 ], [ -71.05807, 18.89141 ], [ -71.06059, 18.90062 ], [ -71.07275, 18.90293 ], [ -71.07668, 18.90641 ], [ -71.07673, 18.9216 ], [ -71.07494, 18.92717 ], [ -71.08334, 18.94409 ], [ -71.08442, 18.96421 ], [ -71.08993, 18.96857 ], [ -71.09635, 18.96972 ], [ -71.1019, 18.97703 ], [ -71.10319, 18.99134 ], [ -71.10198, 18.99632 ], [ -71.10462, 19.01187 ], [ -71.11611, 19.03241 ], [ -71.12085, 19.07017 ], [ -71.12282, 19.07366 ], [ -71.13171, 19.07797 ], [ -71.13352, 19.08337 ], [ -71.12989, 19.08953 ], [ -71.12836, 19.09869 ], [ -71.13155, 19.10668 ], [ -71.13165, 19.11632 ], [ -71.14926, 19.12526 ], [ -71.15381, 19.13281 ], [ -71.15503, 19.13845 ], [ -71.15748, 19.14053 ], [ -71.16737, 19.14465 ], [ -71.17632, 19.14547 ], [ -71.17872, 19.14875 ], [ -71.18831, 19.15249 ], [ -71.18851, 19.16456 ], [ -71.20453, 19.17814 ] ], [ [ -71.1704, 18.93322 ], [ -71.16813, 18.92983 ], [ -71.16989, 18.92705 ], [ -71.18177, 18.92486 ], [ -71.19056, 18.91649 ], [ -71.18555, 18.91333 ], [ -71.1841, 18.90986 ], [ -71.16826, 18.90969 ], [ -71.15861, 18.90604 ], [ -71.1509, 18.89568 ], [ -71.14766, 18.88564 ], [ -71.15483, 18.87488 ], [ -71.15962, 18.87298 ], [ -71.16312, 18.86155 ], [ -71.17097, 18.85337 ], [ -71.16995, 18.84 ], [ -71.17162, 18.84075 ], [ -71.17367, 18.83647 ], [ -71.17214, 18.83266 ], [ -71.17318, 18.83084 ], [ -71.17715, 18.82673 ], [ -71.18851, 18.82703 ], [ -71.18864, 18.81747 ], [ -71.19601, 18.81747 ], [ -71.21362, 18.82221 ], [ -71.21346, 18.82396 ], [ -71.21168, 18.8248 ], [ -71.21844, 18.82614 ], [ -71.22486, 18.82983 ], [ -71.2365, 18.83035 ], [ -71.25274, 18.82758 ], [ -71.25253, 18.83288 ], [ -71.2495, 18.83967 ], [ -71.2509, 18.84504 ], [ -71.24801, 18.8523 ], [ -71.24863, 18.86075 ], [ -71.25229, 18.86373 ], [ -71.25299, 18.87041 ], [ -71.25145, 18.87406 ], [ -71.24853, 18.8752 ], [ -71.24583, 18.88387 ], [ -71.24218, 18.88498 ], [ -71.23525, 18.89172 ], [ -71.23277, 18.89194 ], [ -71.23111, 18.89638 ], [ -71.22706, 18.89732 ], [ -71.22207, 18.89577 ], [ -71.21439, 18.89882 ], [ -71.21889, 18.90357 ], [ -71.22907, 18.90762 ], [ -71.2289, 18.90983 ], [ -71.23031, 18.90924 ], [ -71.23533, 18.91611 ], [ -71.23719, 18.91614 ], [ -71.23601, 18.91894 ], [ -71.22789, 18.92525 ], [ -71.22294, 18.92527 ], [ -71.22105, 18.92939 ], [ -71.21687, 18.93271 ], [ -71.21021, 18.93094 ], [ -71.19421, 18.93268 ], [ -71.17594, 18.93171 ], [ -71.1704, 18.93322 ] ] ] } },
{ "type": "Feature", "properties": { "COD_PROV": "22", "COD_MUN": "2202", "MUNICIPIO": "Bohechío", "REG": "6" }, "geometry": { "type": "Polygon", "coordinates": [ [ [ -71.10836, 19.06144 ], [ -71.12079, 19.06965 ], [ -71.11611, 19.03241 ], [ -71.10462, 19.01187 ], [ -71.10198, 18.99632 ], [ -71.10319, 18.99134 ], [ -71.1019, 18.97703 ], [ -71.09635, 18.96972 ], [ -71.09196, 18.96951 ], [ -71.08579, 18.96592 ], [ -71.08358, 18.96153 ], [ -71.08334, 18.94409 ], [ -71.07494, 18.92717 ], [ -71.0773, 18.90813 ], [ -71.07275, 18.90293 ], [ -71.06059, 18.90062 ], [ -71.05807, 18.89141 ], [ -71.04768, 18.88254 ], [ -71.0391, 18.86849 ], [ -71.04231, 18.85903 ], [ -71.04843, 18.85306 ], [ -71.05128, 18.84659 ], [ -71.06504, 18.83579 ], [ -71.0687, 18.83041 ], [ -71.0693, 18.81737 ], [ -71.07242, 18.81453 ], [ -71.09162, 18.80658 ], [ -71.09377, 18.80502 ], [ -71.09324, 18.80054 ], [ -71.08567, 18.79551 ], [ -71.08513, 18.79287 ], [ -71.07792, 18.78579 ], [ -71.06855, 18.78168 ], [ -71.06694, 18.77726 ], [ -71.06388, 18.77496 ], [ -71.06037, 18.77582 ], [ -71.0595, 18.76646 ], [ -71.05124, 18.75809 ], [ -71.04491, 18.76396 ], [ -71.0431, 18.76888 ], [ -71.0366, 18.77356 ], [ -71.02992, 18.78783 ], [ -71.02704, 18.77699 ], [ -71.01492, 18.76879 ], [ -71.00932, 18.75755 ], [ -71.00977, 18.75037 ], [ -71.00334, 18.74892 ], [ -71.00072, 18.75067 ], [ -70.99999, 18.75571 ], [ -70.99637, 18.76074 ], [ -70.98804, 18.76407 ], [ -70.98666, 18.76275 ], [ -70.98321, 18.78383 ], [ -70.97203, 18.79623 ], [ -70.97356, 18.80373 ], [ -70.97256, 18.80738 ], [ -70.97517, 18.81145 ], [ -70.97402, 18.81725 ], [ -70.98625, 18.83297 ], [ -70.99121, 18.84781 ], [ -70.99563, 18.85152 ], [ -70.99447, 18.85712 ], [ -70.99759, 18.85972 ], [ -70.99772, 18.86202 ], [ -70.99363, 18.86458 ], [ -70.9976, 18.88135 ], [ -70.9962, 18.89744 ], [ -70.9949, 18.89914 ], [ -70.98828, 18.89899 ], [ -70.9852, 18.90254 ], [ -70.97768, 18.90111 ], [ -70.96667, 18.9088 ], [ -70.95594, 18.9098 ], [ -70.95353, 18.91858 ], [ -70.94725, 18.92355 ], [ -70.94007, 18.92519 ], [ -70.92395, 18.92439 ], [ -70.91763, 18.93392 ], [ -70.91721, 18.93835 ], [ -70.9182, 18.9408 ], [ -70.92457, 18.9449 ], [ -70.92632, 18.95254 ], [ -70.93236, 18.95614 ], [ -70.93255, 18.95884 ], [ -70.9281, 18.96143 ], [ -70.90733, 18.96083 ], [ -70.88994, 18.97091 ], [ -70.89274, 18.98927 ], [ -70.89109, 18.99134 ], [ -70.89141, 18.99675 ], [ -70.89497, 19.00494 ], [ -70.90445, 19.01195 ], [ -70.91262, 19.02316 ], [ -70.93304, 19.03052 ], [ -70.94032, 19.03526 ], [ -70.95332, 19.03883 ], [ -70.96093, 19.04496 ], [ -70.96448, 19.04434 ], [ -70.97282, 19.03852 ], [ -70.98444, 19.03541 ], [ -70.99347, 19.02879 ], [ -70.99834, 19.02165 ], [ -70.99971, 19.02881 ], [ -71.00578, 19.03078 ], [ -71.02493, 19.02559 ], [ -71.03147, 19.02037 ], [ -71.03741, 19.02394 ], [ -71.046, 19.02189 ], [ -71.05019, 19.02627 ], [ -71.04854, 19.0325 ], [ -71.05099, 19.0391 ], [ -71.05702, 19.0468 ], [ -71.06964, 19.05475 ], [ -71.07647, 19.05317 ], [ -71.08781, 19.06047 ], [ -71.09952, 19.05629 ], [ -71.10419, 19.06079 ], [ -71.10836, 19.06144 ] ] ] } },
{ "type": "Feature", "properties": { "COD_PROV": "22", "COD_MUN": "2203", "MUNICIPIO": "El Cercado", "REG": "6" }, "geometry": { "type": "Polygon", "coordinates": [ [ [ -71.52482, 18.81146 ], [ -71.52565, 18.80858 ], [ -71.55354, 18.80594 ], [ -71.55561, 18.79599 ], [ -71.56275, 18.78287 ], [ -71.56853, 18.7807 ], [ -71.57216, 18.77719 ], [ -71.58452, 18.77253 ], [ -71.58213, 18.76905 ], [ -71.57842, 18.77164 ], [ -71.57154, 18.76612 ], [ -71.5707, 18.76261 ], [ -71.57103, 18.75872 ], [ -71.57384, 18.75894 ], [ -71.57326, 18.7558 ], [ -71.57856, 18.74912 ], [ -71.57909, 18.74467 ], [ -71.58525, 18.74279 ], [ -71.58008, 18.73538 ], [ -71.57994, 18.72875 ], [ -71.57217, 18.72537 ], [ -71.56918, 18.71032 ], [ -71.56916, 18.70587 ], [ -71.57253, 18.70001 ], [ -71.57181, 18.68897 ], [ -71.5743, 18.68042 ], [ -71.57198, 18.67207 ], [ -71.57199, 18.66357 ], [ -71.57577, 18.65466 ], [ -71.57846, 18.65296 ], [ -71.56825, 18.6537 ], [ -71.53339, 18.64489 ], [ -71.52551, 18.64116 ], [ -71.52197, 18.63249 ], [ -71.5053, 18.62707 ], [ -71.49982, 18.62747 ], [ -71.49592, 18.62533 ], [ -71.4873, 18.62444 ], [ -71.48275, 18.62574 ], [ -71.47677, 18.62285 ], [ -71.47289, 18.62641 ], [ -71.46587, 18.62888 ], [ -71.45404, 18.6268 ], [ -71.44744, 18.62197 ], [ -71.43929, 18.62217 ], [ -71.43167, 18.61859 ], [ -71.42326, 18.60903 ], [ -71.41918, 18.60768 ], [ -71.41217, 18.61523 ], [ -71.40939, 18.62999 ], [ -71.41057, 18.6414 ], [ -71.4086, 18.64963 ], [ -71.39813, 18.66198 ], [ -71.39818, 18.66662 ], [ -71.40321, 18.67055 ], [ -71.43833, 18.68729 ], [ -71.44357, 18.68792 ], [ -71.43974, 18.69913 ], [ -71.45808, 18.70201 ], [ -71.45497, 18.70998 ], [ -71.45583, 18.71324 ], [ -71.45993, 18.71658 ], [ -71.45689, 18.71984 ], [ -71.45674, 18.72261 ], [ -71.4604, 18.72908 ], [ -71.46002, 18.74149 ], [ -71.4509, 18.73927 ], [ -71.43117, 18.74657 ], [ -71.43933, 18.77158 ], [ -71.44021, 18.78127 ], [ -71.43853, 18.78883 ], [ -71.4453, 18.79304 ], [ -71.45862, 18.79677 ], [ -71.47341, 18.79837 ], [ -71.48347, 18.8034 ], [ -71.50396, 18.80468 ], [ -71.50736, 18.8086 ], [ -71.52482, 18.81146 ] ] ] } },
{ "type": "Feature", "properties": { "COD_PROV": "22", "COD_MUN": "2204", "MUNICIPIO": "Juan de Herrera", "REG": "6" }, "geometry": { "type": "Polygon", "coordinates": [ [ [ -71.16941, 18.93311 ], [ -71.21021, 18.93094 ], [ -71.21687, 18.93271 ], [ -71.22105, 18.92939 ], [ -71.22294, 18.92527 ], [ -71.22789, 18.92525 ], [ -71.23601, 18.91894 ], [ -71.23719, 18.91614 ], [ -71.23533, 18.91611 ], [ -71.23031, 18.90924 ], [ -71.2289, 18.90983 ], [ -71.22907, 18.90762 ], [ -71.21889, 18.90357 ], [ -71.21439, 18.89882 ], [ -71.22207, 18.89577 ], [ -71.22706, 18.89732 ], [ -71.23111, 18.89638 ], [ -71.23277, 18.89194 ], [ -71.23525, 18.89172 ], [ -71.24218, 18.88498 ], [ -71.24583, 18.88387 ], [ -71.24853, 18.8752 ], [ -71.25145, 18.87406 ], [ -71.25299, 18.87041 ], [ -71.25229, 18.86373 ], [ -71.24863, 18.86075 ], [ -71.24801, 18.8523 ], [ -71.2509, 18.84504 ], [ -71.2495, 18.83967 ], [ -71.25253, 18.83288 ], [ -71.25274, 18.82758 ], [ -71.2365, 18.83035 ], [ -71.22486, 18.82983 ], [ -71.21844, 18.82614 ], [ -71.21168, 18.8248 ], [ -71.21362, 18.82221 ], [ -71.19601, 18.81747 ], [ -71.18864, 18.81747 ], [ -71.18851, 18.82703 ], [ -71.17715, 18.82673 ], [ -71.17318, 18.83084 ], [ -71.17214, 18.83266 ], [ -71.17367, 18.83647 ], [ -71.17162, 18.84075 ], [ -71.16995, 18.84 ], [ -71.17097, 18.85337 ], [ -71.16312, 18.86155 ], [ -71.15962, 18.87298 ], [ -71.15483, 18.87488 ], [ -71.14767, 18.88551 ], [ -71.1509, 18.89568 ], [ -71.15861, 18.90604 ], [ -71.16826, 18.90969 ], [ -71.1841, 18.90986 ], [ -71.18555, 18.91333 ], [ -71.19056, 18.91649 ], [ -71.18177, 18.92486 ], [ -71.16989, 18.92705 ], [ -71.16813, 18.92967 ], [ -71.16941, 18.93311 ] ] ] } },
{ "type": "Feature", "properties": { "COD_PROV": "22", "COD_MUN": "2205", "MUNICIPIO": "Las Matas de Farfán", "REG": "6" }, "geometry": { "type": "Polygon", "coordinates": [ [ [ -71.4489, 19.12734 ], [ -71.46731, 19.12537 ], [ -71.46829, 19.12124 ], [ -71.46365, 19.1147 ], [ -71.46491, 19.10834 ], [ -71.48294, 19.09626 ], [ -71.48168, 19.09029 ], [ -71.48298, 19.08276 ], [ -71.49391, 19.0684 ], [ -71.50325, 19.06291 ], [ -71.5052, 19.04086 ], [ -71.50722, 19.03696 ], [ -71.51093, 19.03491 ], [ -71.51234, 19.03023 ], [ -71.51109, 19.02297 ], [ -71.50585, 19.01671 ], [ -71.50717, 19.00974 ], [ -71.51268, 19.00879 ], [ -71.51712, 19.00215 ], [ -71.52367, 18.99751 ], [ -71.53831, 19.00122 ], [ -71.54913, 18.99865 ], [ -71.5554, 19.00183 ], [ -71.56449, 19.00329 ], [ -71.57191, 19.0011 ], [ -71.57396, 18.99879 ], [ -71.57273, 18.99379 ], [ -71.58311, 18.98359 ], [ -71.59469, 18.98619 ], [ -71.59745, 18.98172 ], [ -71.61431, 18.96996 ], [ -71.61991, 18.96238 ], [ -71.61966, 18.95779 ], [ -71.62132, 18.95524 ], [ -71.62371, 18.95657 ], [ -71.6253, 18.95592 ], [ -71.62402, 18.95483 ], [ -71.62527, 18.95323 ], [ -71.62927, 18.9533 ], [ -71.63089, 18.95035 ], [ -71.62979, 18.94722 ], [ -71.63631, 18.94765 ], [ -71.6438, 18.94504 ], [ -71.64001, 18.93898 ], [ -71.63703, 18.93727 ], [ -71.63593, 18.94061 ], [ -71.63368, 18.9403 ], [ -71.63328, 18.93702 ], [ -71.62613, 18.93959 ], [ -71.61995, 18.93697 ], [ -71.6168, 18.93879 ], [ -71.61755, 18.93009 ], [ -71.61973, 18.92665 ], [ -71.61733, 18.92432 ], [ -71.61957, 18.92202 ], [ -71.61684, 18.92005 ], [ -71.62133, 18.9119 ], [ -71.63807, 18.89189 ], [ -71.64832, 18.88843 ], [ -71.65269, 18.88277 ], [ -71.6403, 18.87609 ], [ -71.63419, 18.87542 ], [ -71.62803, 18.87972 ], [ -71.62532, 18.87971 ], [ -71.62199, 18.88462 ], [ -71.6172, 18.88489 ], [ -71.6188, 18.88159 ], [ -71.61919, 18.86423 ], [ -71.62132, 18.85686 ], [ -71.62394, 18.85407 ], [ -71.62599, 18.84266 ], [ -71.62076, 18.82916 ], [ -71.61528, 18.82652 ], [ -71.62106, 18.82502 ], [ -71.6238, 18.82136 ], [ -71.62016, 18.81801 ], [ -71.62395, 18.80909 ], [ -71.63019, 18.80655 ], [ -71.62852, 18.80403 ], [ -71.61029, 18.80328 ], [ -71.59758, 18.79993 ], [ -71.59146, 18.79642 ], [ -71.58726, 18.79026 ], [ -71.56704, 18.78147 ], [ -71.56275, 18.78287 ], [ -71.55899, 18.78926 ], [ -71.55354, 18.80594 ], [ -71.52565, 18.80858 ], [ -71.52482, 18.81146 ], [ -71.5152, 18.80951 ], [ -71.51228, 18.81044 ], [ -71.50736, 18.8086 ], [ -71.50396, 18.80468 ], [ -71.48347, 18.8034 ], [ -71.47341, 18.79837 ], [ -71.46503, 18.79684 ], [ -71.45872, 18.80472 ], [ -71.45985, 18.80815 ], [ -71.4488, 18.82634 ], [ -71.4494, 18.83955 ], [ -71.45464, 18.845 ], [ -71.45675, 18.8451 ], [ -71.45565, 18.84801 ], [ -71.45786, 18.84913 ], [ -71.45632, 18.85127 ], [ -71.45692, 18.85745 ], [ -71.45534, 18.85732 ], [ -71.45542, 18.85974 ], [ -71.45175, 18.86401 ], [ -71.45054, 18.87047 ], [ -71.45231, 18.87423 ], [ -71.44986, 18.87811 ], [ -71.45119, 18.8848 ], [ -71.45351, 18.88617 ], [ -71.45254, 18.88791 ], [ -71.4547, 18.88839 ], [ -71.45521, 18.89332 ], [ -71.45172, 18.89447 ], [ -71.44688, 18.8926 ], [ -71.43092, 18.89626 ], [ -71.42466, 18.89583 ], [ -71.41104, 18.91262 ], [ -71.39183, 18.92578 ], [ -71.38432, 18.92626 ], [ -71.37207, 18.9218 ], [ -71.36796, 18.92359 ], [ -71.36209, 18.94045 ], [ -71.36374, 18.94652 ], [ -71.36152, 18.96989 ], [ -71.35458, 18.97751 ], [ -71.35614, 18.98359 ], [ -71.35337, 19.00133 ], [ -71.35439, 19.01677 ], [ -71.3463, 19.03175 ], [ -71.35694, 19.03479 ], [ -71.3576, 19.03894 ], [ -71.35565, 19.04448 ], [ -71.36228, 19.05222 ], [ -71.37634, 19.06205 ], [ -71.38499, 19.06138 ], [ -71.38901, 19.06266 ], [ -71.39159, 19.06525 ], [ -71.3924, 19.06997 ], [ -71.40552, 19.08091 ], [ -71.41525, 19.08063 ], [ -71.42766, 19.07097 ], [ -71.42484, 19.08434 ], [ -71.42757, 19.09483 ], [ -71.43449, 19.10071 ], [ -71.43841, 19.12658 ], [ -71.4489, 19.12734 ] ] ] } },
{ "type": "Feature", "properties": { "COD_PROV": "22", "COD_MUN": "2206", "MUNICIPIO": "Vallejuelo", "REG": "6" }, "geometry": { "type": "Polygon", "coordinates": [ [ [ -71.41852, 18.74666 ], [ -71.43117, 18.74657 ], [ -71.45214, 18.73906 ], [ -71.46002, 18.74149 ], [ -71.4604, 18.72908 ], [ -71.45674, 18.72261 ], [ -71.45689, 18.71984 ], [ -71.45993, 18.71658 ], [ -71.45583, 18.71324 ], [ -71.45497, 18.70998 ], [ -71.45808, 18.70201 ], [ -71.43974, 18.69913 ], [ -71.44357, 18.68792 ], [ -71.43833, 18.68729 ], [ -71.40321, 18.67055 ], [ -71.39818, 18.66662 ], [ -71.39813, 18.66198 ], [ -71.40666, 18.65323 ], [ -71.40894, 18.64858 ], [ -71.41057, 18.6414 ], [ -71.40939, 18.62999 ], [ -71.41217, 18.61523 ], [ -71.40764, 18.61766 ], [ -71.40197, 18.61412 ], [ -71.39491, 18.61325 ], [ -71.3924, 18.60826 ], [ -71.3919, 18.59677 ], [ -71.38513, 18.5942 ], [ -71.37709, 18.59358 ], [ -71.36876, 18.58904 ], [ -71.36453, 18.59179 ], [ -71.35745, 18.58787 ], [ -71.35457, 18.59358 ], [ -71.34177, 18.59998 ], [ -71.32401, 18.62021 ], [ -71.31769, 18.62504 ], [ -71.28047, 18.6136 ], [ -71.25334, 18.61617 ], [ -71.2541, 18.62822 ], [ -71.26119, 18.63598 ], [ -71.26438, 18.64458 ], [ -71.25985, 18.65674 ], [ -71.24181, 18.67522 ], [ -71.24557, 18.68009 ], [ -71.24483, 18.69841 ], [ -71.24736, 18.71082 ], [ -71.25132, 18.7126 ], [ -71.25401, 18.71044 ], [ -71.26186, 18.70966 ], [ -71.26881, 18.70449 ], [ -71.27642, 18.70371 ], [ -71.28507, 18.6995 ], [ -71.29629, 18.69696 ], [ -71.3141, 18.69548 ], [ -71.33654, 18.69766 ], [ -71.34888, 18.70558 ], [ -71.35029, 18.71119 ], [ -71.35617, 18.71558 ], [ -71.35709, 18.72199 ], [ -71.363, 18.72634 ], [ -71.36621, 18.73422 ], [ -71.37183, 18.73138 ], [ -71.37717, 18.73441 ], [ -71.38962, 18.73562 ], [ -71.40501, 18.7427 ], [ -71.41292, 18.74326 ], [ -71.41852, 18.74666 ] ] ] } },
{ "type": "Feature", "properties": { "COD_PROV": "23", "COD_MUN": "2301", "MUNICIPIO": "San Pedro de Macorís", "REG": "5" }, "geometry": { "type": "Polygon", "coordinates": [ [ [ -69.2394, 18.53974 ], [ -69.24705, 18.53544 ], [ -69.25123, 18.53524 ], [ -69.25227, 18.52866 ], [ -69.25579, 18.52745 ], [ -69.25884, 18.52375 ], [ -69.26881, 18.52506 ], [ -69.27313, 18.52082 ], [ -69.30575, 18.5218 ], [ -69.30763, 18.52264 ], [ -69.30778, 18.53135 ], [ -69.31189, 18.53259 ], [ -69.32916, 18.53134 ], [ -69.34803, 18.52526 ], [ -69.34563, 18.51487 ], [ -69.34246, 18.51253 ], [ -69.33502, 18.51272 ], [ -69.33423, 18.50798 ], [ -69.33751, 18.50079 ], [ -69.34296, 18.4986 ], [ -69.34512, 18.49554 ], [ -69.33293, 18.46085 ], [ -69.33371, 18.45383 ], [ -69.34504, 18.4451 ], [ -69.34059, 18.44162 ], [ -69.34026, 18.42499 ], [ -69.33099, 18.4254 ], [ -69.32363, 18.42844 ], [ -69.32136, 18.4306 ], [ -69.32308, 18.43169 ], [ -69.32222, 18.43423 ], [ -69.31851, 18.43379 ], [ -69.31832, 18.43642 ], [ -69.32099, 18.43869 ], [ -69.31824, 18.44142 ], [ -69.31777, 18.4476 ], [ -69.31293, 18.44812 ], [ -69.31503, 18.4517 ], [ -69.31988, 18.45425 ], [ -69.32574, 18.46865 ], [ -69.32327, 18.46756 ], [ -69.31882, 18.45724 ], [ -69.31053, 18.45038 ], [ -69.30955, 18.44683 ], [ -69.3131, 18.44226 ], [ -69.3125, 18.44023 ], [ -69.30752, 18.43924 ], [ -69.3049, 18.44047 ], [ -69.29943, 18.43853 ], [ -69.29764, 18.43569 ], [ -69.29897, 18.43408 ], [ -69.26652, 18.44186 ], [ -69.23797, 18.44302 ], [ -69.23048, 18.44497 ], [ -69.2263, 18.44849 ], [ -69.21354, 18.45043 ], [ -69.21136, 18.45236 ], [ -69.20438, 18.451 ], [ -69.19706, 18.47092 ], [ -69.17322, 18.48561 ], [ -69.17306, 18.49238 ], [ -69.16676, 18.49471 ], [ -69.16331, 18.49831 ], [ -69.18819, 18.49896 ], [ -69.18868, 18.49631 ], [ -69.21203, 18.4964 ], [ -69.21154, 18.53976 ], [ -69.2394, 18.53974 ] ] ] } },
{ "type": "Feature", "properties": { "COD_PROV": "23", "COD_MUN": "2302", "MUNICIPIO": "Los Llanos", "REG": "5" }, "geometry": { "type": "Polygon", "coordinates": [ [ [ -69.45297, 18.81836 ], [ -69.45824, 18.82195 ], [ -69.46524, 18.81226 ], [ -69.47164, 18.81305 ], [ -69.47527, 18.80542 ], [ -69.48866, 18.79828 ], [ -69.49042, 18.79262 ], [ -69.48853, 18.78846 ], [ -69.49183, 18.78517 ], [ -69.49627, 18.77167 ], [ -69.50242, 18.76625 ], [ -69.50547, 18.7675 ], [ -69.51338, 18.76413 ], [ -69.51268, 18.75892 ], [ -69.53116, 18.74303 ], [ -69.53141, 18.7238 ], [ -69.53924, 18.69351 ], [ -69.54954, 18.68099 ], [ -69.55018, 18.67538 ], [ -69.55704, 18.66781 ], [ -69.55675, 18.66415 ], [ -69.56016, 18.6589 ], [ -69.57453, 18.64859 ], [ -69.58104, 18.6381 ], [ -69.58078, 18.63582 ], [ -69.58612, 18.63505 ], [ -69.58686, 18.631 ], [ -69.59054, 18.62862 ], [ -69.58693, 18.6252 ], [ -69.58867, 18.62229 ], [ -69.58568, 18.62362 ], [ -69.58351, 18.62231 ], [ -69.58127, 18.62737 ], [ -69.57716, 18.62585 ], [ -69.57708, 18.61547 ], [ -69.58102, 18.60807 ], [ -69.58327, 18.60692 ], [ -69.58409, 18.60279 ], [ -69.58272, 18.59391 ], [ -69.58037, 18.59379 ], [ -69.57805, 18.58975 ], [ -69.57528, 18.58914 ], [ -69.57236, 18.58546 ], [ -69.57258, 18.5804 ], [ -69.57473, 18.57701 ], [ -69.57778, 18.57793 ], [ -69.578, 18.57441 ], [ -69.58381, 18.56664 ], [ -69.58438, 18.56302 ], [ -69.58661, 18.56173 ], [ -69.58956, 18.55404 ], [ -69.59409, 18.55211 ], [ -69.59529, 18.53978 ], [ -69.59946, 18.53334 ], [ -69.60484, 18.52985 ], [ -69.60951, 18.53016 ], [ -69.6137, 18.52765 ], [ -69.61407, 18.5227 ], [ -69.61015, 18.5216 ], [ -69.60726, 18.51731 ], [ -69.60449, 18.51734 ], [ -69.60338, 18.52076 ], [ -69.60073, 18.51889 ], [ -69.59838, 18.51403 ], [ -69.59896, 18.50935 ], [ -69.59738, 18.50906 ], [ -69.5997, 18.50507 ], [ -69.59754, 18.50179 ], [ -69.59864, 18.49713 ], [ -69.5937, 18.495 ], [ -69.58828, 18.48979 ], [ -69.55995, 18.47652 ], [ -69.53623, 18.47447 ], [ -69.51439, 18.47484 ], [ -69.5028, 18.48136 ], [ -69.48359, 18.48184 ], [ -69.46489, 18.48601 ], [ -69.43665, 18.48153 ], [ -69.43632, 18.48341 ], [ -69.43929, 18.48552 ], [ -69.43954, 18.49118 ], [ -69.44395, 18.49596 ], [ -69.45466, 18.499 ], [ -69.45846, 18.50249 ], [ -69.46306, 18.51104 ], [ -69.48192, 18.52192 ], [ -69.48826, 18.52212 ], [ -69.48506, 18.53069 ], [ -69.47792, 18.53427 ], [ -69.47412, 18.53395 ], [ -69.47735, 18.53709 ], [ -69.48097, 18.55012 ], [ -69.47969, 18.55396 ], [ -69.50011, 18.61039 ], [ -69.49293, 18.61306 ], [ -69.46744, 18.59687 ], [ -69.46206, 18.59637 ], [ -69.45968, 18.59843 ], [ -69.45282, 18.59761 ], [ -69.45242, 18.58982 ], [ -69.44541, 18.58454 ], [ -69.44241, 18.59038 ], [ -69.43787, 18.59218 ], [ -69.43563, 18.60144 ], [ -69.4292, 18.60538 ], [ -69.42287, 18.60478 ], [ -69.41971, 18.6013 ], [ -69.42016, 18.59531 ], [ -69.41676, 18.58713 ], [ -69.41167, 18.58583 ], [ -69.39933, 18.57363 ], [ -69.39716, 18.57796 ], [ -69.38872, 18.58049 ], [ -69.37992, 18.58005 ], [ -69.37686, 18.58697 ], [ -69.38169, 18.5993 ], [ -69.38819, 18.60557 ], [ -69.39405, 18.60635 ], [ -69.39667, 18.60843 ], [ -69.40061, 18.61225 ], [ -69.39984, 18.61717 ], [ -69.40614, 18.62077 ], [ -69.40459, 18.62235 ], [ -69.40569, 18.62689 ], [ -69.40079, 18.63119 ], [ -69.40079, 18.6335 ], [ -69.40388, 18.63109 ], [ -69.4064, 18.63311 ], [ -69.4085, 18.64169 ], [ -69.41681, 18.64713 ], [ -69.41631, 18.65381 ], [ -69.43778, 18.67414 ], [ -69.43338, 18.67696 ], [ -69.43166, 18.68571 ], [ -69.42407, 18.68767 ], [ -69.42249, 18.69167 ], [ -69.42486, 18.69641 ], [ -69.42856, 18.69715 ], [ -69.43107, 18.70042 ], [ -69.42766, 18.70689 ], [ -69.42954, 18.70817 ], [ -69.4285, 18.71359 ], [ -69.43126, 18.71666 ], [ -69.42775, 18.71607 ], [ -69.42734, 18.7178 ], [ -69.43019, 18.72569 ], [ -69.42912, 18.72791 ], [ -69.43126, 18.73005 ], [ -69.43063, 18.73397 ], [ -69.4356, 18.73856 ], [ -69.43513, 18.74059 ], [ -69.43771, 18.74118 ], [ -69.43958, 18.74595 ], [ -69.43675, 18.75056 ], [ -69.43874, 18.75192 ], [ -69.43945, 18.75613 ], [ -69.43811, 18.76069 ], [ -69.44656, 18.76445 ], [ -69.45287, 18.76409 ], [ -69.45727, 18.76963 ], [ -69.4575, 18.78393 ], [ -69.45445, 18.78557 ], [ -69.45502, 18.79099 ], [ -69.45252, 18.79202 ], [ -69.45257, 18.79374 ], [ -69.45721, 18.79558 ], [ -69.45508, 18.79594 ], [ -69.45499, 18.79823 ], [ -69.45732, 18.8022 ], [ -69.45352, 18.80133 ], [ -69.45482, 18.80344 ], [ -69.45121, 18.80478 ], [ -69.45218, 18.8065 ], [ -69.45009, 18.80778 ], [ -69.45215, 18.81023 ], [ -69.45297, 18.81836 ] ] ] } },
{ "type": "Feature", "properties": { "COD_PROV": "23", "COD_MUN": "2303", "MUNICIPIO": "Ramón Santana", "REG": "5" }, "geometry": { "type": "Polygon", "coordinates": [ [ [ -69.17576, 18.61548 ], [ -69.18053, 18.6142 ], [ -69.1837, 18.6093 ], [ -69.18801, 18.61005 ], [ -69.19461, 18.60073 ], [ -69.19955, 18.60071 ], [ -69.20727, 18.5935 ], [ -69.21215, 18.59284 ], [ -69.21729, 18.58167 ], [ -69.21777, 18.57161 ], [ -69.21956, 18.56908 ], [ -69.21848, 18.55344 ], [ -69.22659, 18.53975 ], [ -69.21154, 18.53976 ], [ -69.21203, 18.4964 ], [ -69.18868, 18.49631 ], [ -69.18819, 18.49896 ], [ -69.16331, 18.49831 ], [ -69.16676, 18.49471 ], [ -69.17306, 18.49238 ], [ -69.17322, 18.48561 ], [ -69.19414, 18.47371 ], [ -69.19845, 18.46853 ], [ -69.20438, 18.451 ], [ -69.19694, 18.44589 ], [ -69.1975, 18.43951 ], [ -69.19435, 18.43649 ], [ -69.19806, 18.43116 ], [ -69.19131, 18.42456 ], [ -69.17182, 18.41519 ], [ -69.13932, 18.40553 ], [ -69.12735, 18.4057 ], [ -69.12324, 18.40409 ], [ -69.11993, 18.4052 ], [ -69.10041, 18.39636 ], [ -69.08431, 18.39299 ], [ -69.08426, 18.40145 ], [ -69.08913, 18.41268 ], [ -69.08195, 18.41806 ], [ -69.0874, 18.42288 ], [ -69.08623, 18.42632 ], [ -69.08936, 18.43153 ], [ -69.08601, 18.43292 ], [ -69.08581, 18.43463 ], [ -69.08794, 18.43977 ], [ -69.0899, 18.44138 ], [ -69.09273, 18.43873 ], [ -69.09626, 18.44361 ], [ -69.0951, 18.4481 ], [ -69.10055, 18.45236 ], [ -69.10353, 18.45275 ], [ -69.10412, 18.45585 ], [ -69.10786, 18.45934 ], [ -69.11368, 18.46058 ], [ -69.11273, 18.46918 ], [ -69.11767, 18.46903 ], [ -69.11957, 18.47642 ], [ -69.11534, 18.47807 ], [ -69.11839, 18.48243 ], [ -69.11555, 18.48286 ], [ -69.11474, 18.48651 ], [ -69.11101, 18.48667 ], [ -69.112, 18.49213 ], [ -69.10905, 18.49627 ], [ -69.10615, 18.49683 ], [ -69.10417, 18.50203 ], [ -69.10006, 18.50488 ], [ -69.09701, 18.5043 ], [ -69.09507, 18.5089 ], [ -69.09142, 18.51041 ], [ -69.09219, 18.51677 ], [ -69.08975, 18.51665 ], [ -69.09029, 18.52159 ], [ -69.0875, 18.52258 ], [ -69.08472, 18.5266 ], [ -69.08239, 18.54134 ], [ -69.08212, 18.54564 ], [ -69.08594, 18.55082 ], [ -69.08238, 18.56003 ], [ -69.08459, 18.56714 ], [ -69.0721, 18.57322 ], [ -69.07406, 18.57948 ], [ -69.06713, 18.59287 ], [ -69.13201, 18.59624 ], [ -69.13836, 18.59218 ], [ -69.14044, 18.58714 ], [ -69.14745, 18.5891 ], [ -69.15263, 18.58447 ], [ -69.15771, 18.58387 ], [ -69.15157, 18.59372 ], [ -69.15665, 18.59462 ], [ -69.15787, 18.59704 ], [ -69.15639, 18.60032 ], [ -69.16119, 18.60245 ], [ -69.16065, 18.60865 ], [ -69.16332, 18.60919 ], [ -69.16393, 18.61239 ], [ -69.16511, 18.61163 ], [ -69.16863, 18.6144 ], [ -69.17198, 18.61297 ], [ -69.17576, 18.61548 ] ] ] } },
{ "type": "Feature", "properties": { "COD_PROV": "23", "COD_MUN": "2304", "MUNICIPIO": "Consuelo", "REG": "5" }, "geometry": { "type": "Polygon", "coordinates": [ [ [ -69.23419, 18.66826 ], [ -69.23651, 18.66577 ], [ -69.23531, 18.66371 ], [ -69.23717, 18.66405 ], [ -69.23951, 18.6614 ], [ -69.23936, 18.66386 ], [ -69.24114, 18.66207 ], [ -69.24353, 18.6627 ], [ -69.24324, 18.65891 ], [ -69.24593, 18.65961 ], [ -69.2479, 18.65747 ], [ -69.24695, 18.65479 ], [ -69.24432, 18.65371 ], [ -69.24487, 18.65051 ], [ -69.24753, 18.64901 ], [ -69.24389, 18.64742 ], [ -69.24409, 18.64607 ], [ -69.2459, 18.64063 ], [ -69.24869, 18.63716 ], [ -69.25103, 18.63692 ], [ -69.25258, 18.63251 ], [ -69.25527, 18.63319 ], [ -69.26793, 18.62597 ], [ -69.2706, 18.62686 ], [ -69.27284, 18.62449 ], [ -69.28097, 18.62779 ], [ -69.28279, 18.62574 ], [ -69.2866, 18.62679 ], [ -69.29188, 18.6254 ], [ -69.29227, 18.62256 ], [ -69.29521, 18.61994 ], [ -69.29183, 18.61624 ], [ -69.29127, 18.61075 ], [ -69.29404, 18.60409 ], [ -69.2994, 18.60232 ], [ -69.2985, 18.59771 ], [ -69.30042, 18.59405 ], [ -69.29574, 18.58883 ], [ -69.29757, 18.58315 ], [ -69.3006, 18.58245 ], [ -69.29656, 18.57832 ], [ -69.29672, 18.5755 ], [ -69.30009, 18.57329 ], [ -69.30711, 18.57315 ], [ -69.30999, 18.5607 ], [ -69.31437, 18.56106 ], [ -69.34394, 18.54156 ], [ -69.34198, 18.53598 ], [ -69.34523, 18.52985 ], [ -69.34966, 18.52628 ], [ -69.34879, 18.52443 ], [ -69.34239, 18.5279 ], [ -69.32916, 18.53134 ], [ -69.31189, 18.53259 ], [ -69.30778, 18.53135 ], [ -69.30763, 18.52264 ], [ -69.30575, 18.5218 ], [ -69.27313, 18.52082 ], [ -69.26881, 18.52506 ], [ -69.25884, 18.52375 ], [ -69.25579, 18.52745 ], [ -69.25227, 18.52866 ], [ -69.25116, 18.53527 ], [ -69.24705, 18.53544 ], [ -69.23917, 18.53979 ], [ -69.22659, 18.53975 ], [ -69.21848, 18.55344 ], [ -69.21956, 18.56908 ], [ -69.21777, 18.57161 ], [ -69.21729, 18.58167 ], [ -69.21215, 18.59284 ], [ -69.20727, 18.5935 ], [ -69.19955, 18.60071 ], [ -69.19461, 18.60073 ], [ -69.18801, 18.61005 ], [ -69.18304, 18.60961 ], [ -69.17994, 18.61454 ], [ -69.17651, 18.6157 ], [ -69.17204, 18.61406 ], [ -69.17439, 18.61931 ], [ -69.18258, 18.62545 ], [ -69.18894, 18.62806 ], [ -69.1956, 18.62827 ], [ -69.19819, 18.63384 ], [ -69.20291, 18.63752 ], [ -69.21363, 18.63902 ], [ -69.21835, 18.63658 ], [ -69.21708, 18.6511 ], [ -69.21932, 18.65419 ], [ -69.22014, 18.66044 ], [ -69.22793, 18.66272 ], [ -69.23158, 18.6619 ], [ -69.23419, 18.66826 ] ] ] } },
{ "type": "Feature", "properties": { "COD_PROV": "23", "COD_MUN": "2305", "MUNICIPIO": "Quisqueya", "REG": "5" }, "geometry": { "type": "Polygon", "coordinates": [ [ [ -69.46251, 18.59641 ], [ -69.47347, 18.5996 ], [ -69.48677, 18.61028 ], [ -69.49293, 18.61306 ], [ -69.50011, 18.61039 ], [ -69.47969, 18.55396 ], [ -69.48097, 18.55012 ], [ -69.47735, 18.53709 ], [ -69.47412, 18.53395 ], [ -69.47792, 18.53427 ], [ -69.48506, 18.53069 ], [ -69.48826, 18.52212 ], [ -69.48192, 18.52192 ], [ -69.46306, 18.51104 ], [ -69.45846, 18.50249 ], [ -69.45466, 18.499 ], [ -69.44395, 18.49596 ], [ -69.43954, 18.49118 ], [ -69.43929, 18.48552 ], [ -69.43632, 18.48341 ], [ -69.43665, 18.48153 ], [ -69.42152, 18.47771 ], [ -69.37321, 18.48467 ], [ -69.34416, 18.49064 ], [ -69.34415, 18.4976 ], [ -69.33751, 18.50079 ], [ -69.33459, 18.50655 ], [ -69.33502, 18.51272 ], [ -69.34246, 18.51253 ], [ -69.34483, 18.51402 ], [ -69.34739, 18.5176 ], [ -69.347, 18.52347 ], [ -69.35642, 18.53349 ], [ -69.35939, 18.54205 ], [ -69.36532, 18.54393 ], [ -69.36872, 18.54831 ], [ -69.36799, 18.55716 ], [ -69.37201, 18.56588 ], [ -69.38002, 18.57457 ], [ -69.37992, 18.58005 ], [ -69.38872, 18.58049 ], [ -69.39716, 18.57796 ], [ -69.39933, 18.57363 ], [ -69.41167, 18.58583 ], [ -69.41676, 18.58713 ], [ -69.42016, 18.59531 ], [ -69.41971, 18.6013 ], [ -69.42287, 18.60478 ], [ -69.4292, 18.60538 ], [ -69.43563, 18.60144 ], [ -69.43787, 18.59218 ], [ -69.44241, 18.59038 ], [ -69.44541, 18.58454 ], [ -69.45242, 18.58982 ], [ -69.45282, 18.59761 ], [ -69.45968, 18.59843 ], [ -69.46251, 18.59641 ] ] ] } },
{ "type": "Feature", "properties": { "COD_PROV": "23", "COD_MUN": "2306", "MUNICIPIO": "Guayacanes", "REG": "5" }, "geometry": { "type": "Polygon", "coordinates": [ [ [ -69.34416, 18.49064 ], [ -69.4205, 18.47758 ], [ -69.444, 18.48338 ], [ -69.46444, 18.48601 ], [ -69.48359, 18.48184 ], [ -69.50325, 18.48122 ], [ -69.51499, 18.4748 ], [ -69.51489, 18.46578 ], [ -69.52322, 18.46566 ], [ -69.52121, 18.4038 ], [ -69.50676, 18.40464 ], [ -69.48838, 18.41122 ], [ -69.45658, 18.41784 ], [ -69.4542, 18.4201 ], [ -69.44997, 18.4201 ], [ -69.44442, 18.4227 ], [ -69.42519, 18.42227 ], [ -69.40932, 18.42644 ], [ -69.3994, 18.42668 ], [ -69.3679, 18.42425 ], [ -69.35124, 18.42437 ], [ -69.3502, 18.42628 ], [ -69.34792, 18.42439 ], [ -69.34026, 18.42499 ], [ -69.34059, 18.44162 ], [ -69.34504, 18.4451 ], [ -69.33431, 18.45317 ], [ -69.33291, 18.45726 ], [ -69.34416, 18.49064 ] ] ] } },
{ "type": "Feature", "properties": { "COD_PROV": "24", "COD_MUN": "2401", "MUNICIPIO": "Cotuí", "REG": "8" }, "geometry": { "type": "Polygon", "coordinates": [ [ [ -70.08856, 19.1547 ], [ -70.09683, 19.15354 ], [ -70.09746, 19.15017 ], [ -70.1092, 19.14471 ], [ -70.11631, 19.13593 ], [ -70.11301, 19.12972 ], [ -70.11282, 19.11913 ], [ -70.11493, 19.11948 ], [ -70.11589, 19.12231 ], [ -70.11803, 19.12223 ], [ -70.11924, 19.11516 ], [ -70.12321, 19.11217 ], [ -70.12275, 19.10773 ], [ -70.12859, 19.1041 ], [ -70.13201, 19.09845 ], [ -70.14022, 19.09532 ], [ -70.1409, 19.08989 ], [ -70.15987, 19.08019 ], [ -70.16605, 19.08149 ], [ -70.16965, 19.07654 ], [ -70.17499, 19.07612 ], [ -70.17737, 19.07066 ], [ -70.18272, 19.07322 ], [ -70.19337, 19.07189 ], [ -70.19393, 19.06983 ], [ -70.18937, 19.06952 ], [ -70.18898, 19.06554 ], [ -70.20097, 19.05485 ], [ -70.20067, 19.05322 ], [ -70.19704, 19.05249 ], [ -70.19536, 19.04752 ], [ -70.20637, 19.04745 ], [ -70.20366, 19.03917 ], [ -70.20406, 19.03386 ], [ -70.20682, 19.03299 ], [ -70.20631, 19.03017 ], [ -70.20909, 19.03024 ], [ -70.20692, 19.02702 ], [ -70.20788, 19.02558 ], [ -70.21722, 19.02524 ], [ -70.21384, 19.0217 ], [ -70.21565, 19.02229 ], [ -70.21913, 19.01902 ], [ -70.21575, 19.01645 ], [ -70.214, 19.01693 ], [ -70.21398, 19.01415 ], [ -70.21769, 19.01589 ], [ -70.21943, 19.0143 ], [ -70.22105, 19.01628 ], [ -70.22294, 19.01474 ], [ -70.2233, 19.01816 ], [ -70.22576, 19.02052 ], [ -70.22251, 19.0227 ], [ -70.22494, 19.02236 ], [ -70.22637, 19.02568 ], [ -70.22547, 19.02213 ], [ -70.22999, 19.02117 ], [ -70.23129, 19.02626 ], [ -70.2344, 19.01915 ], [ -70.23346, 19.01301 ], [ -70.23531, 19.013 ], [ -70.23454, 19.00149 ], [ -70.23957, 18.99669 ], [ -70.23962, 18.99118 ], [ -70.24904, 18.98927 ], [ -70.25561, 18.98032 ], [ -70.25623, 18.976 ], [ -70.26022, 18.97276 ], [ -70.26296, 18.98028 ], [ -70.27468, 18.99407 ], [ -70.27675, 19.00135 ], [ -70.2801, 19.00452 ], [ -70.28002, 19.00735 ], [ -70.27459, 19.0113 ], [ -70.27387, 19.01704 ], [ -70.2691, 19.01853 ], [ -70.26893, 19.02045 ], [ -70.27267, 19.02964 ], [ -70.2792, 19.03528 ], [ -70.27932, 19.03981 ], [ -70.28254, 19.04408 ], [ -70.28316, 19.04899 ], [ -70.28082, 19.05419 ], [ -70.28328, 19.05531 ], [ -70.28306, 19.05689 ], [ -70.29062, 19.0603 ], [ -70.29576, 19.06799 ], [ -70.2986, 19.06796 ], [ -70.29862, 19.06243 ], [ -70.30792, 19.06235 ], [ -70.31064, 19.05704 ], [ -70.31358, 19.05943 ], [ -70.31702, 19.05865 ], [ -70.32391, 19.06082 ], [ -70.33072, 19.05516 ], [ -70.33953, 19.05236 ], [ -70.34427, 19.04783 ], [ -70.35227, 19.04485 ], [ -70.3574, 19.04613 ], [ -70.36842, 19.03963 ], [ -70.37073, 19.03277 ], [ -70.36966, 19.02794 ], [ -70.37114, 19.02326 ], [ -70.36886, 19.01842 ], [ -70.37135, 19.01491 ], [ -70.36858, 19.0118 ], [ -70.36652, 19.00146 ], [ -70.36269, 18.99717 ], [ -70.35578, 18.99403 ], [ -70.35388, 18.99516 ], [ -70.35038, 18.99319 ], [ -70.34144, 18.99168 ], [ -70.33708, 18.99283 ], [ -70.33135, 18.99104 ], [ -70.32714, 18.98589 ], [ -70.33022, 18.97632 ], [ -70.3212, 18.96364 ], [ -70.31918, 18.95736 ], [ -70.31315, 18.95725 ], [ -70.31056, 18.95376 ], [ -70.30378, 18.95361 ], [ -70.3013, 18.95149 ], [ -70.298, 18.94578 ], [ -70.2974, 18.93826 ], [ -70.29432, 18.93687 ], [ -70.29125, 18.93156 ], [ -70.2817, 18.93207 ], [ -70.27877, 18.93386 ], [ -70.2719, 18.93251 ], [ -70.26488, 18.92805 ], [ -70.256, 18.93008 ], [ -70.2548, 18.926 ], [ -70.25771, 18.91991 ], [ -70.25593, 18.91665 ], [ -70.2579, 18.91604 ], [ -70.25542, 18.91283 ], [ -70.25758, 18.913 ], [ -70.25761, 18.90911 ], [ -70.25582, 18.90836 ], [ -70.25463, 18.91058 ], [ -70.25097, 18.90825 ], [ -70.24959, 18.90906 ], [ -70.24887, 18.9049 ], [ -70.24609, 18.90529 ], [ -70.24461, 18.90104 ], [ -70.24233, 18.90236 ], [ -70.23765, 18.90155 ], [ -70.23758, 18.89777 ], [ -70.23541, 18.89835 ], [ -70.23408, 18.89624 ], [ -70.2359, 18.89559 ], [ -70.23237, 18.89358 ], [ -70.23391, 18.89103 ], [ -70.23244, 18.88859 ], [ -70.23487, 18.88789 ], [ -70.22154, 18.88076 ], [ -70.22185, 18.87433 ], [ -70.22452, 18.87404 ], [ -70.2232, 18.87181 ], [ -70.22614, 18.86971 ], [ -70.22356, 18.86755 ], [ -70.22562, 18.86604 ], [ -70.22587, 18.86177 ], [ -70.22867, 18.85761 ], [ -70.23165, 18.85603 ], [ -70.23217, 18.84953 ], [ -70.2376, 18.84797 ], [ -70.24522, 18.84288 ], [ -70.24541, 18.84122 ], [ -70.22756, 18.84377 ], [ -70.22314, 18.84628 ], [ -70.21751, 18.85638 ], [ -70.20609, 18.86108 ], [ -70.1954, 18.87 ], [ -70.19388, 18.87454 ], [ -70.19086, 18.87526 ], [ -70.18748, 18.86955 ], [ -70.18271, 18.86753 ], [ -70.17621, 18.8706 ], [ -70.17173, 18.87001 ], [ -70.16976, 18.86762 ], [ -70.16014, 18.87354 ], [ -70.15449, 18.87386 ], [ -70.14494, 18.86654 ], [ -70.13447, 18.86943 ], [ -70.12566, 18.86574 ], [ -70.11886, 18.8651 ], [ -70.11403, 18.8749 ], [ -70.11726, 18.88861 ], [ -70.11153, 18.88688 ], [ -70.10827, 18.89099 ], [ -70.09907, 18.8852 ], [ -70.09309, 18.88403 ], [ -70.09153, 18.88618 ], [ -70.08602, 18.88672 ], [ -70.08521, 18.89023 ], [ -70.07818, 18.89134 ], [ -70.07543, 18.88984 ], [ -70.071, 18.88157 ], [ -70.05965, 18.87851 ], [ -70.05649, 18.88106 ], [ -70.049, 18.88084 ], [ -70.04622, 18.88563 ], [ -70.03922, 18.8903 ], [ -70.0375, 18.89347 ], [ -70.03532, 18.89003 ], [ -70.03629, 18.8884 ], [ -70.02944, 18.88549 ], [ -70.02535, 18.90675 ], [ -70.01873, 18.90908 ], [ -70.0168, 18.91563 ], [ -70.01242, 18.91213 ], [ -70.01365, 18.91664 ], [ -70.00544, 18.93873 ], [ -70.0077, 18.94589 ], [ -70.01739, 18.95583 ], [ -70.02068, 18.96216 ], [ -70.01366, 18.97999 ], [ -70.01997, 18.98841 ], [ -70.02314, 18.99755 ], [ -70.02151, 19.00421 ], [ -70.02303, 19.00901 ], [ -70.03981, 19.02313 ], [ -70.04436, 19.02271 ], [ -70.04679, 19.02434 ], [ -70.04765, 19.02951 ], [ -70.04617, 19.0307 ], [ -70.0489, 19.0333 ], [ -70.04913, 19.03758 ], [ -70.04793, 19.04056 ], [ -70.04204, 19.04392 ], [ -70.04181, 19.04825 ], [ -70.03725, 19.05283 ], [ -70.04161, 19.05872 ], [ -70.04648, 19.05985 ], [ -70.04873, 19.07041 ], [ -70.05311, 19.08116 ], [ -70.05637, 19.08492 ], [ -70.05158, 19.08821 ], [ -70.05005, 19.09163 ], [ -70.0468, 19.09194 ], [ -70.0417, 19.1021 ], [ -70.04416, 19.11036 ], [ -70.0409, 19.11234 ], [ -70.04549, 19.11683 ], [ -70.04274, 19.12271 ], [ -70.04337, 19.12902 ], [ -70.04137, 19.13274 ], [ -70.04308, 19.13494 ], [ -70.04972, 19.13685 ], [ -70.05493, 19.14389 ], [ -70.06062, 19.14158 ], [ -70.06548, 19.14653 ], [ -70.06902, 19.14646 ], [ -70.07635, 19.15149 ], [ -70.08856, 19.1547 ] ] ] } },
{ "type": "Feature", "properties": { "COD_PROV": "24", "COD_MUN": "2402", "MUNICIPIO": "Cevicos", "REG": "8" }, "geometry": { "type": "Polygon", "coordinates": [ [ [ -69.94676, 19.12432 ], [ -69.95207, 19.12644 ], [ -69.94614, 19.10704 ], [ -69.94599, 19.09799 ], [ -69.98843, 19.09966 ], [ -69.9872, 19.09445 ], [ -69.98923, 19.08842 ], [ -69.98494, 19.08228 ], [ -69.99054, 19.08071 ], [ -69.99071, 19.07861 ], [ -69.99547, 19.07576 ], [ -69.99631, 19.07316 ], [ -70.00102, 19.08054 ], [ -70.01094, 19.08498 ], [ -70.02169, 19.08698 ], [ -70.03446, 19.09646 ], [ -70.04127, 19.10447 ], [ -70.0468, 19.09194 ], [ -70.05005, 19.09163 ], [ -70.05158, 19.08821 ], [ -70.05637, 19.08492 ], [ -70.05311, 19.08116 ], [ -70.04873, 19.07041 ], [ -70.04648, 19.05985 ], [ -70.04161, 19.05872 ], [ -70.03725, 19.05283 ], [ -70.04181, 19.04825 ], [ -70.04204, 19.04392 ], [ -70.04793, 19.04056 ], [ -70.04913, 19.03758 ], [ -70.0489, 19.0333 ], [ -70.04617, 19.0307 ], [ -70.04765, 19.02951 ], [ -70.04679, 19.02434 ], [ -70.04436, 19.02271 ], [ -70.03981, 19.02313 ], [ -70.02303, 19.00901 ], [ -70.02151, 19.00421 ], [ -70.02314, 18.99755 ], [ -70.01997, 18.98841 ], [ -70.01403, 18.98122 ], [ -70.01398, 18.97662 ], [ -70.02068, 18.96216 ], [ -70.01739, 18.95583 ], [ -70.0077, 18.94589 ], [ -70.00544, 18.93873 ], [ -70.0136, 18.91621 ], [ -70.01242, 18.91213 ], [ -70.0035, 18.90843 ], [ -70.00438, 18.89991 ], [ -69.99763, 18.89352 ], [ -69.9986, 18.88951 ], [ -69.9973, 18.88789 ], [ -69.98291, 18.88858 ], [ -69.97724, 18.89404 ], [ -69.96591, 18.89393 ], [ -69.96377, 18.89724 ], [ -69.95878, 18.89827 ], [ -69.95661, 18.90221 ], [ -69.95318, 18.90412 ], [ -69.95346, 18.91202 ], [ -69.95152, 18.91777 ], [ -69.9469, 18.91944 ], [ -69.94641, 18.92218 ], [ -69.94374, 18.92341 ], [ -69.9427, 18.92853 ], [ -69.94044, 18.92795 ], [ -69.93899, 18.92996 ], [ -69.93669, 18.93902 ], [ -69.9347, 18.93894 ], [ -69.93428, 18.94356 ], [ -69.93189, 18.94599 ], [ -69.93302, 18.948 ], [ -69.92653, 18.95522 ], [ -69.92633, 18.9622 ], [ -69.92223, 18.96808 ], [ -69.92729, 18.97811 ], [ -69.92357, 18.98163 ], [ -69.92163, 18.98744 ], [ -69.93209, 18.99645 ], [ -69.93276, 18.99987 ], [ -69.92887, 19.00676 ], [ -69.93165, 19.00964 ], [ -69.93122, 19.01175 ], [ -69.92212, 19.02165 ], [ -69.92128, 19.02638 ], [ -69.92056, 19.02489 ], [ -69.91885, 19.02567 ], [ -69.91588, 19.02939 ], [ -69.91717, 19.03216 ], [ -69.91506, 19.03417 ], [ -69.91429, 19.04016 ], [ -69.91171, 19.04062 ], [ -69.911, 19.04487 ], [ -69.90366, 19.04933 ], [ -69.91049, 19.05379 ], [ -69.90629, 19.05464 ], [ -69.90645, 19.05644 ], [ -69.90856, 19.05637 ], [ -69.90706, 19.05874 ], [ -69.90804, 19.06057 ], [ -69.90507, 19.06351 ], [ -69.90665, 19.07046 ], [ -69.89521, 19.09173 ], [ -69.89539, 19.09842 ], [ -69.91342, 19.10542 ], [ -69.91869, 19.10472 ], [ -69.92687, 19.107 ], [ -69.93027, 19.1117 ], [ -69.92958, 19.12231 ], [ -69.94205, 19.12574 ], [ -69.94676, 19.12432 ] ] ] } },
{ "type": "Feature", "properties": { "COD_PROV": "24", "COD_MUN": "2403", "MUNICIPIO": "Fantino", "REG": "8" }, "geometry": { "type": "Polygon", "coordinates": [ [ [ -70.27075, 19.166 ], [ -70.27191, 19.15956 ], [ -70.27357, 19.15937 ], [ -70.27528, 19.16323 ], [ -70.27588, 19.16002 ], [ -70.27893, 19.16042 ], [ -70.28209, 19.1574 ], [ -70.27872, 19.15537 ], [ -70.27602, 19.15587 ], [ -70.27624, 19.15416 ], [ -70.27942, 19.15294 ], [ -70.276, 19.14948 ], [ -70.27298, 19.15181 ], [ -70.27117, 19.15057 ], [ -70.27393, 19.14612 ], [ -70.27648, 19.14665 ], [ -70.27998, 19.14381 ], [ -70.28375, 19.14471 ], [ -70.28516, 19.14896 ], [ -70.29009, 19.14957 ], [ -70.28905, 19.14667 ], [ -70.29198, 19.14177 ], [ -70.2973, 19.1441 ], [ -70.30112, 19.14379 ], [ -70.30144, 19.14579 ], [ -70.2967, 19.14771 ], [ -70.29711, 19.14886 ], [ -70.30676, 19.15112 ], [ -70.30949, 19.15353 ], [ -70.31234, 19.1534 ], [ -70.31225, 19.15117 ], [ -70.31355, 19.15121 ], [ -70.3141, 19.15513 ], [ -70.31881, 19.15261 ], [ -70.32123, 19.15317 ], [ -70.32192, 19.1505 ], [ -70.31969, 19.15181 ], [ -70.31877, 19.15036 ], [ -70.32207, 19.14953 ], [ -70.32288, 19.15124 ], [ -70.32737, 19.14297 ], [ -70.33043, 19.1406 ], [ -70.33472, 19.12478 ], [ -70.33685, 19.12282 ], [ -70.33222, 19.12303 ], [ -70.33192, 19.12138 ], [ -70.32925, 19.12151 ], [ -70.32829, 19.1192 ], [ -70.3257, 19.11844 ], [ -70.33008, 19.11707 ], [ -70.33908, 19.10863 ], [ -70.33813, 19.10386 ], [ -70.34788, 19.09266 ], [ -70.3465, 19.09209 ], [ -70.34692, 19.08739 ], [ -70.35054, 19.08727 ], [ -70.35235, 19.08544 ], [ -70.35166, 19.08383 ], [ -70.35671, 19.0819 ], [ -70.35392, 19.07396 ], [ -70.35459, 19.07088 ], [ -70.35178, 19.06711 ], [ -70.36053, 19.04983 ], [ -70.37233, 19.05053 ], [ -70.37179, 19.04751 ], [ -70.36732, 19.04296 ], [ -70.36842, 19.03963 ], [ -70.3574, 19.04613 ], [ -70.35227, 19.04485 ], [ -70.34427, 19.04783 ], [ -70.33953, 19.05236 ], [ -70.33072, 19.05516 ], [ -70.32391, 19.06082 ], [ -70.31702, 19.05865 ], [ -70.31358, 19.05943 ], [ -70.31064, 19.05704 ], [ -70.30792, 19.06235 ], [ -70.29862, 19.06243 ], [ -70.2986, 19.06796 ], [ -70.29576, 19.06799 ], [ -70.28929, 19.05917 ], [ -70.27978, 19.05514 ], [ -70.2699, 19.05481 ], [ -70.2654, 19.06245 ], [ -70.267, 19.06431 ], [ -70.27779, 19.06729 ], [ -70.28336, 19.09208 ], [ -70.27318, 19.0891 ], [ -70.26866, 19.09593 ], [ -70.26839, 19.10081 ], [ -70.26578, 19.10466 ], [ -70.26223, 19.10563 ], [ -70.25922, 19.1091 ], [ -70.25825, 19.12129 ], [ -70.24723, 19.13722 ], [ -70.24435, 19.15133 ], [ -70.24145, 19.15389 ], [ -70.24944, 19.15681 ], [ -70.24441, 19.15814 ], [ -70.24481, 19.16193 ], [ -70.25399, 19.15821 ], [ -70.25599, 19.16034 ], [ -70.25418, 19.16471 ], [ -70.25886, 19.16046 ], [ -70.26687, 19.1593 ], [ -70.26619, 19.16265 ], [ -70.27075, 19.166 ] ] ] } },
{ "type": "Feature", "properties": { "COD_PROV": "24", "COD_MUN": "2404", "MUNICIPIO": "La Mata", "REG": "8" }, "geometry": { "type": "Polygon", "coordinates": [ [ [ -70.17784, 19.1657 ], [ -70.18034, 19.16243 ], [ -70.18375, 19.16475 ], [ -70.18545, 19.16178 ], [ -70.20027, 19.15115 ], [ -70.20437, 19.15649 ], [ -70.20623, 19.14443 ], [ -70.20823, 19.1418 ], [ -70.22755, 19.14948 ], [ -70.23015, 19.15883 ], [ -70.24154, 19.15386 ], [ -70.24435, 19.15133 ], [ -70.24723, 19.13722 ], [ -70.25825, 19.12129 ], [ -70.25922, 19.1091 ], [ -70.26223, 19.10563 ], [ -70.26578, 19.10466 ], [ -70.26839, 19.10081 ], [ -70.26866, 19.09593 ], [ -70.27318, 19.0891 ], [ -70.28336, 19.09208 ], [ -70.27779, 19.06729 ], [ -70.267, 19.06431 ], [ -70.2654, 19.06245 ], [ -70.27011, 19.05466 ], [ -70.27961, 19.0551 ], [ -70.28306, 19.05689 ], [ -70.28328, 19.05531 ], [ -70.28082, 19.05419 ], [ -70.28316, 19.04899 ], [ -70.28256, 19.04417 ], [ -70.27932, 19.03981 ], [ -70.2792, 19.03528 ], [ -70.27267, 19.02964 ], [ -70.26893, 19.02053 ], [ -70.2691, 19.01853 ], [ -70.27387, 19.01704 ], [ -70.27459, 19.0113 ], [ -70.28002, 19.00735 ], [ -70.28014, 19.0047 ], [ -70.27675, 19.00135 ], [ -70.27468, 18.99407 ], [ -70.26296, 18.98028 ], [ -70.26022, 18.97276 ], [ -70.25623, 18.976 ], [ -70.25561, 18.98032 ], [ -70.24904, 18.98927 ], [ -70.23962, 18.99118 ], [ -70.23957, 18.99669 ], [ -70.23454, 19.00149 ], [ -70.23531, 19.013 ], [ -70.23346, 19.01301 ], [ -70.2344, 19.01915 ], [ -70.23129, 19.02626 ], [ -70.22999, 19.02117 ], [ -70.22547, 19.02213 ], [ -70.22637, 19.02568 ], [ -70.22555, 19.02583 ], [ -70.22494, 19.02236 ], [ -70.22251, 19.0227 ], [ -70.22299, 19.02164 ], [ -70.22576, 19.02052 ], [ -70.2233, 19.01816 ], [ -70.22294, 19.01474 ], [ -70.22105, 19.01628 ], [ -70.21943, 19.0143 ], [ -70.21769, 19.01589 ], [ -70.21398, 19.01415 ], [ -70.214, 19.01693 ], [ -70.21575, 19.01645 ], [ -70.21913, 19.01902 ], [ -70.21565, 19.02229 ], [ -70.21384, 19.0217 ], [ -70.21722, 19.02524 ], [ -70.20788, 19.02558 ], [ -70.20692, 19.02702 ], [ -70.20909, 19.03024 ], [ -70.20631, 19.03017 ], [ -70.20682, 19.03299 ], [ -70.20406, 19.03386 ], [ -70.20366, 19.03917 ], [ -70.20637, 19.04745 ], [ -70.19536, 19.04752 ], [ -70.19704, 19.05249 ], [ -70.20067, 19.05322 ], [ -70.20097, 19.05485 ], [ -70.18898, 19.06554 ], [ -70.18937, 19.06952 ], [ -70.19355, 19.06969 ], [ -70.194, 19.07121 ], [ -70.18578, 19.07341 ], [ -70.17737, 19.07066 ], [ -70.17499, 19.07612 ], [ -70.16965, 19.07654 ], [ -70.16605, 19.08149 ], [ -70.15987, 19.08019 ], [ -70.1409, 19.08989 ], [ -70.14022, 19.09532 ], [ -70.13201, 19.09845 ], [ -70.12859, 19.1041 ], [ -70.12275, 19.10773 ], [ -70.12321, 19.11217 ], [ -70.11924, 19.11516 ], [ -70.11803, 19.12223 ], [ -70.11589, 19.12231 ], [ -70.11493, 19.11948 ], [ -70.11282, 19.11913 ], [ -70.11301, 19.12972 ], [ -70.11631, 19.13593 ], [ -70.1092, 19.14471 ], [ -70.09746, 19.15017 ], [ -70.09667, 19.1521 ], [ -70.09704, 19.15334 ], [ -70.10058, 19.15018 ], [ -70.10279, 19.1538 ], [ -70.10825, 19.15419 ], [ -70.10796, 19.15645 ], [ -70.10324, 19.15577 ], [ -70.10529, 19.16002 ], [ -70.10784, 19.15692 ], [ -70.11034, 19.15991 ], [ -70.11583, 19.15759 ], [ -70.11737, 19.16134 ], [ -70.11916, 19.16018 ], [ -70.11883, 19.15419 ], [ -70.12149, 19.15462 ], [ -70.11971, 19.15601 ], [ -70.12073, 19.15758 ], [ -70.12824, 19.15837 ], [ -70.12921, 19.15497 ], [ -70.12688, 19.15386 ], [ -70.12881, 19.1498 ], [ -70.1363, 19.15044 ], [ -70.13703, 19.15394 ], [ -70.13392, 19.15415 ], [ -70.13467, 19.15621 ], [ -70.13121, 19.15947 ], [ -70.13378, 19.15886 ], [ -70.13454, 19.16227 ], [ -70.13662, 19.16338 ], [ -70.13782, 19.16261 ], [ -70.13544, 19.16119 ], [ -70.13921, 19.15737 ], [ -70.14148, 19.16003 ], [ -70.14592, 19.16043 ], [ -70.14806, 19.15862 ], [ -70.14537, 19.15448 ], [ -70.15094, 19.15474 ], [ -70.15229, 19.15274 ], [ -70.15568, 19.1564 ], [ -70.15736, 19.15517 ], [ -70.15562, 19.15286 ], [ -70.15872, 19.15164 ], [ -70.16207, 19.15776 ], [ -70.16197, 19.15478 ], [ -70.16534, 19.1561 ], [ -70.1693, 19.15213 ], [ -70.17258, 19.152 ], [ -70.16924, 19.15775 ], [ -70.17163, 19.15936 ], [ -70.17048, 19.16179 ], [ -70.17176, 19.16426 ], [ -70.17784, 19.1657 ] ] ] } },
{ "type": "Feature", "properties": { "COD_PROV": "25", "COD_MUN": "2501", "MUNICIPIO": "Santiago", "REG": "2" }, "geometry": { "type": "MultiPolygon", "coordinates": [ [ [ [ -70.70714, 19.37855 ], [ -70.71436, 19.37766 ], [ -70.71413, 19.36864 ], [ -70.71499, 19.36623 ], [ -70.71837, 19.36519 ], [ -70.71891, 19.36141 ], [ -70.71598, 19.35742 ], [ -70.71991, 19.35593 ], [ -70.7232, 19.35125 ], [ -70.72268, 19.34934 ], [ -70.72047, 19.34937 ], [ -70.71712, 19.35335 ], [ -70.71106, 19.34831 ], [ -70.71281, 19.34463 ], [ -70.71058, 19.33959 ], [ -70.71822, 19.33941 ], [ -70.71835, 19.33245 ], [ -70.71377, 19.33201 ], [ -70.71012, 19.33432 ], [ -70.70688, 19.3315 ], [ -70.70958, 19.31964 ], [ -70.71304, 19.31762 ], [ -70.71488, 19.3121 ], [ -70.71297, 19.30825 ], [ -70.71965, 19.30412 ], [ -70.71657, 19.30293 ], [ -70.71604, 19.29876 ], [ -70.71117, 19.2986 ], [ -70.70349, 19.29472 ], [ -70.69449, 19.29395 ], [ -70.68347, 19.28829 ], [ -70.68068, 19.2842 ], [ -70.67453, 19.28463 ], [ -70.6721, 19.28645 ], [ -70.6729, 19.29078 ], [ -70.66782, 19.29316 ], [ -70.66732, 19.30093 ], [ -70.67419, 19.31478 ], [ -70.67468, 19.32159 ], [ -70.66453, 19.3379 ], [ -70.65765, 19.34212 ], [ -70.65278, 19.34867 ], [ -70.64046, 19.35823 ], [ -70.63639, 19.36937 ], [ -70.64177, 19.36895 ], [ -70.64827, 19.36501 ], [ -70.65147, 19.3647 ], [ -70.65442, 19.36685 ], [ -70.66041, 19.36535 ], [ -70.66025, 19.36369 ], [ -70.66416, 19.36233 ], [ -70.66262, 19.35947 ], [ -70.6651, 19.35581 ], [ -70.66355, 19.35451 ], [ -70.66532, 19.35026 ], [ -70.67282, 19.34736 ], [ -70.68241, 19.34635 ], [ -70.68524, 19.34815 ], [ -70.68765, 19.36055 ], [ -70.69328, 19.36381 ], [ -70.69227, 19.3681 ], [ -70.69399, 19.37864 ], [ -70.70052, 19.37701 ], [ -70.70714, 19.37855 ] ] ], [ [ [ -70.67995, 19.62654 ], [ -70.68298, 19.62889 ], [ -70.68497, 19.63952 ], [ -70.68836, 19.64656 ], [ -70.70285, 19.65092 ], [ -70.71123, 19.64366 ], [ -70.70953, 19.63505 ], [ -70.71296, 19.62555 ], [ -70.70807, 19.61967 ], [ -70.70525, 19.61236 ], [ -70.70962, 19.59933 ], [ -70.74657, 19.58046 ], [ -70.74529, 19.57554 ], [ -70.73898, 19.57193 ], [ -70.73558, 19.56581 ], [ -70.7346, 19.54733 ], [ -70.73076, 19.53547 ], [ -70.73284, 19.53408 ], [ -70.73369, 19.53007 ], [ -70.73725, 19.528 ], [ -70.74233, 19.53083 ], [ -70.74642, 19.53614 ], [ -70.7518, 19.53764 ], [ -70.75559, 19.53487 ], [ -70.7601, 19.52601 ], [ -70.76869, 19.52296 ], [ -70.75424, 19.50705 ], [ -70.75501, 19.50238 ], [ -70.76946, 19.50385 ], [ -70.77152, 19.50074 ], [ -70.768, 19.49752 ], [ -70.77118, 19.49866 ], [ -70.77651, 19.49689 ], [ -70.77956, 19.49263 ], [ -70.7861, 19.4982 ], [ -70.78382, 19.50235 ], [ -70.78803, 19.50705 ], [ -70.79131, 19.50361 ], [ -70.79676, 19.50645 ], [ -70.79435, 19.50984 ], [ -70.79685, 19.51523 ], [ -70.80022, 19.51528 ], [ -70.80025, 19.5117 ], [ -70.80344, 19.50964 ], [ -70.80687, 19.51626 ], [ -70.80971, 19.51754 ], [ -70.82082, 19.51595 ], [ -70.82432, 19.51316 ], [ -70.82992, 19.51724 ], [ -70.83092, 19.52001 ], [ -70.83445, 19.52017 ], [ -70.8375, 19.52708 ], [ -70.84623, 19.52256 ], [ -70.84901, 19.52865 ], [ -70.85492, 19.52606 ], [ -70.86044, 19.53345 ], [ -70.86536, 19.53085 ], [ -70.86491, 19.53575 ], [ -70.86678, 19.53863 ], [ -70.87011, 19.53894 ], [ -70.87335, 19.53444 ], [ -70.87911, 19.54104 ], [ -70.88078, 19.54064 ], [ -70.88124, 19.53728 ], [ -70.89105, 19.54188 ], [ -70.89505, 19.54016 ], [ -70.89317, 19.53683 ], [ -70.8953, 19.52061 ], [ -70.90236, 19.51004 ], [ -70.90144, 19.50711 ], [ -70.90461, 19.50052 ], [ -70.90399, 19.49648 ], [ -70.90834, 19.49029 ], [ -70.90852, 19.48617 ], [ -70.90359, 19.48192 ], [ -70.90363, 19.47445 ], [ -70.89856, 19.47038 ], [ -70.87615, 19.46596 ], [ -70.86443, 19.46169 ], [ -70.83811, 19.44837 ], [ -70.83372, 19.44345 ], [ -70.83218, 19.43638 ], [ -70.83026, 19.43731 ], [ -70.82261, 19.43509 ], [ -70.82071, 19.43167 ], [ -70.81249, 19.42898 ], [ -70.80894, 19.42574 ], [ -70.80321, 19.4145 ], [ -70.80138, 19.41439 ], [ -70.79854, 19.40941 ], [ -70.79988, 19.4072 ], [ -70.79878, 19.40416 ], [ -70.80045, 19.40259 ], [ -70.7944, 19.40202 ], [ -70.79299, 19.40521 ], [ -70.78749, 19.40318 ], [ -70.78793, 19.40798 ], [ -70.78575, 19.40329 ], [ -70.78375, 19.40307 ], [ -70.78315, 19.40622 ], [ -70.78001, 19.40722 ], [ -70.77904, 19.40559 ], [ -70.78142, 19.40277 ], [ -70.77791, 19.40458 ], [ -70.77452, 19.40023 ], [ -70.77322, 19.40222 ], [ -70.77044, 19.40029 ], [ -70.77077, 19.39866 ], [ -70.76074, 19.38932 ], [ -70.75665, 19.38251 ], [ -70.75186, 19.38685 ], [ -70.74633, 19.38566 ], [ -70.74163, 19.38816 ], [ -70.73618, 19.3866 ], [ -70.73134, 19.39129 ], [ -70.73067, 19.39462 ], [ -70.72604, 19.39354 ], [ -70.72521, 19.39664 ], [ -70.72086, 19.39698 ], [ -70.72038, 19.39829 ], [ -70.72242, 19.39928 ], [ -70.71993, 19.40015 ], [ -70.71653, 19.39774 ], [ -70.71135, 19.39878 ], [ -70.71261, 19.39581 ], [ -70.70551, 19.39617 ], [ -70.69838, 19.39424 ], [ -70.68232, 19.40155 ], [ -70.67986, 19.39393 ], [ -70.68093, 19.39087 ], [ -70.67438, 19.3891 ], [ -70.67626, 19.40415 ], [ -70.68129, 19.40845 ], [ -70.67627, 19.41345 ], [ -70.6828, 19.42076 ], [ -70.67872, 19.42756 ], [ -70.65622, 19.42649 ], [ -70.65477, 19.42867 ], [ -70.65622, 19.4303 ], [ -70.6508, 19.43344 ], [ -70.64864, 19.43699 ], [ -70.65053, 19.44123 ], [ -70.6475, 19.44903 ], [ -70.62708, 19.4413 ], [ -70.61909, 19.46457 ], [ -70.62671, 19.46508 ], [ -70.63266, 19.46315 ], [ -70.64673, 19.4646 ], [ -70.65112, 19.46218 ], [ -70.64702, 19.4719 ], [ -70.64338, 19.47579 ], [ -70.64462, 19.48884 ], [ -70.64185, 19.49297 ], [ -70.64416, 19.5007 ], [ -70.63487, 19.50541 ], [ -70.63415, 19.51261 ], [ -70.62924, 19.51998 ], [ -70.61781, 19.52568 ], [ -70.61649, 19.52947 ], [ -70.61761, 19.53939 ], [ -70.61598, 19.5413 ], [ -70.61797, 19.54545 ], [ -70.62678, 19.55067 ], [ -70.62869, 19.55369 ], [ -70.62708, 19.5627 ], [ -70.63307, 19.56746 ], [ -70.63468, 19.57198 ], [ -70.63108, 19.57675 ], [ -70.63017, 19.58568 ], [ -70.63534, 19.60449 ], [ -70.63093, 19.60831 ], [ -70.63533, 19.61127 ], [ -70.63641, 19.6158 ], [ -70.64647, 19.62107 ], [ -70.66566, 19.62281 ], [ -70.66747, 19.62468 ], [ -70.67995, 19.62654 ] ] ] ] } },
{ "type": "Feature", "properties": { "COD_PROV": "25", "COD_MUN": "2502", "MUNICIPIO": "Bisonó", "REG": "2" }, "geometry": { "type": "Polygon", "coordinates": [ [ [ -70.87702, 19.6506 ], [ -70.88005, 19.65231 ], [ -70.88638, 19.64548 ], [ -70.883, 19.6393 ], [ -70.87978, 19.64157 ], [ -70.87578, 19.64166 ], [ -70.87618, 19.63246 ], [ -70.87444, 19.62872 ], [ -70.8802, 19.626 ], [ -70.88454, 19.62049 ], [ -70.88232, 19.61711 ], [ -70.88413, 19.60845 ], [ -70.88138, 19.60297 ], [ -70.88112, 19.59573 ], [ -70.88379, 19.59406 ], [ -70.88296, 19.58987 ], [ -70.88514, 19.59009 ], [ -70.88784, 19.5872 ], [ -70.88609, 19.57968 ], [ -70.88903, 19.5721 ], [ -70.89079, 19.57156 ], [ -70.88999, 19.57013 ], [ -70.89266, 19.56892 ], [ -70.89315, 19.56341 ], [ -70.92978, 19.592 ], [ -70.93071, 19.57688 ], [ -70.9241, 19.5772 ], [ -70.9232, 19.57483 ], [ -70.92523, 19.56992 ], [ -70.93735, 19.55615 ], [ -70.93278, 19.55482 ], [ -70.9312, 19.55208 ], [ -70.92748, 19.55308 ], [ -70.92788, 19.55039 ], [ -70.92537, 19.54889 ], [ -70.92108, 19.55024 ], [ -70.92097, 19.55444 ], [ -70.9164, 19.55393 ], [ -70.91815, 19.5489 ], [ -70.91345, 19.54724 ], [ -70.91137, 19.54334 ], [ -70.90936, 19.54553 ], [ -70.91279, 19.54949 ], [ -70.90843, 19.551 ], [ -70.90831, 19.54619 ], [ -70.90437, 19.5464 ], [ -70.90345, 19.54334 ], [ -70.90107, 19.54229 ], [ -70.89957, 19.54508 ], [ -70.89705, 19.54468 ], [ -70.89463, 19.53995 ], [ -70.88998, 19.54197 ], [ -70.88124, 19.53728 ], [ -70.87948, 19.54116 ], [ -70.87335, 19.53444 ], [ -70.87011, 19.53894 ], [ -70.86783, 19.53905 ], [ -70.86503, 19.53638 ], [ -70.86536, 19.53085 ], [ -70.86044, 19.53345 ], [ -70.85492, 19.52606 ], [ -70.84901, 19.52865 ], [ -70.84623, 19.52256 ], [ -70.8375, 19.52708 ], [ -70.83445, 19.52017 ], [ -70.83092, 19.52001 ], [ -70.82947, 19.51678 ], [ -70.82371, 19.5131 ], [ -70.82033, 19.52963 ], [ -70.82246, 19.52997 ], [ -70.82023, 19.53582 ], [ -70.82078, 19.5438 ], [ -70.82302, 19.54479 ], [ -70.82302, 19.54789 ], [ -70.82517, 19.54985 ], [ -70.82376, 19.5522 ], [ -70.82618, 19.56137 ], [ -70.82316, 19.56685 ], [ -70.82623, 19.5722 ], [ -70.83029, 19.58756 ], [ -70.82811, 19.59472 ], [ -70.82856, 19.60265 ], [ -70.82597, 19.60654 ], [ -70.82949, 19.61188 ], [ -70.82508, 19.63185 ], [ -70.8279, 19.63581 ], [ -70.84129, 19.63861 ], [ -70.84641, 19.64301 ], [ -70.8515, 19.64185 ], [ -70.86754, 19.65016 ], [ -70.87702, 19.6506 ] ] ] } },
{ "type": "Feature", "properties": { "COD_PROV": "25", "COD_MUN": "2503", "MUNICIPIO": "Jánico", "REG": "2" }, "geometry": { "type": "Polygon", "coordinates": [ [ [ -70.78575, 19.40329 ], [ -70.78773, 19.40797 ], [ -70.78749, 19.40318 ], [ -70.79262, 19.40521 ], [ -70.79418, 19.40407 ], [ -70.79354, 19.38374 ], [ -70.80777, 19.37846 ], [ -70.81408, 19.37929 ], [ -70.81537, 19.36475 ], [ -70.8188, 19.36451 ], [ -70.82529, 19.36007 ], [ -70.84361, 19.36356 ], [ -70.84775, 19.35407 ], [ -70.84964, 19.3535 ], [ -70.84826, 19.34868 ], [ -70.85318, 19.33668 ], [ -70.8511, 19.33383 ], [ -70.85384, 19.32657 ], [ -70.85102, 19.31769 ], [ -70.8554, 19.3161 ], [ -70.85575, 19.31354 ], [ -70.85876, 19.31142 ], [ -70.85847, 19.30949 ], [ -70.8657, 19.30089 ], [ -70.86402, 19.29878 ], [ -70.86551, 19.29705 ], [ -70.85927, 19.29041 ], [ -70.85395, 19.28966 ], [ -70.85642, 19.28932 ], [ -70.86116, 19.28321 ], [ -70.86224, 19.27472 ], [ -70.86014, 19.26942 ], [ -70.85497, 19.26371 ], [ -70.84922, 19.2412 ], [ -70.84705, 19.23965 ], [ -70.84418, 19.2402 ], [ -70.84311, 19.23366 ], [ -70.84691, 19.23185 ], [ -70.84268, 19.22885 ], [ -70.84106, 19.22055 ], [ -70.84545, 19.21971 ], [ -70.8473, 19.21674 ], [ -70.84861, 19.21807 ], [ -70.84809, 19.21407 ], [ -70.85117, 19.20989 ], [ -70.85634, 19.21193 ], [ -70.86661, 19.21241 ], [ -70.8672, 19.2087 ], [ -70.87037, 19.20656 ], [ -70.87065, 19.20435 ], [ -70.8751, 19.20405 ], [ -70.87534, 19.19772 ], [ -70.87394, 19.19656 ], [ -70.87599, 19.19498 ], [ -70.87372, 19.19297 ], [ -70.87715, 19.19359 ], [ -70.879, 19.19182 ], [ -70.87737, 19.18953 ], [ -70.87823, 19.18327 ], [ -70.87673, 19.18032 ], [ -70.87768, 19.17771 ], [ -70.88076, 19.17748 ], [ -70.88069, 19.17339 ], [ -70.88732, 19.16961 ], [ -70.88636, 19.16759 ], [ -70.88792, 19.16552 ], [ -70.88464, 19.163 ], [ -70.88033, 19.14983 ], [ -70.87678, 19.14778 ], [ -70.87814, 19.14528 ], [ -70.87719, 19.14299 ], [ -70.87908, 19.14231 ], [ -70.87725, 19.13161 ], [ -70.88086, 19.12605 ], [ -70.88591, 19.12345 ], [ -70.88774, 19.11796 ], [ -70.90634, 19.10945 ], [ -70.91589, 19.09762 ], [ -70.92214, 19.09325 ], [ -70.9208, 19.09229 ], [ -70.90868, 19.09341 ], [ -70.90208, 19.09144 ], [ -70.89509, 19.09194 ], [ -70.89071, 19.08991 ], [ -70.88212, 19.0925 ], [ -70.87805, 19.09824 ], [ -70.86501, 19.09563 ], [ -70.85479, 19.09838 ], [ -70.8478, 19.09588 ], [ -70.8447, 19.10155 ], [ -70.83428, 19.11253 ], [ -70.82543, 19.11696 ], [ -70.81317, 19.12836 ], [ -70.81279, 19.13491 ], [ -70.80806, 19.14001 ], [ -70.79424, 19.13656 ], [ -70.78583, 19.13977 ], [ -70.78141, 19.13839 ], [ -70.77712, 19.14077 ], [ -70.77323, 19.14717 ], [ -70.76952, 19.14561 ], [ -70.76569, 19.15532 ], [ -70.75764, 19.1546 ], [ -70.7552, 19.1568 ], [ -70.75289, 19.15548 ], [ -70.7477, 19.16062 ], [ -70.73219, 19.16504 ], [ -70.73257, 19.1681 ], [ -70.73538, 19.16875 ], [ -70.73462, 19.1721 ], [ -70.73743, 19.17197 ], [ -70.73335, 19.17608 ], [ -70.73548, 19.17957 ], [ -70.73358, 19.17972 ], [ -70.7332, 19.18708 ], [ -70.72936, 19.18785 ], [ -70.7275, 19.19446 ], [ -70.73427, 19.20121 ], [ -70.7336, 19.20433 ], [ -70.72782, 19.20524 ], [ -70.73136, 19.20645 ], [ -70.72961, 19.20863 ], [ -70.72721, 19.20638 ], [ -70.72472, 19.2085 ], [ -70.70829, 19.19292 ], [ -70.69686, 19.18763 ], [ -70.69193, 19.17937 ], [ -70.68779, 19.18227 ], [ -70.6834, 19.18157 ], [ -70.68269, 19.18575 ], [ -70.67483, 19.19072 ], [ -70.67515, 19.19437 ], [ -70.66994, 19.19788 ], [ -70.67246, 19.2023 ], [ -70.67659, 19.19941 ], [ -70.68264, 19.20764 ], [ -70.67836, 19.20842 ], [ -70.67659, 19.21085 ], [ -70.68024, 19.21738 ], [ -70.6776, 19.21838 ], [ -70.67689, 19.22176 ], [ -70.68036, 19.22255 ], [ -70.68325, 19.21976 ], [ -70.68453, 19.22179 ], [ -70.67841, 19.22586 ], [ -70.679, 19.2304 ], [ -70.67616, 19.23763 ], [ -70.67805, 19.24035 ], [ -70.68172, 19.23765 ], [ -70.68392, 19.23849 ], [ -70.67681, 19.245 ], [ -70.67804, 19.25275 ], [ -70.67943, 19.25336 ], [ -70.68178, 19.24983 ], [ -70.68568, 19.25516 ], [ -70.68021, 19.26102 ], [ -70.68048, 19.26641 ], [ -70.6869, 19.26846 ], [ -70.6912, 19.26733 ], [ -70.69809, 19.27335 ], [ -70.71691, 19.27724 ], [ -70.72485, 19.28583 ], [ -70.74696, 19.29344 ], [ -70.75302, 19.30131 ], [ -70.75321, 19.30375 ], [ -70.74842, 19.30835 ], [ -70.75186, 19.31075 ], [ -70.75173, 19.313 ], [ -70.76111, 19.31073 ], [ -70.76255, 19.31518 ], [ -70.7671, 19.3168 ], [ -70.77135, 19.32796 ], [ -70.76843, 19.33082 ], [ -70.76832, 19.33498 ], [ -70.78068, 19.34124 ], [ -70.7765, 19.34399 ], [ -70.7669, 19.34486 ], [ -70.766, 19.34866 ], [ -70.77644, 19.35398 ], [ -70.7782, 19.35717 ], [ -70.77612, 19.36478 ], [ -70.77089, 19.37043 ], [ -70.76911, 19.37786 ], [ -70.76393, 19.37976 ], [ -70.75977, 19.37927 ], [ -70.75665, 19.38251 ], [ -70.76074, 19.38932 ], [ -70.77077, 19.39866 ], [ -70.77044, 19.40029 ], [ -70.77322, 19.40222 ], [ -70.77452, 19.40023 ], [ -70.77791, 19.40458 ], [ -70.78142, 19.40277 ], [ -70.77904, 19.40559 ], [ -70.77987, 19.40713 ], [ -70.78315, 19.40622 ], [ -70.78332, 19.40326 ], [ -70.78575, 19.40329 ] ] ] } },
{ "type": "Feature", "properties": { "COD_PROV": "25", "COD_MUN": "2504", "MUNICIPIO": "Licey al Medio", "REG": "2" }, "geometry": { "type": "Polygon", "coordinates": [ [ [ -70.60384, 19.45434 ], [ -70.60469, 19.46201 ], [ -70.61909, 19.46457 ], [ -70.62719, 19.44104 ], [ -70.63282, 19.43954 ], [ -70.6351, 19.43575 ], [ -70.64482, 19.43569 ], [ -70.64724, 19.43404 ], [ -70.64339, 19.42636 ], [ -70.64358, 19.42287 ], [ -70.63791, 19.41931 ], [ -70.63808, 19.4178 ], [ -70.63493, 19.41604 ], [ -70.63568, 19.41382 ], [ -70.63102, 19.40954 ], [ -70.62758, 19.40979 ], [ -70.62752, 19.40809 ], [ -70.62206, 19.4066 ], [ -70.62309, 19.40469 ], [ -70.61317, 19.40136 ], [ -70.60913, 19.40315 ], [ -70.59663, 19.39967 ], [ -70.5998, 19.39575 ], [ -70.58699, 19.39189 ], [ -70.58517, 19.39542 ], [ -70.58844, 19.39881 ], [ -70.58755, 19.40037 ], [ -70.58618, 19.39927 ], [ -70.5856, 19.40279 ], [ -70.5873, 19.40544 ], [ -70.58851, 19.40422 ], [ -70.58728, 19.40715 ], [ -70.59064, 19.41027 ], [ -70.5894, 19.41043 ], [ -70.59042, 19.41435 ], [ -70.59176, 19.41426 ], [ -70.59114, 19.41705 ], [ -70.5935, 19.41663 ], [ -70.59101, 19.4187 ], [ -70.59419, 19.41986 ], [ -70.58989, 19.42157 ], [ -70.59248, 19.42346 ], [ -70.59022, 19.42727 ], [ -70.59342, 19.42819 ], [ -70.59395, 19.43155 ], [ -70.596, 19.43296 ], [ -70.59362, 19.43385 ], [ -70.5953, 19.43578 ], [ -70.59407, 19.43818 ], [ -70.59741, 19.43873 ], [ -70.59625, 19.44185 ], [ -70.59959, 19.44063 ], [ -70.59855, 19.44514 ], [ -70.59987, 19.44827 ], [ -70.59783, 19.44756 ], [ -70.59615, 19.4498 ], [ -70.59682, 19.45217 ], [ -70.60384, 19.45434 ] ] ] } },
{ "type": "Feature", "properties": { "COD_PROV": "25", "COD_MUN": "2505", "MUNICIPIO": "San José de Las Matas", "REG": "2" }, "geometry": { "type": "Polygon", "coordinates": [ [ [ -71.06222, 19.46087 ], [ -71.07408, 19.46613 ], [ -71.08317, 19.4727 ], [ -71.08558, 19.47192 ], [ -71.08184, 19.46964 ], [ -71.07823, 19.46425 ], [ -71.08565, 19.46157 ], [ -71.09585, 19.45455 ], [ -71.0974, 19.45055 ], [ -71.09581, 19.44756 ], [ -71.09363, 19.45069 ], [ -71.09097, 19.45089 ], [ -71.0857, 19.44011 ], [ -71.0842, 19.43436 ], [ -71.08877, 19.43162 ], [ -71.09009, 19.4283 ], [ -71.08195, 19.4248 ], [ -71.07261, 19.42547 ], [ -71.07304, 19.42193 ], [ -71.0776, 19.42221 ], [ -71.08391, 19.41687 ], [ -71.08877, 19.41511 ], [ -71.10173, 19.41558 ], [ -71.11062, 19.41297 ], [ -71.11941, 19.40524 ], [ -71.12056, 19.40232 ], [ -71.11864, 19.4007 ], [ -71.12115, 19.39947 ], [ -71.12139, 19.3952 ], [ -71.13351, 19.39394 ], [ -71.13897, 19.39683 ], [ -71.14046, 19.39595 ], [ -71.13737, 19.39398 ], [ -71.14002, 19.39266 ], [ -71.14475, 19.39439 ], [ -71.1452, 19.39018 ], [ -71.14177, 19.38664 ], [ -71.15017, 19.38613 ], [ -71.14854, 19.37981 ], [ -71.15247, 19.37728 ], [ -71.15165, 19.37375 ], [ -71.15828, 19.3744 ], [ -71.15885, 19.37229 ], [ -71.16185, 19.37095 ], [ -71.16364, 19.37358 ], [ -71.16615, 19.37251 ], [ -71.17195, 19.37495 ], [ -71.17542, 19.38411 ], [ -71.17406, 19.38709 ], [ -71.1778, 19.38824 ], [ -71.18308, 19.3826 ], [ -71.18631, 19.38332 ], [ -71.19095, 19.37875 ], [ -71.19546, 19.38148 ], [ -71.20131, 19.37901 ], [ -71.20391, 19.38051 ], [ -71.20933, 19.3771 ], [ -71.20746, 19.37549 ], [ -71.20803, 19.37357 ], [ -71.21192, 19.37495 ], [ -71.21365, 19.37208 ], [ -71.21829, 19.37406 ], [ -71.21757, 19.37166 ], [ -71.22037, 19.37054 ], [ -71.22027, 19.36755 ], [ -71.22431, 19.36712 ], [ -71.22148, 19.36153 ], [ -71.22619, 19.36226 ], [ -71.22861, 19.36082 ], [ -71.22721, 19.358 ], [ -71.22376, 19.3564 ], [ -71.22662, 19.35293 ], [ -71.22467, 19.35026 ], [ -71.22584, 19.34829 ], [ -71.22217, 19.34429 ], [ -71.22302, 19.34045 ], [ -71.22753, 19.33908 ], [ -71.23179, 19.34132 ], [ -71.23084, 19.33813 ], [ -71.23571, 19.33707 ], [ -71.23685, 19.34307 ], [ -71.23877, 19.34358 ], [ -71.23966, 19.33527 ], [ -71.24491, 19.33595 ], [ -71.2422, 19.3328 ], [ -71.2468, 19.32789 ], [ -71.25263, 19.32844 ], [ -71.25259, 19.32501 ], [ -71.2466, 19.319 ], [ -71.24718, 19.31235 ], [ -71.2441, 19.31208 ], [ -71.24436, 19.30875 ], [ -71.24136, 19.308 ], [ -71.24441, 19.30405 ], [ -71.24663, 19.30394 ], [ -71.24656, 19.30131 ], [ -71.24272, 19.30064 ], [ -71.24275, 19.29813 ], [ -71.24657, 19.29699 ], [ -71.24481, 19.2923 ], [ -71.24625, 19.29203 ], [ -71.24639, 19.28776 ], [ -71.24858, 19.28518 ], [ -71.24603, 19.28166 ], [ -71.24774, 19.28205 ], [ -71.24763, 19.27959 ], [ -71.24983, 19.27921 ], [ -71.24658, 19.27295 ], [ -71.24489, 19.27273 ], [ -71.24408, 19.26653 ], [ -71.24641, 19.26356 ], [ -71.25015, 19.26245 ], [ -71.25503, 19.26537 ], [ -71.25813, 19.26136 ], [ -71.24986, 19.24897 ], [ -71.24963, 19.24531 ], [ -71.24561, 19.24284 ], [ -71.23793, 19.24436 ], [ -71.23471, 19.23914 ], [ -71.23745, 19.23536 ], [ -71.23484, 19.2354 ], [ -71.23453, 19.23304 ], [ -71.23161, 19.23134 ], [ -71.22694, 19.23094 ], [ -71.22957, 19.22929 ], [ -71.23027, 19.22429 ], [ -71.22624, 19.21368 ], [ -71.22949, 19.21454 ], [ -71.22982, 19.21218 ], [ -71.22391, 19.20732 ], [ -71.21994, 19.198 ], [ -71.21839, 19.19224 ], [ -71.22023, 19.18824 ], [ -71.21705, 19.17799 ], [ -71.20341, 19.17773 ], [ -71.18851, 19.16456 ], [ -71.18831, 19.15249 ], [ -71.17872, 19.14875 ], [ -71.17632, 19.14547 ], [ -71.16737, 19.14465 ], [ -71.15748, 19.14053 ], [ -71.15503, 19.13845 ], [ -71.15381, 19.13281 ], [ -71.14926, 19.12526 ], [ -71.13165, 19.11632 ], [ -71.13155, 19.10668 ], [ -71.12836, 19.09869 ], [ -71.12989, 19.08953 ], [ -71.1334, 19.08445 ], [ -71.13171, 19.07797 ], [ -71.12282, 19.07366 ], [ -71.12079, 19.06965 ], [ -71.10836, 19.06144 ], [ -71.10419, 19.06079 ], [ -71.09952, 19.05629 ], [ -71.08781, 19.06047 ], [ -71.07647, 19.05317 ], [ -71.06964, 19.05475 ], [ -71.05702, 19.0468 ], [ -71.04972, 19.03619 ], [ -71.04854, 19.0325 ], [ -71.05019, 19.02627 ], [ -71.04668, 19.02209 ], [ -71.03741, 19.02394 ], [ -71.03147, 19.02037 ], [ -71.02493, 19.02559 ], [ -71.00578, 19.03078 ], [ -70.99971, 19.02881 ], [ -70.99834, 19.02165 ], [ -70.99347, 19.02879 ], [ -70.98444, 19.03541 ], [ -70.97282, 19.03852 ], [ -70.96448, 19.04434 ], [ -70.9602, 19.04471 ], [ -70.95607, 19.05261 ], [ -70.95586, 19.06433 ], [ -70.94835, 19.07418 ], [ -70.95399, 19.08356 ], [ -70.95367, 19.08718 ], [ -70.94801, 19.09474 ], [ -70.942, 19.0964 ], [ -70.9387, 19.09427 ], [ -70.93504, 19.09581 ], [ -70.92155, 19.09332 ], [ -70.91589, 19.09762 ], [ -70.90634, 19.10945 ], [ -70.88774, 19.11796 ], [ -70.88591, 19.12345 ], [ -70.88086, 19.12605 ], [ -70.87745, 19.13118 ], [ -70.87908, 19.14231 ], [ -70.87719, 19.14299 ], [ -70.87814, 19.14528 ], [ -70.87678, 19.14778 ], [ -70.88033, 19.14983 ], [ -70.88464, 19.163 ], [ -70.88792, 19.16552 ], [ -70.88636, 19.16759 ], [ -70.88732, 19.16961 ], [ -70.88069, 19.17339 ], [ -70.88076, 19.17748 ], [ -70.87768, 19.17771 ], [ -70.87673, 19.18032 ], [ -70.87823, 19.18327 ], [ -70.87737, 19.18953 ], [ -70.879, 19.19182 ], [ -70.87715, 19.19359 ], [ -70.87372, 19.19297 ], [ -70.87599, 19.19498 ], [ -70.87394, 19.19656 ], [ -70.87534, 19.19772 ], [ -70.8751, 19.20405 ], [ -70.87065, 19.20435 ], [ -70.87037, 19.20656 ], [ -70.8672, 19.2087 ], [ -70.86661, 19.21241 ], [ -70.85634, 19.21193 ], [ -70.85117, 19.20989 ], [ -70.84809, 19.21407 ], [ -70.84861, 19.21807 ], [ -70.8473, 19.21674 ], [ -70.84545, 19.21971 ], [ -70.84106, 19.22055 ], [ -70.84268, 19.22885 ], [ -70.84691, 19.23185 ], [ -70.84311, 19.23366 ], [ -70.84418, 19.2402 ], [ -70.84705, 19.23965 ], [ -70.84922, 19.2412 ], [ -70.85497, 19.26371 ], [ -70.86014, 19.26942 ], [ -70.86224, 19.27472 ], [ -70.86116, 19.28321 ], [ -70.85642, 19.28932 ], [ -70.85395, 19.28966 ], [ -70.85927, 19.29041 ], [ -70.86551, 19.29705 ], [ -70.86402, 19.29878 ], [ -70.8657, 19.30089 ], [ -70.85847, 19.30949 ], [ -70.85876, 19.31142 ], [ -70.85575, 19.31354 ], [ -70.8554, 19.3161 ], [ -70.85102, 19.31769 ], [ -70.85384, 19.32657 ], [ -70.8511, 19.33383 ], [ -70.85318, 19.33668 ], [ -70.84826, 19.34868 ], [ -70.84964, 19.3535 ], [ -70.84775, 19.35407 ], [ -70.84361, 19.36356 ], [ -70.82529, 19.36007 ], [ -70.8188, 19.36451 ], [ -70.81537, 19.36475 ], [ -70.81408, 19.37929 ], [ -70.80777, 19.37846 ], [ -70.79354, 19.38374 ], [ -70.79382, 19.40179 ], [ -70.80045, 19.40259 ], [ -70.79878, 19.40416 ], [ -70.79988, 19.4072 ], [ -70.79854, 19.40941 ], [ -70.81249, 19.42898 ], [ -70.82071, 19.43167 ], [ -70.82261, 19.43509 ], [ -70.83026, 19.43731 ], [ -70.83218, 19.43638 ], [ -70.83372, 19.44345 ], [ -70.83996, 19.44951 ], [ -70.85607, 19.45833 ], [ -70.87808, 19.46634 ], [ -70.88815, 19.46733 ], [ -70.88518, 19.45824 ], [ -70.88596, 19.44906 ], [ -70.90202, 19.45558 ], [ -70.90109, 19.45151 ], [ -70.9035, 19.4517 ], [ -70.90361, 19.44902 ], [ -70.90792, 19.44963 ], [ -70.91095, 19.44804 ], [ -70.91058, 19.43968 ], [ -70.92159, 19.4395 ], [ -70.92934, 19.44738 ], [ -70.93281, 19.44723 ], [ -70.93599, 19.45407 ], [ -70.94816, 19.45804 ], [ -70.95727, 19.45607 ], [ -70.96311, 19.45865 ], [ -70.96287, 19.45143 ], [ -70.95495, 19.45237 ], [ -70.95329, 19.45091 ], [ -70.96714, 19.44727 ], [ -70.97295, 19.45259 ], [ -70.97311, 19.45676 ], [ -70.97523, 19.45698 ], [ -70.97781, 19.45411 ], [ -70.98229, 19.44157 ], [ -70.98815, 19.43536 ], [ -70.99261, 19.43363 ], [ -70.99598, 19.43679 ], [ -70.99925, 19.44826 ], [ -71.00852, 19.45668 ], [ -71.01954, 19.45621 ], [ -71.02125, 19.45022 ], [ -71.02922, 19.44921 ], [ -71.03719, 19.44355 ], [ -71.04284, 19.44524 ], [ -71.06222, 19.46087 ] ] ] } },
{ "type": "Feature", "properties": { "COD_PROV": "25", "COD_MUN": "2506", "MUNICIPIO": "Tamboril", "REG": "2" }, "geometry": { "type": "Polygon", "coordinates": [ [ [ -70.61799, 19.54531 ], [ -70.61598, 19.54206 ], [ -70.61786, 19.53567 ], [ -70.61697, 19.52698 ], [ -70.62924, 19.51998 ], [ -70.63415, 19.51261 ], [ -70.63487, 19.50541 ], [ -70.64416, 19.5007 ], [ -70.64185, 19.49297 ], [ -70.64462, 19.48884 ], [ -70.64338, 19.47579 ], [ -70.64702, 19.4719 ], [ -70.65112, 19.46216 ], [ -70.64941, 19.46264 ], [ -70.64673, 19.4646 ], [ -70.63266, 19.46315 ], [ -70.62377, 19.46513 ], [ -70.60469, 19.46201 ], [ -70.60384, 19.45434 ], [ -70.59679, 19.45212 ], [ -70.59728, 19.44808 ], [ -70.59987, 19.44827 ], [ -70.59855, 19.44514 ], [ -70.59966, 19.44089 ], [ -70.59781, 19.44022 ], [ -70.59639, 19.44198 ], [ -70.59732, 19.43857 ], [ -70.59407, 19.43818 ], [ -70.59531, 19.43588 ], [ -70.5937, 19.43337 ], [ -70.596, 19.43314 ], [ -70.59421, 19.43015 ], [ -70.59226, 19.43177 ], [ -70.59216, 19.43631 ], [ -70.58926, 19.44148 ], [ -70.58256, 19.44509 ], [ -70.58201, 19.45452 ], [ -70.57887, 19.45635 ], [ -70.58034, 19.45809 ], [ -70.57949, 19.46849 ], [ -70.58381, 19.47679 ], [ -70.58261, 19.48413 ], [ -70.57959, 19.4841 ], [ -70.57789, 19.48671 ], [ -70.57754, 19.48358 ], [ -70.57281, 19.48527 ], [ -70.57353, 19.48734 ], [ -70.57108, 19.48908 ], [ -70.57012, 19.48718 ], [ -70.56542, 19.49125 ], [ -70.56414, 19.49016 ], [ -70.56297, 19.49342 ], [ -70.55081, 19.49377 ], [ -70.54559, 19.51709 ], [ -70.56677, 19.53091 ], [ -70.57555, 19.53422 ], [ -70.5754, 19.53972 ], [ -70.57252, 19.54214 ], [ -70.57527, 19.54523 ], [ -70.58538, 19.54218 ], [ -70.59517, 19.54598 ], [ -70.61799, 19.54531 ] ] ] } },
{ "type": "Feature", "properties": { "COD_PROV": "25", "COD_MUN": "2507", "MUNICIPIO": "Villa González", "REG": "2" }, "geometry": { "type": "Polygon", "coordinates": [ [ [ -70.81468, 19.63561 ], [ -70.81876, 19.63454 ], [ -70.81635, 19.63006 ], [ -70.81931, 19.62596 ], [ -70.82508, 19.63185 ], [ -70.82949, 19.61188 ], [ -70.82597, 19.60654 ], [ -70.82856, 19.60265 ], [ -70.82811, 19.59472 ], [ -70.83024, 19.58715 ], [ -70.82316, 19.56685 ], [ -70.82618, 19.56137 ], [ -70.82376, 19.5522 ], [ -70.82517, 19.54985 ], [ -70.82302, 19.54789 ], [ -70.82302, 19.54479 ], [ -70.82078, 19.5438 ], [ -70.82021, 19.53703 ], [ -70.82246, 19.52997 ], [ -70.82033, 19.52963 ], [ -70.82274, 19.51369 ], [ -70.82082, 19.51595 ], [ -70.80971, 19.51754 ], [ -70.80687, 19.51626 ], [ -70.80344, 19.50964 ], [ -70.80025, 19.5117 ], [ -70.80022, 19.51528 ], [ -70.79685, 19.51523 ], [ -70.79435, 19.50984 ], [ -70.79676, 19.50645 ], [ -70.79131, 19.50361 ], [ -70.78803, 19.50705 ], [ -70.78382, 19.50235 ], [ -70.78624, 19.49878 ], [ -70.78553, 19.49728 ], [ -70.77849, 19.49258 ], [ -70.77651, 19.49689 ], [ -70.77118, 19.49866 ], [ -70.768, 19.49752 ], [ -70.77152, 19.50074 ], [ -70.76946, 19.50385 ], [ -70.75501, 19.50238 ], [ -70.75424, 19.50705 ], [ -70.76869, 19.52296 ], [ -70.7601, 19.52601 ], [ -70.7546, 19.53589 ], [ -70.75175, 19.53764 ], [ -70.74642, 19.53614 ], [ -70.74233, 19.53083 ], [ -70.73725, 19.528 ], [ -70.73369, 19.53007 ], [ -70.73069, 19.53631 ], [ -70.7346, 19.54733 ], [ -70.73501, 19.56415 ], [ -70.73898, 19.57193 ], [ -70.74529, 19.57554 ], [ -70.74657, 19.58046 ], [ -70.74977, 19.58096 ], [ -70.75161, 19.58341 ], [ -70.75571, 19.59723 ], [ -70.77316, 19.60043 ], [ -70.77682, 19.60997 ], [ -70.78392, 19.61591 ], [ -70.78405, 19.61933 ], [ -70.78762, 19.61999 ], [ -70.78692, 19.62258 ], [ -70.7897, 19.6227 ], [ -70.78982, 19.62464 ], [ -70.79176, 19.62365 ], [ -70.80175, 19.63111 ], [ -70.81468, 19.63561 ] ] ] } },
{ "type": "Feature", "properties": { "COD_PROV": "25", "COD_MUN": "2508", "MUNICIPIO": "Puñal", "REG": "2" }, "geometry": { "type": "Polygon", "coordinates": [ [ [ -70.62809, 19.44128 ], [ -70.6475, 19.44903 ], [ -70.65053, 19.44123 ], [ -70.64864, 19.43699 ], [ -70.6508, 19.43344 ], [ -70.65622, 19.4303 ], [ -70.65477, 19.42867 ], [ -70.65622, 19.42649 ], [ -70.67872, 19.42756 ], [ -70.6828, 19.42076 ], [ -70.67627, 19.41345 ], [ -70.68129, 19.40845 ], [ -70.67626, 19.40415 ], [ -70.67438, 19.3891 ], [ -70.68093, 19.39087 ], [ -70.67986, 19.39393 ], [ -70.68241, 19.40155 ], [ -70.6917, 19.39784 ], [ -70.69331, 19.39542 ], [ -70.69838, 19.39424 ], [ -70.71137, 19.39624 ], [ -70.72009, 19.39108 ], [ -70.72001, 19.38753 ], [ -70.71448, 19.37686 ], [ -70.71133, 19.37859 ], [ -70.70052, 19.37701 ], [ -70.69399, 19.37864 ], [ -70.69227, 19.3681 ], [ -70.69328, 19.36381 ], [ -70.68765, 19.36055 ], [ -70.68524, 19.34815 ], [ -70.68241, 19.34635 ], [ -70.67282, 19.34736 ], [ -70.66532, 19.35026 ], [ -70.66355, 19.35451 ], [ -70.6651, 19.35581 ], [ -70.66262, 19.35947 ], [ -70.66416, 19.36233 ], [ -70.66025, 19.36369 ], [ -70.66041, 19.36535 ], [ -70.65442, 19.36685 ], [ -70.65143, 19.36469 ], [ -70.64667, 19.3654 ], [ -70.64713, 19.36646 ], [ -70.64488, 19.36619 ], [ -70.64177, 19.36895 ], [ -70.63634, 19.36941 ], [ -70.63524, 19.37415 ], [ -70.62928, 19.37425 ], [ -70.62631, 19.37226 ], [ -70.61275, 19.37524 ], [ -70.60979, 19.37802 ], [ -70.60583, 19.38746 ], [ -70.60276, 19.38949 ], [ -70.59931, 19.38802 ], [ -70.59449, 19.39091 ], [ -70.59154, 19.38667 ], [ -70.58674, 19.38437 ], [ -70.58265, 19.38703 ], [ -70.58221, 19.38554 ], [ -70.57942, 19.38636 ], [ -70.58037, 19.39077 ], [ -70.58464, 19.38967 ], [ -70.58358, 19.39336 ], [ -70.58562, 19.391 ], [ -70.58574, 19.39289 ], [ -70.58699, 19.39189 ], [ -70.5998, 19.39575 ], [ -70.59663, 19.39967 ], [ -70.60913, 19.40315 ], [ -70.61317, 19.40136 ], [ -70.62309, 19.40469 ], [ -70.6221, 19.40664 ], [ -70.63427, 19.41189 ], [ -70.63504, 19.41621 ], [ -70.64358, 19.42287 ], [ -70.64339, 19.42636 ], [ -70.64724, 19.43404 ], [ -70.64482, 19.43569 ], [ -70.6351, 19.43575 ], [ -70.63284, 19.43953 ], [ -70.62809, 19.44128 ] ] ] } },
{ "type": "Feature", "properties": { "COD_PROV": "25", "COD_MUN": "2509", "MUNICIPIO": "Sabana Iglesia", "REG": "2" }, "geometry": { "type": "Polygon", "coordinates": [ [ [ -70.72239, 19.39933 ], [ -70.72027, 19.39771 ], [ -70.72516, 19.39669 ], [ -70.7261, 19.39351 ], [ -70.73067, 19.39462 ], [ -70.73134, 19.39129 ], [ -70.73618, 19.3866 ], [ -70.74163, 19.38816 ], [ -70.74633, 19.38566 ], [ -70.75186, 19.38685 ], [ -70.75972, 19.3793 ], [ -70.76393, 19.37976 ], [ -70.76911, 19.37786 ], [ -70.77089, 19.37043 ], [ -70.77612, 19.36478 ], [ -70.7782, 19.35717 ], [ -70.77644, 19.35398 ], [ -70.77061, 19.352 ], [ -70.76579, 19.34691 ], [ -70.7669, 19.34486 ], [ -70.7765, 19.34399 ], [ -70.78068, 19.34124 ], [ -70.76832, 19.33498 ], [ -70.76843, 19.33082 ], [ -70.77131, 19.32781 ], [ -70.7671, 19.3168 ], [ -70.76255, 19.31518 ], [ -70.76111, 19.31073 ], [ -70.7557, 19.31122 ], [ -70.75281, 19.31372 ], [ -70.75186, 19.31075 ], [ -70.74886, 19.30947 ], [ -70.74972, 19.30631 ], [ -70.75321, 19.30375 ], [ -70.7491, 19.29507 ], [ -70.72297, 19.28455 ], [ -70.72003, 19.28972 ], [ -70.71598, 19.28949 ], [ -70.71459, 19.29114 ], [ -70.71607, 19.2951 ], [ -70.71908, 19.29457 ], [ -70.71928, 19.29675 ], [ -70.71596, 19.29908 ], [ -70.71657, 19.30293 ], [ -70.71982, 19.30487 ], [ -70.71424, 19.30631 ], [ -70.71297, 19.30825 ], [ -70.71488, 19.3121 ], [ -70.71304, 19.31762 ], [ -70.70958, 19.31964 ], [ -70.70688, 19.3315 ], [ -70.70976, 19.33429 ], [ -70.71416, 19.33195 ], [ -70.71868, 19.33304 ], [ -70.71822, 19.33941 ], [ -70.71174, 19.33877 ], [ -70.71042, 19.33996 ], [ -70.71281, 19.34463 ], [ -70.71091, 19.34689 ], [ -70.71169, 19.3495 ], [ -70.71742, 19.35339 ], [ -70.72047, 19.34937 ], [ -70.72324, 19.35018 ], [ -70.71991, 19.35593 ], [ -70.71608, 19.35717 ], [ -70.71881, 19.36069 ], [ -70.71844, 19.36485 ], [ -70.71499, 19.36623 ], [ -70.7141, 19.36889 ], [ -70.71498, 19.37893 ], [ -70.71972, 19.3868 ], [ -70.72019, 19.39076 ], [ -70.71424, 19.39342 ], [ -70.71135, 19.39878 ], [ -70.71342, 19.39747 ], [ -70.72239, 19.39933 ] ] ] } },
{ "type": "Feature", "properties": { "COD_PROV": "26", "COD_MUN": "2601", "MUNICIPIO": "San Ignacio de Sabaneta", "REG": "7" }, "geometry": { "type": "Polygon", "coordinates": [ [ [ -71.30987, 19.55965 ], [ -71.31634, 19.56496 ], [ -71.33354, 19.56987 ], [ -71.33089, 19.55456 ], [ -71.33684, 19.54827 ], [ -71.35941, 19.55276 ], [ -71.37077, 19.55712 ], [ -71.38436, 19.55163 ], [ -71.39116, 19.55406 ], [ -71.39948, 19.55343 ], [ -71.41702, 19.55667 ], [ -71.41599, 19.55219 ], [ -71.41203, 19.55028 ], [ -71.41507, 19.54833 ], [ -71.41545, 19.54068 ], [ -71.42015, 19.54119 ], [ -71.4219, 19.54366 ], [ -71.41984, 19.53733 ], [ -71.42129, 19.53391 ], [ -71.42598, 19.53508 ], [ -71.42564, 19.53154 ], [ -71.42855, 19.53089 ], [ -71.42673, 19.52742 ], [ -71.42734, 19.5243 ], [ -71.43228, 19.52152 ], [ -71.43282, 19.51405 ], [ -71.43479, 19.51432 ], [ -71.4371, 19.5108 ], [ -71.4433, 19.51062 ], [ -71.45558, 19.50602 ], [ -71.46013, 19.50156 ], [ -71.46169, 19.49698 ], [ -71.4657, 19.49408 ], [ -71.46579, 19.48822 ], [ -71.46107, 19.48502 ], [ -71.46514, 19.475 ], [ -71.46551, 19.47186 ], [ -71.46255, 19.46672 ], [ -71.46367, 19.46278 ], [ -71.46722, 19.46032 ], [ -71.46805, 19.44962 ], [ -71.46469, 19.44598 ], [ -71.4678, 19.44139 ], [ -71.4652, 19.4382 ], [ -71.46169, 19.4375 ], [ -71.4553, 19.4428 ], [ -71.45147, 19.44366 ], [ -71.44672, 19.44855 ], [ -71.4309, 19.45564 ], [ -71.42832, 19.45392 ], [ -71.429, 19.45159 ], [ -71.42321, 19.44765 ], [ -71.42533, 19.4421 ], [ -71.43134, 19.43778 ], [ -71.43506, 19.432 ], [ -71.43553, 19.42373 ], [ -71.4266, 19.43172 ], [ -71.42457, 19.42681 ], [ -71.42306, 19.43024 ], [ -71.42108, 19.4268 ], [ -71.41505, 19.42618 ], [ -71.4114, 19.4182 ], [ -71.40961, 19.41786 ], [ -71.41012, 19.4142 ], [ -71.40644, 19.41345 ], [ -71.40778, 19.41139 ], [ -71.40506, 19.40683 ], [ -71.40936, 19.4052 ], [ -71.40674, 19.40087 ], [ -71.41147, 19.39905 ], [ -71.40786, 19.39652 ], [ -71.41688, 19.39618 ], [ -71.42331, 19.38982 ], [ -71.42502, 19.38305 ], [ -71.43502, 19.38323 ], [ -71.44256, 19.37498 ], [ -71.44172, 19.37153 ], [ -71.42701, 19.3717 ], [ -71.42374, 19.37408 ], [ -71.41803, 19.37019 ], [ -71.41589, 19.37069 ], [ -71.41637, 19.37352 ], [ -71.41317, 19.37139 ], [ -71.41347, 19.37431 ], [ -71.40799, 19.37634 ], [ -71.40309, 19.37423 ], [ -71.39208, 19.36259 ], [ -71.38953, 19.36295 ], [ -71.3901, 19.35985 ], [ -71.38824, 19.35954 ], [ -71.38761, 19.35261 ], [ -71.38913, 19.35137 ], [ -71.38523, 19.348 ], [ -71.39023, 19.34827 ], [ -71.39119, 19.34558 ], [ -71.38823, 19.34168 ], [ -71.39109, 19.33417 ], [ -71.389, 19.33218 ], [ -71.38839, 19.32121 ], [ -71.38516, 19.31798 ], [ -71.38655, 19.31398 ], [ -71.38813, 19.31145 ], [ -71.38946, 19.31206 ], [ -71.39004, 19.30825 ], [ -71.39957, 19.29985 ], [ -71.40094, 19.30235 ], [ -71.40902, 19.29922 ], [ -71.42169, 19.29953 ], [ -71.4187, 19.28996 ], [ -71.41217, 19.28226 ], [ -71.40069, 19.27328 ], [ -71.39384, 19.27469 ], [ -71.3895, 19.27039 ], [ -71.3894, 19.26138 ], [ -71.38661, 19.262 ], [ -71.38345, 19.26031 ], [ -71.38237, 19.26167 ], [ -71.37913, 19.25952 ], [ -71.37695, 19.2618 ], [ -71.37201, 19.25901 ], [ -71.37434, 19.24948 ], [ -71.37715, 19.24527 ], [ -71.37415, 19.23412 ], [ -71.38729, 19.21639 ], [ -71.38352, 19.21528 ], [ -71.37795, 19.20806 ], [ -71.37038, 19.20544 ], [ -71.36481, 19.20062 ], [ -71.36208, 19.18998 ], [ -71.35196, 19.19249 ], [ -71.34641, 19.19002 ], [ -71.33978, 19.19289 ], [ -71.32574, 19.18527 ], [ -71.31779, 19.17213 ], [ -71.30239, 19.17285 ], [ -71.28978, 19.17665 ], [ -71.28368, 19.17515 ], [ -71.27452, 19.16972 ], [ -71.26745, 19.16839 ], [ -71.26147, 19.17092 ], [ -71.25673, 19.16939 ], [ -71.25159, 19.17237 ], [ -71.23984, 19.17132 ], [ -71.23243, 19.17402 ], [ -71.2284, 19.17348 ], [ -71.21705, 19.17799 ], [ -71.22023, 19.18824 ], [ -71.21853, 19.19387 ], [ -71.22391, 19.20732 ], [ -71.22982, 19.21218 ], [ -71.22949, 19.21454 ], [ -71.22624, 19.21368 ], [ -71.23027, 19.22429 ], [ -71.22957, 19.22929 ], [ -71.22694, 19.23094 ], [ -71.23161, 19.23134 ], [ -71.23453, 19.23304 ], [ -71.23484, 19.2354 ], [ -71.23745, 19.23536 ], [ -71.23471, 19.23914 ], [ -71.23793, 19.24436 ], [ -71.24561, 19.24284 ], [ -71.24963, 19.24531 ], [ -71.24986, 19.24897 ], [ -71.25803, 19.26066 ], [ -71.25503, 19.26537 ], [ -71.25015, 19.26245 ], [ -71.24641, 19.26356 ], [ -71.24408, 19.26653 ], [ -71.24489, 19.27273 ], [ -71.24658, 19.27295 ], [ -71.24983, 19.27921 ], [ -71.24763, 19.27959 ], [ -71.24774, 19.28205 ], [ -71.24603, 19.28166 ], [ -71.24858, 19.28518 ], [ -71.24639, 19.28776 ], [ -71.24625, 19.29203 ], [ -71.24481, 19.2923 ], [ -71.24657, 19.29699 ], [ -71.24275, 19.29813 ], [ -71.24272, 19.30064 ], [ -71.24656, 19.30131 ], [ -71.24663, 19.30394 ], [ -71.24441, 19.30405 ], [ -71.24136, 19.308 ], [ -71.24436, 19.30875 ], [ -71.2441, 19.31208 ], [ -71.24718, 19.31235 ], [ -71.24709, 19.31727 ], [ -71.25476, 19.31654 ], [ -71.25939, 19.30574 ], [ -71.26134, 19.30589 ], [ -71.26345, 19.30908 ], [ -71.2676, 19.30905 ], [ -71.27239, 19.31988 ], [ -71.27133, 19.33066 ], [ -71.25914, 19.35676 ], [ -71.25433, 19.36365 ], [ -71.2514, 19.36324 ], [ -71.25633, 19.37271 ], [ -71.25454, 19.3745 ], [ -71.25276, 19.37344 ], [ -71.25023, 19.37487 ], [ -71.24717, 19.37841 ], [ -71.24716, 19.37545 ], [ -71.24128, 19.37593 ], [ -71.236, 19.37426 ], [ -71.23327, 19.37552 ], [ -71.22643, 19.38659 ], [ -71.22479, 19.39695 ], [ -71.22106, 19.39796 ], [ -71.21836, 19.40515 ], [ -71.21274, 19.40824 ], [ -71.20967, 19.41432 ], [ -71.20656, 19.41515 ], [ -71.21061, 19.41795 ], [ -71.20996, 19.42116 ], [ -71.21359, 19.42902 ], [ -71.21207, 19.43169 ], [ -71.21471, 19.43229 ], [ -71.21172, 19.43653 ], [ -71.21272, 19.44088 ], [ -71.21039, 19.44315 ], [ -71.21052, 19.44642 ], [ -71.20474, 19.44652 ], [ -71.19954, 19.45149 ], [ -71.19034, 19.45052 ], [ -71.18877, 19.45264 ], [ -71.18906, 19.45726 ], [ -71.18679, 19.45719 ], [ -71.18528, 19.46079 ], [ -71.18812, 19.46209 ], [ -71.18646, 19.46646 ], [ -71.18153, 19.47035 ], [ -71.18191, 19.47259 ], [ -71.1853, 19.4735 ], [ -71.18214, 19.47469 ], [ -71.18347, 19.47658 ], [ -71.18273, 19.48133 ], [ -71.17712, 19.49502 ], [ -71.17954, 19.49881 ], [ -71.18201, 19.49888 ], [ -71.18087, 19.50042 ], [ -71.18368, 19.50308 ], [ -71.18361, 19.51326 ], [ -71.1853, 19.51109 ], [ -71.18778, 19.51135 ], [ -71.18992, 19.51658 ], [ -71.19199, 19.51651 ], [ -71.18849, 19.53003 ], [ -71.20522, 19.53977 ], [ -71.21029, 19.54604 ], [ -71.21943, 19.54724 ], [ -71.22718, 19.53732 ], [ -71.2304, 19.52699 ], [ -71.23326, 19.52399 ], [ -71.23847, 19.52387 ], [ -71.24922, 19.53184 ], [ -71.26143, 19.53166 ], [ -71.2791, 19.5447 ], [ -71.28999, 19.55062 ], [ -71.29702, 19.55231 ], [ -71.29552, 19.55517 ], [ -71.30377, 19.56026 ], [ -71.30987, 19.55965 ] ] ] } },
{ "type": "Feature", "properties": { "COD_PROV": "26", "COD_MUN": "2602", "MUNICIPIO": "Villa Los Almácigos", "REG": "7" }, "geometry": { "type": "Polygon", "coordinates": [ [ [ -71.43134, 19.45563 ], [ -71.43704, 19.45338 ], [ -71.44672, 19.44855 ], [ -71.45147, 19.44366 ], [ -71.4553, 19.4428 ], [ -71.46169, 19.4375 ], [ -71.45875, 19.43079 ], [ -71.462, 19.43015 ], [ -71.46431, 19.42552 ], [ -71.46819, 19.4253 ], [ -71.46666, 19.42348 ], [ -71.46831, 19.4222 ], [ -71.4675, 19.42096 ], [ -71.46379, 19.42017 ], [ -71.46066, 19.41712 ], [ -71.46625, 19.4142 ], [ -71.46713, 19.41114 ], [ -71.47039, 19.41102 ], [ -71.46886, 19.40841 ], [ -71.47333, 19.40841 ], [ -71.47249, 19.40573 ], [ -71.47425, 19.40486 ], [ -71.47275, 19.39966 ], [ -71.46993, 19.39853 ], [ -71.46945, 19.39216 ], [ -71.4712, 19.3913 ], [ -71.46916, 19.39066 ], [ -71.47103, 19.38629 ], [ -71.47004, 19.38395 ], [ -71.46821, 19.38582 ], [ -71.46694, 19.38383 ], [ -71.47147, 19.37992 ], [ -71.47111, 19.37379 ], [ -71.474, 19.37367 ], [ -71.47459, 19.37157 ], [ -71.4807, 19.37358 ], [ -71.48145, 19.37081 ], [ -71.48477, 19.36884 ], [ -71.48465, 19.36658 ], [ -71.4827, 19.36602 ], [ -71.48486, 19.3634 ], [ -71.48462, 19.35889 ], [ -71.48053, 19.35685 ], [ -71.47773, 19.35212 ], [ -71.48152, 19.34979 ], [ -71.48272, 19.34293 ], [ -71.4859, 19.34254 ], [ -71.48519, 19.33786 ], [ -71.48814, 19.33709 ], [ -71.48915, 19.33485 ], [ -71.49417, 19.33466 ], [ -71.50042, 19.33152 ], [ -71.50815, 19.33117 ], [ -71.51046, 19.32867 ], [ -71.51589, 19.32709 ], [ -71.51942, 19.32156 ], [ -71.51707, 19.3134 ], [ -71.50576, 19.30875 ], [ -71.50266, 19.30567 ], [ -71.51011, 19.29961 ], [ -71.5113, 19.29384 ], [ -71.50982, 19.29257 ], [ -71.51139, 19.29199 ], [ -71.50676, 19.28533 ], [ -71.5097, 19.28393 ], [ -71.50886, 19.27935 ], [ -71.51116, 19.27932 ], [ -71.51655, 19.27479 ], [ -71.51532, 19.27285 ], [ -71.5096, 19.27499 ], [ -71.5031, 19.27225 ], [ -71.50212, 19.27417 ], [ -71.49867, 19.27178 ], [ -71.49686, 19.2667 ], [ -71.50001, 19.26572 ], [ -71.49704, 19.26276 ], [ -71.49999, 19.25774 ], [ -71.4964, 19.25492 ], [ -71.49765, 19.25132 ], [ -71.49357, 19.25253 ], [ -71.49157, 19.25684 ], [ -71.49143, 19.25457 ], [ -71.48988, 19.25563 ], [ -71.48888, 19.25418 ], [ -71.48789, 19.25654 ], [ -71.48481, 19.25335 ], [ -71.48213, 19.25512 ], [ -71.48029, 19.2535 ], [ -71.47891, 19.25519 ], [ -71.47878, 19.25392 ], [ -71.47586, 19.25386 ], [ -71.4764, 19.25502 ], [ -71.472, 19.25419 ], [ -71.4703, 19.25563 ], [ -71.46232, 19.249 ], [ -71.45645, 19.24991 ], [ -71.4465, 19.24069 ], [ -71.44144, 19.24227 ], [ -71.43947, 19.23973 ], [ -71.43768, 19.23999 ], [ -71.43314, 19.24404 ], [ -71.42896, 19.2384 ], [ -71.42087, 19.23725 ], [ -71.41716, 19.23496 ], [ -71.40321, 19.2183 ], [ -71.39552, 19.21814 ], [ -71.39132, 19.21567 ], [ -71.38656, 19.21704 ], [ -71.37476, 19.23259 ], [ -71.37401, 19.23639 ], [ -71.37715, 19.24527 ], [ -71.37434, 19.24948 ], [ -71.37201, 19.25901 ], [ -71.37695, 19.2618 ], [ -71.37913, 19.25952 ], [ -71.38237, 19.26167 ], [ -71.38345, 19.26031 ], [ -71.38661, 19.262 ], [ -71.3894, 19.26138 ], [ -71.3895, 19.27039 ], [ -71.39384, 19.27469 ], [ -71.40069, 19.27328 ], [ -71.41217, 19.28226 ], [ -71.4187, 19.28996 ], [ -71.42169, 19.29953 ], [ -71.40902, 19.29922 ], [ -71.40094, 19.30235 ], [ -71.39957, 19.29985 ], [ -71.38957, 19.30879 ], [ -71.38963, 19.31176 ], [ -71.38789, 19.31176 ], [ -71.38516, 19.31798 ], [ -71.38912, 19.32418 ], [ -71.389, 19.33218 ], [ -71.39109, 19.33417 ], [ -71.38823, 19.34168 ], [ -71.39119, 19.34558 ], [ -71.39016, 19.34831 ], [ -71.38523, 19.348 ], [ -71.38913, 19.35137 ], [ -71.38762, 19.35319 ], [ -71.38824, 19.35954 ], [ -71.3901, 19.35985 ], [ -71.38953, 19.36295 ], [ -71.39208, 19.36259 ], [ -71.40575, 19.37562 ], [ -71.41158, 19.3754 ], [ -71.41373, 19.37406 ], [ -71.41378, 19.37122 ], [ -71.41637, 19.37352 ], [ -71.41589, 19.37069 ], [ -71.41803, 19.37019 ], [ -71.42374, 19.37408 ], [ -71.42701, 19.3717 ], [ -71.44172, 19.37153 ], [ -71.44234, 19.37654 ], [ -71.43863, 19.37828 ], [ -71.43502, 19.38323 ], [ -71.42502, 19.38305 ], [ -71.42331, 19.38982 ], [ -71.41688, 19.39618 ], [ -71.40786, 19.39652 ], [ -71.41074, 19.3973 ], [ -71.41139, 19.39972 ], [ -71.407, 19.40044 ], [ -71.40936, 19.4052 ], [ -71.40498, 19.40733 ], [ -71.40778, 19.41139 ], [ -71.40655, 19.41368 ], [ -71.41012, 19.4142 ], [ -71.40961, 19.41786 ], [ -71.4114, 19.4182 ], [ -71.41549, 19.42644 ], [ -71.42108, 19.4268 ], [ -71.42306, 19.43024 ], [ -71.42457, 19.42681 ], [ -71.4266, 19.43172 ], [ -71.43553, 19.42373 ], [ -71.43506, 19.432 ], [ -71.43134, 19.43778 ], [ -71.42533, 19.4421 ], [ -71.42329, 19.44715 ], [ -71.429, 19.45159 ], [ -71.43134, 19.45563 ] ] ] } },
{ "type": "Feature", "properties": { "COD_PROV": "26", "COD_MUN": "2603", "MUNICIPIO": "Monción", "REG": "7" }, "geometry": { "type": "Polygon", "coordinates": [ [ [ -71.16958, 19.47608 ], [ -71.1849, 19.4738 ], [ -71.18138, 19.47087 ], [ -71.18646, 19.46646 ], [ -71.18812, 19.46209 ], [ -71.18528, 19.46079 ], [ -71.18679, 19.45719 ], [ -71.18906, 19.45726 ], [ -71.18786, 19.45467 ], [ -71.19034, 19.45052 ], [ -71.19954, 19.45149 ], [ -71.20474, 19.44652 ], [ -71.21052, 19.44642 ], [ -71.21039, 19.44315 ], [ -71.21282, 19.44052 ], [ -71.21172, 19.43653 ], [ -71.21471, 19.43229 ], [ -71.21207, 19.43169 ], [ -71.21359, 19.42902 ], [ -71.20996, 19.42116 ], [ -71.21061, 19.41795 ], [ -71.20656, 19.41515 ], [ -71.20967, 19.41432 ], [ -71.21274, 19.40824 ], [ -71.21836, 19.40515 ], [ -71.22106, 19.39796 ], [ -71.22479, 19.39695 ], [ -71.22643, 19.38659 ], [ -71.23327, 19.37552 ], [ -71.236, 19.37426 ], [ -71.24128, 19.37593 ], [ -71.24716, 19.37545 ], [ -71.24717, 19.37841 ], [ -71.25023, 19.37487 ], [ -71.25276, 19.37344 ], [ -71.25454, 19.3745 ], [ -71.25653, 19.3724 ], [ -71.2514, 19.36324 ], [ -71.25433, 19.36365 ], [ -71.25914, 19.35676 ], [ -71.27141, 19.33026 ], [ -71.27239, 19.31988 ], [ -71.2676, 19.30905 ], [ -71.26345, 19.30908 ], [ -71.26134, 19.30589 ], [ -71.25939, 19.30574 ], [ -71.25476, 19.31654 ], [ -71.24709, 19.31727 ], [ -71.24677, 19.3194 ], [ -71.25277, 19.32534 ], [ -71.25263, 19.32844 ], [ -71.2468, 19.32789 ], [ -71.2422, 19.3328 ], [ -71.24491, 19.33595 ], [ -71.23966, 19.33527 ], [ -71.23877, 19.34358 ], [ -71.23685, 19.34307 ], [ -71.23571, 19.33707 ], [ -71.23084, 19.33813 ], [ -71.23179, 19.34132 ], [ -71.22753, 19.33908 ], [ -71.22302, 19.34045 ], [ -71.22217, 19.34429 ], [ -71.22584, 19.34829 ], [ -71.22467, 19.35026 ], [ -71.22662, 19.35293 ], [ -71.22376, 19.3564 ], [ -71.22721, 19.358 ], [ -71.22861, 19.36082 ], [ -71.22619, 19.36226 ], [ -71.22148, 19.36153 ], [ -71.22431, 19.36712 ], [ -71.22027, 19.36755 ], [ -71.22037, 19.37054 ], [ -71.21757, 19.37166 ], [ -71.21829, 19.37406 ], [ -71.21365, 19.37208 ], [ -71.21192, 19.37495 ], [ -71.20803, 19.37357 ], [ -71.20746, 19.37549 ], [ -71.20933, 19.3771 ], [ -71.20391, 19.38051 ], [ -71.20131, 19.37901 ], [ -71.19546, 19.38148 ], [ -71.19095, 19.37875 ], [ -71.18631, 19.38332 ], [ -71.18308, 19.3826 ], [ -71.1778, 19.38824 ], [ -71.17406, 19.38709 ], [ -71.17542, 19.38411 ], [ -71.17195, 19.37495 ], [ -71.16615, 19.37251 ], [ -71.16364, 19.37358 ], [ -71.16185, 19.37095 ], [ -71.15885, 19.37229 ], [ -71.15828, 19.3744 ], [ -71.15165, 19.37375 ], [ -71.15247, 19.37728 ], [ -71.14854, 19.37981 ], [ -71.15017, 19.38613 ], [ -71.14177, 19.38664 ], [ -71.1452, 19.39018 ], [ -71.14475, 19.39439 ], [ -71.14002, 19.39266 ], [ -71.13737, 19.39398 ], [ -71.14046, 19.39595 ], [ -71.13897, 19.39683 ], [ -71.13351, 19.39394 ], [ -71.12139, 19.3952 ], [ -71.12115, 19.39947 ], [ -71.11864, 19.4007 ], [ -71.12056, 19.40232 ], [ -71.11941, 19.40524 ], [ -71.11062, 19.41297 ], [ -71.10173, 19.41558 ], [ -71.08877, 19.41511 ], [ -71.08391, 19.41687 ], [ -71.0776, 19.42221 ], [ -71.0724, 19.42244 ], [ -71.07261, 19.42547 ], [ -71.08195, 19.4248 ], [ -71.09009, 19.4283 ], [ -71.08877, 19.43162 ], [ -71.0842, 19.43436 ], [ -71.0857, 19.44011 ], [ -71.09097, 19.45089 ], [ -71.09363, 19.45069 ], [ -71.09581, 19.44756 ], [ -71.0974, 19.45055 ], [ -71.09585, 19.45455 ], [ -71.08565, 19.46157 ], [ -71.07873, 19.46359 ], [ -71.08269, 19.47044 ], [ -71.08558, 19.47192 ], [ -71.09211, 19.46763 ], [ -71.1099, 19.46644 ], [ -71.11801, 19.46383 ], [ -71.12221, 19.46484 ], [ -71.1281, 19.47482 ], [ -71.16958, 19.47608 ] ] ] } },
{ "type": "Feature", "properties": { "COD_PROV": "27", "COD_MUN": "2701", "MUNICIPIO": "Mao", "REG": "7" }, "geometry": { "type": "Polygon", "coordinates": [ [ [ -71.13871, 19.63064 ], [ -71.14273, 19.63396 ], [ -71.14458, 19.63359 ], [ -71.14776, 19.62458 ], [ -71.15024, 19.62663 ], [ -71.15577, 19.62566 ], [ -71.15889, 19.63167 ], [ -71.16184, 19.63354 ], [ -71.16432, 19.63267 ], [ -71.16579, 19.62848 ], [ -71.1697, 19.62707 ], [ -71.17459, 19.62905 ], [ -71.17681, 19.62729 ], [ -71.17887, 19.63053 ], [ -71.18292, 19.63143 ], [ -71.18539, 19.62906 ], [ -71.18546, 19.62231 ], [ -71.1884, 19.62096 ], [ -71.18931, 19.61794 ], [ -71.18513, 19.61494 ], [ -71.18441, 19.61082 ], [ -71.18224, 19.60977 ], [ -71.1797, 19.59456 ], [ -71.17203, 19.58841 ], [ -71.17232, 19.57832 ], [ -71.17063, 19.5778 ], [ -71.17414, 19.57428 ], [ -71.17187, 19.57355 ], [ -71.17339, 19.5729 ], [ -71.1719, 19.57013 ], [ -71.17744, 19.56838 ], [ -71.17481, 19.56134 ], [ -71.17689, 19.56228 ], [ -71.17817, 19.55842 ], [ -71.17519, 19.55537 ], [ -71.17737, 19.55425 ], [ -71.17934, 19.55578 ], [ -71.18099, 19.553 ], [ -71.18287, 19.55304 ], [ -71.18334, 19.54906 ], [ -71.18525, 19.54755 ], [ -71.18414, 19.5447 ], [ -71.18962, 19.54231 ], [ -71.18617, 19.54178 ], [ -71.18957, 19.53872 ], [ -71.18713, 19.53546 ], [ -71.18953, 19.53458 ], [ -71.18812, 19.52937 ], [ -71.19199, 19.51651 ], [ -71.18992, 19.51658 ], [ -71.18778, 19.51135 ], [ -71.1853, 19.51109 ], [ -71.18361, 19.51326 ], [ -71.18368, 19.50308 ], [ -71.18087, 19.50042 ], [ -71.18201, 19.49888 ], [ -71.17954, 19.49881 ], [ -71.17712, 19.49502 ], [ -71.18273, 19.48133 ], [ -71.18347, 19.47658 ], [ -71.18214, 19.47469 ], [ -71.16958, 19.47608 ], [ -71.1307, 19.47564 ], [ -71.12689, 19.47352 ], [ -71.12221, 19.46484 ], [ -71.11801, 19.46383 ], [ -71.1099, 19.46644 ], [ -71.09211, 19.46763 ], [ -71.08317, 19.4727 ], [ -71.07408, 19.46613 ], [ -71.06222, 19.46087 ], [ -71.04284, 19.44524 ], [ -71.03878, 19.44366 ], [ -71.03557, 19.44405 ], [ -71.02922, 19.44921 ], [ -71.02125, 19.45022 ], [ -71.01954, 19.45621 ], [ -71.00852, 19.45668 ], [ -70.99925, 19.44826 ], [ -70.99598, 19.43679 ], [ -70.99261, 19.43363 ], [ -70.98815, 19.43536 ], [ -70.98229, 19.44157 ], [ -70.97697, 19.45569 ], [ -70.97381, 19.45731 ], [ -70.97295, 19.45259 ], [ -70.96714, 19.44727 ], [ -70.95329, 19.45091 ], [ -70.95495, 19.45237 ], [ -70.96287, 19.45143 ], [ -70.96311, 19.45865 ], [ -70.95727, 19.45607 ], [ -70.94816, 19.45804 ], [ -70.93599, 19.45407 ], [ -70.93281, 19.44723 ], [ -70.92934, 19.44738 ], [ -70.92159, 19.4395 ], [ -70.91058, 19.43968 ], [ -70.91095, 19.44804 ], [ -70.90792, 19.44963 ], [ -70.90361, 19.44902 ], [ -70.9035, 19.4517 ], [ -70.90109, 19.45151 ], [ -70.90202, 19.45558 ], [ -70.88596, 19.44906 ], [ -70.88501, 19.45582 ], [ -70.88711, 19.46577 ], [ -70.88894, 19.46801 ], [ -70.89856, 19.47038 ], [ -70.90243, 19.47297 ], [ -70.9043, 19.47583 ], [ -70.90359, 19.48192 ], [ -70.90852, 19.48617 ], [ -70.90805, 19.4914 ], [ -70.90399, 19.49648 ], [ -70.90461, 19.50052 ], [ -70.90144, 19.50711 ], [ -70.9025, 19.50968 ], [ -70.8953, 19.52061 ], [ -70.89317, 19.53683 ], [ -70.89528, 19.54343 ], [ -70.89889, 19.54536 ], [ -70.90029, 19.54255 ], [ -70.90275, 19.54274 ], [ -70.90437, 19.5464 ], [ -70.90831, 19.54619 ], [ -70.90744, 19.55003 ], [ -70.90894, 19.55101 ], [ -70.91279, 19.54949 ], [ -70.90936, 19.54553 ], [ -70.91175, 19.5435 ], [ -70.91345, 19.54724 ], [ -70.91815, 19.5489 ], [ -70.9164, 19.55393 ], [ -70.92097, 19.55444 ], [ -70.92108, 19.55024 ], [ -70.92537, 19.54889 ], [ -70.92788, 19.55039 ], [ -70.92731, 19.55296 ], [ -70.9312, 19.55208 ], [ -70.9335, 19.55513 ], [ -70.94479, 19.55747 ], [ -70.94441, 19.55416 ], [ -70.94658, 19.55201 ], [ -70.95354, 19.55748 ], [ -70.95772, 19.55416 ], [ -70.95263, 19.55031 ], [ -70.95285, 19.54756 ], [ -70.95918, 19.54557 ], [ -70.9671, 19.55042 ], [ -70.97094, 19.55637 ], [ -70.98074, 19.55614 ], [ -70.98184, 19.55209 ], [ -70.98058, 19.54975 ], [ -70.97297, 19.55161 ], [ -70.97198, 19.54876 ], [ -70.97659, 19.54387 ], [ -70.98067, 19.54257 ], [ -70.98756, 19.5492 ], [ -70.98902, 19.55479 ], [ -70.99316, 19.55974 ], [ -70.9932, 19.56622 ], [ -70.99845, 19.56725 ], [ -71.00142, 19.5628 ], [ -71.00611, 19.56497 ], [ -71.00871, 19.56386 ], [ -71.01008, 19.55842 ], [ -71.01272, 19.55607 ], [ -71.01928, 19.55752 ], [ -71.02029, 19.55863 ], [ -71.01837, 19.56487 ], [ -71.01406, 19.56888 ], [ -71.01676, 19.57328 ], [ -71.02378, 19.574 ], [ -71.02638, 19.5706 ], [ -71.02931, 19.57027 ], [ -71.03795, 19.57626 ], [ -71.03907, 19.58266 ], [ -71.04648, 19.5781 ], [ -71.04861, 19.57852 ], [ -71.04888, 19.58781 ], [ -71.05202, 19.58725 ], [ -71.05352, 19.58598 ], [ -71.05542, 19.58173 ], [ -71.05863, 19.58109 ], [ -71.05986, 19.58964 ], [ -71.0647, 19.59476 ], [ -71.07529, 19.59881 ], [ -71.07627, 19.59661 ], [ -71.07348, 19.59358 ], [ -71.07571, 19.59146 ], [ -71.07746, 19.59206 ], [ -71.0831, 19.59846 ], [ -71.09108, 19.60067 ], [ -71.09706, 19.60799 ], [ -71.10257, 19.61065 ], [ -71.1046, 19.61512 ], [ -71.11225, 19.61945 ], [ -71.12474, 19.62248 ], [ -71.12668, 19.62716 ], [ -71.13042, 19.62758 ], [ -71.13335, 19.63052 ], [ -71.13871, 19.63064 ] ] ] } },
{ "type": "Feature", "properties": { "COD_PROV": "27", "COD_MUN": "2702", "MUNICIPIO": "Esperanza", "REG": "7" }, "geometry": { "type": "Polygon", "coordinates": [ [ [ -70.9973, 19.71031 ], [ -71.00148, 19.71311 ], [ -71.00719, 19.71027 ], [ -71.01396, 19.70978 ], [ -71.0293, 19.71183 ], [ -71.02837, 19.70302 ], [ -71.0308, 19.69565 ], [ -71.03115, 19.68142 ], [ -71.03672, 19.67553 ], [ -71.03505, 19.6696 ], [ -71.03761, 19.66568 ], [ -71.03763, 19.6597 ], [ -71.03991, 19.65466 ], [ -71.04396, 19.65522 ], [ -71.04289, 19.64255 ], [ -71.04471, 19.62655 ], [ -71.04337, 19.61903 ], [ -71.05597, 19.59978 ], [ -71.05575, 19.58153 ], [ -71.05352, 19.58598 ], [ -71.04888, 19.58781 ], [ -71.04861, 19.57852 ], [ -71.04648, 19.5781 ], [ -71.03907, 19.58266 ], [ -71.03795, 19.57626 ], [ -71.02931, 19.57027 ], [ -71.02638, 19.5706 ], [ -71.02378, 19.574 ], [ -71.01676, 19.57328 ], [ -71.01406, 19.56888 ], [ -71.01803, 19.56557 ], [ -71.02023, 19.55818 ], [ -71.01389, 19.55618 ], [ -71.01083, 19.5572 ], [ -71.00959, 19.56302 ], [ -71.00718, 19.56462 ], [ -71.00247, 19.56268 ], [ -70.9996, 19.5639 ], [ -70.99845, 19.56725 ], [ -70.9932, 19.56622 ], [ -70.99316, 19.55974 ], [ -70.98902, 19.55479 ], [ -70.98756, 19.5492 ], [ -70.98017, 19.5425 ], [ -70.97464, 19.54529 ], [ -70.97198, 19.54876 ], [ -70.97297, 19.55161 ], [ -70.98058, 19.54975 ], [ -70.98188, 19.55415 ], [ -70.97907, 19.55683 ], [ -70.97094, 19.55637 ], [ -70.9671, 19.55042 ], [ -70.95918, 19.54557 ], [ -70.95285, 19.54756 ], [ -70.95263, 19.55031 ], [ -70.95772, 19.55416 ], [ -70.9555, 19.55697 ], [ -70.95223, 19.55731 ], [ -70.94658, 19.55201 ], [ -70.94441, 19.55416 ], [ -70.94479, 19.55747 ], [ -70.93824, 19.55569 ], [ -70.93476, 19.55787 ], [ -70.93412, 19.56096 ], [ -70.92523, 19.56992 ], [ -70.9232, 19.57483 ], [ -70.9241, 19.5772 ], [ -70.93071, 19.57688 ], [ -70.92978, 19.592 ], [ -70.89318, 19.56339 ], [ -70.89266, 19.56892 ], [ -70.88999, 19.57013 ], [ -70.89079, 19.57156 ], [ -70.88903, 19.5721 ], [ -70.88609, 19.57968 ], [ -70.88784, 19.5872 ], [ -70.88514, 19.59009 ], [ -70.88296, 19.58987 ], [ -70.88379, 19.59406 ], [ -70.88112, 19.59573 ], [ -70.88138, 19.60297 ], [ -70.88413, 19.60845 ], [ -70.88232, 19.61711 ], [ -70.88454, 19.62049 ], [ -70.8802, 19.626 ], [ -70.87448, 19.62829 ], [ -70.87618, 19.63246 ], [ -70.87578, 19.64166 ], [ -70.87978, 19.64157 ], [ -70.883, 19.6393 ], [ -70.88639, 19.64525 ], [ -70.88046, 19.65121 ], [ -70.88133, 19.65601 ], [ -70.88505, 19.65746 ], [ -70.89131, 19.65416 ], [ -70.89895, 19.65286 ], [ -70.90173, 19.65396 ], [ -70.9057, 19.65225 ], [ -70.91146, 19.65273 ], [ -70.91664, 19.6566 ], [ -70.91971, 19.65634 ], [ -70.9255, 19.66584 ], [ -70.932, 19.66789 ], [ -70.93892, 19.6741 ], [ -70.9435, 19.67238 ], [ -70.94958, 19.67602 ], [ -70.95251, 19.67511 ], [ -70.97675, 19.69297 ], [ -70.98421, 19.70195 ], [ -70.98444, 19.70587 ], [ -70.99627, 19.70574 ], [ -70.9973, 19.71031 ] ] ] } },
{ "type": "Feature", "properties": { "COD_PROV": "27", "COD_MUN": "2703", "MUNICIPIO": "Laguna Salada", "REG": "7" }, "geometry": { "type": "Polygon", "coordinates": [ [ [ -71.14527, 19.75739 ], [ -71.15126, 19.74739 ], [ -71.16303, 19.71193 ], [ -71.16621, 19.7072 ], [ -71.16133, 19.69797 ], [ -71.16186, 19.69076 ], [ -71.16753, 19.68404 ], [ -71.16797, 19.67723 ], [ -71.16656, 19.67324 ], [ -71.16799, 19.66009 ], [ -71.16615, 19.65537 ], [ -71.16228, 19.6573 ], [ -71.16248, 19.65035 ], [ -71.16068, 19.64594 ], [ -71.16373, 19.63312 ], [ -71.15889, 19.63167 ], [ -71.15577, 19.62566 ], [ -71.15024, 19.62663 ], [ -71.14776, 19.62458 ], [ -71.14386, 19.63397 ], [ -71.13824, 19.63033 ], [ -71.13335, 19.63052 ], [ -71.13042, 19.62758 ], [ -71.12668, 19.62716 ], [ -71.12474, 19.62248 ], [ -71.11225, 19.61945 ], [ -71.1046, 19.61512 ], [ -71.10257, 19.61065 ], [ -71.09706, 19.60799 ], [ -71.09108, 19.60067 ], [ -71.0831, 19.59846 ], [ -71.07746, 19.59206 ], [ -71.07571, 19.59146 ], [ -71.07348, 19.59358 ], [ -71.07627, 19.59661 ], [ -71.07529, 19.59881 ], [ -71.0647, 19.59476 ], [ -71.05986, 19.58964 ], [ -71.05863, 19.58109 ], [ -71.05642, 19.58111 ], [ -71.05597, 19.59978 ], [ -71.04337, 19.61903 ], [ -71.04471, 19.62655 ], [ -71.04289, 19.64255 ], [ -71.04396, 19.65522 ], [ -71.03991, 19.65466 ], [ -71.03763, 19.6597 ], [ -71.03761, 19.66568 ], [ -71.03505, 19.6696 ], [ -71.03672, 19.67553 ], [ -71.03115, 19.68142 ], [ -71.0308, 19.69565 ], [ -71.02837, 19.70302 ], [ -71.0293, 19.71183 ], [ -71.06703, 19.72348 ], [ -71.07086, 19.72835 ], [ -71.07026, 19.73591 ], [ -71.07384, 19.73812 ], [ -71.09571, 19.74291 ], [ -71.11109, 19.75189 ], [ -71.11824, 19.75271 ], [ -71.12116, 19.75653 ], [ -71.13187, 19.75568 ], [ -71.13272, 19.75754 ], [ -71.13588, 19.75572 ], [ -71.14527, 19.75739 ] ] ] } },
{ "type": "Feature", "properties": { "COD_PROV": "28", "COD_MUN": "2801", "MUNICIPIO": "Bonao", "REG": "8" }, "geometry": { "type": "Polygon", "coordinates": [ [ [ -70.43482, 19.13088 ], [ -70.44124, 19.13041 ], [ -70.44197, 19.12828 ], [ -70.43882, 19.12448 ], [ -70.44462, 19.12034 ], [ -70.44515, 19.11114 ], [ -70.44921, 19.10631 ], [ -70.46309, 19.10231 ], [ -70.46905, 19.09866 ], [ -70.47277, 19.10322 ], [ -70.47756, 19.1051 ], [ -70.47601, 19.10172 ], [ -70.47745, 19.0962 ], [ -70.48469, 19.09158 ], [ -70.48988, 19.0944 ], [ -70.50714, 19.1127 ], [ -70.5124, 19.11238 ], [ -70.51857, 19.10624 ], [ -70.52468, 19.10741 ], [ -70.53016, 19.10439 ], [ -70.53797, 19.10434 ], [ -70.53975, 19.1024 ], [ -70.53813, 19.0952 ], [ -70.53103, 19.08504 ], [ -70.53206, 19.08085 ], [ -70.52801, 19.07708 ], [ -70.5227, 19.06431 ], [ -70.5233, 19.05466 ], [ -70.51927, 19.04355 ], [ -70.52062, 19.03144 ], [ -70.51444, 19.01653 ], [ -70.51774, 19.0072 ], [ -70.51578, 19.00174 ], [ -70.5259, 18.99421 ], [ -70.53628, 18.99243 ], [ -70.54812, 18.97261 ], [ -70.54921, 18.96462 ], [ -70.55223, 18.96227 ], [ -70.5526, 18.94894 ], [ -70.571, 18.93788 ], [ -70.57053, 18.92805 ], [ -70.57331, 18.92434 ], [ -70.58261, 18.92081 ], [ -70.58456, 18.90599 ], [ -70.57674, 18.8979 ], [ -70.57444, 18.88993 ], [ -70.57075, 18.88583 ], [ -70.56668, 18.8837 ], [ -70.56542, 18.88594 ], [ -70.56313, 18.88501 ], [ -70.56611, 18.881 ], [ -70.56588, 18.8742 ], [ -70.56799, 18.87051 ], [ -70.56539, 18.86782 ], [ -70.55714, 18.86466 ], [ -70.55614, 18.86112 ], [ -70.56579, 18.83874 ], [ -70.56615, 18.83096 ], [ -70.553, 18.81641 ], [ -70.54573, 18.79688 ], [ -70.53634, 18.79638 ], [ -70.52803, 18.79291 ], [ -70.52109, 18.79544 ], [ -70.51594, 18.79395 ], [ -70.51043, 18.78329 ], [ -70.50198, 18.77226 ], [ -70.47323, 18.77372 ], [ -70.46727, 18.77064 ], [ -70.46626, 18.76555 ], [ -70.4645, 18.76442 ], [ -70.45489, 18.7704 ], [ -70.4506, 18.77016 ], [ -70.44609, 18.76474 ], [ -70.43896, 18.76163 ], [ -70.43614, 18.75655 ], [ -70.42823, 18.75363 ], [ -70.4207, 18.75553 ], [ -70.41611, 18.76009 ], [ -70.41038, 18.76162 ], [ -70.40588, 18.77905 ], [ -70.40637, 18.7865 ], [ -70.41607, 18.79333 ], [ -70.42346, 18.80528 ], [ -70.41177, 18.81533 ], [ -70.41504, 18.82575 ], [ -70.41009, 18.83449 ], [ -70.41175, 18.83914 ], [ -70.40946, 18.84101 ], [ -70.40765, 18.84832 ], [ -70.40103, 18.85168 ], [ -70.39653, 18.85151 ], [ -70.39231, 18.85629 ], [ -70.38588, 18.85885 ], [ -70.38227, 18.87348 ], [ -70.37366, 18.87923 ], [ -70.37029, 18.87935 ], [ -70.36943, 18.88266 ], [ -70.3659, 18.88417 ], [ -70.36487, 18.88683 ], [ -70.36721, 18.88771 ], [ -70.35966, 18.89723 ], [ -70.36283, 18.90216 ], [ -70.3608, 18.90133 ], [ -70.35864, 18.90358 ], [ -70.36205, 18.90641 ], [ -70.35018, 18.9066 ], [ -70.35897, 18.91705 ], [ -70.35495, 18.92287 ], [ -70.34659, 18.91913 ], [ -70.34274, 18.92431 ], [ -70.33831, 18.92691 ], [ -70.32706, 18.92655 ], [ -70.32243, 18.9301 ], [ -70.32199, 18.93337 ], [ -70.32419, 18.93736 ], [ -70.32245, 18.94199 ], [ -70.31674, 18.94297 ], [ -70.31316, 18.94998 ], [ -70.30672, 18.9489 ], [ -70.2974, 18.93826 ], [ -70.2968, 18.94047 ], [ -70.298, 18.94578 ], [ -70.30378, 18.95361 ], [ -70.30702, 18.95262 ], [ -70.31104, 18.95407 ], [ -70.31315, 18.95725 ], [ -70.31918, 18.95736 ], [ -70.3212, 18.96364 ], [ -70.33022, 18.97632 ], [ -70.32714, 18.98589 ], [ -70.33135, 18.99104 ], [ -70.33708, 18.99283 ], [ -70.34144, 18.99168 ], [ -70.35038, 18.99319 ], [ -70.35388, 18.99516 ], [ -70.35578, 18.99403 ], [ -70.36114, 18.99606 ], [ -70.3662, 19.00096 ], [ -70.36858, 19.0118 ], [ -70.37135, 19.01491 ], [ -70.36886, 19.01842 ], [ -70.37113, 19.02307 ], [ -70.36966, 19.02794 ], [ -70.37073, 19.03277 ], [ -70.36732, 19.04296 ], [ -70.37631, 19.05585 ], [ -70.37763, 19.06502 ], [ -70.38069, 19.06488 ], [ -70.38737, 19.06985 ], [ -70.38827, 19.07609 ], [ -70.39756, 19.08641 ], [ -70.40003, 19.08658 ], [ -70.40851, 19.09481 ], [ -70.40781, 19.10475 ], [ -70.43482, 19.13088 ] ], [ [ -70.36627, 18.91752 ], [ -70.36327, 18.91278 ], [ -70.37076, 18.90473 ], [ -70.37473, 18.91128 ], [ -70.37365, 18.91432 ], [ -70.36627, 18.91752 ] ] ] } },
{ "type": "Feature", "properties": { "COD_PROV": "28", "COD_MUN": "2802", "MUNICIPIO": "Maimón", "REG": "8" }, "geometry": { "type": "Polygon", "coordinates": [ [ [ -70.30672, 18.9489 ], [ -70.31316, 18.94998 ], [ -70.31674, 18.94297 ], [ -70.32252, 18.94187 ], [ -70.32419, 18.93736 ], [ -70.32199, 18.93337 ], [ -70.32243, 18.9301 ], [ -70.32674, 18.92677 ], [ -70.33831, 18.92691 ], [ -70.34274, 18.92431 ], [ -70.34659, 18.91913 ], [ -70.35199, 18.92063 ], [ -70.35415, 18.92336 ], [ -70.35889, 18.91684 ], [ -70.34605, 18.90139 ], [ -70.33928, 18.89631 ], [ -70.32565, 18.90332 ], [ -70.32148, 18.90844 ], [ -70.32022, 18.90799 ], [ -70.30464, 18.88853 ], [ -70.30357, 18.88284 ], [ -70.29693, 18.8732 ], [ -70.28937, 18.87079 ], [ -70.28665, 18.86749 ], [ -70.28933, 18.85292 ], [ -70.27565, 18.84935 ], [ -70.26661, 18.8441 ], [ -70.25355, 18.83221 ], [ -70.25291, 18.82837 ], [ -70.24868, 18.82587 ], [ -70.24662, 18.83563 ], [ -70.2478, 18.83983 ], [ -70.2376, 18.84797 ], [ -70.23217, 18.84953 ], [ -70.23165, 18.85603 ], [ -70.22867, 18.85761 ], [ -70.22587, 18.86177 ], [ -70.22562, 18.86604 ], [ -70.22356, 18.86755 ], [ -70.22614, 18.86971 ], [ -70.2232, 18.87181 ], [ -70.22452, 18.87404 ], [ -70.22185, 18.87433 ], [ -70.22154, 18.88076 ], [ -70.23487, 18.88789 ], [ -70.23244, 18.88859 ], [ -70.23391, 18.89103 ], [ -70.23237, 18.89358 ], [ -70.2359, 18.89559 ], [ -70.23408, 18.89624 ], [ -70.23541, 18.89835 ], [ -70.23758, 18.89777 ], [ -70.23765, 18.90155 ], [ -70.24233, 18.90236 ], [ -70.24461, 18.90104 ], [ -70.24609, 18.90529 ], [ -70.24887, 18.9049 ], [ -70.24959, 18.90906 ], [ -70.25097, 18.90825 ], [ -70.25463, 18.91058 ], [ -70.25582, 18.90836 ], [ -70.25761, 18.90911 ], [ -70.25758, 18.913 ], [ -70.25542, 18.91283 ], [ -70.2579, 18.91604 ], [ -70.25593, 18.91665 ], [ -70.25771, 18.91991 ], [ -70.2548, 18.926 ], [ -70.256, 18.93008 ], [ -70.26488, 18.92805 ], [ -70.2719, 18.93251 ], [ -70.27877, 18.93386 ], [ -70.2817, 18.93207 ], [ -70.29125, 18.93156 ], [ -70.29432, 18.93687 ], [ -70.29919, 18.9396 ], [ -70.30221, 18.94533 ], [ -70.30672, 18.9489 ] ] ] } },
{ "type": "Feature", "properties": { "COD_PROV": "28", "COD_MUN": "2803", "MUNICIPIO": "Piedra Blanca", "REG": "8" }, "geometry": { "type": "MultiPolygon", "coordinates": [ [ [ [ -70.32148, 18.90844 ], [ -70.32488, 18.90383 ], [ -70.33789, 18.89625 ], [ -70.34285, 18.89831 ], [ -70.35018, 18.9066 ], [ -70.36205, 18.90641 ], [ -70.35864, 18.90358 ], [ -70.3608, 18.90133 ], [ -70.36283, 18.90216 ], [ -70.35966, 18.89723 ], [ -70.36721, 18.88771 ], [ -70.36487, 18.88683 ], [ -70.3659, 18.88417 ], [ -70.36943, 18.88266 ], [ -70.37029, 18.87935 ], [ -70.37366, 18.87923 ], [ -70.38227, 18.87348 ], [ -70.38588, 18.85885 ], [ -70.39231, 18.85629 ], [ -70.39653, 18.85151 ], [ -70.40103, 18.85168 ], [ -70.40765, 18.84832 ], [ -70.40946, 18.84101 ], [ -70.41175, 18.83914 ], [ -70.41009, 18.83449 ], [ -70.41504, 18.82575 ], [ -70.41177, 18.81533 ], [ -70.42346, 18.80528 ], [ -70.41622, 18.79349 ], [ -70.40541, 18.78479 ], [ -70.4104, 18.76154 ], [ -70.40828, 18.75472 ], [ -70.39763, 18.75556 ], [ -70.39561, 18.753 ], [ -70.38863, 18.7504 ], [ -70.389, 18.74585 ], [ -70.38243, 18.74135 ], [ -70.37866, 18.73468 ], [ -70.34482, 18.72649 ], [ -70.3296, 18.71544 ], [ -70.31445, 18.72239 ], [ -70.30682, 18.73284 ], [ -70.30316, 18.73415 ], [ -70.29718, 18.74162 ], [ -70.29771, 18.74799 ], [ -70.29492, 18.75369 ], [ -70.30341, 18.77016 ], [ -70.30289, 18.77615 ], [ -70.29418, 18.78024 ], [ -70.28903, 18.79028 ], [ -70.27646, 18.79468 ], [ -70.27202, 18.80013 ], [ -70.26534, 18.80004 ], [ -70.2507, 18.80501 ], [ -70.24732, 18.81112 ], [ -70.24658, 18.81802 ], [ -70.24789, 18.82494 ], [ -70.25291, 18.82837 ], [ -70.25355, 18.83221 ], [ -70.26661, 18.8441 ], [ -70.27565, 18.84935 ], [ -70.28933, 18.85292 ], [ -70.28665, 18.86749 ], [ -70.28937, 18.87079 ], [ -70.29693, 18.8732 ], [ -70.30357, 18.88284 ], [ -70.30464, 18.88853 ], [ -70.32148, 18.90844 ] ] ], [ [ [ -70.36597, 18.91715 ], [ -70.37035, 18.9173 ], [ -70.37433, 18.91327 ], [ -70.37425, 18.90903 ], [ -70.37076, 18.90473 ], [ -70.36327, 18.91278 ], [ -70.36597, 18.91715 ] ] ] ] } },
{ "type": "Feature", "properties": { "COD_PROV": "29", "COD_MUN": "2901", "MUNICIPIO": "Monte Plata", "REG": "0" }, "geometry": { "type": "Polygon", "coordinates": [ [ [ -69.93428, 18.94356 ], [ -69.9347, 18.93894 ], [ -69.93669, 18.93902 ], [ -69.94011, 18.92816 ], [ -69.9427, 18.92853 ], [ -69.9466, 18.91974 ], [ -69.95152, 18.91777 ], [ -69.95346, 18.91202 ], [ -69.95296, 18.90451 ], [ -69.95878, 18.89827 ], [ -69.96377, 18.89724 ], [ -69.96591, 18.89393 ], [ -69.97724, 18.89404 ], [ -69.98291, 18.88858 ], [ -69.99522, 18.88766 ], [ -69.98937, 18.87094 ], [ -69.99052, 18.85922 ], [ -69.98761, 18.85923 ], [ -69.98688, 18.85492 ], [ -69.98324, 18.85664 ], [ -69.97428, 18.85252 ], [ -69.97349, 18.84968 ], [ -69.97004, 18.84924 ], [ -69.96836, 18.84328 ], [ -69.97023, 18.83662 ], [ -69.96809, 18.83249 ], [ -69.96365, 18.83273 ], [ -69.96326, 18.82645 ], [ -69.95945, 18.82504 ], [ -69.9599, 18.82188 ], [ -69.9568, 18.81874 ], [ -69.95745, 18.81457 ], [ -69.95503, 18.81392 ], [ -69.95226, 18.81787 ], [ -69.94835, 18.81631 ], [ -69.95103, 18.81089 ], [ -69.94825, 18.80737 ], [ -69.94911, 18.80376 ], [ -69.95184, 18.80181 ], [ -69.95761, 18.80317 ], [ -69.95839, 18.79666 ], [ -69.95434, 18.79236 ], [ -69.95316, 18.79622 ], [ -69.9552, 18.79687 ], [ -69.95196, 18.79757 ], [ -69.95353, 18.79913 ], [ -69.95234, 18.79998 ], [ -69.94989, 18.79861 ], [ -69.94849, 18.78994 ], [ -69.95045, 18.78658 ], [ -69.94687, 18.78483 ], [ -69.94752, 18.78123 ], [ -69.9436, 18.7815 ], [ -69.94205, 18.77981 ], [ -69.9489, 18.77712 ], [ -69.95182, 18.77411 ], [ -69.95053, 18.77071 ], [ -69.95312, 18.76663 ], [ -69.95124, 18.76659 ], [ -69.95098, 18.7647 ], [ -69.94796, 18.76529 ], [ -69.94762, 18.76704 ], [ -69.94472, 18.76459 ], [ -69.94398, 18.76196 ], [ -69.94612, 18.76066 ], [ -69.94562, 18.75933 ], [ -69.94294, 18.75881 ], [ -69.94153, 18.75499 ], [ -69.93733, 18.75549 ], [ -69.93829, 18.75253 ], [ -69.9357, 18.75328 ], [ -69.93277, 18.74755 ], [ -69.93036, 18.74723 ], [ -69.92818, 18.74157 ], [ -69.92431, 18.7418 ], [ -69.9236, 18.73442 ], [ -69.92173, 18.73459 ], [ -69.92185, 18.73622 ], [ -69.91833, 18.73414 ], [ -69.91854, 18.73245 ], [ -69.92041, 18.73367 ], [ -69.92237, 18.7315 ], [ -69.92142, 18.7277 ], [ -69.9252, 18.72754 ], [ -69.92553, 18.73029 ], [ -69.92905, 18.72795 ], [ -69.92412, 18.7248 ], [ -69.92789, 18.72152 ], [ -69.92708, 18.71726 ], [ -69.92465, 18.71464 ], [ -69.92171, 18.71463 ], [ -69.92083, 18.71255 ], [ -69.92592, 18.71259 ], [ -69.92775, 18.71037 ], [ -69.92288, 18.70802 ], [ -69.92092, 18.69981 ], [ -69.9151, 18.6945 ], [ -69.9089, 18.69623 ], [ -69.90248, 18.69934 ], [ -69.90075, 18.7041 ], [ -69.89457, 18.70448 ], [ -69.89089, 18.70708 ], [ -69.88861, 18.70571 ], [ -69.88512, 18.70942 ], [ -69.88575, 18.71203 ], [ -69.88143, 18.71055 ], [ -69.88287, 18.70882 ], [ -69.8816, 18.7073 ], [ -69.87861, 18.70752 ], [ -69.87639, 18.70536 ], [ -69.87399, 18.70525 ], [ -69.87215, 18.70819 ], [ -69.86923, 18.70897 ], [ -69.86461, 18.70741 ], [ -69.86702, 18.70373 ], [ -69.85971, 18.70095 ], [ -69.85932, 18.69588 ], [ -69.8558, 18.69358 ], [ -69.85846, 18.69113 ], [ -69.85593, 18.68885 ], [ -69.85338, 18.68916 ], [ -69.8547, 18.68211 ], [ -69.84683, 18.67755 ], [ -69.84109, 18.6686 ], [ -69.84126, 18.66505 ], [ -69.83747, 18.66524 ], [ -69.83717, 18.65955 ], [ -69.83376, 18.65447 ], [ -69.83023, 18.65897 ], [ -69.82331, 18.66202 ], [ -69.81921, 18.65869 ], [ -69.82018, 18.65686 ], [ -69.82282, 18.65862 ], [ -69.82373, 18.65554 ], [ -69.81847, 18.6527 ], [ -69.82135, 18.64977 ], [ -69.82044, 18.64258 ], [ -69.82232, 18.63423 ], [ -69.82181, 18.63178 ], [ -69.81841, 18.6296 ], [ -69.819, 18.62731 ], [ -69.81325, 18.62483 ], [ -69.80752, 18.62845 ], [ -69.80521, 18.6257 ], [ -69.80303, 18.62654 ], [ -69.80204, 18.62467 ], [ -69.79991, 18.62588 ], [ -69.79677, 18.62156 ], [ -69.79665, 18.61885 ], [ -69.79291, 18.61423 ], [ -69.79607, 18.61135 ], [ -69.7913, 18.6097 ], [ -69.79023, 18.60329 ], [ -69.79347, 18.59285 ], [ -69.78585, 18.57469 ], [ -69.78299, 18.57847 ], [ -69.77914, 18.57774 ], [ -69.77993, 18.58169 ], [ -69.77807, 18.58381 ], [ -69.77289, 18.58306 ], [ -69.77165, 18.58699 ], [ -69.76908, 18.58727 ], [ -69.76827, 18.5919 ], [ -69.76993, 18.59244 ], [ -69.76739, 18.59582 ], [ -69.7658, 18.59446 ], [ -69.76456, 18.59641 ], [ -69.75794, 18.59823 ], [ -69.75428, 18.59717 ], [ -69.74825, 18.61411 ], [ -69.74506, 18.61571 ], [ -69.74281, 18.62728 ], [ -69.73841, 18.62871 ], [ -69.73769, 18.63188 ], [ -69.73403, 18.63138 ], [ -69.73336, 18.63436 ], [ -69.7289, 18.63427 ], [ -69.72959, 18.6384 ], [ -69.71987, 18.64716 ], [ -69.7217, 18.6514 ], [ -69.71901, 18.65863 ], [ -69.72553, 18.66313 ], [ -69.72709, 18.6692 ], [ -69.7362, 18.68055 ], [ -69.73501, 18.68175 ], [ -69.74039, 18.68498 ], [ -69.7409, 18.68794 ], [ -69.73857, 18.68813 ], [ -69.74157, 18.69114 ], [ -69.74134, 18.69429 ], [ -69.7443, 18.69863 ], [ -69.74161, 18.70318 ], [ -69.74298, 18.70987 ], [ -69.7413, 18.71545 ], [ -69.74569, 18.72297 ], [ -69.74573, 18.72758 ], [ -69.74407, 18.73421 ], [ -69.73891, 18.74108 ], [ -69.72987, 18.76633 ], [ -69.72685, 18.77001 ], [ -69.72664, 18.77363 ], [ -69.72104, 18.78303 ], [ -69.71946, 18.79031 ], [ -69.71224, 18.80028 ], [ -69.72702, 18.83275 ], [ -69.7214, 18.83671 ], [ -69.72008, 18.84038 ], [ -69.71786, 18.84026 ], [ -69.7181, 18.84503 ], [ -69.71542, 18.84559 ], [ -69.71528, 18.84885 ], [ -69.71131, 18.85047 ], [ -69.71668, 18.85744 ], [ -69.71619, 18.85954 ], [ -69.719, 18.8611 ], [ -69.73451, 18.85839 ], [ -69.74147, 18.85493 ], [ -69.74723, 18.85488 ], [ -69.75535, 18.84976 ], [ -69.75532, 18.85219 ], [ -69.75245, 18.85199 ], [ -69.75139, 18.85381 ], [ -69.75331, 18.85968 ], [ -69.75149, 18.86304 ], [ -69.75274, 18.86458 ], [ -69.75124, 18.86638 ], [ -69.75239, 18.8702 ], [ -69.75053, 18.87286 ], [ -69.75076, 18.87692 ], [ -69.75905, 18.88778 ], [ -69.75875, 18.89245 ], [ -69.76077, 18.89258 ], [ -69.75795, 18.89589 ], [ -69.76034, 18.89953 ], [ -69.76284, 18.89923 ], [ -69.76123, 18.90528 ], [ -69.7626, 18.90959 ], [ -69.76651, 18.91353 ], [ -69.76545, 18.92365 ], [ -69.77281, 18.92809 ], [ -69.77503, 18.92772 ], [ -69.78568, 18.93281 ], [ -69.78919, 18.93197 ], [ -69.79194, 18.92798 ], [ -69.79647, 18.90929 ], [ -69.80064, 18.90297 ], [ -69.79817, 18.89439 ], [ -69.79992, 18.87501 ], [ -69.80589, 18.8706 ], [ -69.81111, 18.86927 ], [ -69.83014, 18.87693 ], [ -69.83327, 18.87553 ], [ -69.83856, 18.86861 ], [ -69.84173, 18.86753 ], [ -69.85802, 18.87339 ], [ -69.86474, 18.88148 ], [ -69.86675, 18.88653 ], [ -69.86685, 18.88852 ], [ -69.86342, 18.89098 ], [ -69.86441, 18.89323 ], [ -69.86784, 18.89696 ], [ -69.87162, 18.89634 ], [ -69.87207, 18.89879 ], [ -69.87811, 18.90364 ], [ -69.8786, 18.90779 ], [ -69.88548, 18.90911 ], [ -69.8913, 18.9047 ], [ -69.89585, 18.90775 ], [ -69.89979, 18.91686 ], [ -69.90217, 18.91622 ], [ -69.90878, 18.91915 ], [ -69.91716, 18.91596 ], [ -69.91662, 18.92123 ], [ -69.91383, 18.92404 ], [ -69.9154, 18.93056 ], [ -69.9252, 18.94016 ], [ -69.92549, 18.94387 ], [ -69.93428, 18.94356 ] ] ] } },
{ "type": "Feature", "properties": { "COD_PROV": "29", "COD_MUN": "2902", "MUNICIPIO": "Bayaguana", "REG": "0" }, "geometry": { "type": "Polygon", "coordinates": [ [ [ -69.61783, 18.98999 ], [ -69.62233, 18.99161 ], [ -69.62321, 18.98886 ], [ -69.62623, 18.98791 ], [ -69.62233, 18.97691 ], [ -69.62564, 18.96615 ], [ -69.62875, 18.96345 ], [ -69.63786, 18.96061 ], [ -69.65012, 18.95966 ], [ -69.66414, 18.9526 ], [ -69.67277, 18.95686 ], [ -69.6902, 18.96029 ], [ -69.68866, 18.95181 ], [ -69.70063, 18.94599 ], [ -69.6984, 18.93655 ], [ -69.70861, 18.93489 ], [ -69.71005, 18.93286 ], [ -69.71954, 18.9343 ], [ -69.72749, 18.92075 ], [ -69.72955, 18.91279 ], [ -69.72823, 18.90346 ], [ -69.7296, 18.89691 ], [ -69.72583, 18.88685 ], [ -69.72612, 18.88246 ], [ -69.72776, 18.88121 ], [ -69.7217, 18.88003 ], [ -69.72217, 18.87752 ], [ -69.71909, 18.87552 ], [ -69.71992, 18.87203 ], [ -69.71532, 18.8644 ], [ -69.71328, 18.8558 ], [ -69.70984, 18.85128 ], [ -69.71552, 18.84855 ], [ -69.71542, 18.84559 ], [ -69.7181, 18.84503 ], [ -69.71786, 18.84026 ], [ -69.72008, 18.84038 ], [ -69.72295, 18.83516 ], [ -69.72654, 18.83395 ], [ -69.72683, 18.82985 ], [ -69.71217, 18.80083 ], [ -69.71946, 18.79031 ], [ -69.72104, 18.78303 ], [ -69.73414, 18.75656 ], [ -69.73891, 18.74108 ], [ -69.74407, 18.73421 ], [ -69.74569, 18.72297 ], [ -69.7413, 18.71545 ], [ -69.74298, 18.70987 ], [ -69.74161, 18.70318 ], [ -69.7443, 18.69863 ], [ -69.74134, 18.69429 ], [ -69.74157, 18.69114 ], [ -69.73857, 18.68813 ], [ -69.7409, 18.68794 ], [ -69.74039, 18.68498 ], [ -69.73501, 18.68175 ], [ -69.7362, 18.68055 ], [ -69.72709, 18.6692 ], [ -69.72553, 18.66313 ], [ -69.71901, 18.65863 ], [ -69.7213, 18.65499 ], [ -69.7198, 18.64745 ], [ -69.72165, 18.64306 ], [ -69.71962, 18.64358 ], [ -69.71851, 18.64023 ], [ -69.71416, 18.64207 ], [ -69.71555, 18.64015 ], [ -69.71351, 18.63971 ], [ -69.70801, 18.64266 ], [ -69.70621, 18.63937 ], [ -69.70287, 18.63858 ], [ -69.70233, 18.64151 ], [ -69.69789, 18.64008 ], [ -69.69714, 18.6425 ], [ -69.69396, 18.64023 ], [ -69.68909, 18.64023 ], [ -69.67876, 18.64574 ], [ -69.67303, 18.64627 ], [ -69.66826, 18.65124 ], [ -69.66134, 18.65329 ], [ -69.65989, 18.65761 ], [ -69.65536, 18.6585 ], [ -69.64987, 18.66333 ], [ -69.64441, 18.66254 ], [ -69.63223, 18.67146 ], [ -69.61649, 18.67728 ], [ -69.59607, 18.65983 ], [ -69.58609, 18.65528 ], [ -69.57077, 18.65207 ], [ -69.5605, 18.6585 ], [ -69.55675, 18.66415 ], [ -69.55704, 18.66781 ], [ -69.55018, 18.67538 ], [ -69.54954, 18.68099 ], [ -69.54185, 18.68915 ], [ -69.53803, 18.69642 ], [ -69.53141, 18.7238 ], [ -69.53195, 18.74169 ], [ -69.51775, 18.75601 ], [ -69.51268, 18.75892 ], [ -69.51338, 18.76413 ], [ -69.50547, 18.7675 ], [ -69.50242, 18.76625 ], [ -69.49627, 18.77167 ], [ -69.49183, 18.78517 ], [ -69.48853, 18.78846 ], [ -69.49042, 18.79262 ], [ -69.48866, 18.79828 ], [ -69.47527, 18.80542 ], [ -69.47164, 18.81305 ], [ -69.46524, 18.81226 ], [ -69.45824, 18.82195 ], [ -69.45297, 18.81836 ], [ -69.45124, 18.80847 ], [ -69.44491, 18.80695 ], [ -69.44176, 18.81616 ], [ -69.44396, 18.82275 ], [ -69.44033, 18.82247 ], [ -69.43506, 18.82488 ], [ -69.43249, 18.83129 ], [ -69.4277, 18.83554 ], [ -69.42557, 18.83462 ], [ -69.42438, 18.84218 ], [ -69.42108, 18.84374 ], [ -69.42202, 18.8453 ], [ -69.41292, 18.84538 ], [ -69.40599, 18.84819 ], [ -69.40434, 18.84633 ], [ -69.4023, 18.84697 ], [ -69.40184, 18.85156 ], [ -69.39592, 18.85951 ], [ -69.39726, 18.86329 ], [ -69.39517, 18.8662 ], [ -69.38906, 18.86897 ], [ -69.37766, 18.86941 ], [ -69.37371, 18.87253 ], [ -69.36479, 18.888 ], [ -69.36652, 18.89126 ], [ -69.38219, 18.89376 ], [ -69.39831, 18.88644 ], [ -69.40125, 18.88809 ], [ -69.40368, 18.88616 ], [ -69.40886, 18.88624 ], [ -69.4107, 18.89012 ], [ -69.42473, 18.88948 ], [ -69.42234, 18.88525 ], [ -69.4261, 18.8848 ], [ -69.43317, 18.88863 ], [ -69.4334, 18.89098 ], [ -69.43878, 18.89407 ], [ -69.44563, 18.90305 ], [ -69.44765, 18.90326 ], [ -69.44828, 18.90582 ], [ -69.4557, 18.91206 ], [ -69.47421, 18.91777 ], [ -69.48318, 18.92461 ], [ -69.50401, 18.94571 ], [ -69.50616, 18.9509 ], [ -69.5093, 18.94982 ], [ -69.51548, 18.9369 ], [ -69.5177, 18.9363 ], [ -69.5264, 18.94572 ], [ -69.53206, 18.94708 ], [ -69.53502, 18.9517 ], [ -69.53953, 18.95229 ], [ -69.54711, 18.96028 ], [ -69.5483, 18.96491 ], [ -69.55346, 18.96584 ], [ -69.5742, 18.98282 ], [ -69.60388, 18.98898 ], [ -69.6082, 18.98831 ], [ -69.61301, 18.99145 ], [ -69.61783, 18.98999 ] ] ] } },
{ "type": "Feature", "properties": { "COD_PROV": "29", "COD_MUN": "2903", "MUNICIPIO": "Sabana Grande de Boyá", "REG": "0" }, "geometry": { "type": "Polygon", "coordinates": [ [ [ -69.75036, 19.09594 ], [ -69.7751, 19.10142 ], [ -69.78091, 19.09405 ], [ -69.78372, 19.09452 ], [ -69.78557, 19.09797 ], [ -69.79071, 19.09523 ], [ -69.79825, 19.08358 ], [ -69.80496, 19.07956 ], [ -69.8091, 19.07947 ], [ -69.81392, 19.08258 ], [ -69.82, 19.08096 ], [ -69.82537, 19.08574 ], [ -69.83058, 19.08228 ], [ -69.83497, 19.08495 ], [ -69.8406, 19.08406 ], [ -69.8452, 19.08057 ], [ -69.85075, 19.08058 ], [ -69.85356, 19.07738 ], [ -69.85855, 19.0864 ], [ -69.86429, 19.08975 ], [ -69.86685, 19.08906 ], [ -69.86927, 19.08317 ], [ -69.87629, 19.08628 ], [ -69.8715, 19.07653 ], [ -69.87237, 19.06978 ], [ -69.87573, 19.06719 ], [ -69.86785, 19.05341 ], [ -69.86994, 19.04445 ], [ -69.87366, 19.04404 ], [ -69.87661, 19.04726 ], [ -69.88106, 19.04688 ], [ -69.88697, 19.04912 ], [ -69.90503, 19.04947 ], [ -69.911, 19.04487 ], [ -69.91171, 19.04062 ], [ -69.91429, 19.04016 ], [ -69.91506, 19.03417 ], [ -69.91717, 19.03216 ], [ -69.91588, 19.02939 ], [ -69.91885, 19.02567 ], [ -69.92056, 19.02489 ], [ -69.92128, 19.02638 ], [ -69.92212, 19.02165 ], [ -69.92551, 19.01927 ], [ -69.92958, 19.01201 ], [ -69.93114, 19.01201 ], [ -69.93165, 19.00964 ], [ -69.92887, 19.00676 ], [ -69.93276, 18.99987 ], [ -69.93209, 18.99645 ], [ -69.92163, 18.98744 ], [ -69.92357, 18.98163 ], [ -69.92729, 18.97811 ], [ -69.92223, 18.96808 ], [ -69.92633, 18.9622 ], [ -69.92633, 18.95559 ], [ -69.93147, 18.95066 ], [ -69.93305, 18.94475 ], [ -69.92906, 18.94302 ], [ -69.92549, 18.94387 ], [ -69.9252, 18.94016 ], [ -69.9154, 18.93056 ], [ -69.91383, 18.92404 ], [ -69.91662, 18.92123 ], [ -69.91716, 18.91596 ], [ -69.90878, 18.91915 ], [ -69.90217, 18.91622 ], [ -69.89979, 18.91686 ], [ -69.89585, 18.90775 ], [ -69.8913, 18.9047 ], [ -69.88548, 18.90911 ], [ -69.8786, 18.90779 ], [ -69.87811, 18.90364 ], [ -69.87207, 18.89879 ], [ -69.87162, 18.89634 ], [ -69.86784, 18.89696 ], [ -69.86441, 18.89323 ], [ -69.86342, 18.89098 ], [ -69.86685, 18.88852 ], [ -69.86675, 18.88653 ], [ -69.86474, 18.88148 ], [ -69.85802, 18.87339 ], [ -69.84173, 18.86753 ], [ -69.83856, 18.86861 ], [ -69.83327, 18.87553 ], [ -69.83014, 18.87693 ], [ -69.81111, 18.86927 ], [ -69.80589, 18.8706 ], [ -69.79992, 18.87501 ], [ -69.79817, 18.89439 ], [ -69.80064, 18.90297 ], [ -69.79647, 18.90929 ], [ -69.79194, 18.92798 ], [ -69.78919, 18.93197 ], [ -69.78568, 18.93281 ], [ -69.77503, 18.92772 ], [ -69.77281, 18.92809 ], [ -69.76545, 18.92365 ], [ -69.76651, 18.91353 ], [ -69.7626, 18.90959 ], [ -69.76123, 18.90528 ], [ -69.76284, 18.89923 ], [ -69.76034, 18.89953 ], [ -69.75795, 18.89589 ], [ -69.76077, 18.89258 ], [ -69.75875, 18.89245 ], [ -69.75905, 18.88778 ], [ -69.75076, 18.87692 ], [ -69.75053, 18.87286 ], [ -69.75239, 18.8702 ], [ -69.75124, 18.86638 ], [ -69.75274, 18.86458 ], [ -69.75149, 18.86304 ], [ -69.75331, 18.85968 ], [ -69.75139, 18.85381 ], [ -69.75245, 18.85199 ], [ -69.75532, 18.85219 ], [ -69.75535, 18.84976 ], [ -69.74723, 18.85488 ], [ -69.74147, 18.85493 ], [ -69.73451, 18.85839 ], [ -69.719, 18.8611 ], [ -69.71619, 18.85954 ], [ -69.71668, 18.85744 ], [ -69.71292, 18.85136 ], [ -69.71057, 18.85045 ], [ -69.71532, 18.8644 ], [ -69.71992, 18.87203 ], [ -69.71909, 18.87552 ], [ -69.72217, 18.87752 ], [ -69.72229, 18.88101 ], [ -69.72776, 18.88121 ], [ -69.72612, 18.88246 ], [ -69.72583, 18.88685 ], [ -69.7296, 18.89691 ], [ -69.72823, 18.90346 ], [ -69.72954, 18.91321 ], [ -69.72575, 18.92559 ], [ -69.7191, 18.93449 ], [ -69.71005, 18.93286 ], [ -69.70861, 18.93489 ], [ -69.6984, 18.93655 ], [ -69.70063, 18.94599 ], [ -69.68866, 18.95181 ], [ -69.6902, 18.96029 ], [ -69.67277, 18.95686 ], [ -69.66414, 18.9526 ], [ -69.65012, 18.95966 ], [ -69.63786, 18.96061 ], [ -69.62875, 18.96345 ], [ -69.62582, 18.96583 ], [ -69.62301, 18.97332 ], [ -69.6228, 18.98053 ], [ -69.62635, 18.98756 ], [ -69.62321, 18.98886 ], [ -69.62233, 18.99161 ], [ -69.63344, 18.99634 ], [ -69.65313, 19.00985 ], [ -69.66345, 19.01314 ], [ -69.67572, 19.03114 ], [ -69.69361, 19.03973 ], [ -69.70191, 19.05218 ], [ -69.70097, 19.06246 ], [ -69.70236, 19.072 ], [ -69.70691, 19.08066 ], [ -69.71434, 19.08396 ], [ -69.71903, 19.08816 ], [ -69.72844, 19.09013 ], [ -69.73363, 19.09519 ], [ -69.75036, 19.09594 ] ] ] } },
{ "type": "Feature", "properties": { "COD_PROV": "29", "COD_MUN": "2904", "MUNICIPIO": "Yamasá", "REG": "0" }, "geometry": { "type": "Polygon", "coordinates": [ [ [ -70.1903, 18.87434 ], [ -70.19384, 18.87457 ], [ -70.1954, 18.87 ], [ -70.20609, 18.86108 ], [ -70.21751, 18.85638 ], [ -70.22314, 18.84628 ], [ -70.22756, 18.84377 ], [ -70.2385, 18.84316 ], [ -70.24749, 18.84044 ], [ -70.24662, 18.83563 ], [ -70.24886, 18.83015 ], [ -70.24658, 18.81802 ], [ -70.24871, 18.80763 ], [ -70.22882, 18.78912 ], [ -70.22809, 18.78419 ], [ -70.2217, 18.78029 ], [ -70.21845, 18.77462 ], [ -70.21727, 18.7669 ], [ -70.20811, 18.76443 ], [ -70.20073, 18.76714 ], [ -70.17602, 18.75173 ], [ -70.17469, 18.74711 ], [ -70.16982, 18.74483 ], [ -70.16393, 18.735 ], [ -70.1651, 18.72795 ], [ -70.14106, 18.72916 ], [ -70.13728, 18.72667 ], [ -70.1326, 18.71756 ], [ -70.12252, 18.70534 ], [ -70.11649, 18.6999 ], [ -70.1061, 18.69593 ], [ -70.09519, 18.68269 ], [ -70.08684, 18.68336 ], [ -70.07446, 18.68823 ], [ -70.07178, 18.68615 ], [ -70.06858, 18.68648 ], [ -70.06009, 18.67808 ], [ -70.05236, 18.67575 ], [ -70.04119, 18.66723 ], [ -70.0321, 18.66297 ], [ -70.01795, 18.66002 ], [ -70.01519, 18.66621 ], [ -70.0115, 18.66793 ], [ -70.00126, 18.66855 ], [ -69.99571, 18.67012 ], [ -69.99387, 18.67235 ], [ -69.99369, 18.66837 ], [ -69.99153, 18.67061 ], [ -69.9864, 18.66928 ], [ -69.98225, 18.67539 ], [ -69.97745, 18.67702 ], [ -69.97677, 18.68513 ], [ -69.97506, 18.68327 ], [ -69.97295, 18.68459 ], [ -69.96568, 18.6829 ], [ -69.96201, 18.68698 ], [ -69.9621, 18.69054 ], [ -69.95821, 18.69402 ], [ -69.95482, 18.69295 ], [ -69.95236, 18.69868 ], [ -69.95578, 18.70438 ], [ -69.96212, 18.70905 ], [ -69.96189, 18.71049 ], [ -69.95911, 18.71093 ], [ -69.95827, 18.71469 ], [ -69.95509, 18.7138 ], [ -69.95233, 18.70639 ], [ -69.94849, 18.70628 ], [ -69.94702, 18.70846 ], [ -69.94147, 18.70372 ], [ -69.93944, 18.70526 ], [ -69.93769, 18.70459 ], [ -69.93727, 18.70166 ], [ -69.93229, 18.70265 ], [ -69.92772, 18.69858 ], [ -69.92263, 18.70313 ], [ -69.92288, 18.70802 ], [ -69.92673, 18.70883 ], [ -69.92776, 18.71075 ], [ -69.92592, 18.71259 ], [ -69.92132, 18.71156 ], [ -69.92086, 18.71276 ], [ -69.92708, 18.71726 ], [ -69.92789, 18.72152 ], [ -69.92412, 18.7248 ], [ -69.92905, 18.72795 ], [ -69.92553, 18.73029 ], [ -69.9252, 18.72754 ], [ -69.92142, 18.7277 ], [ -69.92237, 18.7315 ], [ -69.92041, 18.73367 ], [ -69.91854, 18.73245 ], [ -69.91833, 18.73414 ], [ -69.92185, 18.73622 ], [ -69.92173, 18.73459 ], [ -69.9236, 18.73442 ], [ -69.92431, 18.7418 ], [ -69.92818, 18.74157 ], [ -69.93036, 18.74723 ], [ -69.93277, 18.74755 ], [ -69.9357, 18.75328 ], [ -69.93829, 18.75253 ], [ -69.93733, 18.75549 ], [ -69.94153, 18.75499 ], [ -69.94294, 18.75881 ], [ -69.94562, 18.75933 ], [ -69.94612, 18.76066 ], [ -69.94398, 18.76196 ], [ -69.94472, 18.76459 ], [ -69.94762, 18.76704 ], [ -69.94796, 18.76529 ], [ -69.95098, 18.7647 ], [ -69.95124, 18.76659 ], [ -69.95296, 18.76618 ], [ -69.95053, 18.77071 ], [ -69.95182, 18.77411 ], [ -69.9489, 18.77712 ], [ -69.94205, 18.77981 ], [ -69.9436, 18.7815 ], [ -69.94752, 18.78123 ], [ -69.94687, 18.78483 ], [ -69.95045, 18.78658 ], [ -69.94849, 18.78994 ], [ -69.94989, 18.79861 ], [ -69.95234, 18.79998 ], [ -69.95353, 18.79913 ], [ -69.95196, 18.79757 ], [ -69.9552, 18.79687 ], [ -69.95316, 18.79622 ], [ -69.95434, 18.79236 ], [ -69.95839, 18.79666 ], [ -69.95761, 18.80317 ], [ -69.95184, 18.80181 ], [ -69.94911, 18.80376 ], [ -69.94825, 18.80737 ], [ -69.95103, 18.81089 ], [ -69.9481, 18.81565 ], [ -69.95175, 18.81796 ], [ -69.95503, 18.81392 ], [ -69.95745, 18.81457 ], [ -69.9568, 18.81874 ], [ -69.9599, 18.82188 ], [ -69.95945, 18.82504 ], [ -69.96326, 18.82645 ], [ -69.96403, 18.83323 ], [ -69.9688, 18.83321 ], [ -69.97076, 18.82903 ], [ -69.97494, 18.82998 ], [ -69.98025, 18.82819 ], [ -69.98237, 18.82991 ], [ -69.98444, 18.82837 ], [ -69.98852, 18.83205 ], [ -69.99251, 18.83206 ], [ -69.99233, 18.83779 ], [ -69.99744, 18.83466 ], [ -70.00428, 18.82622 ], [ -70.01083, 18.80712 ], [ -70.01427, 18.80674 ], [ -70.01845, 18.81088 ], [ -70.02034, 18.81036 ], [ -70.02208, 18.80606 ], [ -70.02472, 18.81084 ], [ -70.03602, 18.80368 ], [ -70.05581, 18.80432 ], [ -70.05906, 18.80162 ], [ -70.06568, 18.80196 ], [ -70.07125, 18.79768 ], [ -70.08607, 18.81252 ], [ -70.09025, 18.81079 ], [ -70.10172, 18.81648 ], [ -70.11723, 18.81404 ], [ -70.11799, 18.81763 ], [ -70.12286, 18.8191 ], [ -70.12673, 18.82549 ], [ -70.12794, 18.82468 ], [ -70.1326, 18.82707 ], [ -70.13654, 18.83583 ], [ -70.13484, 18.8376 ], [ -70.13977, 18.84142 ], [ -70.13972, 18.8501 ], [ -70.14869, 18.86055 ], [ -70.14986, 18.86624 ], [ -70.15581, 18.87378 ], [ -70.16014, 18.87354 ], [ -70.16976, 18.86762 ], [ -70.17173, 18.87001 ], [ -70.17621, 18.8706 ], [ -70.18271, 18.86753 ], [ -70.18748, 18.86955 ], [ -70.1903, 18.87434 ] ] ] } },
{ "type": "Feature", "properties": { "COD_PROV": "29", "COD_MUN": "2905", "MUNICIPIO": "Peralvillo", "REG": "0" }, "geometry": { "type": "Polygon", "coordinates": [ [ [ -69.99522, 18.88766 ], [ -69.99843, 18.88813 ], [ -69.99763, 18.89352 ], [ -70.00438, 18.89991 ], [ -70.0035, 18.90843 ], [ -70.01242, 18.91213 ], [ -70.01603, 18.91578 ], [ -70.01873, 18.90908 ], [ -70.02566, 18.90616 ], [ -70.02944, 18.88549 ], [ -70.03629, 18.8884 ], [ -70.03532, 18.89003 ], [ -70.0375, 18.89347 ], [ -70.03922, 18.8903 ], [ -70.04622, 18.88563 ], [ -70.049, 18.88084 ], [ -70.05649, 18.88106 ], [ -70.05965, 18.87851 ], [ -70.071, 18.88157 ], [ -70.07543, 18.88984 ], [ -70.07818, 18.89134 ], [ -70.08521, 18.89023 ], [ -70.08602, 18.88672 ], [ -70.09153, 18.88618 ], [ -70.09309, 18.88403 ], [ -70.09907, 18.8852 ], [ -70.10827, 18.89099 ], [ -70.11153, 18.88688 ], [ -70.11726, 18.88861 ], [ -70.11403, 18.8749 ], [ -70.11886, 18.8651 ], [ -70.12566, 18.86574 ], [ -70.13447, 18.86943 ], [ -70.14494, 18.86654 ], [ -70.15228, 18.87286 ], [ -70.15581, 18.87378 ], [ -70.14986, 18.86624 ], [ -70.14869, 18.86055 ], [ -70.13972, 18.8501 ], [ -70.13977, 18.84142 ], [ -70.13484, 18.8376 ], [ -70.13654, 18.83583 ], [ -70.1326, 18.82707 ], [ -70.12794, 18.82468 ], [ -70.12673, 18.82549 ], [ -70.12286, 18.8191 ], [ -70.11799, 18.81763 ], [ -70.11723, 18.81404 ], [ -70.10172, 18.81648 ], [ -70.09025, 18.81079 ], [ -70.08607, 18.81252 ], [ -70.07125, 18.79768 ], [ -70.06568, 18.80196 ], [ -70.05906, 18.80162 ], [ -70.05581, 18.80432 ], [ -70.03602, 18.80368 ], [ -70.02472, 18.81084 ], [ -70.02208, 18.80606 ], [ -70.02034, 18.81036 ], [ -70.01845, 18.81088 ], [ -70.01427, 18.80674 ], [ -70.01083, 18.80712 ], [ -70.00404, 18.82662 ], [ -69.99744, 18.83466 ], [ -69.99161, 18.83802 ], [ -69.99251, 18.83206 ], [ -69.98852, 18.83205 ], [ -69.98444, 18.82837 ], [ -69.98287, 18.82988 ], [ -69.98025, 18.82819 ], [ -69.97727, 18.82975 ], [ -69.96954, 18.8297 ], [ -69.96817, 18.83397 ], [ -69.97042, 18.83869 ], [ -69.96836, 18.84446 ], [ -69.97004, 18.84924 ], [ -69.97349, 18.84968 ], [ -69.97428, 18.85252 ], [ -69.98324, 18.85664 ], [ -69.98688, 18.85492 ], [ -69.98761, 18.85923 ], [ -69.99052, 18.85922 ], [ -69.98937, 18.87094 ], [ -69.99522, 18.88766 ] ] ] } },
{ "type": "Feature", "properties": { "COD_PROV": "30", "COD_MUN": "3001", "MUNICIPIO": "Hato Mayor", "REG": "5" }, "geometry": { "type": "Polygon", "coordinates": [ [ [ -69.34647, 18.88583 ], [ -69.36601, 18.8909 ], [ -69.36479, 18.888 ], [ -69.36609, 18.88419 ], [ -69.37405, 18.87206 ], [ -69.37962, 18.86866 ], [ -69.38689, 18.86929 ], [ -69.39282, 18.86776 ], [ -69.39715, 18.86389 ], [ -69.39592, 18.85951 ], [ -69.40184, 18.85156 ], [ -69.4023, 18.84697 ], [ -69.40434, 18.84633 ], [ -69.40599, 18.84819 ], [ -69.41292, 18.84538 ], [ -69.42202, 18.8453 ], [ -69.42108, 18.84374 ], [ -69.42438, 18.84218 ], [ -69.42557, 18.83462 ], [ -69.4277, 18.83554 ], [ -69.43249, 18.83129 ], [ -69.43506, 18.82488 ], [ -69.44033, 18.82247 ], [ -69.44396, 18.82275 ], [ -69.44171, 18.81718 ], [ -69.44462, 18.80721 ], [ -69.45177, 18.80694 ], [ -69.45121, 18.80478 ], [ -69.45482, 18.80344 ], [ -69.45352, 18.80133 ], [ -69.457, 18.80286 ], [ -69.45499, 18.79823 ], [ -69.45508, 18.79594 ], [ -69.45721, 18.79558 ], [ -69.45257, 18.79374 ], [ -69.45252, 18.79202 ], [ -69.45502, 18.79099 ], [ -69.45445, 18.78557 ], [ -69.45732, 18.78446 ], [ -69.45786, 18.77907 ], [ -69.45726, 18.7696 ], [ -69.45314, 18.76429 ], [ -69.44656, 18.76445 ], [ -69.43811, 18.76069 ], [ -69.43945, 18.75613 ], [ -69.43874, 18.75192 ], [ -69.43675, 18.75056 ], [ -69.43958, 18.74595 ], [ -69.43771, 18.74118 ], [ -69.43513, 18.74059 ], [ -69.4356, 18.73856 ], [ -69.43063, 18.73397 ], [ -69.43117, 18.72963 ], [ -69.42912, 18.72791 ], [ -69.43019, 18.72569 ], [ -69.42728, 18.71696 ], [ -69.43126, 18.71666 ], [ -69.4285, 18.71359 ], [ -69.42954, 18.70817 ], [ -69.42766, 18.70689 ], [ -69.43107, 18.70042 ], [ -69.42856, 18.69715 ], [ -69.42486, 18.69641 ], [ -69.42249, 18.69167 ], [ -69.42407, 18.68767 ], [ -69.43166, 18.68571 ], [ -69.43338, 18.67696 ], [ -69.43778, 18.67414 ], [ -69.41631, 18.65381 ], [ -69.41681, 18.64713 ], [ -69.4085, 18.64169 ], [ -69.4064, 18.63311 ], [ -69.40388, 18.63109 ], [ -69.40079, 18.6335 ], [ -69.40079, 18.63119 ], [ -69.40569, 18.62689 ], [ -69.40459, 18.62235 ], [ -69.40614, 18.62077 ], [ -69.39984, 18.61717 ], [ -69.40061, 18.61225 ], [ -69.39667, 18.60843 ], [ -69.39405, 18.60635 ], [ -69.38819, 18.60557 ], [ -69.38169, 18.5993 ], [ -69.37673, 18.58873 ], [ -69.37948, 18.58256 ], [ -69.38013, 18.5749 ], [ -69.37201, 18.56588 ], [ -69.36799, 18.55716 ], [ -69.36872, 18.54831 ], [ -69.36532, 18.54393 ], [ -69.35939, 18.54205 ], [ -69.35642, 18.53349 ], [ -69.34891, 18.52689 ], [ -69.34523, 18.52985 ], [ -69.34198, 18.53598 ], [ -69.34394, 18.54156 ], [ -69.31437, 18.56106 ], [ -69.30999, 18.5607 ], [ -69.30711, 18.57315 ], [ -69.30009, 18.57329 ], [ -69.29672, 18.5755 ], [ -69.29656, 18.57832 ], [ -69.3006, 18.58245 ], [ -69.29757, 18.58315 ], [ -69.29574, 18.58883 ], [ -69.30042, 18.59405 ], [ -69.2985, 18.59771 ], [ -69.2994, 18.60232 ], [ -69.29404, 18.60409 ], [ -69.29127, 18.61075 ], [ -69.29183, 18.61624 ], [ -69.29521, 18.61994 ], [ -69.29227, 18.62256 ], [ -69.29188, 18.6254 ], [ -69.2866, 18.62679 ], [ -69.28279, 18.62574 ], [ -69.28097, 18.62779 ], [ -69.27284, 18.62449 ], [ -69.2706, 18.62686 ], [ -69.26793, 18.62597 ], [ -69.25527, 18.63319 ], [ -69.25258, 18.63251 ], [ -69.25103, 18.63692 ], [ -69.24869, 18.63716 ], [ -69.2459, 18.64063 ], [ -69.24409, 18.64607 ], [ -69.24389, 18.64742 ], [ -69.24753, 18.64901 ], [ -69.24487, 18.65051 ], [ -69.24432, 18.65371 ], [ -69.24695, 18.65479 ], [ -69.2479, 18.65747 ], [ -69.24593, 18.65961 ], [ -69.24324, 18.65891 ], [ -69.24353, 18.6627 ], [ -69.24114, 18.66207 ], [ -69.23936, 18.66386 ], [ -69.23951, 18.6614 ], [ -69.23717, 18.66405 ], [ -69.23531, 18.66371 ], [ -69.23651, 18.66577 ], [ -69.23419, 18.66826 ], [ -69.22743, 18.66856 ], [ -69.22966, 18.67034 ], [ -69.22959, 18.67355 ], [ -69.22739, 18.67267 ], [ -69.22878, 18.67673 ], [ -69.2275, 18.67964 ], [ -69.22508, 18.68002 ], [ -69.22574, 18.68306 ], [ -69.22356, 18.68339 ], [ -69.22403, 18.68498 ], [ -69.22109, 18.68827 ], [ -69.22512, 18.69229 ], [ -69.22411, 18.6949 ], [ -69.22575, 18.69492 ], [ -69.22159, 18.70224 ], [ -69.22294, 18.70817 ], [ -69.21556, 18.71654 ], [ -69.21863, 18.71978 ], [ -69.21435, 18.7237 ], [ -69.21496, 18.72526 ], [ -69.2121, 18.72517 ], [ -69.21321, 18.72914 ], [ -69.21175, 18.73183 ], [ -69.21397, 18.73379 ], [ -69.2094, 18.74131 ], [ -69.20533, 18.74304 ], [ -69.20816, 18.75085 ], [ -69.20389, 18.75411 ], [ -69.20105, 18.76053 ], [ -69.20431, 18.76375 ], [ -69.20458, 18.76775 ], [ -69.20685, 18.76884 ], [ -69.2099, 18.77856 ], [ -69.21225, 18.78056 ], [ -69.2141, 18.78651 ], [ -69.21308, 18.79072 ], [ -69.22117, 18.79673 ], [ -69.22176, 18.80041 ], [ -69.22751, 18.80387 ], [ -69.23115, 18.80866 ], [ -69.24005, 18.80854 ], [ -69.25654, 18.81752 ], [ -69.25497, 18.82543 ], [ -69.25757, 18.82857 ], [ -69.25685, 18.83186 ], [ -69.26006, 18.83544 ], [ -69.26411, 18.84753 ], [ -69.26954, 18.84917 ], [ -69.27425, 18.84161 ], [ -69.28196, 18.83862 ], [ -69.28967, 18.85983 ], [ -69.28876, 18.8667 ], [ -69.29201, 18.87127 ], [ -69.30439, 18.87253 ], [ -69.3179, 18.87695 ], [ -69.3295, 18.88965 ], [ -69.33267, 18.88749 ], [ -69.33398, 18.88939 ], [ -69.33733, 18.88542 ], [ -69.34647, 18.88583 ] ] ] } },
{ "type": "Feature", "properties": { "COD_PROV": "30", "COD_MUN": "3002", "MUNICIPIO": "Sabana de La Mar", "REG": "5" }, "geometry": { "type": "MultiPolygon", "coordinates": [ [ [ [ -69.60012, 19.07975 ], [ -69.59931, 19.08091 ], [ -69.60157, 19.08192 ], [ -69.60213, 19.0813 ], [ -69.60012, 19.07975 ] ] ], [ [ [ -69.59251, 19.0833 ], [ -69.59168, 19.0823 ], [ -69.59063, 19.08241 ], [ -69.59251, 19.0833 ] ] ], [ [ [ -69.53793, 19.08297 ], [ -69.53742, 19.08286 ], [ -69.53704, 19.08314 ], [ -69.53793, 19.08297 ] ] ], [ [ [ -69.53862, 19.08525 ], [ -69.53873, 19.08461 ], [ -69.53843, 19.08457 ], [ -69.53862, 19.08525 ] ] ], [ [ [ -69.55544, 19.08534 ], [ -69.55405, 19.08453 ], [ -69.55409, 19.08535 ], [ -69.55544, 19.08534 ] ] ], [ [ [ -69.54008, 19.08575 ], [ -69.54167, 19.08878 ], [ -69.54196, 19.08431 ], [ -69.54008, 19.08575 ] ] ], [ [ [ -69.5491, 19.0859 ], [ -69.54726, 19.0863 ], [ -69.54722, 19.08705 ], [ -69.54985, 19.08761 ], [ -69.5491, 19.0859 ] ] ], [ [ [ -69.53798, 19.08572 ], [ -69.53619, 19.08961 ], [ -69.5387, 19.08793 ], [ -69.53798, 19.08572 ] ] ], [ [ [ -69.57758, 19.08831 ], [ -69.57937, 19.08641 ], [ -69.57581, 19.08742 ], [ -69.57758, 19.08831 ] ] ], [ [ [ -69.53927, 19.08986 ], [ -69.5387, 19.08911 ], [ -69.53818, 19.08947 ], [ -69.53927, 19.08986 ] ] ], [ [ [ -69.54299, 19.08977 ], [ -69.5443, 19.08902 ], [ -69.54631, 19.09362 ], [ -69.54732, 19.09287 ], [ -69.54373, 19.08574 ], [ -69.54299, 19.08977 ] ] ], [ [ [ -69.56799, 19.08928 ], [ -69.56704, 19.08947 ], [ -69.56794, 19.09129 ], [ -69.56799, 19.08928 ] ] ], [ [ [ -69.56144, 19.09136 ], [ -69.56071, 19.08929 ], [ -69.55955, 19.09054 ], [ -69.56144, 19.09136 ] ] ], [ [ [ -69.56948, 19.0923 ], [ -69.57094, 19.09076 ], [ -69.56906, 19.0908 ], [ -69.56948, 19.0923 ] ] ], [ [ [ -69.56463, 19.09174 ], [ -69.56436, 19.09092 ], [ -69.56384, 19.091 ], [ -69.56463, 19.09174 ] ] ], [ [ [ -69.54349, 19.09263 ], [ -69.54348, 19.09216 ], [ -69.54296, 19.09213 ], [ -69.54349, 19.09263 ] ] ], [ [ [ -69.54751, 19.09358 ], [ -69.54859, 19.09294 ], [ -69.54814, 19.09261 ], [ -69.54751, 19.09358 ] ] ], [ [ [ -69.54491, 19.09237 ], [ -69.54432, 19.09552 ], [ -69.54733, 19.09562 ], [ -69.54481, 19.09459 ], [ -69.54491, 19.09237 ] ] ], [ [ [ -69.54176, 19.09406 ], [ -69.54184, 19.09456 ], [ -69.54248, 19.09456 ], [ -69.54176, 19.09406 ] ] ], [ [ [ -69.40852, 19.10099 ], [ -69.41726, 19.10323 ], [ -69.43591, 19.09947 ], [ -69.44972, 19.10139 ], [ -69.46164, 19.09823 ], [ -69.4621, 19.09644 ], [ -69.46275, 19.09773 ], [ -69.47372, 19.09412 ], [ -69.47948, 19.09422 ], [ -69.47829, 19.09059 ], [ -69.4746, 19.0934 ], [ -69.46548, 19.09572 ], [ -69.46312, 19.09208 ], [ -69.46211, 19.09454 ], [ -69.45936, 19.09305 ], [ -69.45906, 19.09633 ], [ -69.45632, 19.09879 ], [ -69.4524, 19.09471 ], [ -69.44873, 19.09941 ], [ -69.44159, 19.09667 ], [ -69.43886, 19.09739 ], [ -69.43656, 19.08671 ], [ -69.43781, 19.08596 ], [ -69.43961, 19.08782 ], [ -69.44498, 19.07314 ], [ -69.45498, 19.0704 ], [ -69.4578, 19.07189 ], [ -69.45623, 19.07683 ], [ -69.46182, 19.0769 ], [ -69.46209, 19.0792 ], [ -69.46614, 19.07793 ], [ -69.46707, 19.07969 ], [ -69.46469, 19.07877 ], [ -69.46298, 19.08003 ], [ -69.46474, 19.07986 ], [ -69.46695, 19.08157 ], [ -69.46927, 19.07826 ], [ -69.47588, 19.07887 ], [ -69.47741, 19.07556 ], [ -69.47931, 19.07761 ], [ -69.48031, 19.07408 ], [ -69.48486, 19.07809 ], [ -69.48776, 19.07628 ], [ -69.49006, 19.07661 ], [ -69.49121, 19.07887 ], [ -69.49327, 19.07744 ], [ -69.49302, 19.08192 ], [ -69.49588, 19.08104 ], [ -69.49448, 19.08439 ], [ -69.49651, 19.08346 ], [ -69.49674, 19.0869 ], [ -69.4996, 19.08706 ], [ -69.49925, 19.08881 ], [ -69.50128, 19.08998 ], [ -69.5, 19.08768 ], [ -69.50181, 19.08785 ], [ -69.50329, 19.08499 ], [ -69.50519, 19.08591 ], [ -69.50419, 19.08822 ], [ -69.50709, 19.08846 ], [ -69.50832, 19.08615 ], [ -69.51049, 19.08866 ], [ -69.51523, 19.08356 ], [ -69.51528, 19.08653 ], [ -69.51828, 19.0882 ], [ -69.51743, 19.08502 ], [ -69.51907, 19.08652 ], [ -69.52003, 19.08425 ], [ -69.51694, 19.08246 ], [ -69.52337, 19.08312 ], [ -69.52244, 19.08048 ], [ -69.52341, 19.08219 ], [ -69.52475, 19.08153 ], [ -69.52433, 19.08382 ], [ -69.52577, 19.08068 ], [ -69.52749, 19.08086 ], [ -69.52588, 19.08473 ], [ -69.52707, 19.08343 ], [ -69.52763, 19.08482 ], [ -69.52842, 19.08173 ], [ -69.53103, 19.08367 ], [ -69.53172, 19.08238 ], [ -69.5296, 19.08079 ], [ -69.5326, 19.08209 ], [ -69.5325, 19.07849 ], [ -69.53545, 19.07991 ], [ -69.53612, 19.08317 ], [ -69.53669, 19.08103 ], [ -69.53982, 19.08309 ], [ -69.5411, 19.0813 ], [ -69.5427, 19.08386 ], [ -69.54498, 19.0824 ], [ -69.54687, 19.08418 ], [ -69.54686, 19.08223 ], [ -69.55027, 19.08339 ], [ -69.5491, 19.08484 ], [ -69.55087, 19.0873 ], [ -69.55398, 19.08717 ], [ -69.55327, 19.08472 ], [ -69.55432, 19.08338 ], [ -69.55809, 19.08655 ], [ -69.56144, 19.08592 ], [ -69.56004, 19.08861 ], [ -69.56304, 19.09 ], [ -69.56309, 19.08709 ], [ -69.56569, 19.09217 ], [ -69.56508, 19.08625 ], [ -69.56738, 19.08909 ], [ -69.57093, 19.08672 ], [ -69.57084, 19.08822 ], [ -69.57308, 19.0872 ], [ -69.57291, 19.08875 ], [ -69.57476, 19.089 ], [ -69.57501, 19.08605 ], [ -69.57641, 19.08498 ], [ -69.57656, 19.08682 ], [ -69.57858, 19.08401 ], [ -69.57916, 19.08564 ], [ -69.58075, 19.08263 ], [ -69.58276, 19.08492 ], [ -69.58488, 19.08237 ], [ -69.58763, 19.08334 ], [ -69.58814, 19.08082 ], [ -69.58898, 19.0839 ], [ -69.58979, 19.08099 ], [ -69.59314, 19.08087 ], [ -69.59449, 19.08259 ], [ -69.59419, 19.0807 ], [ -69.59684, 19.08024 ], [ -69.59689, 19.07857 ], [ -69.59807, 19.08091 ], [ -69.60018, 19.07939 ], [ -69.60271, 19.08095 ], [ -69.6243, 18.9922 ], [ -69.61744, 18.98994 ], [ -69.61301, 18.99145 ], [ -69.6082, 18.98831 ], [ -69.60388, 18.98898 ], [ -69.58965, 18.98503 ], [ -69.57724, 18.98444 ], [ -69.55835, 18.97118 ], [ -69.55346, 18.96584 ], [ -69.5483, 18.96491 ], [ -69.54711, 18.96028 ], [ -69.53953, 18.95229 ], [ -69.53502, 18.9517 ], [ -69.53206, 18.94708 ], [ -69.5264, 18.94572 ], [ -69.5177, 18.9363 ], [ -69.51548, 18.9369 ], [ -69.5093, 18.94982 ], [ -69.50616, 18.9509 ], [ -69.50401, 18.94571 ], [ -69.49068, 18.93106 ], [ -69.47811, 18.9215 ], [ -69.45549, 18.94734 ], [ -69.4575, 18.94936 ], [ -69.45284, 18.9592 ], [ -69.4519, 18.96961 ], [ -69.44947, 18.97081 ], [ -69.44943, 18.97309 ], [ -69.44758, 18.97326 ], [ -69.44777, 18.97136 ], [ -69.43608, 18.97312 ], [ -69.43237, 18.96943 ], [ -69.4302, 18.96915 ], [ -69.42889, 18.97185 ], [ -69.42358, 18.96872 ], [ -69.42345, 18.97241 ], [ -69.42085, 18.97615 ], [ -69.41591, 18.97523 ], [ -69.41631, 18.98259 ], [ -69.41356, 18.982 ], [ -69.41392, 18.98392 ], [ -69.41162, 18.98359 ], [ -69.41073, 18.98659 ], [ -69.40631, 18.98806 ], [ -69.40642, 18.99227 ], [ -69.40443, 18.99315 ], [ -69.40617, 18.9957 ], [ -69.40305, 18.99578 ], [ -69.40232, 18.99853 ], [ -69.3992, 18.99834 ], [ -69.39722, 19.00385 ], [ -69.39406, 19.00034 ], [ -69.3911, 19.00211 ], [ -69.39145, 18.99915 ], [ -69.38758, 18.99849 ], [ -69.3877, 18.99515 ], [ -69.38586, 18.99348 ], [ -69.38458, 18.99519 ], [ -69.38367, 18.99348 ], [ -69.36973, 18.99461 ], [ -69.36572, 18.99212 ], [ -69.3652, 18.99509 ], [ -69.3466, 19.00063 ], [ -69.33548, 18.99642 ], [ -69.33398, 18.99461 ], [ -69.33457, 18.99 ], [ -69.3318, 18.98581 ], [ -69.32247, 18.97672 ], [ -69.31488, 18.97323 ], [ -69.31329, 18.9684 ], [ -69.31089, 18.96908 ], [ -69.30924, 18.9748 ], [ -69.30317, 18.97429 ], [ -69.29975, 18.97139 ], [ -69.29484, 18.96301 ], [ -69.29359, 18.95457 ], [ -69.29121, 18.9562 ], [ -69.28554, 18.95366 ], [ -69.2833, 18.95492 ], [ -69.27919, 18.95198 ], [ -69.27567, 18.95224 ], [ -69.27451, 18.95018 ], [ -69.27176, 18.95482 ], [ -69.26654, 18.95402 ], [ -69.26239, 18.94957 ], [ -69.25414, 18.95256 ], [ -69.24535, 18.94769 ], [ -69.23953, 18.93556 ], [ -69.23075, 18.93171 ], [ -69.21965, 18.93583 ], [ -69.20323, 18.93409 ], [ -69.19844, 18.92834 ], [ -69.18827, 18.92146 ], [ -69.16722, 18.91585 ], [ -69.16315, 18.91639 ], [ -69.16109, 18.91466 ], [ -69.13485, 18.91188 ], [ -69.12214, 18.92044 ], [ -69.13569, 18.93115 ], [ -69.16116, 18.94605 ], [ -69.18206, 18.96836 ], [ -69.18415, 18.97361 ], [ -69.1828, 18.97606 ], [ -69.18628, 18.98049 ], [ -69.18579, 18.98681 ], [ -69.18094, 18.99664 ], [ -69.18215, 19.00723 ], [ -69.18551, 19.00654 ], [ -69.19388, 19.0108 ], [ -69.199, 19.01032 ], [ -69.20141, 19.00717 ], [ -69.20393, 19.00735 ], [ -69.20631, 19.00966 ], [ -69.2055, 19.01374 ], [ -69.21576, 19.01805 ], [ -69.21707, 19.02203 ], [ -69.22155, 19.024 ], [ -69.22374, 19.02772 ], [ -69.22694, 19.02569 ], [ -69.23028, 19.02775 ], [ -69.26118, 19.01569 ], [ -69.27562, 19.02679 ], [ -69.28033, 19.02801 ], [ -69.27995, 19.0307 ], [ -69.28232, 19.03215 ], [ -69.29578, 19.03399 ], [ -69.29881, 19.03739 ], [ -69.2989, 19.04074 ], [ -69.3032, 19.04127 ], [ -69.30752, 19.04754 ], [ -69.31059, 19.04851 ], [ -69.32508, 19.0475 ], [ -69.33298, 19.04323 ], [ -69.34216, 19.04329 ], [ -69.34822, 19.04958 ], [ -69.35267, 19.04955 ], [ -69.35353, 19.05216 ], [ -69.36001, 19.05191 ], [ -69.36264, 19.0546 ], [ -69.37914, 19.05836 ], [ -69.38527, 19.06887 ], [ -69.38539, 19.07191 ], [ -69.38194, 19.077 ], [ -69.38669, 19.07999 ], [ -69.38323, 19.08399 ], [ -69.38466, 19.0857 ], [ -69.38958, 19.08596 ], [ -69.40852, 19.10099 ] ] ], [ [ [ -69.17661, 19.01187 ], [ -69.18321, 19.01021 ], [ -69.18528, 19.01433 ], [ -69.18302, 19.01723 ], [ -69.19045, 19.00983 ], [ -69.18547, 19.0074 ], [ -69.17342, 19.01094 ], [ -69.17661, 19.01187 ] ] ], [ [ [ -69.49005, 19.07913 ], [ -69.48983, 19.07922 ], [ -69.49013, 19.07967 ], [ -69.49005, 19.07913 ] ] ], [ [ [ -69.47005, 19.08179 ], [ -69.47028, 19.08123 ], [ -69.46914, 19.08116 ], [ -69.47005, 19.08179 ] ] ], [ [ [ -69.46617, 19.08217 ], [ -69.46632, 19.08117 ], [ -69.46519, 19.08188 ], [ -69.46617, 19.08217 ] ] ], [ [ [ -69.53465, 19.08182 ], [ -69.53355, 19.08112 ], [ -69.53337, 19.08313 ], [ -69.53465, 19.08182 ] ] ], [ [ [ -69.49262, 19.08226 ], [ -69.49233, 19.08231 ], [ -69.49225, 19.08263 ], [ -69.49262, 19.08226 ] ] ], [ [ [ -69.52864, 19.0845 ], [ -69.53007, 19.08435 ], [ -69.52991, 19.08389 ], [ -69.52864, 19.0845 ] ] ], [ [ [ -69.50875, 19.08856 ], [ -69.50808, 19.08775 ], [ -69.50751, 19.08848 ], [ -69.50875, 19.08856 ] ] ], [ [ [ -69.51323, 19.08763 ], [ -69.51383, 19.0906 ], [ -69.51465, 19.0895 ], [ -69.51323, 19.08763 ] ] ], [ [ [ -69.51887, 19.08912 ], [ -69.51892, 19.08831 ], [ -69.51805, 19.08864 ], [ -69.51887, 19.08912 ] ] ], [ [ [ -69.51256, 19.08908 ], [ -69.51188, 19.08855 ], [ -69.51138, 19.09045 ], [ -69.51256, 19.08908 ] ] ], [ [ [ -69.5098, 19.0903 ], [ -69.51008, 19.0892 ], [ -69.5089, 19.08893 ], [ -69.5098, 19.0903 ] ] ], [ [ [ -69.52293, 19.0905 ], [ -69.52349, 19.08927 ], [ -69.52281, 19.08927 ], [ -69.52293, 19.0905 ] ] ], [ [ [ -69.51743, 19.08942 ], [ -69.5169, 19.08901 ], [ -69.51603, 19.09183 ], [ -69.51743, 19.08942 ] ] ], [ [ [ -69.49955, 19.09088 ], [ -69.49983, 19.09091 ], [ -69.49992, 19.09062 ], [ -69.49955, 19.09088 ] ] ], [ [ [ -69.52085, 19.09034 ], [ -69.52084, 19.08981 ], [ -69.51815, 19.09193 ], [ -69.52085, 19.09034 ] ] ], [ [ [ -69.50138, 19.09115 ], [ -69.50133, 19.09182 ], [ -69.50189, 19.0919 ], [ -69.50138, 19.09115 ] ] ], [ [ [ -69.50071, 19.0927 ], [ -69.50082, 19.09182 ], [ -69.50023, 19.09179 ], [ -69.50071, 19.0927 ] ] ] ] } },
{ "type": "Feature", "properties": { "COD_PROV": "30", "COD_MUN": "3003", "MUNICIPIO": "El Valle", "REG": "5" }, "geometry": { "type": "Polygon", "coordinates": [ [ [ -69.39722, 19.00385 ], [ -69.3992, 18.99834 ], [ -69.40232, 18.99853 ], [ -69.40305, 18.99578 ], [ -69.40617, 18.9957 ], [ -69.40443, 18.99315 ], [ -69.40642, 18.99227 ], [ -69.40631, 18.98806 ], [ -69.41073, 18.98659 ], [ -69.41162, 18.98359 ], [ -69.41392, 18.98392 ], [ -69.41356, 18.982 ], [ -69.41631, 18.98259 ], [ -69.41591, 18.97523 ], [ -69.42085, 18.97615 ], [ -69.42345, 18.97241 ], [ -69.42358, 18.96872 ], [ -69.42889, 18.97185 ], [ -69.4302, 18.96915 ], [ -69.43237, 18.96943 ], [ -69.43608, 18.97312 ], [ -69.44777, 18.97136 ], [ -69.44758, 18.97326 ], [ -69.44943, 18.97309 ], [ -69.44947, 18.97081 ], [ -69.4519, 18.96961 ], [ -69.45284, 18.9592 ], [ -69.4575, 18.94936 ], [ -69.45549, 18.94734 ], [ -69.47811, 18.9215 ], [ -69.47421, 18.91777 ], [ -69.4557, 18.91206 ], [ -69.44828, 18.90582 ], [ -69.44765, 18.90326 ], [ -69.44563, 18.90305 ], [ -69.43878, 18.89407 ], [ -69.4334, 18.89098 ], [ -69.43317, 18.88863 ], [ -69.4261, 18.8848 ], [ -69.42234, 18.88525 ], [ -69.42473, 18.88948 ], [ -69.4107, 18.89012 ], [ -69.40886, 18.88624 ], [ -69.40368, 18.88616 ], [ -69.40125, 18.88809 ], [ -69.39831, 18.88644 ], [ -69.38219, 18.89376 ], [ -69.36262, 18.89095 ], [ -69.35567, 18.88753 ], [ -69.34444, 18.88562 ], [ -69.33733, 18.88542 ], [ -69.33398, 18.88939 ], [ -69.33267, 18.88749 ], [ -69.32837, 18.88931 ], [ -69.32453, 18.89193 ], [ -69.32323, 18.8967 ], [ -69.32014, 18.89885 ], [ -69.32038, 18.90127 ], [ -69.32524, 18.906 ], [ -69.32323, 18.91342 ], [ -69.3245, 18.92036 ], [ -69.32264, 18.93526 ], [ -69.3201, 18.93834 ], [ -69.31471, 18.94042 ], [ -69.30992, 18.94695 ], [ -69.30264, 18.94339 ], [ -69.29664, 18.94756 ], [ -69.29636, 18.95119 ], [ -69.29359, 18.95457 ], [ -69.29484, 18.96301 ], [ -69.29766, 18.9685 ], [ -69.30317, 18.97429 ], [ -69.30708, 18.97486 ], [ -69.30924, 18.9748 ], [ -69.31089, 18.96908 ], [ -69.31329, 18.9684 ], [ -69.31488, 18.97323 ], [ -69.32247, 18.97672 ], [ -69.3318, 18.98581 ], [ -69.33457, 18.99 ], [ -69.33474, 18.99598 ], [ -69.34563, 19.00054 ], [ -69.3652, 18.99509 ], [ -69.36634, 18.99212 ], [ -69.36973, 18.99461 ], [ -69.38367, 18.99348 ], [ -69.38458, 18.99519 ], [ -69.38586, 18.99348 ], [ -69.3877, 18.99515 ], [ -69.38758, 18.99849 ], [ -69.39145, 18.99915 ], [ -69.3911, 19.00211 ], [ -69.39406, 19.00034 ], [ -69.39722, 19.00385 ] ] ] } },
{ "type": "Feature", "properties": { "COD_PROV": "31", "COD_MUN": "3101", "MUNICIPIO": "San José de Ocoa", "REG": "1" }, "geometry": { "type": "Polygon", "coordinates": [ [ [ -70.64068, 18.69466 ], [ -70.64286, 18.69313 ], [ -70.64536, 18.69391 ], [ -70.65696, 18.68984 ], [ -70.65922, 18.6915 ], [ -70.66564, 18.68711 ], [ -70.66724, 18.68959 ], [ -70.67271, 18.68671 ], [ -70.68015, 18.68781 ], [ -70.68664, 18.68465 ], [ -70.67864, 18.67975 ], [ -70.67516, 18.67264 ], [ -70.67665, 18.67166 ], [ -70.67326, 18.66707 ], [ -70.66832, 18.6643 ], [ -70.66147, 18.65426 ], [ -70.66338, 18.64918 ], [ -70.66188, 18.64666 ], [ -70.66428, 18.64218 ], [ -70.65994, 18.63266 ], [ -70.66241, 18.62777 ], [ -70.6616, 18.62158 ], [ -70.67003, 18.61023 ], [ -70.66771, 18.60586 ], [ -70.67366, 18.59904 ], [ -70.67103, 18.59376 ], [ -70.66528, 18.58926 ], [ -70.66303, 18.58945 ], [ -70.66192, 18.5848 ], [ -70.65954, 18.58542 ], [ -70.6587, 18.58304 ], [ -70.65467, 18.58092 ], [ -70.64997, 18.58066 ], [ -70.64438, 18.57531 ], [ -70.64001, 18.57605 ], [ -70.63613, 18.57037 ], [ -70.62906, 18.56566 ], [ -70.62904, 18.56331 ], [ -70.62516, 18.5588 ], [ -70.6272, 18.55099 ], [ -70.6237, 18.54615 ], [ -70.61897, 18.54739 ], [ -70.61693, 18.5409 ], [ -70.60984, 18.53061 ], [ -70.60617, 18.53085 ], [ -70.59708, 18.53572 ], [ -70.5926, 18.53543 ], [ -70.58543, 18.53178 ], [ -70.58486, 18.52712 ], [ -70.58649, 18.52579 ], [ -70.58414, 18.52208 ], [ -70.57216, 18.52395 ], [ -70.5611, 18.5206 ], [ -70.55599, 18.51246 ], [ -70.55354, 18.51756 ], [ -70.55122, 18.51835 ], [ -70.55201, 18.51568 ], [ -70.54922, 18.51458 ], [ -70.54572, 18.50761 ], [ -70.54302, 18.50438 ], [ -70.53816, 18.50275 ], [ -70.53454, 18.49735 ], [ -70.5308, 18.49648 ], [ -70.52758, 18.50019 ], [ -70.52476, 18.49367 ], [ -70.51746, 18.49413 ], [ -70.51297, 18.49621 ], [ -70.50503, 18.49115 ], [ -70.50659, 18.48434 ], [ -70.51186, 18.48322 ], [ -70.51232, 18.47294 ], [ -70.51089, 18.47159 ], [ -70.50884, 18.47326 ], [ -70.50484, 18.46709 ], [ -70.50301, 18.46969 ], [ -70.501, 18.46868 ], [ -70.50143, 18.45995 ], [ -70.50387, 18.45609 ], [ -70.50335, 18.45462 ], [ -70.49981, 18.45531 ], [ -70.49869, 18.45303 ], [ -70.4963, 18.45328 ], [ -70.49845, 18.44801 ], [ -70.4945, 18.44449 ], [ -70.49638, 18.43553 ], [ -70.4944, 18.42763 ], [ -70.47814, 18.41995 ], [ -70.47703, 18.4289 ], [ -70.47293, 18.43696 ], [ -70.46983, 18.43945 ], [ -70.46839, 18.44437 ], [ -70.47062, 18.44779 ], [ -70.46782, 18.45261 ], [ -70.46551, 18.45235 ], [ -70.45782, 18.45678 ], [ -70.45544, 18.45396 ], [ -70.45174, 18.45351 ], [ -70.45006, 18.4575 ], [ -70.44881, 18.45576 ], [ -70.44503, 18.45791 ], [ -70.44224, 18.45486 ], [ -70.43702, 18.46178 ], [ -70.43059, 18.46467 ], [ -70.42935, 18.46761 ], [ -70.42141, 18.46595 ], [ -70.40445, 18.47217 ], [ -70.39965, 18.47237 ], [ -70.38857, 18.47968 ], [ -70.38656, 18.47823 ], [ -70.37976, 18.48118 ], [ -70.37898, 18.48312 ], [ -70.374, 18.48336 ], [ -70.37093, 18.48717 ], [ -70.37255, 18.48952 ], [ -70.36833, 18.49598 ], [ -70.3615, 18.50003 ], [ -70.36131, 18.50243 ], [ -70.35723, 18.50364 ], [ -70.35758, 18.50676 ], [ -70.34819, 18.50939 ], [ -70.35392, 18.51162 ], [ -70.35124, 18.51441 ], [ -70.3542, 18.51732 ], [ -70.35401, 18.51952 ], [ -70.35798, 18.5197 ], [ -70.3552, 18.52363 ], [ -70.36206, 18.52591 ], [ -70.36055, 18.52923 ], [ -70.36525, 18.5277 ], [ -70.36372, 18.53226 ], [ -70.36999, 18.53179 ], [ -70.37151, 18.53587 ], [ -70.37595, 18.53783 ], [ -70.37741, 18.54128 ], [ -70.37361, 18.54167 ], [ -70.37291, 18.54352 ], [ -70.38019, 18.54851 ], [ -70.37916, 18.55142 ], [ -70.38192, 18.55312 ], [ -70.37992, 18.55884 ], [ -70.37642, 18.55681 ], [ -70.37581, 18.55891 ], [ -70.36918, 18.5625 ], [ -70.37366, 18.56454 ], [ -70.37706, 18.56912 ], [ -70.37447, 18.56783 ], [ -70.37364, 18.5721 ], [ -70.37058, 18.571 ], [ -70.37052, 18.57283 ], [ -70.36701, 18.57487 ], [ -70.3655, 18.58092 ], [ -70.3682, 18.58176 ], [ -70.36545, 18.5854 ], [ -70.3698, 18.58548 ], [ -70.36849, 18.58792 ], [ -70.36973, 18.59187 ], [ -70.3662, 18.59029 ], [ -70.36469, 18.59284 ], [ -70.36884, 18.59605 ], [ -70.36609, 18.59643 ], [ -70.36595, 18.60476 ], [ -70.36175, 18.60434 ], [ -70.35887, 18.60692 ], [ -70.35991, 18.61054 ], [ -70.36496, 18.60981 ], [ -70.36279, 18.61134 ], [ -70.36612, 18.61568 ], [ -70.36336, 18.6165 ], [ -70.36522, 18.61735 ], [ -70.36378, 18.62126 ], [ -70.36818, 18.62316 ], [ -70.36985, 18.62795 ], [ -70.36661, 18.63043 ], [ -70.36715, 18.63198 ], [ -70.37207, 18.62895 ], [ -70.37153, 18.63236 ], [ -70.37388, 18.63194 ], [ -70.37232, 18.63448 ], [ -70.37431, 18.6353 ], [ -70.37858, 18.63478 ], [ -70.38225, 18.63156 ], [ -70.38579, 18.63624 ], [ -70.39169, 18.63376 ], [ -70.39968, 18.63391 ], [ -70.39853, 18.63816 ], [ -70.40103, 18.6395 ], [ -70.40032, 18.64507 ], [ -70.40165, 18.644 ], [ -70.40298, 18.64604 ], [ -70.40234, 18.65278 ], [ -70.40599, 18.65543 ], [ -70.40883, 18.65443 ], [ -70.41681, 18.65676 ], [ -70.41936, 18.65486 ], [ -70.42107, 18.65655 ], [ -70.42938, 18.65657 ], [ -70.43667, 18.65397 ], [ -70.44101, 18.65886 ], [ -70.43489, 18.66413 ], [ -70.43884, 18.67477 ], [ -70.4413, 18.67124 ], [ -70.44371, 18.67172 ], [ -70.44655, 18.67024 ], [ -70.44658, 18.66851 ], [ -70.44923, 18.6681 ], [ -70.45895, 18.65468 ], [ -70.46417, 18.65534 ], [ -70.46613, 18.6576 ], [ -70.46922, 18.65676 ], [ -70.46892, 18.6616 ], [ -70.47251, 18.66533 ], [ -70.48061, 18.66697 ], [ -70.4909, 18.67795 ], [ -70.4923, 18.67688 ], [ -70.49739, 18.68064 ], [ -70.49787, 18.68454 ], [ -70.50257, 18.68138 ], [ -70.50767, 18.68127 ], [ -70.50946, 18.67788 ], [ -70.51774, 18.67545 ], [ -70.52089, 18.67162 ], [ -70.52435, 18.66166 ], [ -70.52424, 18.65163 ], [ -70.51503, 18.63996 ], [ -70.51643, 18.63412 ], [ -70.51396, 18.62939 ], [ -70.51026, 18.62702 ], [ -70.50177, 18.62562 ], [ -70.49226, 18.62015 ], [ -70.4882, 18.61332 ], [ -70.49113, 18.60646 ], [ -70.49024, 18.60113 ], [ -70.48649, 18.59806 ], [ -70.48235, 18.60149 ], [ -70.47594, 18.59857 ], [ -70.47198, 18.59121 ], [ -70.47733, 18.57783 ], [ -70.48451, 18.56961 ], [ -70.48953, 18.55993 ], [ -70.49785, 18.55763 ], [ -70.49799, 18.54972 ], [ -70.50307, 18.55019 ], [ -70.5058, 18.55355 ], [ -70.51423, 18.55026 ], [ -70.52278, 18.55271 ], [ -70.52804, 18.55177 ], [ -70.5371, 18.56118 ], [ -70.54291, 18.56185 ], [ -70.55552, 18.56899 ], [ -70.5657, 18.57082 ], [ -70.57273, 18.57655 ], [ -70.564, 18.58857 ], [ -70.56285, 18.60072 ], [ -70.57517, 18.60822 ], [ -70.58028, 18.62227 ], [ -70.59133, 18.63333 ], [ -70.60539, 18.62806 ], [ -70.61151, 18.62799 ], [ -70.60773, 18.63651 ], [ -70.60205, 18.63909 ], [ -70.60098, 18.64314 ], [ -70.59803, 18.64554 ], [ -70.59922, 18.64788 ], [ -70.60258, 18.64817 ], [ -70.59986, 18.6498 ], [ -70.60105, 18.65247 ], [ -70.59847, 18.65349 ], [ -70.60066, 18.65655 ], [ -70.60004, 18.65969 ], [ -70.60217, 18.65964 ], [ -70.6008, 18.66376 ], [ -70.60363, 18.66643 ], [ -70.60246, 18.66844 ], [ -70.60673, 18.67256 ], [ -70.60983, 18.67229 ], [ -70.61228, 18.67818 ], [ -70.61866, 18.68005 ], [ -70.61908, 18.68296 ], [ -70.62897, 18.68729 ], [ -70.62975, 18.6907 ], [ -70.63425, 18.69016 ], [ -70.64068, 18.69466 ] ] ] } },
{ "type": "Feature", "properties": { "COD_PROV": "31", "COD_MUN": "3102", "MUNICIPIO": "Sabana Larga", "REG": "1" }, "geometry": { "type": "Polygon", "coordinates": [ [ [ -70.55922, 18.74084 ], [ -70.56366, 18.73474 ], [ -70.56093, 18.72694 ], [ -70.5617, 18.72322 ], [ -70.56553, 18.72486 ], [ -70.56685, 18.72202 ], [ -70.57105, 18.72492 ], [ -70.57466, 18.72509 ], [ -70.57914, 18.72312 ], [ -70.58478, 18.71726 ], [ -70.58854, 18.71029 ], [ -70.5993, 18.71052 ], [ -70.59887, 18.7064 ], [ -70.59141, 18.70084 ], [ -70.59075, 18.6945 ], [ -70.58878, 18.69402 ], [ -70.59211, 18.68644 ], [ -70.59688, 18.68787 ], [ -70.60364, 18.68698 ], [ -70.60652, 18.68862 ], [ -70.61444, 18.68654 ], [ -70.62288, 18.68776 ], [ -70.62473, 18.68647 ], [ -70.6189, 18.68281 ], [ -70.61866, 18.68005 ], [ -70.61228, 18.67818 ], [ -70.60983, 18.67229 ], [ -70.60352, 18.67064 ], [ -70.60243, 18.66816 ], [ -70.60363, 18.66643 ], [ -70.6008, 18.66376 ], [ -70.60217, 18.65964 ], [ -70.60004, 18.65969 ], [ -70.60066, 18.65655 ], [ -70.59853, 18.65377 ], [ -70.60105, 18.65247 ], [ -70.59986, 18.6498 ], [ -70.60258, 18.64817 ], [ -70.59922, 18.64788 ], [ -70.59811, 18.64524 ], [ -70.60098, 18.64314 ], [ -70.60205, 18.63909 ], [ -70.60773, 18.63651 ], [ -70.61151, 18.62799 ], [ -70.60539, 18.62806 ], [ -70.59133, 18.63333 ], [ -70.58028, 18.62227 ], [ -70.57517, 18.60822 ], [ -70.56309, 18.60109 ], [ -70.564, 18.58857 ], [ -70.57273, 18.57655 ], [ -70.56604, 18.57104 ], [ -70.55124, 18.56754 ], [ -70.54291, 18.56185 ], [ -70.5371, 18.56118 ], [ -70.52804, 18.55177 ], [ -70.52278, 18.55271 ], [ -70.51423, 18.55026 ], [ -70.5058, 18.55355 ], [ -70.50307, 18.55019 ], [ -70.49799, 18.54972 ], [ -70.49785, 18.55763 ], [ -70.48953, 18.55993 ], [ -70.48451, 18.56961 ], [ -70.47733, 18.57783 ], [ -70.47198, 18.59121 ], [ -70.47594, 18.59857 ], [ -70.48235, 18.60149 ], [ -70.48649, 18.59806 ], [ -70.49048, 18.60143 ], [ -70.49106, 18.60682 ], [ -70.4882, 18.61332 ], [ -70.49377, 18.62178 ], [ -70.50212, 18.62574 ], [ -70.51129, 18.62741 ], [ -70.51571, 18.63171 ], [ -70.51475, 18.63929 ], [ -70.52424, 18.65163 ], [ -70.52435, 18.66166 ], [ -70.51868, 18.67475 ], [ -70.50946, 18.67788 ], [ -70.50756, 18.68255 ], [ -70.51236, 18.68605 ], [ -70.51864, 18.69711 ], [ -70.51772, 18.7046 ], [ -70.52011, 18.70738 ], [ -70.52054, 18.71314 ], [ -70.52289, 18.71321 ], [ -70.5262, 18.7229 ], [ -70.5305, 18.72276 ], [ -70.53006, 18.72826 ], [ -70.5331, 18.72737 ], [ -70.53406, 18.73003 ], [ -70.53733, 18.7296 ], [ -70.53781, 18.73231 ], [ -70.54666, 18.7363 ], [ -70.54875, 18.73896 ], [ -70.55922, 18.74084 ] ] ] } },
{ "type": "Feature", "properties": { "COD_PROV": "31", "COD_MUN": "3103", "MUNICIPIO": "Rancho Arriba", "REG": "1" }, "geometry": { "type": "Polygon", "coordinates": [ [ [ -70.52866, 18.79297 ], [ -70.54016, 18.7969 ], [ -70.54439, 18.79614 ], [ -70.5452, 18.79438 ], [ -70.53959, 18.78327 ], [ -70.53952, 18.77925 ], [ -70.53726, 18.7772 ], [ -70.53794, 18.77211 ], [ -70.53358, 18.77035 ], [ -70.53371, 18.76713 ], [ -70.52827, 18.76777 ], [ -70.53266, 18.76304 ], [ -70.52994, 18.76024 ], [ -70.53573, 18.75492 ], [ -70.53972, 18.75419 ], [ -70.54133, 18.75604 ], [ -70.54375, 18.75049 ], [ -70.55479, 18.74689 ], [ -70.55922, 18.74084 ], [ -70.54898, 18.73907 ], [ -70.54666, 18.7363 ], [ -70.53781, 18.73231 ], [ -70.53733, 18.7296 ], [ -70.53406, 18.73003 ], [ -70.53267, 18.72721 ], [ -70.53006, 18.72826 ], [ -70.5305, 18.72276 ], [ -70.5262, 18.7229 ], [ -70.52289, 18.71321 ], [ -70.52054, 18.71314 ], [ -70.52011, 18.70738 ], [ -70.51772, 18.7046 ], [ -70.51864, 18.69711 ], [ -70.5121, 18.68575 ], [ -70.5073, 18.68143 ], [ -70.50257, 18.68138 ], [ -70.49787, 18.68454 ], [ -70.49739, 18.68064 ], [ -70.4923, 18.67688 ], [ -70.4909, 18.67795 ], [ -70.48061, 18.66697 ], [ -70.47268, 18.66546 ], [ -70.46892, 18.6616 ], [ -70.46943, 18.65694 ], [ -70.46613, 18.6576 ], [ -70.46385, 18.65529 ], [ -70.45895, 18.65468 ], [ -70.44923, 18.6681 ], [ -70.44658, 18.66851 ], [ -70.44655, 18.67024 ], [ -70.44371, 18.67172 ], [ -70.4413, 18.67124 ], [ -70.43884, 18.67477 ], [ -70.43489, 18.66413 ], [ -70.44101, 18.65886 ], [ -70.43667, 18.65397 ], [ -70.42938, 18.65657 ], [ -70.42107, 18.65655 ], [ -70.41936, 18.65486 ], [ -70.41681, 18.65676 ], [ -70.40883, 18.65443 ], [ -70.40599, 18.65543 ], [ -70.40234, 18.65278 ], [ -70.40298, 18.64604 ], [ -70.40165, 18.644 ], [ -70.40032, 18.64507 ], [ -70.40103, 18.6395 ], [ -70.39853, 18.63816 ], [ -70.39968, 18.63391 ], [ -70.39169, 18.63376 ], [ -70.38579, 18.63624 ], [ -70.38225, 18.63156 ], [ -70.37858, 18.63478 ], [ -70.37431, 18.6353 ], [ -70.37557, 18.63637 ], [ -70.37317, 18.63697 ], [ -70.37533, 18.63826 ], [ -70.37333, 18.64023 ], [ -70.37756, 18.64311 ], [ -70.37542, 18.64664 ], [ -70.37706, 18.64926 ], [ -70.37453, 18.65323 ], [ -70.37552, 18.65835 ], [ -70.36611, 18.66646 ], [ -70.36737, 18.672 ], [ -70.36567, 18.67279 ], [ -70.36299, 18.67118 ], [ -70.36162, 18.67868 ], [ -70.35779, 18.68244 ], [ -70.36053, 18.68613 ], [ -70.36029, 18.6919 ], [ -70.35766, 18.69406 ], [ -70.3589, 18.70806 ], [ -70.34364, 18.72594 ], [ -70.37866, 18.73468 ], [ -70.38243, 18.74135 ], [ -70.389, 18.74585 ], [ -70.38863, 18.7504 ], [ -70.39561, 18.753 ], [ -70.39763, 18.75556 ], [ -70.40828, 18.75472 ], [ -70.41038, 18.76162 ], [ -70.41611, 18.76009 ], [ -70.4207, 18.75553 ], [ -70.43161, 18.75374 ], [ -70.43614, 18.75655 ], [ -70.43896, 18.76163 ], [ -70.44609, 18.76474 ], [ -70.4506, 18.77016 ], [ -70.45489, 18.7704 ], [ -70.4645, 18.76442 ], [ -70.46626, 18.76555 ], [ -70.46727, 18.77064 ], [ -70.47323, 18.77372 ], [ -70.50198, 18.77226 ], [ -70.51043, 18.78329 ], [ -70.51594, 18.79395 ], [ -70.52109, 18.79544 ], [ -70.52866, 18.79297 ] ] ] } },
{ "type": "Feature", "properties": { "COD_PROV": "32", "COD_MUN": "3201", "MUNICIPIO": "Santo Domingo Este", "REG": "0" }, "geometry": { "type": "Polygon", "coordinates": [ [ [ -69.75606, 18.59747 ], [ -69.76456, 18.59641 ], [ -69.7658, 18.59446 ], [ -69.7678, 18.59546 ], [ -69.76997, 18.59186 ], [ -69.76839, 18.59215 ], [ -69.76807, 18.58957 ], [ -69.76908, 18.58727 ], [ -69.77165, 18.58699 ], [ -69.77289, 18.58306 ], [ -69.77807, 18.58381 ], [ -69.77993, 18.58169 ], [ -69.77914, 18.57774 ], [ -69.78299, 18.57847 ], [ -69.78773, 18.57046 ], [ -69.79162, 18.57195 ], [ -69.79415, 18.57079 ], [ -69.79161, 18.56642 ], [ -69.7925, 18.56509 ], [ -69.79979, 18.56675 ], [ -69.80746, 18.56226 ], [ -69.81259, 18.56642 ], [ -69.8201, 18.56414 ], [ -69.82323, 18.55624 ], [ -69.82262, 18.54725 ], [ -69.82985, 18.54146 ], [ -69.83879, 18.53874 ], [ -69.84795, 18.54187 ], [ -69.85262, 18.54122 ], [ -69.86506, 18.51993 ], [ -69.87045, 18.51799 ], [ -69.87566, 18.52476 ], [ -69.87898, 18.52587 ], [ -69.89649, 18.51814 ], [ -69.89794, 18.51432 ], [ -69.8878, 18.5122 ], [ -69.87894, 18.50804 ], [ -69.87495, 18.50216 ], [ -69.87503, 18.49787 ], [ -69.88181, 18.49005 ], [ -69.88285, 18.4854 ], [ -69.88048, 18.47489 ], [ -69.87619, 18.46891 ], [ -69.87668, 18.46732 ], [ -69.88058, 18.46807 ], [ -69.88545, 18.46366 ], [ -69.87839, 18.46711 ], [ -69.87663, 18.46658 ], [ -69.87661, 18.46371 ], [ -69.86614, 18.46811 ], [ -69.83768, 18.46745 ], [ -69.83274, 18.46871 ], [ -69.81348, 18.46401 ], [ -69.79041, 18.46579 ], [ -69.7409, 18.4623 ], [ -69.70679, 18.45465 ], [ -69.70701, 18.46868 ], [ -69.70514, 18.46865 ], [ -69.70705, 18.47996 ], [ -69.70261, 18.48634 ], [ -69.7224, 18.48437 ], [ -69.72842, 18.50075 ], [ -69.72647, 18.51555 ], [ -69.73946, 18.52275 ], [ -69.74286, 18.52627 ], [ -69.73962, 18.52895 ], [ -69.74314, 18.53045 ], [ -69.75245, 18.53042 ], [ -69.75217, 18.53629 ], [ -69.74836, 18.54497 ], [ -69.75105, 18.54874 ], [ -69.75133, 18.56297 ], [ -69.7468, 18.56155 ], [ -69.74206, 18.5624 ], [ -69.74345, 18.56951 ], [ -69.74627, 18.57244 ], [ -69.74079, 18.57794 ], [ -69.73732, 18.57792 ], [ -69.73547, 18.58162 ], [ -69.73987, 18.58798 ], [ -69.73815, 18.59547 ], [ -69.75092, 18.5941 ], [ -69.75588, 18.5951 ], [ -69.75606, 18.59747 ] ] ] } },
{ "type": "Feature", "properties": { "COD_PROV": "32", "COD_MUN": "3202", "MUNICIPIO": "Santo Domingo Oeste", "REG": "0" }, "geometry": { "type": "Polygon", "coordinates": [ [ [ -70.00904, 18.51212 ], [ -70.01335, 18.51116 ], [ -70.01753, 18.50421 ], [ -70.02813, 18.50613 ], [ -70.03847, 18.50046 ], [ -70.05227, 18.50159 ], [ -70.05276, 18.50003 ], [ -70.06067, 18.50232 ], [ -70.06092, 18.50749 ], [ -70.06645, 18.5098 ], [ -70.06882, 18.50879 ], [ -70.07088, 18.51066 ], [ -70.07223, 18.50614 ], [ -70.07025, 18.49697 ], [ -70.06425, 18.49322 ], [ -70.06571, 18.48743 ], [ -70.07193, 18.48477 ], [ -70.07365, 18.48229 ], [ -70.07212, 18.4799 ], [ -70.06538, 18.48137 ], [ -70.06415, 18.47998 ], [ -70.06392, 18.47667 ], [ -70.06712, 18.47447 ], [ -70.06841, 18.4698 ], [ -70.06516, 18.46422 ], [ -70.06227, 18.46594 ], [ -70.06205, 18.46961 ], [ -70.0596, 18.47207 ], [ -70.04826, 18.47717 ], [ -70.04392, 18.47507 ], [ -70.04154, 18.46832 ], [ -70.03705, 18.46615 ], [ -70.03357, 18.46195 ], [ -70.02872, 18.46124 ], [ -70.02221, 18.46646 ], [ -70.01916, 18.47638 ], [ -70.01348, 18.47644 ], [ -70.01315, 18.46489 ], [ -70.01558, 18.46035 ], [ -70.01379, 18.45908 ], [ -70.01035, 18.46121 ], [ -70.00931, 18.46036 ], [ -70.00763, 18.45744 ], [ -70.01064, 18.45339 ], [ -70.00205, 18.44763 ], [ -70.00664, 18.44307 ], [ -70.00649, 18.43057 ], [ -70.01848, 18.4261 ], [ -70.01925, 18.42085 ], [ -70.01626, 18.42244 ], [ -70.01483, 18.42114 ], [ -70.01743, 18.41836 ], [ -70.01653, 18.41308 ], [ -70.01543, 18.41806 ], [ -70.00563, 18.42489 ], [ -70.00391, 18.423 ], [ -70.00126, 18.42371 ], [ -69.99712, 18.42142 ], [ -69.98872, 18.4227 ], [ -69.99014, 18.4291 ], [ -69.97968, 18.43966 ], [ -69.97311, 18.44982 ], [ -69.97395, 18.45125 ], [ -69.96902, 18.46223 ], [ -69.96763, 18.47898 ], [ -69.9718, 18.4802 ], [ -70.00904, 18.51212 ] ] ] } },
{ "type": "Feature", "properties": { "COD_PROV": "32", "COD_MUN": "3203", "MUNICIPIO": "Santo Domingo Norte", "REG": "0" }, "geometry": { "type": "Polygon", "coordinates": [ [ [ -69.95787, 18.71481 ], [ -69.95911, 18.71093 ], [ -69.96189, 18.71049 ], [ -69.96212, 18.70905 ], [ -69.95578, 18.70438 ], [ -69.95236, 18.69868 ], [ -69.95482, 18.69295 ], [ -69.95821, 18.69402 ], [ -69.96057, 18.69213 ], [ -69.96201, 18.68698 ], [ -69.96623, 18.68262 ], [ -69.97295, 18.68459 ], [ -69.97506, 18.68327 ], [ -69.97718, 18.68488 ], [ -69.97715, 18.67752 ], [ -69.98225, 18.67539 ], [ -69.9864, 18.66928 ], [ -69.99153, 18.67061 ], [ -69.99369, 18.66837 ], [ -69.99387, 18.67235 ], [ -69.99571, 18.67012 ], [ -70.01519, 18.66621 ], [ -70.01782, 18.65721 ], [ -70.02453, 18.65289 ], [ -70.02954, 18.647 ], [ -70.03133, 18.63784 ], [ -70.04114, 18.6369 ], [ -70.0287, 18.62303 ], [ -70.02729, 18.61926 ], [ -70.02661, 18.61485 ], [ -70.03195, 18.61076 ], [ -70.03156, 18.60555 ], [ -70.02913, 18.60575 ], [ -70.02685, 18.60261 ], [ -70.02481, 18.6049 ], [ -70.02111, 18.60216 ], [ -70.0251, 18.59803 ], [ -70.02449, 18.59301 ], [ -70.02087, 18.58972 ], [ -70.0227, 18.58807 ], [ -70.02076, 18.58577 ], [ -70.02268, 18.58112 ], [ -70.01663, 18.57617 ], [ -70.01774, 18.57415 ], [ -70.01115, 18.5726 ], [ -70.00786, 18.56355 ], [ -70.00569, 18.56182 ], [ -70.00385, 18.56366 ], [ -70.00206, 18.55824 ], [ -69.99716, 18.55815 ], [ -69.99463, 18.56245 ], [ -69.99329, 18.56213 ], [ -69.99436, 18.55572 ], [ -69.99248, 18.55666 ], [ -69.9905, 18.55435 ], [ -69.98669, 18.55354 ], [ -69.98848, 18.5496 ], [ -69.98803, 18.54468 ], [ -69.98212, 18.54288 ], [ -69.98011, 18.54755 ], [ -69.96836, 18.54449 ], [ -69.96608, 18.54131 ], [ -69.96318, 18.54056 ], [ -69.95911, 18.53201 ], [ -69.96062, 18.52891 ], [ -69.95983, 18.52196 ], [ -69.94816, 18.51416 ], [ -69.9457, 18.51403 ], [ -69.94089, 18.51931 ], [ -69.9363, 18.52078 ], [ -69.93246, 18.5186 ], [ -69.93056, 18.51418 ], [ -69.92272, 18.50998 ], [ -69.91313, 18.51131 ], [ -69.90716, 18.50959 ], [ -69.90048, 18.51223 ], [ -69.89373, 18.52019 ], [ -69.87898, 18.52587 ], [ -69.87566, 18.52476 ], [ -69.87045, 18.51799 ], [ -69.86506, 18.51993 ], [ -69.85221, 18.54143 ], [ -69.84795, 18.54187 ], [ -69.83772, 18.53883 ], [ -69.82405, 18.54499 ], [ -69.82221, 18.55171 ], [ -69.82323, 18.55624 ], [ -69.81924, 18.56457 ], [ -69.81259, 18.56642 ], [ -69.80746, 18.56226 ], [ -69.79979, 18.56675 ], [ -69.79196, 18.56545 ], [ -69.79415, 18.57079 ], [ -69.79162, 18.57195 ], [ -69.78773, 18.57046 ], [ -69.78641, 18.57816 ], [ -69.79347, 18.59285 ], [ -69.79023, 18.60199 ], [ -69.7913, 18.6097 ], [ -69.79607, 18.61135 ], [ -69.79334, 18.6124 ], [ -69.7933, 18.61517 ], [ -69.79991, 18.62588 ], [ -69.80204, 18.62467 ], [ -69.80303, 18.62654 ], [ -69.80521, 18.6257 ], [ -69.80752, 18.62845 ], [ -69.81429, 18.62483 ], [ -69.819, 18.62731 ], [ -69.81841, 18.6296 ], [ -69.82181, 18.63178 ], [ -69.82232, 18.63423 ], [ -69.82044, 18.64258 ], [ -69.82135, 18.64977 ], [ -69.81847, 18.6527 ], [ -69.82373, 18.65554 ], [ -69.82282, 18.65862 ], [ -69.82018, 18.65686 ], [ -69.81921, 18.65869 ], [ -69.82331, 18.66202 ], [ -69.83023, 18.65897 ], [ -69.83376, 18.65447 ], [ -69.83717, 18.65955 ], [ -69.83747, 18.66524 ], [ -69.84126, 18.66505 ], [ -69.84109, 18.6686 ], [ -69.84683, 18.67755 ], [ -69.8547, 18.68211 ], [ -69.85338, 18.68916 ], [ -69.85593, 18.68885 ], [ -69.85846, 18.69113 ], [ -69.8558, 18.69358 ], [ -69.85932, 18.69588 ], [ -69.85971, 18.70095 ], [ -69.86702, 18.70373 ], [ -69.86461, 18.70741 ], [ -69.86923, 18.70897 ], [ -69.87215, 18.70819 ], [ -69.87399, 18.70525 ], [ -69.87639, 18.70536 ], [ -69.87861, 18.70752 ], [ -69.8816, 18.7073 ], [ -69.88287, 18.70882 ], [ -69.88143, 18.71055 ], [ -69.88575, 18.71203 ], [ -69.88512, 18.70942 ], [ -69.88861, 18.70571 ], [ -69.89089, 18.70708 ], [ -69.89457, 18.70448 ], [ -69.90075, 18.7041 ], [ -69.90294, 18.6989 ], [ -69.9151, 18.6945 ], [ -69.91791, 18.69604 ], [ -69.92238, 18.70314 ], [ -69.92772, 18.69858 ], [ -69.93229, 18.70265 ], [ -69.93727, 18.70166 ], [ -69.93769, 18.70459 ], [ -69.93944, 18.70526 ], [ -69.94147, 18.70372 ], [ -69.94702, 18.70846 ], [ -69.94849, 18.70628 ], [ -69.95318, 18.70673 ], [ -69.95509, 18.7138 ], [ -69.95787, 18.71481 ] ] ] } },
{ "type": "Feature", "properties": { "COD_PROV": "32", "COD_MUN": "3204", "MUNICIPIO": "Boca Chica", "REG": "0" }, "geometry": { "type": "MultiPolygon", "coordinates": [ [ [ [ -69.62424, 18.44122 ], [ -69.62627, 18.44133 ], [ -69.63024, 18.43721 ], [ -69.62574, 18.43837 ], [ -69.62424, 18.44122 ] ] ], [ [ [ -69.61473, 18.44265 ], [ -69.613, 18.4437 ], [ -69.61417, 18.44407 ], [ -69.61473, 18.44265 ] ] ], [ [ [ -69.63645, 18.51145 ], [ -69.63761, 18.513 ], [ -69.64129, 18.51231 ], [ -69.64499, 18.50769 ], [ -69.65271, 18.50479 ], [ -69.65638, 18.49998 ], [ -69.66658, 18.5027 ], [ -69.66802, 18.48915 ], [ -69.69256, 18.48761 ], [ -69.69373, 18.48508 ], [ -69.70071, 18.48914 ], [ -69.70705, 18.47996 ], [ -69.70514, 18.46865 ], [ -69.70701, 18.46868 ], [ -69.70679, 18.45465 ], [ -69.69502, 18.45275 ], [ -69.68319, 18.44736 ], [ -69.68044, 18.42956 ], [ -69.67584, 18.41967 ], [ -69.66729, 18.4094 ], [ -69.64705, 18.40462 ], [ -69.63825, 18.40077 ], [ -69.62964, 18.40167 ], [ -69.62709, 18.40932 ], [ -69.63267, 18.43883 ], [ -69.62129, 18.44759 ], [ -69.6105, 18.44631 ], [ -69.6005, 18.44818 ], [ -69.58934, 18.44534 ], [ -69.57748, 18.43618 ], [ -69.57512, 18.43664 ], [ -69.57443, 18.43373 ], [ -69.56989, 18.43168 ], [ -69.57006, 18.42742 ], [ -69.56704, 18.4273 ], [ -69.5677, 18.42435 ], [ -69.56404, 18.4227 ], [ -69.56331, 18.42003 ], [ -69.55967, 18.41902 ], [ -69.54693, 18.40905 ], [ -69.52121, 18.4038 ], [ -69.52322, 18.46566 ], [ -69.51489, 18.46578 ], [ -69.51499, 18.4748 ], [ -69.53623, 18.47447 ], [ -69.55995, 18.47652 ], [ -69.58828, 18.48979 ], [ -69.59384, 18.49509 ], [ -69.60877, 18.50136 ], [ -69.61317, 18.50511 ], [ -69.63645, 18.51145 ] ] ] ] } },
{ "type": "Feature", "properties": { "COD_PROV": "32", "COD_MUN": "3205", "MUNICIPIO": "San Antonio de Guerra", "REG": "0" }, "geometry": { "type": "Polygon", "coordinates": [ [ [ -69.61649, 18.67728 ], [ -69.63223, 18.67146 ], [ -69.64441, 18.66254 ], [ -69.64987, 18.66333 ], [ -69.65536, 18.6585 ], [ -69.65989, 18.65761 ], [ -69.66134, 18.65329 ], [ -69.66826, 18.65124 ], [ -69.67303, 18.64627 ], [ -69.67876, 18.64574 ], [ -69.68909, 18.64023 ], [ -69.69396, 18.64023 ], [ -69.69714, 18.6425 ], [ -69.69789, 18.64008 ], [ -69.70233, 18.64151 ], [ -69.70287, 18.63858 ], [ -69.70621, 18.63937 ], [ -69.70801, 18.64266 ], [ -69.71351, 18.63971 ], [ -69.71555, 18.64015 ], [ -69.71416, 18.64207 ], [ -69.71851, 18.64023 ], [ -69.71962, 18.64358 ], [ -69.72161, 18.64282 ], [ -69.72145, 18.64673 ], [ -69.72959, 18.6384 ], [ -69.72848, 18.63463 ], [ -69.73336, 18.63436 ], [ -69.73403, 18.63138 ], [ -69.73769, 18.63188 ], [ -69.73841, 18.62871 ], [ -69.74412, 18.6253 ], [ -69.74506, 18.61571 ], [ -69.74825, 18.61411 ], [ -69.7529, 18.59955 ], [ -69.75612, 18.59628 ], [ -69.75092, 18.5941 ], [ -69.73815, 18.59547 ], [ -69.73987, 18.58798 ], [ -69.73559, 18.57996 ], [ -69.73732, 18.57792 ], [ -69.74079, 18.57794 ], [ -69.74627, 18.57244 ], [ -69.74345, 18.56951 ], [ -69.74206, 18.5624 ], [ -69.7468, 18.56155 ], [ -69.75133, 18.56297 ], [ -69.75105, 18.54874 ], [ -69.74836, 18.54497 ], [ -69.75217, 18.53629 ], [ -69.75245, 18.53042 ], [ -69.74314, 18.53045 ], [ -69.73962, 18.52895 ], [ -69.74286, 18.52627 ], [ -69.73946, 18.52275 ], [ -69.72647, 18.51555 ], [ -69.72842, 18.50075 ], [ -69.7224, 18.48437 ], [ -69.70261, 18.48634 ], [ -69.70071, 18.48914 ], [ -69.69373, 18.48508 ], [ -69.69256, 18.48761 ], [ -69.66802, 18.48915 ], [ -69.66658, 18.5027 ], [ -69.65638, 18.49998 ], [ -69.65271, 18.50479 ], [ -69.64499, 18.50769 ], [ -69.64129, 18.51231 ], [ -69.63761, 18.513 ], [ -69.63498, 18.51018 ], [ -69.61317, 18.50511 ], [ -69.609, 18.50148 ], [ -69.59864, 18.49713 ], [ -69.59754, 18.50179 ], [ -69.59942, 18.50764 ], [ -69.59735, 18.50854 ], [ -69.59909, 18.50987 ], [ -69.59872, 18.51516 ], [ -69.6024, 18.52057 ], [ -69.60449, 18.51734 ], [ -69.60726, 18.51731 ], [ -69.61015, 18.5216 ], [ -69.61407, 18.5227 ], [ -69.61419, 18.52713 ], [ -69.60951, 18.53016 ], [ -69.60484, 18.52985 ], [ -69.59946, 18.53334 ], [ -69.59529, 18.53978 ], [ -69.59409, 18.55211 ], [ -69.58956, 18.55404 ], [ -69.58661, 18.56173 ], [ -69.58438, 18.56302 ], [ -69.58381, 18.56664 ], [ -69.578, 18.57441 ], [ -69.57778, 18.57793 ], [ -69.57473, 18.57701 ], [ -69.57258, 18.5804 ], [ -69.57236, 18.58546 ], [ -69.57528, 18.58914 ], [ -69.57805, 18.58975 ], [ -69.58037, 18.59379 ], [ -69.58272, 18.59391 ], [ -69.58409, 18.60279 ], [ -69.58327, 18.60692 ], [ -69.58102, 18.60807 ], [ -69.57708, 18.61547 ], [ -69.57716, 18.62585 ], [ -69.58127, 18.62737 ], [ -69.58351, 18.62231 ], [ -69.58568, 18.62362 ], [ -69.58867, 18.62229 ], [ -69.58693, 18.6252 ], [ -69.59054, 18.62862 ], [ -69.58686, 18.631 ], [ -69.58612, 18.63505 ], [ -69.58078, 18.63582 ], [ -69.57706, 18.64565 ], [ -69.57064, 18.65107 ], [ -69.59607, 18.65983 ], [ -69.61649, 18.67728 ] ] ] } },
{ "type": "Feature", "properties": { "COD_PROV": "32", "COD_MUN": "3206", "MUNICIPIO": "Los Alcarrizos", "REG": "0" }, "geometry": { "type": "Polygon", "coordinates": [ [ [ -69.99446, 18.56248 ], [ -69.99716, 18.55815 ], [ -70.00084, 18.55916 ], [ -70.0039, 18.55789 ], [ -70.00498, 18.5561 ], [ -70.00364, 18.55488 ], [ -70.0066, 18.55439 ], [ -70.0048, 18.55269 ], [ -70.0081, 18.55327 ], [ -70.01125, 18.5485 ], [ -70.0217, 18.54537 ], [ -70.02439, 18.5404 ], [ -70.02851, 18.53989 ], [ -70.03359, 18.53604 ], [ -70.03494, 18.53734 ], [ -70.03547, 18.53473 ], [ -70.03746, 18.53662 ], [ -70.04168, 18.53419 ], [ -70.04294, 18.53532 ], [ -70.04183, 18.53679 ], [ -70.05332, 18.53582 ], [ -70.05703, 18.54023 ], [ -70.05978, 18.53766 ], [ -70.05796, 18.54258 ], [ -70.06204, 18.5451 ], [ -70.06168, 18.55045 ], [ -70.06381, 18.55122 ], [ -70.06573, 18.54981 ], [ -70.06602, 18.55189 ], [ -70.06929, 18.55347 ], [ -70.07021, 18.55019 ], [ -70.07292, 18.55449 ], [ -70.07915, 18.55481 ], [ -70.08123, 18.55751 ], [ -70.08464, 18.55746 ], [ -70.08838, 18.54793 ], [ -70.08752, 18.54436 ], [ -70.0814, 18.53801 ], [ -70.08621, 18.53655 ], [ -70.08573, 18.539 ], [ -70.08756, 18.53906 ], [ -70.08761, 18.53696 ], [ -70.09215, 18.53496 ], [ -70.08757, 18.53066 ], [ -70.0827, 18.52022 ], [ -70.07278, 18.51625 ], [ -70.07118, 18.51069 ], [ -70.06882, 18.50879 ], [ -70.06645, 18.5098 ], [ -70.06092, 18.50749 ], [ -70.06067, 18.50232 ], [ -70.05293, 18.50005 ], [ -70.05227, 18.50159 ], [ -70.04518, 18.50003 ], [ -70.0381, 18.50054 ], [ -70.02813, 18.50613 ], [ -70.01854, 18.50395 ], [ -70.01055, 18.51254 ], [ -69.99886, 18.50277 ], [ -69.99886, 18.50608 ], [ -69.9965, 18.50784 ], [ -69.9923, 18.50745 ], [ -69.98959, 18.51206 ], [ -69.98962, 18.52347 ], [ -69.99283, 18.52331 ], [ -69.99527, 18.52725 ], [ -69.99014, 18.53052 ], [ -69.99214, 18.53506 ], [ -69.9898, 18.53602 ], [ -69.99192, 18.54136 ], [ -69.98937, 18.54314 ], [ -69.98679, 18.54259 ], [ -69.98894, 18.54599 ], [ -69.98685, 18.55405 ], [ -69.9905, 18.55435 ], [ -69.99248, 18.55666 ], [ -69.99436, 18.55572 ], [ -69.99281, 18.55977 ], [ -69.99446, 18.56248 ] ] ] } },
{ "type": "Feature", "properties": { "COD_PROV": "32", "COD_MUN": "3207", "MUNICIPIO": "Pedro Brand", "REG": "0" }, "geometry": { "type": "Polygon", "coordinates": [ [ [ -70.14089, 18.72891 ], [ -70.16379, 18.7285 ], [ -70.17405, 18.72424 ], [ -70.17545, 18.72008 ], [ -70.17189, 18.71322 ], [ -70.1644, 18.70846 ], [ -70.16247, 18.70236 ], [ -70.15789, 18.69785 ], [ -70.16035, 18.69329 ], [ -70.15775, 18.68953 ], [ -70.15602, 18.68957 ], [ -70.15546, 18.68087 ], [ -70.1527, 18.67981 ], [ -70.15303, 18.67559 ], [ -70.15581, 18.67264 ], [ -70.15247, 18.66386 ], [ -70.15534, 18.6632 ], [ -70.15536, 18.66053 ], [ -70.15247, 18.66044 ], [ -70.1507, 18.65559 ], [ -70.14393, 18.65344 ], [ -70.14356, 18.64864 ], [ -70.14037, 18.64704 ], [ -70.14272, 18.64514 ], [ -70.13704, 18.64043 ], [ -70.13945, 18.63643 ], [ -70.13739, 18.63641 ], [ -70.13838, 18.63406 ], [ -70.13555, 18.63278 ], [ -70.13184, 18.63369 ], [ -70.12587, 18.63096 ], [ -70.13572, 18.62806 ], [ -70.14691, 18.63101 ], [ -70.1503, 18.62828 ], [ -70.15103, 18.62369 ], [ -70.14671, 18.61647 ], [ -70.14596, 18.60804 ], [ -70.14813, 18.6041 ], [ -70.14747, 18.60006 ], [ -70.15287, 18.59458 ], [ -70.14912, 18.59405 ], [ -70.14791, 18.58573 ], [ -70.13816, 18.57645 ], [ -70.13742, 18.57318 ], [ -70.13915, 18.56917 ], [ -70.13743, 18.56611 ], [ -70.13426, 18.56433 ], [ -70.12797, 18.56572 ], [ -70.13282, 18.55941 ], [ -70.12387, 18.55074 ], [ -70.12581, 18.54596 ], [ -70.11885, 18.54144 ], [ -70.12515, 18.52915 ], [ -70.12476, 18.52632 ], [ -70.11393, 18.52315 ], [ -70.11256, 18.52575 ], [ -70.10753, 18.52773 ], [ -70.09604, 18.5243 ], [ -70.09388, 18.52685 ], [ -70.09681, 18.53069 ], [ -70.09414, 18.53475 ], [ -70.08895, 18.53599 ], [ -70.08756, 18.53906 ], [ -70.08573, 18.539 ], [ -70.08621, 18.53655 ], [ -70.0814, 18.53801 ], [ -70.08752, 18.54436 ], [ -70.08838, 18.54793 ], [ -70.08674, 18.55514 ], [ -70.08374, 18.55769 ], [ -70.08117, 18.55748 ], [ -70.07915, 18.55481 ], [ -70.07292, 18.55449 ], [ -70.07021, 18.55019 ], [ -70.06929, 18.55347 ], [ -70.06602, 18.55189 ], [ -70.06573, 18.54981 ], [ -70.06381, 18.55122 ], [ -70.06168, 18.55045 ], [ -70.06204, 18.5451 ], [ -70.05796, 18.54258 ], [ -70.05978, 18.53766 ], [ -70.05703, 18.54023 ], [ -70.05332, 18.53582 ], [ -70.04183, 18.53679 ], [ -70.04185, 18.53419 ], [ -70.03746, 18.53662 ], [ -70.03547, 18.53473 ], [ -70.03494, 18.53734 ], [ -70.03359, 18.53604 ], [ -70.02851, 18.53989 ], [ -70.02426, 18.54048 ], [ -70.0217, 18.54537 ], [ -70.01125, 18.5485 ], [ -70.0081, 18.55327 ], [ -70.00513, 18.55245 ], [ -70.00651, 18.55458 ], [ -70.00364, 18.55488 ], [ -70.00498, 18.5561 ], [ -70.00206, 18.55824 ], [ -70.00359, 18.56339 ], [ -70.00625, 18.562 ], [ -70.01115, 18.5726 ], [ -70.01774, 18.57415 ], [ -70.01663, 18.57617 ], [ -70.02281, 18.58138 ], [ -70.02076, 18.58577 ], [ -70.0227, 18.58807 ], [ -70.02087, 18.58972 ], [ -70.02449, 18.59301 ], [ -70.0251, 18.59803 ], [ -70.0214, 18.60081 ], [ -70.02175, 18.6036 ], [ -70.02565, 18.60477 ], [ -70.02685, 18.60261 ], [ -70.02913, 18.60575 ], [ -70.03156, 18.60555 ], [ -70.03195, 18.61076 ], [ -70.02661, 18.61485 ], [ -70.0287, 18.62303 ], [ -70.04114, 18.6369 ], [ -70.03133, 18.63784 ], [ -70.02935, 18.64733 ], [ -70.01782, 18.65721 ], [ -70.01795, 18.66002 ], [ -70.0321, 18.66297 ], [ -70.04119, 18.66723 ], [ -70.05236, 18.67575 ], [ -70.06009, 18.67808 ], [ -70.06858, 18.68648 ], [ -70.07178, 18.68615 ], [ -70.07446, 18.68823 ], [ -70.08684, 18.68336 ], [ -70.09519, 18.68269 ], [ -70.1061, 18.69593 ], [ -70.11649, 18.6999 ], [ -70.12252, 18.70534 ], [ -70.1326, 18.71756 ], [ -70.13728, 18.72667 ], [ -70.14089, 18.72891 ] ] ] } }
]
}
