{"type": "FeatureCollection", "name": "provincias_rd", "crs": {"type": "name", "properties": {"name": "urn:ogc:def:crs:OGC:1.3:CRS84"}}, "features": [{"type": "Feature", "properties": {"COD_PROV": "01", "PROVINCIA": "DISTRITO NACIONAL", "NOMBRE": "Distrito Nacional", "N_MUNICIPIOS": 1}, "geometry": {"type": "Polygon", "coordinates": [[[-69.9748, 18.54527], [-69.97204, 18.54578], [-69.972, 18.54434], [-69.96836, 18.54449], [-69.96608, 18.54131], [-69.96382, 18.54102], [-69.96187, 18.53948], [-69.96145, 18.53807], [-69.96208, 18.53668], [-69.95998, 18.53576], [-69.95911, 18.53201], [-69.96062, 18.52891], [-69.96019, 18.52265], [-69.9593, 18.52119], [-69.95696, 18.51902], [-69.94953, 18.51477], [-69.94712, 18.51393], [-69.94577, 18.514], [-69.94089, 18.51931], [-69.93916, 18.52039], [-69.9363, 18.52078], [-69.93476, 18.52028], [-69.93246, 18.5186], [-69.9324, 18.51654], [-69.93056, 18.51418], [-69.92666, 18.51179], [-69.92145, 18.50958], [-69.91746, 18.51034], [-69.91535, 18.5113], [-69.91313, 18.51131], [-69.90899, 18.50963], [-69.90648, 18.50968], [-69.90247, 18.51087], [-69.89755, 18.51443], [-69.8912, 18.51249], [-69.8878, 18.5122], [-69.87827, 18.50762], [-69.87595, 18.50469], [-69.87495, 18.50216], [-69.87463, 18.49944], [-69.87503, 18.49787], [-69.8767, 18.49514], [-69.88181, 18.49005], [-69.88261, 18.48739], [-69.88274, 18.48243], [-69.88047, 18.47159], [-69.88157, 18.46946], [-69.8836, 18.46829], [-69.88394, 18.46688], [-69.88633, 18.46813], [-69.888, 18.46711], [-69.88911, 18.46705], [-69.88931, 18.46657], [-69.88961, 18.46695], [-69.89076, 18.46642], [-69.89214, 18.46515], [-69.89116, 18.46395], [-69.89345, 18.46446], [-69.89512, 18.46369], [-69.89627, 18.46291], [-69.89694, 18.46164], [-69.90049, 18.4602], [-69.90265, 18.45842], [-69.90837, 18.45666], [-69.91253, 18.45639], [-69.91574, 18.45556], [-69.91806, 18.45376], [-69.91951, 18.45329], [-69.92031, 18.45213], [-69.92093, 18.45232], [-69.92068, 18.45192], [-69.92213, 18.45046], [-69.92267, 18.44918], [-69.92248, 18.44823], [-69.92302, 18.44716], [-69.92746, 18.44258], [-69.92988, 18.4415], [-69.93031, 18.44072], [-69.93477, 18.43794], [-69.93575, 18.43751], [-69.93689, 18.43768], [-69.93854, 18.43659], [-69.9396, 18.43658], [-69.9415, 18.43522], [-69.94329, 18.43475], [-69.94377, 18.43383], [-69.95187, 18.43173], [-69.95392, 18.43205], [-69.95578, 18.43105], [-69.95905, 18.43038], [-69.95954, 18.42976], [-69.96083, 18.42992], [-69.96339, 18.4284], [-69.96511, 18.42831], [-69.96546, 18.42786], [-69.96606, 18.42819], [-69.96755, 18.4271], [-69.96832, 18.42745], [-69.97134, 18.42637], [-69.97791, 18.42603], [-69.97897, 18.42659], [-69.98039, 18.42588], [-69.98223, 18.42603], [-69.9829, 18.42503], [-69.98624, 18.42409], [-69.98873, 18.42274], [-69.98902, 18.42553], [-69.99031, 18.42785], [-69.99014, 18.4291], [-69.98437, 18.43404], [-69.97968, 18.43966], [-69.9777, 18.44239], [-69.97567, 18.44777], [-69.97311, 18.44982], [-69.97386, 18.45036], [-69.97395, 18.45125], [-69.97212, 18.45392], [-69.96902, 18.46223], [-69.96763, 18.47898], [-69.96992, 18.4792], [-69.9718, 18.4802], [-69.98231, 18.49026], [-69.99886, 18.50277], [-69.99866, 18.50381], [-69.99927, 18.5053], [-69.99681, 18.50776], [-69.9923, 18.50745], [-69.99141, 18.51027], [-69.98959, 18.51206], [-69.98962, 18.52347], [-69.99283, 18.52331], [-69.99527, 18.52725], [-69.99208, 18.53031], [-69.99014, 18.53052], [-69.99032, 18.53331], [-69.99214, 18.53506], [-69.9898, 18.53602], [-69.99107, 18.54006], [-69.99192, 18.54136], [-69.98937, 18.54314], [-69.98679, 18.54259], [-69.98667, 18.54416], [-69.98207, 18.5429], [-69.98057, 18.54758], [-69.9748, 18.54527]]]}}, {"type": "Feature", "properties": {"COD_PROV": "02", "PROVINCIA": "AZUA", "NOMBRE": "Azua", "N_MUNICIPIOS": 10}, "geometry": {"type": "Polygon", "coordinates": [[[-70.86467, 19.00247], [-70.86151, 19.00112], [-70.8605, 19.00166], [-70.85352, 19.00013], [-70.8516, 18.99919], [-70.8502, 18.9945], [-70.84816, 18.99302], [-70.84444, 18.99167], [-70.84297, 18.99072], [-70.84194, 18.98913], [-70.83772, 18.98924], [-70.84029, 18.9862], [-70.84082, 18.9834], [-70.84544, 18.98185], [-70.84608, 18.97873], [-70.84372, 18.97767], [-70.84438, 18.97617], [-70.84436, 18.97393], [-70.84574, 18.97165], [-70.84583, 18.96921], [-70.8472, 18.96874], [-70.84764, 18.96609], [-70.84414, 18.96442], [-70.8439, 18.96303], [-70.84468, 18.96217], [-70.84319, 18.96004], [-70.84375, 18.95767], [-70.84217, 18.95744], [-70.84169, 18.95687], [-70.84247, 18.95632], [-70.84148, 18.95371], [-70.83906, 18.95318], [-70.83798, 18.9541], [-70.83275, 18.95169], [-70.83364, 18.9504], [-70.83288, 18.94968], [-70.83159, 18.94594], [-70.8319, 18.94258], [-70.83102, 18.93959], [-70.82911, 18.93852], [-70.82808, 18.93841], [-70.82697, 18.93892], [-70.82624, 18.93807], [-70.82574, 18.93652], [-70.82639, 18.93436], [-70.82562, 18.93276], [-70.82717, 18.93244], [-70.82877, 18.93352], [-70.82934, 18.93323], [-70.82913, 18.93273], [-70.83025, 18.93031], [-70.83019, 18.92902], [-70.8308, 18.92827], [-70.83227, 18.93009], [-70.8343, 18.93004], [-70.83602, 18.93131], [-70.83686, 18.92852], [-70.83955, 18.92894], [-70.84056, 18.92714], [-70.84055, 18.92639], [-70.83933, 18.92517], [-70.83888, 18.92161], [-70.83716, 18.91886], [-70.83793, 18.91715], [-70.83822, 18.9132], [-70.83948, 18.91302], [-70.84024, 18.91169], [-70.83995, 18.91046], [-70.83831, 18.90805], [-70.83822, 18.90617], [-70.83951, 18.90603], [-70.83984, 18.90652], [-70.84052, 18.90613], [-70.83964, 18.90428], [-70.83811, 18.90284], [-70.83775, 18.90153], [-70.83803, 18.89938], [-70.83889, 18.89947], [-70.83904, 18.89892], [-70.83851, 18.89647], [-70.83589, 18.89453], [-70.83511, 18.89099], [-70.83561, 18.88537], [-70.83615, 18.88378], [-70.83734, 18.88251], [-70.83732, 18.88116], [-70.83397, 18.87617], [-70.82961, 18.87366], [-70.82655, 18.87004], [-70.82575, 18.86726], [-70.82305, 18.86281], [-70.82155, 18.85881], [-70.82116, 18.85589], [-70.82143, 18.85418], [-70.81924, 18.84566], [-70.81933, 18.84373], [-70.81849, 18.84139], [-70.81662, 18.83846], [-70.81598, 18.83776], [-70.80613, 18.83319], [-70.79993, 18.83262], [-70.79621, 18.82951], [-70.79247, 18.8277], [-70.7856, 18.82749], [-70.78259, 18.82418], [-70.78285, 18.82301], [-70.78116, 18.81893], [-70.77965, 18.8155], [-70.77837, 18.81419], [-70.7758, 18.80836], [-70.77242, 18.80443], [-70.77052, 18.80141], [-70.76915, 18.79655], [-70.76723, 18.793], [-70.76592, 18.7885], [-70.76344, 18.7832], [-70.75877, 18.77928], [-70.75541, 18.77242], [-70.75258, 18.77126], [-70.7421, 18.77181], [-70.73344, 18.77145], [-70.72337, 18.76976], [-70.71393, 18.76661], [-70.70969, 18.76665], [-70.70538, 18.76988], [-70.70035, 18.77507], [-70.69981, 18.77502], [-70.69868, 18.7746], [-70.69742, 18.77239], [-70.69685, 18.76823], [-70.69637, 18.7675], [-70.69254, 18.76562], [-70.69223, 18.76152], [-70.68547, 18.75864], [-70.68398, 18.75726], [-70.68284, 18.75292], [-70.6826, 18.74877], [-70.68352, 18.74489], [-70.68486, 18.74278], [-70.68388, 18.73918], [-70.68517, 18.73727], [-70.68776, 18.73575], [-70.68881, 18.73264], [-70.68716, 18.72952], [-70.68314, 18.72479], [-70.68269, 18.7232], [-70.68277, 18.72029], [-70.68185, 18.71803], [-70.67846, 18.71362], [-70.67837, 18.7112], [-70.68199, 18.70575], [-70.6875, 18.70365], [-70.68784, 18.70284], [-70.68732, 18.6991], [-70.68915, 18.6966], [-70.68956, 18.69371], [-70.69094, 18.69264], [-70.6916, 18.68991], [-70.69401, 18.68873], [-70.69608, 18.68526], [-70.69533, 18.6851], [-70.69211, 18.68646], [-70.69034, 18.68472], [-70.68913, 18.68573], [-70.68755, 18.6845], [-70.68664, 18.68465], [-70.68608, 18.68413], [-70.68335, 18.68359], [-70.67958, 18.68062], [-70.67864, 18.67975], [-70.67775, 18.67611], [-70.67516, 18.67264], [-70.67665, 18.67166], [-70.67374, 18.66919], [-70.67326, 18.66707], [-70.66832, 18.6643], [-70.66452, 18.65985], [-70.66147, 18.65426], [-70.66173, 18.65154], [-70.66338, 18.64918], [-70.6633, 18.6484], [-70.66188, 18.64666], [-70.66375, 18.64377], [-70.66288, 18.64307], [-70.66428, 18.64218], [-70.66356, 18.64064], [-70.66226, 18.64033], [-70.66247, 18.63882], [-70.66187, 18.63809], [-70.66269, 18.63666], [-70.66256, 18.63585], [-70.65994, 18.63266], [-70.66126, 18.63156], [-70.66241, 18.62777], [-70.66135, 18.62611], [-70.66261, 18.62524], [-70.66268, 18.6226], [-70.6616, 18.62158], [-70.66508, 18.61834], [-70.66561, 18.61749], [-70.66553, 18.61624], [-70.66615, 18.6162], [-70.66617, 18.61514], [-70.6667, 18.61462], [-70.66759, 18.61491], [-70.66805, 18.61452], [-70.67003, 18.61023], [-70.66992, 18.60907], [-70.66765, 18.60656], [-70.66771, 18.60586], [-70.66916, 18.60548], [-70.66873, 18.60464], [-70.66921, 18.60342], [-70.6734, 18.60006], [-70.67366, 18.59904], [-70.67149, 18.59614], [-70.67103, 18.59376], [-70.6694, 18.5934], [-70.66743, 18.59091], [-70.66528, 18.58926], [-70.66303, 18.58945], [-70.66261, 18.58575], [-70.66192, 18.5848], [-70.66136, 18.58558], [-70.65954, 18.58542], [-70.6587, 18.58304], [-70.65808, 18.58352], [-70.65751, 18.58245], [-70.65625, 18.5824], [-70.65467, 18.58092], [-70.64997, 18.58066], [-70.64438, 18.57531], [-70.6432, 18.57504], [-70.64001, 18.57605], [-70.63982, 18.57436], [-70.63659, 18.57252], [-70.63613, 18.57037], [-70.63529, 18.56977], [-70.63367, 18.56955], [-70.63336, 18.56784], [-70.63267, 18.56719], [-70.62906, 18.56566], [-70.62904, 18.56331], [-70.6277, 18.56229], [-70.62516, 18.5588], [-70.62584, 18.55716], [-70.62563, 18.55599], [-70.62708, 18.55363], [-70.6272, 18.55099], [-70.62566, 18.55011], [-70.6237, 18.54615], [-70.62064, 18.54794], [-70.61897, 18.54739], [-70.61846, 18.54462], [-70.61738, 18.54341], [-70.61693, 18.5409], [-70.61499, 18.53894], [-70.61542, 18.53816], [-70.6142, 18.53698], [-70.61366, 18.53493], [-70.61149, 18.53199], [-70.60984, 18.53061], [-70.60879, 18.52999], [-70.60769, 18.53085], [-70.60617, 18.53085], [-70.60214, 18.53361], [-70.59883, 18.53431], [-70.59708, 18.53572], [-70.59517, 18.53592], [-70.5926, 18.53543], [-70.591, 18.53379], [-70.58543, 18.53178], [-70.58594, 18.52873], [-70.58486, 18.52712], [-70.58649, 18.52579], [-70.58432, 18.52373], [-70.58414, 18.52208], [-70.58185, 18.52236], [-70.58074, 18.52344], [-70.57801, 18.52261], [-70.57689, 18.52322], [-70.574, 18.52312], [-70.57216, 18.52395], [-70.5698, 18.52354], [-70.56646, 18.52169], [-70.56571, 18.52196], [-70.56395, 18.5208], [-70.5611, 18.5206], [-70.5604, 18.51948], [-70.55994, 18.51669], [-70.55787, 18.51377], [-70.55599, 18.51246], [-70.55503, 18.51248], [-70.55464, 18.51303], [-70.5543, 18.516], [-70.55354, 18.51756], [-70.55274, 18.51831], [-70.55122, 18.51835], [-70.55201, 18.51568], [-70.54922, 18.51458], [-70.54572, 18.50761], [-70.54387, 18.50708], [-70.54302, 18.50438], [-70.54158, 18.50409], [-70.54058, 18.5032], [-70.53816, 18.50275], [-70.53551, 18.49825], [-70.53454, 18.49735], [-70.53265, 18.49762], [-70.5308, 18.49648], [-70.52888, 18.49952], [-70.52758, 18.50019], [-70.52629, 18.49799], [-70.52687, 18.49617], [-70.52662, 18.4954], [-70.52476, 18.49367], [-70.52321, 18.49356], [-70.52211, 18.49451], [-70.51746, 18.49413], [-70.51297, 18.49621], [-70.51018, 18.49335], [-70.50759, 18.49277], [-70.50503, 18.49115], [-70.50546, 18.48954], [-70.50667, 18.48797], [-70.50576, 18.48596], [-70.50659, 18.48434], [-70.50793, 18.48382], [-70.51044, 18.48397], [-70.51186, 18.48322], [-70.51214, 18.48239], [-70.51144, 18.48043], [-70.51152, 18.47923], [-70.51275, 18.4776], [-70.51232, 18.47294], [-70.51205, 18.47203], [-70.51089, 18.47159], [-70.51062, 18.47256], [-70.50924, 18.47346], [-70.50884, 18.47326], [-70.50754, 18.47051], [-70.50591, 18.46919], [-70.50484, 18.46709], [-70.50301, 18.46969], [-70.50154, 18.4695], [-70.501, 18.46868], [-70.5023, 18.46475], [-70.50143, 18.45995], [-70.50361, 18.45811], [-70.50387, 18.45609], [-70.50335, 18.45462], [-70.50256, 18.45456], [-70.50136, 18.45532], [-70.49981, 18.45531], [-70.49855, 18.45469], [-70.49869, 18.45303], [-70.4982, 18.45298], [-70.49713, 18.45407], [-70.4963, 18.45328], [-70.49692, 18.45071], [-70.49845, 18.44801], [-70.49824, 18.447], [-70.49494, 18.44581], [-70.4945, 18.44449], [-70.49445, 18.44333], [-70.49607, 18.43971], [-70.49638, 18.43553], [-70.49593, 18.43329], [-70.49376, 18.42792], [-70.4944, 18.42763], [-70.48718, 18.42349], [-70.48009, 18.42106], [-70.47374, 18.41709], [-70.47068, 18.41382], [-70.46938, 18.40997], [-70.46968, 18.40571], [-70.47124, 18.40039], [-70.4704, 18.39512], [-70.47147, 18.39259], [-70.4735, 18.38969], [-70.47386, 18.38821], [-70.47333, 18.38481], [-70.47406, 18.38344], [-70.47773, 18.3798], [-70.47943, 18.37707], [-70.48677, 18.36802], [-70.48645, 18.36705], [-70.48843, 18.3631], [-70.4902, 18.35661], [-70.49052, 18.35075], [-70.48817, 18.34403], [-70.48775, 18.338], [-70.48795, 18.33105], [-70.48718, 18.32834], [-70.48682, 18.32357], [-70.48822, 18.31845], [-70.49111, 18.31161], [-70.49324, 18.30317], [-70.49503, 18.30008], [-70.4968, 18.29486], [-70.49825, 18.29197], [-70.50241, 18.2884], [-70.50492, 18.28798], [-70.512, 18.28906], [-70.51471, 18.28777], [-70.5181, 18.2841], [-70.52355, 18.2814], [-70.53698, 18.28147], [-70.5395, 18.2818], [-70.54109, 18.28286], [-70.54426, 18.28292], [-70.54855, 18.282], [-70.55712, 18.28193], [-70.55852, 18.28156], [-70.56334, 18.27867], [-70.56791, 18.27863], [-70.57342, 18.27975], [-70.5801, 18.27955], [-70.5818, 18.27843], [-70.5847, 18.275], [-70.58799, 18.2727], [-70.58914, 18.27346], [-70.59204, 18.278], [-70.59224, 18.28774], [-70.58931, 18.29307], [-70.58695, 18.29571], [-70.5831, 18.30179], [-70.58271, 18.30516], [-70.58091, 18.30918], [-70.57897, 18.31018], [-70.57409, 18.31022], [-70.5726, 18.31133], [-70.57193, 18.31354], [-70.57158, 18.31779], [-70.57232, 18.32879], [-70.57479, 18.33268], [-70.57536, 18.34076], [-70.57516, 18.34961], [-70.57373, 18.35179], [-70.57109, 18.352], [-70.57038, 18.35344], [-70.56983, 18.35852], [-70.57104, 18.36244], [-70.5703, 18.36464], [-70.57092, 18.36811], [-70.57051, 18.36967], [-70.57095, 18.37187], [-70.57202, 18.37347], [-70.57393, 18.37626], [-70.57605, 18.37785], [-70.57852, 18.38162], [-70.57893, 18.38904], [-70.57955, 18.3912], [-70.57912, 18.39401], [-70.57993, 18.39866], [-70.58121, 18.39978], [-70.58104, 18.40396], [-70.58181, 18.40592], [-70.58798, 18.41306], [-70.60117, 18.41902], [-70.61454, 18.4222], [-70.6174, 18.42137], [-70.61959, 18.42167], [-70.6204, 18.42113], [-70.61943, 18.41939], [-70.61988, 18.41901], [-70.62393, 18.41881], [-70.625, 18.41991], [-70.62445, 18.42169], [-70.62477, 18.42199], [-70.6265, 18.42194], [-70.62702, 18.421], [-70.62752, 18.42096], [-70.62809, 18.42249], [-70.63101, 18.42306], [-70.63507, 18.4256], [-70.63798, 18.42565], [-70.64021, 18.42733], [-70.6495, 18.42782], [-70.65232, 18.42769], [-70.65546, 18.42685], [-70.6562, 18.42812], [-70.65854, 18.42805], [-70.66226, 18.4293], [-70.66353, 18.43114], [-70.67262, 18.43117], [-70.68352, 18.42944], [-70.68981, 18.42737], [-70.69098, 18.42627], [-70.69155, 18.42382], [-70.68889, 18.42129], [-70.68857, 18.42038], [-70.68911, 18.41951], [-70.69071, 18.42018], [-70.69208, 18.41984], [-70.69261, 18.41748], [-70.69427, 18.41576], [-70.69782, 18.41434], [-70.70083, 18.41405], [-70.70205, 18.41345], [-70.7025, 18.41235], [-70.70343, 18.41218], [-70.705, 18.41325], [-70.70613, 18.41284], [-70.70851, 18.41125], [-70.71087, 18.40848], [-70.70927, 18.40664], [-70.709, 18.40521], [-70.71025, 18.40258], [-70.71018, 18.40141], [-70.70925, 18.4004], [-70.70729, 18.39983], [-70.70646, 18.39908], [-70.70657, 18.39788], [-70.70769, 18.39717], [-70.70828, 18.39557], [-70.70707, 18.39464], [-70.70541, 18.39209], [-70.70594, 18.39001], [-70.70563, 18.38789], [-70.70352, 18.38755], [-70.70314, 18.38703], [-70.7033, 18.38245], [-70.70769, 18.37546], [-70.70903, 18.37508], [-70.7091, 18.37308], [-70.71012, 18.37208], [-70.71207, 18.3685], [-70.71326, 18.36806], [-70.71467, 18.36556], [-70.71721, 18.36316], [-70.72041, 18.3615], [-70.72308, 18.36126], [-70.72358, 18.36068], [-70.72366, 18.35769], [-70.72693, 18.3548], [-70.72962, 18.35413], [-70.73338, 18.35193], [-70.7372, 18.35053], [-70.73975, 18.34869], [-70.73999, 18.34785], [-70.74171, 18.34775], [-70.74364, 18.34673], [-70.74401, 18.34592], [-70.74817, 18.34589], [-70.75434, 18.34784], [-70.75464, 18.34828], [-70.7561, 18.34798], [-70.75986, 18.34899], [-70.76276, 18.3484], [-70.76463, 18.34879], [-70.76792, 18.34755], [-70.77485, 18.34604], [-70.77629, 18.34671], [-70.77678, 18.34602], [-70.77607, 18.34567], [-70.77636, 18.34522], [-70.78254, 18.34533], [-70.78808, 18.34411], [-70.79182, 18.34383], [-70.79368, 18.34406], [-70.79643, 18.34576], [-70.79639, 18.3467], [-70.79387, 18.34909], [-70.7957, 18.35206], [-70.79973, 18.35353], [-70.80405, 18.35347], [-70.80715, 18.35217], [-70.81143, 18.34904], [-70.81141, 18.34677], [-70.80992, 18.3455], [-70.80974, 18.34435], [-70.81036, 18.3413], [-70.81307, 18.33939], [-70.81632, 18.33936], [-70.81698, 18.33897], [-70.81974, 18.34039], [-70.82017, 18.3402], [-70.81891, 18.3381], [-70.81913, 18.33642], [-70.81987, 18.33528], [-70.82178, 18.33392], [-70.82218, 18.33277], [-70.82333, 18.33275], [-70.82835, 18.32953], [-70.8302, 18.32968], [-70.8318, 18.33185], [-70.83142, 18.33259], [-70.83046, 18.33272], [-70.82982, 18.3334], [-70.82939, 18.33499], [-70.83093, 18.33471], [-70.83115, 18.33363], [-70.83242, 18.33286], [-70.83523, 18.33365], [-70.83576, 18.33451], [-70.83557, 18.33518], [-70.83147, 18.33738], [-70.83163, 18.34008], [-70.82987, 18.34172], [-70.82876, 18.34198], [-70.82885, 18.34309], [-70.83051, 18.34403], [-70.8329, 18.34457], [-70.83384, 18.34686], [-70.83494, 18.34737], [-70.8358, 18.34647], [-70.83699, 18.34697], [-70.83763, 18.34807], [-70.83954, 18.34826], [-70.84158, 18.34766], [-70.84258, 18.3466], [-70.84293, 18.34449], [-70.84456, 18.34179], [-70.84719, 18.34111], [-70.85052, 18.34186], [-70.85241, 18.34099], [-70.85346, 18.33903], [-70.85396, 18.33544], [-70.85667, 18.3352], [-70.85802, 18.33363], [-70.8589, 18.33164], [-70.86223, 18.32955], [-70.8648, 18.32623], [-70.86639, 18.32317], [-70.86647, 18.32245], [-70.86577, 18.32223], [-70.86573, 18.32151], [-70.86756, 18.31856], [-70.86876, 18.31454], [-70.86866, 18.31267], [-70.86696, 18.31051], [-70.86882, 18.30907], [-70.86991, 18.30726], [-70.87397, 18.30399], [-70.87491, 18.30216], [-70.87744, 18.29912], [-70.87787, 18.29775], [-70.87997, 18.29628], [-70.88, 18.29474], [-70.8805, 18.29403], [-70.88246, 18.29363], [-70.88555, 18.28928], [-70.88833, 18.28702], [-70.89075, 18.28607], [-70.89288, 18.28324], [-70.89576, 18.28123], [-70.89643, 18.27982], [-70.89872, 18.27879], [-70.90009, 18.27746], [-70.90052, 18.27552], [-70.9014, 18.2756], [-70.90249, 18.2748], [-70.90327, 18.27391], [-70.90339, 18.27294], [-70.9056, 18.27279], [-70.90604, 18.27156], [-70.90733, 18.27115], [-70.9086, 18.26947], [-70.91088, 18.26826], [-70.91147, 18.26837], [-70.91174, 18.26693], [-70.91265, 18.26635], [-70.91348, 18.26652], [-70.91429, 18.26423], [-70.92088, 18.26227], [-70.92309, 18.26221], [-70.92398, 18.25943], [-70.9255, 18.25955], [-70.92584, 18.25888], [-70.92773, 18.25838], [-70.92976, 18.25668], [-70.93128, 18.25705], [-70.93179, 18.25609], [-70.93096, 18.2551], [-70.93166, 18.2545], [-70.93334, 18.25448], [-70.93466, 18.25371], [-70.93637, 18.2539], [-70.93929, 18.25524], [-70.94002, 18.25505], [-70.94083, 18.25373], [-70.94268, 18.25459], [-70.9453, 18.25443], [-70.9468, 18.25305], [-70.94841, 18.25286], [-70.9489, 18.2518], [-70.95054, 18.2506], [-70.95339, 18.25022], [-70.95723, 18.24838], [-70.96022, 18.24892], [-70.9624, 18.25083], [-70.96553, 18.25128], [-70.96748, 18.25297], [-70.96873, 18.25722], [-70.96138, 18.26448], [-70.9602, 18.26899], [-70.95804, 18.27308], [-70.95758, 18.27579], [-70.95826, 18.27995], [-70.95726, 18.28258], [-70.95378, 18.28748], [-70.95307, 18.28964], [-70.9497, 18.29538], [-70.94775, 18.30166], [-70.94776, 18.30709], [-70.94858, 18.31073], [-70.95245, 18.31598], [-70.95819, 18.32103], [-70.96038, 18.32471], [-70.964, 18.33342], [-70.96564, 18.33584], [-70.97117, 18.34051], [-70.97197, 18.34167], [-70.97175, 18.34477], [-70.97376, 18.34598], [-70.97602, 18.34927], [-70.97775, 18.34695], [-70.9787, 18.34745], [-70.97968, 18.34927], [-70.97969, 18.35007], [-70.97912, 18.35044], [-70.98023, 18.35288], [-70.9798, 18.35386], [-70.97998, 18.35529], [-70.98281, 18.35821], [-70.98646, 18.36078], [-70.99295, 18.36391], [-71.00771, 18.36774], [-71.0165, 18.37348], [-71.02749, 18.37852], [-71.03003, 18.37676], [-71.03162, 18.3764], [-71.03633, 18.37743], [-71.0379, 18.37894], [-71.04202, 18.38851], [-71.04664, 18.39448], [-71.04705, 18.3961], [-71.04699, 18.4031], [-71.04459, 18.40382], [-71.03384, 18.40411], [-71.03065, 18.40482], [-71.02845, 18.40646], [-71.01943, 18.41046], [-71.01811, 18.412], [-71.01648, 18.41613], [-71.01651, 18.41837], [-71.0183, 18.42319], [-71.01883, 18.42787], [-71.01721, 18.43541], [-71.01194, 18.44139], [-71.01082, 18.44412], [-71.01048, 18.44731], [-71.00532, 18.45363], [-71.005, 18.45578], [-71.0053, 18.45682], [-71.00795, 18.46037], [-71.00741, 18.46193], [-71.00374, 18.46438], [-70.99734, 18.46733], [-70.99565, 18.46915], [-70.99575, 18.47199], [-70.99677, 18.475], [-70.99548, 18.4818], [-70.9952, 18.48598], [-70.99571, 18.48789], [-70.99768, 18.49164], [-70.99946, 18.4929], [-71.00214, 18.4927], [-71.00829, 18.49045], [-71.01121, 18.49028], [-71.01979, 18.49144], [-71.02738, 18.49045], [-71.0249, 18.49234], [-71.02495, 18.49316], [-71.02547, 18.4941], [-71.02863, 18.49503], [-71.03099, 18.4974], [-71.03285, 18.49699], [-71.03248, 18.49632], [-71.03305, 18.49629], [-71.03328, 18.49572], [-71.03424, 18.4959], [-71.03427, 18.49647], [-71.03964, 18.49599], [-71.04186, 18.49748], [-71.04269, 18.49626], [-71.04474, 18.49664], [-71.04561, 18.49576], [-71.04754, 18.49513], [-71.048, 18.49669], [-71.04967, 18.49792], [-71.05381, 18.4983], [-71.05477, 18.498], [-71.05666, 18.49848], [-71.05752, 18.50005], [-71.05727, 18.50306], [-71.05469, 18.5048], [-71.04784, 18.50497], [-71.04634, 18.50585], [-71.04488, 18.50606], [-71.0407, 18.50245], [-71.03859, 18.50155], [-71.03552, 18.50306], [-71.0335, 18.5048], [-71.03395, 18.50806], [-71.03931, 18.51295], [-71.04228, 18.51714], [-71.04255, 18.51916], [-71.04193, 18.52165], [-71.04016, 18.52393], [-71.03733, 18.52551], [-71.03478, 18.52597], [-71.0316, 18.52573], [-71.02901, 18.52499], [-71.02714, 18.52336], [-71.02198, 18.51844], [-71.02076, 18.51637], [-71.01931, 18.51359], [-71.01894, 18.50914], [-71.01724, 18.50701], [-71.01593, 18.50405], [-71.01475, 18.50322], [-71.01123, 18.5022], [-71.00924, 18.50249], [-71.00896, 18.50296], [-71.00875, 18.50799], [-71.00722, 18.51022], [-71.00697, 18.51141], [-71.00074, 18.51113], [-70.99563, 18.51382], [-70.99306, 18.51355], [-70.98825, 18.51426], [-70.9875, 18.51609], [-70.98477, 18.51956], [-70.98599, 18.52578], [-70.98658, 18.52678], [-70.98814, 18.52788], [-70.99409, 18.52894], [-70.99743, 18.53178], [-71.00014, 18.53171], [-71.00846, 18.53406], [-71.01938, 18.53953], [-71.02363, 18.54209], [-71.02724, 18.54512], [-71.02839, 18.54644], [-71.02873, 18.5488], [-71.02928, 18.54894], [-71.03115, 18.54765], [-71.03295, 18.54749], [-71.03575, 18.54626], [-71.03857, 18.54638], [-71.04132, 18.54717], [-71.04353, 18.54842], [-71.0465, 18.54831], [-71.04835, 18.55217], [-71.0507, 18.55267], [-71.05323, 18.55421], [-71.05526, 18.55352], [-71.058, 18.55379], [-71.06156, 18.55651], [-71.06642, 18.55698], [-71.07076, 18.56007], [-71.07225, 18.56065], [-71.07554, 18.56032], [-71.07864, 18.55767], [-71.07951, 18.55848], [-71.08024, 18.56049], [-71.08221, 18.56159], [-71.08467, 18.56432], [-71.08625, 18.56535], [-71.08734, 18.56526], [-71.0882, 18.56382], [-71.09385, 18.55967], [-71.09926, 18.55983], [-71.10115, 18.56108], [-71.10258, 18.56278], [-71.1043, 18.56246], [-71.10576, 18.56044], [-71.10766, 18.55901], [-71.11137, 18.56067], [-71.11435, 18.56079], [-71.11621, 18.56149], [-71.1197, 18.56089], [-71.12106, 18.56134], [-71.12233, 18.56237], [-71.12307, 18.56394], [-71.12817, 18.56722], [-71.13278, 18.57136], [-71.13763, 18.57373], [-71.14136, 18.57621], [-71.14329, 18.57974], [-71.1459, 18.58214], [-71.14589, 18.58973], [-71.14833, 18.59185], [-71.15188, 18.59285], [-71.15282, 18.59419], [-71.15411, 18.59723], [-71.15433, 18.59893], [-71.15379, 18.60032], [-71.15837, 18.60726], [-71.16147, 18.61466], [-71.16156, 18.61912], [-71.16019, 18.62209], [-71.15769, 18.62191], [-71.15132, 18.62282], [-71.14991, 18.62343], [-71.14622, 18.62666], [-71.14231, 18.62708], [-71.14004, 18.62788], [-71.13833, 18.62939], [-71.13463, 18.63833], [-71.13132, 18.64167], [-71.12937, 18.64198], [-71.12528, 18.6396], [-71.1223, 18.63887], [-71.11963, 18.63881], [-71.11554, 18.64055], [-71.11339, 18.64091], [-71.10766, 18.64401], [-71.10713, 18.64407], [-71.10679, 18.6435], [-71.10512, 18.64384], [-71.1048, 18.6442], [-71.10528, 18.64601], [-71.10392, 18.64603], [-71.10227, 18.64723], [-71.10181, 18.64957], [-71.10088, 18.64928], [-71.10026, 18.64975], [-71.10031, 18.6503], [-71.10181, 18.65115], [-71.10122, 18.65216], [-71.10159, 18.65312], [-71.10092, 18.65389], [-71.1005, 18.65725], [-71.09849, 18.6593], [-71.09661, 18.65936], [-71.09589, 18.66122], [-71.09408, 18.66262], [-71.0951, 18.66329], [-71.09485, 18.66433], [-71.0932, 18.66476], [-71.09233, 18.66403], [-71.0914, 18.66401], [-71.09005, 18.66617], [-71.09047, 18.66702], [-71.09003, 18.66787], [-71.08945, 18.6683], [-71.08824, 18.6679], [-71.08697, 18.66816], [-71.08544, 18.6708], [-71.08502, 18.67283], [-71.08551, 18.67418], [-71.08405, 18.67654], [-71.08465, 18.67801], [-71.083, 18.68005], [-71.08189, 18.68326], [-71.08047, 18.68561], [-71.07966, 18.68624], [-71.07925, 18.69006], [-71.07862, 18.69208], [-71.07757, 18.6935], [-71.07487, 18.69516], [-71.07225, 18.69544], [-71.07124, 18.69498], [-71.07073, 18.69334], [-71.0721, 18.68613], [-71.07461, 18.68373], [-71.07638, 18.68087], [-71.07694, 18.67841], [-71.0764, 18.6776], [-71.07654, 18.67686], [-71.07556, 18.67747], [-71.07266, 18.67704], [-71.06792, 18.67396], [-71.06697, 18.67428], [-71.06365, 18.67983], [-71.06287, 18.68045], [-71.06073, 18.67952], [-71.05875, 18.67804], [-71.05817, 18.67701], [-71.05515, 18.67565], [-71.05319, 18.67585], [-71.05162, 18.67796], [-71.0504, 18.68225], [-71.04972, 18.69169], [-71.04705, 18.69458], [-71.0466, 18.69633], [-71.04712, 18.70166], [-71.04645, 18.70238], [-71.0485, 18.70476], [-71.04842, 18.70945], [-71.04679, 18.71144], [-71.0424, 18.71327], [-71.04005, 18.71589], [-71.03823, 18.72044], [-71.03828, 18.72433], [-71.04556, 18.73624], [-71.04931, 18.74618], [-71.05127, 18.74694], [-71.05211, 18.74801], [-71.05286, 18.75128], [-71.05285, 18.75457], [-71.05407, 18.75563], [-71.05331, 18.75749], [-71.0486, 18.7593], [-71.04414, 18.76515], [-71.04417, 18.76723], [-71.0431, 18.76888], [-71.03955, 18.77234], [-71.0366, 18.77356], [-71.0363, 18.77519], [-71.03399, 18.77746], [-71.03405, 18.78032], [-71.033, 18.78122], [-71.03302, 18.78267], [-71.03199, 18.78491], [-71.02992, 18.78783], [-71.02931, 18.78366], [-71.02704, 18.77699], [-71.02467, 18.77464], [-71.01838, 18.77128], [-71.01492, 18.76879], [-71.01364, 18.76628], [-71.01217, 18.76109], [-71.01044, 18.75947], [-71.00932, 18.75755], [-71.01038, 18.75222], [-71.00939, 18.75002], [-71.00334, 18.74892], [-71.00116, 18.7501], [-71.00072, 18.75067], [-70.99999, 18.75571], [-70.99891, 18.758], [-70.99719, 18.75933], [-70.99637, 18.76074], [-70.98804, 18.76407], [-70.98703, 18.76269], [-70.98666, 18.76275], [-70.98713, 18.76452], [-70.98595, 18.76585], [-70.98532, 18.76756], [-70.98463, 18.77138], [-70.98482, 18.77935], [-70.98321, 18.78383], [-70.98076, 18.78649], [-70.97746, 18.78878], [-70.97523, 18.79306], [-70.97203, 18.79623], [-70.97253, 18.80035], [-70.97315, 18.80116], [-70.97356, 18.80373], [-70.97223, 18.80575], [-70.97307, 18.80848], [-70.97517, 18.81145], [-70.97402, 18.81725], [-70.97497, 18.81914], [-70.97844, 18.82393], [-70.984, 18.82897], [-70.98625, 18.83298], [-70.98601, 18.83422], [-70.98685, 18.83503], [-70.98721, 18.83856], [-70.98837, 18.84185], [-70.99085, 18.84446], [-70.99121, 18.84781], [-70.9917, 18.84862], [-70.99288, 18.84911], [-70.99563, 18.85152], [-70.99574, 18.85228], [-70.99443, 18.85407], [-70.99447, 18.85712], [-70.99759, 18.85972], [-70.99776, 18.86079], [-70.99772, 18.86202], [-70.99522, 18.86268], [-70.99363, 18.86458], [-70.99474, 18.87356], [-70.99731, 18.88024], [-70.99775, 18.88339], [-70.99761, 18.89056], [-70.99704, 18.89473], [-70.99592, 18.89796], [-70.9949, 18.89914], [-70.99313, 18.89922], [-70.99064, 18.89859], [-70.98828, 18.89899], [-70.98614, 18.90194], [-70.9852, 18.90254], [-70.98104, 18.90266], [-70.97768, 18.90111], [-70.97669, 18.90156], [-70.97508, 18.9034], [-70.96721, 18.90859], [-70.96237, 18.90977], [-70.95922, 18.90976], [-70.95801, 18.90924], [-70.95594, 18.9098], [-70.95523, 18.91078], [-70.95562, 18.91311], [-70.95517, 18.9156], [-70.95353, 18.91858], [-70.95235, 18.92019], [-70.94885, 18.92292], [-70.94725, 18.92355], [-70.94275, 18.92396], [-70.94112, 18.92506], [-70.94007, 18.92519], [-70.93728, 18.92485], [-70.93515, 18.92534], [-70.92746, 18.92369], [-70.92553, 18.92361], [-70.92395, 18.92439], [-70.92169, 18.92696], [-70.92139, 18.92962], [-70.92089, 18.93046], [-70.91826, 18.93274], [-70.91763, 18.93392], [-70.9171, 18.93792], [-70.9182, 18.9408], [-70.92271, 18.9432], [-70.92457, 18.9449], [-70.92514, 18.94984], [-70.92632, 18.95254], [-70.92686, 18.95297], [-70.92873, 18.95289], [-70.93236, 18.95614], [-70.93255, 18.95884], [-70.93134, 18.96043], [-70.9281, 18.96143], [-70.92629, 18.96145], [-70.92302, 18.96021], [-70.91492, 18.96121], [-70.90836, 18.96143], [-70.90733, 18.96083], [-70.90564, 18.96166], [-70.90353, 18.96381], [-70.89863, 18.96463], [-70.88994, 18.97091], [-70.88963, 18.97178], [-70.88964, 18.97269], [-70.89084, 18.97501], [-70.8908, 18.97959], [-70.89177, 18.9823], [-70.8916, 18.98725], [-70.89274, 18.98927], [-70.89166, 18.99117], [-70.88619, 18.99126], [-70.88452, 18.992], [-70.87983, 18.995], [-70.87687, 18.99757], [-70.87492, 18.99998], [-70.87026, 19.00241], [-70.86467, 19.00247]]]}}, {"type": "Feature", "properties": {"COD_PROV": "03", "PROVINCIA": "BAORUCO", "NOMBRE": "Baoruco", "N_MUNICIPIOS": 5}, "geometry": {"type": "Polygon", "coordinates": [[[-71.5739, 18.65338], [-71.56825, 18.6537], [-71.55009, 18.64837], [-71.53795, 18.64623], [-71.53339, 18.64489], [-71.52643, 18.64197], [-71.52551, 18.64116], [-71.52498, 18.64054], [-71.52361, 18.63452], [-71.52197, 18.63249], [-71.51406, 18.62918], [-71.5053, 18.62707], [-71.49982, 18.62747], [-71.49592, 18.62533], [-71.49204, 18.62598], [-71.4873, 18.62444], [-71.48275, 18.62574], [-71.4787, 18.62324], [-71.47677, 18.62285], [-71.47498, 18.62344], [-71.47289, 18.62641], [-71.46921, 18.6281], [-71.46587, 18.62888], [-71.46022, 18.62836], [-71.45404, 18.6268], [-71.45268, 18.6263], [-71.44744, 18.62197], [-71.44501, 18.6216], [-71.43929, 18.62217], [-71.43167, 18.61859], [-71.42768, 18.61525], [-71.42326, 18.60903], [-71.42105, 18.60758], [-71.41918, 18.60768], [-71.4134, 18.61487], [-71.40802, 18.61768], [-71.4061, 18.61723], [-71.40346, 18.61486], [-71.40197, 18.61412], [-71.39647, 18.61425], [-71.39419, 18.61246], [-71.39294, 18.61052], [-71.3924, 18.60826], [-71.39332, 18.60392], [-71.3924, 18.60117], [-71.39291, 18.59825], [-71.3919, 18.59677], [-71.38825, 18.59572], [-71.38513, 18.5942], [-71.38062, 18.59459], [-71.37709, 18.59358], [-71.37228, 18.59043], [-71.36876, 18.58904], [-71.36552, 18.5916], [-71.36453, 18.59179], [-71.36039, 18.58832], [-71.35862, 18.58777], [-71.35686, 18.5881], [-71.35517, 18.58992], [-71.35457, 18.59358], [-71.3496, 18.59655], [-71.34409, 18.5983], [-71.33658, 18.60465], [-71.33102, 18.61082], [-71.32401, 18.62021], [-71.31954, 18.62408], [-71.31769, 18.62504], [-71.31505, 18.62465], [-71.30744, 18.62219], [-71.30595, 18.62087], [-71.30012, 18.61878], [-71.28916, 18.61697], [-71.28235, 18.61515], [-71.28047, 18.6136], [-71.26507, 18.61441], [-71.25334, 18.61617], [-71.2478, 18.61578], [-71.24537, 18.61671], [-71.22983, 18.62618], [-71.22117, 18.62891], [-71.21977, 18.62802], [-71.21908, 18.62457], [-71.21753, 18.6232], [-71.212, 18.62202], [-71.19859, 18.62167], [-71.19704, 18.62243], [-71.19321, 18.62641], [-71.18684, 18.62615], [-71.17724, 18.62319], [-71.17096, 18.61982], [-71.16636, 18.61994], [-71.16156, 18.61912], [-71.16147, 18.61466], [-71.15837, 18.60726], [-71.15379, 18.60032], [-71.15433, 18.59893], [-71.15411, 18.59723], [-71.15282, 18.59419], [-71.15188, 18.59285], [-71.14833, 18.59185], [-71.14589, 18.58973], [-71.1459, 18.58214], [-71.14543, 18.58142], [-71.14383, 18.5804], [-71.14136, 18.57621], [-71.14039, 18.57537], [-71.13278, 18.57136], [-71.12817, 18.56722], [-71.12307, 18.56394], [-71.12233, 18.56237], [-71.12106, 18.56134], [-71.1197, 18.56089], [-71.11621, 18.56149], [-71.11435, 18.56079], [-71.11137, 18.56067], [-71.10766, 18.55901], [-71.10576, 18.56044], [-71.1043, 18.56246], [-71.10258, 18.56278], [-71.10115, 18.56108], [-71.09926, 18.55983], [-71.09385, 18.55967], [-71.0882, 18.56382], [-71.08734, 18.56526], [-71.08625, 18.56535], [-71.08467, 18.56432], [-71.08221, 18.56159], [-71.08024, 18.56049], [-71.07951, 18.55848], [-71.07864, 18.55767], [-71.07554, 18.56032], [-71.07225, 18.56065], [-71.07076, 18.56007], [-71.06642, 18.55698], [-71.06156, 18.55651], [-71.058, 18.55379], [-71.05526, 18.55352], [-71.05323, 18.55421], [-71.0507, 18.55267], [-71.04835, 18.55217], [-71.0465, 18.54831], [-71.04353, 18.54842], [-71.04132, 18.54717], [-71.03857, 18.54638], [-71.03575, 18.54626], [-71.03295, 18.54749], [-71.03115, 18.54765], [-71.02928, 18.54894], [-71.02873, 18.5488], [-71.02839, 18.54644], [-71.02724, 18.54512], [-71.02363, 18.54209], [-71.01938, 18.53953], [-71.00846, 18.53406], [-71.00014, 18.53171], [-70.99743, 18.53178], [-70.99409, 18.52894], [-70.98749, 18.52746], [-70.98599, 18.52578], [-70.98477, 18.51956], [-70.9875, 18.51609], [-70.98825, 18.51426], [-70.99306, 18.51355], [-70.99563, 18.51382], [-71.00074, 18.51113], [-71.00697, 18.51141], [-71.00722, 18.51022], [-71.00875, 18.50799], [-71.00896, 18.50296], [-71.00924, 18.50249], [-71.01123, 18.5022], [-71.01475, 18.50322], [-71.01593, 18.50405], [-71.01724, 18.50701], [-71.01894, 18.50914], [-71.01931, 18.51359], [-71.02076, 18.51637], [-71.02198, 18.51844], [-71.02714, 18.52336], [-71.02901, 18.52499], [-71.0316, 18.52573], [-71.03478, 18.52597], [-71.03733, 18.52551], [-71.04016, 18.52393], [-71.04193, 18.52165], [-71.04255, 18.51916], [-71.04228, 18.51714], [-71.03931, 18.51295], [-71.03395, 18.50806], [-71.0335, 18.5048], [-71.03552, 18.50306], [-71.03859, 18.50155], [-71.0407, 18.50245], [-71.04488, 18.50606], [-71.04634, 18.50585], [-71.04784, 18.50497], [-71.05469, 18.5048], [-71.05727, 18.50306], [-71.05752, 18.50005], [-71.05666, 18.49848], [-71.05477, 18.498], [-71.05381, 18.4983], [-71.04967, 18.49792], [-71.048, 18.49669], [-71.0462, 18.49017], [-71.04774, 18.48516], [-71.04989, 18.48309], [-71.05115, 18.48041], [-71.05314, 18.47842], [-71.05588, 18.47756], [-71.05855, 18.47756], [-71.05824, 18.47624], [-71.05898, 18.47623], [-71.06059, 18.47663], [-71.0651, 18.47919], [-71.06753, 18.47927], [-71.06963, 18.47826], [-71.07033, 18.47659], [-71.0701, 18.47452], [-71.07063, 18.47283], [-71.07282, 18.47256], [-71.07576, 18.47392], [-71.07899, 18.47247], [-71.08243, 18.46928], [-71.0839, 18.46721], [-71.08374, 18.46523], [-71.0815, 18.46202], [-71.0814, 18.46064], [-71.08711, 18.45596], [-71.09045, 18.45558], [-71.09154, 18.45486], [-71.09744, 18.45479], [-71.10047, 18.4543], [-71.10154, 18.4546], [-71.10302, 18.45662], [-71.10486, 18.45786], [-71.10826, 18.45782], [-71.10913, 18.45701], [-71.11051, 18.45269], [-71.11291, 18.44916], [-71.11863, 18.44552], [-71.1224, 18.44393], [-71.12312, 18.44153], [-71.1242, 18.44038], [-71.12971, 18.43939], [-71.1322, 18.43799], [-71.1336, 18.43775], [-71.13807, 18.43884], [-71.14244, 18.44109], [-71.14517, 18.44057], [-71.14876, 18.43351], [-71.14836, 18.43128], [-71.14777, 18.43067], [-71.14484, 18.42985], [-71.1369, 18.43096], [-71.13542, 18.42911], [-71.13219, 18.42808], [-71.13051, 18.42689], [-71.12991, 18.4255], [-71.13106, 18.42048], [-71.13775, 18.4158], [-71.13956, 18.41499], [-71.14204, 18.41448], [-71.14891, 18.41525], [-71.15139, 18.41475], [-71.15242, 18.41294], [-71.15804, 18.40776], [-71.16059, 18.40762], [-71.163, 18.40633], [-71.16455, 18.40621], [-71.16702, 18.40512], [-71.16901, 18.4051], [-71.17029, 18.40567], [-71.17263, 18.40701], [-71.1742, 18.40895], [-71.17592, 18.40956], [-71.17978, 18.40851], [-71.18153, 18.40696], [-71.18568, 18.40084], [-71.18463, 18.39988], [-71.18492, 18.39956], [-71.18698, 18.39802], [-71.18979, 18.39835], [-71.19076, 18.39795], [-71.19194, 18.39735], [-71.19363, 18.39548], [-71.1935, 18.39216], [-71.19115, 18.38981], [-71.19179, 18.38822], [-71.19773, 18.38567], [-71.2017, 18.38045], [-71.20473, 18.37994], [-71.20577, 18.37919], [-71.2069, 18.37628], [-71.20414, 18.37219], [-71.20329, 18.36946], [-71.20568, 18.36543], [-71.20595, 18.36401], [-71.20499, 18.36277], [-71.20366, 18.36234], [-71.20279, 18.36065], [-71.20297, 18.35981], [-71.20377, 18.35967], [-71.20467, 18.35869], [-71.20523, 18.35333], [-71.2043, 18.35237], [-71.20388, 18.3508], [-71.20164, 18.34989], [-71.19856, 18.34971], [-71.19674, 18.35012], [-71.19527, 18.34916], [-71.19198, 18.34954], [-71.19146, 18.34899], [-71.19153, 18.34801], [-71.19184, 18.34717], [-71.193, 18.34633], [-71.19285, 18.34427], [-71.19525, 18.34235], [-71.19384, 18.34041], [-71.19143, 18.34085], [-71.18902, 18.33656], [-71.18611, 18.33615], [-71.18121, 18.33683], [-71.17963, 18.33502], [-71.17748, 18.33419], [-71.17638, 18.33579], [-71.17438, 18.33657], [-71.17621, 18.33985], [-71.17597, 18.34074], [-71.1747, 18.34201], [-71.17315, 18.34303], [-71.16934, 18.34323], [-71.16814, 18.34366], [-71.16681, 18.34492], [-71.16452, 18.34494], [-71.16331, 18.34542], [-71.16193, 18.34409], [-71.16162, 18.34298], [-71.16161, 18.33814], [-71.16254, 18.33459], [-71.16326, 18.33379], [-71.16498, 18.32932], [-71.16914, 18.32608], [-71.16942, 18.32524], [-71.17329, 18.32668], [-71.18677, 18.32874], [-71.19189, 18.32868], [-71.19419, 18.3276], [-71.19596, 18.32576], [-71.20481, 18.32652], [-71.21136, 18.3255], [-71.21867, 18.33125], [-71.22018, 18.33215], [-71.22279, 18.33212], [-71.22577, 18.33519], [-71.22868, 18.33692], [-71.2328, 18.33642], [-71.23469, 18.33739], [-71.23896, 18.33734], [-71.24437, 18.33983], [-71.24576, 18.34117], [-71.2484, 18.34552], [-71.24827, 18.34703], [-71.2463, 18.34794], [-71.24628, 18.3492], [-71.24938, 18.34971], [-71.25127, 18.35145], [-71.25444, 18.35121], [-71.25626, 18.35213], [-71.25692, 18.35484], [-71.26038, 18.35747], [-71.25987, 18.35921], [-71.26037, 18.36129], [-71.25961, 18.36405], [-71.26016, 18.36542], [-71.26282, 18.36493], [-71.26684, 18.36565], [-71.26791, 18.3663], [-71.26906, 18.36832], [-71.26802, 18.3743], [-71.26969, 18.37571], [-71.26831, 18.37888], [-71.26776, 18.38287], [-71.26841, 18.38372], [-71.26948, 18.38381], [-71.27122, 18.38629], [-71.27231, 18.38546], [-71.27392, 18.38702], [-71.27661, 18.38714], [-71.27696, 18.39313], [-71.29772, 18.41925], [-71.32094, 18.41888], [-71.32267, 18.41478], [-71.35599, 18.39957], [-71.37147, 18.39198], [-71.37575, 18.38445], [-71.4037, 18.37746], [-71.40622, 18.37726], [-71.40908, 18.3761], [-71.41058, 18.37495], [-71.41413, 18.37539], [-71.4162, 18.37907], [-71.41624, 18.38149], [-71.4176, 18.3826], [-71.41707, 18.39307], [-71.41981, 18.39545], [-71.42087, 18.39947], [-71.42206, 18.4001], [-71.42374, 18.39959], [-71.4253, 18.40215], [-71.42698, 18.40197], [-71.42887, 18.4042], [-71.43164, 18.41163], [-71.43423, 18.41356], [-71.43482, 18.41498], [-71.43713, 18.41699], [-71.4388, 18.41935], [-71.44227, 18.421], [-71.44249, 18.42154], [-71.44491, 18.42131], [-71.44628, 18.42231], [-71.45084, 18.423], [-71.45729, 18.4257], [-71.46047, 18.4265], [-71.46214, 18.42628], [-71.46233, 18.42502], [-71.46349, 18.42414], [-71.46474, 18.42392], [-71.46487, 18.42339], [-71.46975, 18.42459], [-71.47352, 18.4262], [-71.475, 18.4273], [-71.47677, 18.42986], [-71.47963, 18.43592], [-71.48714, 18.44721], [-71.49089, 18.44869], [-71.49272, 18.4503], [-71.49429, 18.4539], [-71.4988, 18.45692], [-71.49996, 18.45827], [-71.50186, 18.45887], [-71.50366, 18.45858], [-71.50642, 18.45918], [-71.5072, 18.46025], [-71.50974, 18.45868], [-71.51145, 18.45866], [-71.51365, 18.45953], [-71.51535, 18.45933], [-71.53041, 18.46514], [-71.55031, 18.47203], [-71.56417, 18.47585], [-71.58766, 18.48126], [-71.61508, 18.48919], [-71.61903, 18.49199], [-71.62498, 18.49476], [-71.62604, 18.49567], [-71.62971, 18.50058], [-71.63141, 18.50666], [-71.63356, 18.51694], [-71.63363, 18.52152], [-71.63323, 18.52352], [-71.63131, 18.52927], [-71.63009, 18.53137], [-71.62619, 18.53369], [-71.62346, 18.53603], [-71.6212, 18.54043], [-71.6182, 18.55126], [-71.61847, 18.55263], [-71.61704, 18.55804], [-71.61748, 18.56024], [-71.61673, 18.56396], [-71.61391, 18.57055], [-71.6133, 18.57495], [-71.61277, 18.57576], [-71.61093, 18.5766], [-71.61038, 18.57794], [-71.60874, 18.58554], [-71.60642, 18.5897], [-71.60406, 18.59222], [-71.59934, 18.59532], [-71.59674, 18.59947], [-71.59357, 18.6025], [-71.59324, 18.60369], [-71.59418, 18.60948], [-71.60959, 18.61728], [-71.61078, 18.61988], [-71.60923, 18.62361], [-71.60878, 18.6318], [-71.60584, 18.63391], [-71.60396, 18.63467], [-71.58905, 18.63695], [-71.58785, 18.6366], [-71.58282, 18.63768], [-71.5806, 18.64001], [-71.57751, 18.64199], [-71.57646, 18.64498], [-71.57478, 18.64753], [-71.5739, 18.65338]]]}}, {"type": "Feature", "properties": {"COD_PROV": "04", "PROVINCIA": "BARAHONA", "NOMBRE": "Barahona", "N_MUNICIPIOS": 11}, "geometry": {"type": "Polygon", "coordinates": [[[-71.04101, 18.49662], [-71.03836, 18.49588], [-71.03425, 18.49647], [-71.03424, 18.4959], [-71.03325, 18.49572], [-71.03305, 18.49629], [-71.03248, 18.49632], [-71.03285, 18.49699], [-71.03099, 18.4974], [-71.02863, 18.49503], [-71.02547, 18.4941], [-71.02495, 18.49316], [-71.0249, 18.49234], [-71.02738, 18.49045], [-71.01979, 18.49144], [-71.01017, 18.49031], [-71.00711, 18.49072], [-71.00214, 18.4927], [-70.99946, 18.4929], [-70.99847, 18.4924], [-70.99636, 18.48933], [-70.9952, 18.48598], [-70.99566, 18.48036], [-70.99677, 18.475], [-70.99575, 18.47199], [-70.99565, 18.46915], [-70.99734, 18.46733], [-71.00374, 18.46438], [-71.00769, 18.46142], [-71.00795, 18.46037], [-71.0053, 18.45682], [-71.005, 18.45578], [-71.00532, 18.45363], [-71.01048, 18.44731], [-71.01082, 18.44412], [-71.01194, 18.44139], [-71.01721, 18.43541], [-71.01838, 18.43044], [-71.01883, 18.42787], [-71.0183, 18.42319], [-71.01678, 18.41944], [-71.01645, 18.41729], [-71.01681, 18.41498], [-71.01811, 18.412], [-71.01943, 18.41046], [-71.02845, 18.40646], [-71.03065, 18.40482], [-71.03384, 18.40411], [-71.04459, 18.40382], [-71.04699, 18.4031], [-71.04717, 18.39777], [-71.04664, 18.39448], [-71.04202, 18.38851], [-71.0379, 18.37894], [-71.03633, 18.37743], [-71.03162, 18.3764], [-71.03003, 18.37676], [-71.02749, 18.37852], [-71.0165, 18.37348], [-71.00771, 18.36774], [-70.99295, 18.36391], [-70.98646, 18.36078], [-70.98281, 18.35821], [-70.97998, 18.35529], [-70.9798, 18.35386], [-70.98023, 18.35288], [-70.97912, 18.35044], [-70.97969, 18.35007], [-70.97968, 18.34927], [-70.9787, 18.34745], [-70.97775, 18.34695], [-70.97602, 18.34927], [-70.97376, 18.34598], [-70.97175, 18.34477], [-70.97197, 18.34167], [-70.97117, 18.34051], [-70.96564, 18.33584], [-70.964, 18.33342], [-70.96038, 18.32471], [-70.95819, 18.32103], [-70.95245, 18.31598], [-70.94858, 18.31073], [-70.94776, 18.30709], [-70.94775, 18.30166], [-70.9497, 18.29538], [-70.95307, 18.28964], [-70.95378, 18.28748], [-70.95726, 18.28258], [-70.95826, 18.27995], [-70.95758, 18.27579], [-70.95804, 18.27308], [-70.9602, 18.26899], [-70.96138, 18.26448], [-70.96873, 18.25722], [-70.97086, 18.25908], [-70.97262, 18.25959], [-70.97424, 18.26085], [-70.97662, 18.26438], [-70.97631, 18.26878], [-70.98095, 18.27932], [-70.98116, 18.2828], [-70.98225, 18.28532], [-70.98682, 18.28826], [-70.9894, 18.28869], [-70.99287, 18.2904], [-70.99307, 18.29361], [-70.99678, 18.29852], [-71.00271, 18.30079], [-71.00445, 18.29962], [-71.00551, 18.30176], [-71.00669, 18.30171], [-71.01223, 18.30527], [-71.0175, 18.30661], [-71.01908, 18.30863], [-71.02357, 18.31072], [-71.02567, 18.311], [-71.02695, 18.30919], [-71.02823, 18.30841], [-71.03163, 18.309], [-71.03272, 18.30724], [-71.03458, 18.30739], [-71.03569, 18.30897], [-71.03533, 18.31189], [-71.036, 18.3122], [-71.03696, 18.31104], [-71.03743, 18.31119], [-71.04077, 18.31359], [-71.04197, 18.3155], [-71.04424, 18.31562], [-71.04688, 18.31672], [-71.05112, 18.31562], [-71.05571, 18.3156], [-71.05838, 18.31458], [-71.06043, 18.31287], [-71.06239, 18.3127], [-71.06233, 18.31172], [-71.06328, 18.31015], [-71.06499, 18.31006], [-71.06605, 18.30912], [-71.06759, 18.30885], [-71.06965, 18.3072], [-71.07156, 18.30659], [-71.07234, 18.30518], [-71.07341, 18.30535], [-71.07513, 18.30473], [-71.07569, 18.30418], [-71.07568, 18.30337], [-71.08085, 18.29913], [-71.0813, 18.29814], [-71.08474, 18.29516], [-71.08678, 18.29395], [-71.09057, 18.29018], [-71.0941, 18.2857], [-71.09843, 18.28125], [-71.09897, 18.27977], [-71.09958, 18.27947], [-71.10271, 18.27422], [-71.10384, 18.26987], [-71.10459, 18.26938], [-71.10804, 18.26259], [-71.10902, 18.25757], [-71.10888, 18.25493], [-71.10796, 18.25181], [-71.10594, 18.24958], [-71.10518, 18.24748], [-71.10514, 18.24372], [-71.10261, 18.24162], [-71.09913, 18.2407], [-71.09764, 18.23611], [-71.09747, 18.23338], [-71.09371, 18.22999], [-71.08989, 18.2284], [-71.08906, 18.22764], [-71.08764, 18.2233], [-71.08577, 18.22135], [-71.08566, 18.22017], [-71.08341, 18.21808], [-71.08477, 18.21518], [-71.08769, 18.21222], [-71.08811, 18.21081], [-71.08769, 18.21019], [-71.08826, 18.21067], [-71.08827, 18.21268], [-71.08632, 18.21414], [-71.08819, 18.21561], [-71.08909, 18.21494], [-71.08921, 18.21331], [-71.09082, 18.21226], [-71.09227, 18.21028], [-71.09234, 18.20817], [-71.09173, 18.20745], [-71.0898, 18.20742], [-71.09104, 18.20732], [-71.09103, 18.20643], [-71.08953, 18.20636], [-71.08914, 18.20397], [-71.08762, 18.20267], [-71.086, 18.19963], [-71.0829, 18.19892], [-71.08171, 18.19756], [-71.08144, 18.19594], [-71.08217, 18.19456], [-71.08138, 18.19434], [-71.08109, 18.19369], [-71.07932, 18.19353], [-71.07935, 18.19161], [-71.07741, 18.19165], [-71.07561, 18.1909], [-71.0719, 18.18743], [-71.07155, 18.18618], [-71.07183, 18.18178], [-71.07109, 18.17829], [-71.07039, 18.17799], [-71.07009, 18.17689], [-71.06876, 18.17713], [-71.06786, 18.17591], [-71.06889, 18.17435], [-71.06885, 18.1736], [-71.06689, 18.16817], [-71.06621, 18.16699], [-71.06295, 18.16503], [-71.0616, 18.16259], [-71.06016, 18.16143], [-71.06004, 18.15961], [-71.05832, 18.15909], [-71.05783, 18.15746], [-71.05582, 18.15639], [-71.05518, 18.15513], [-71.05576, 18.15469], [-71.05779, 18.15526], [-71.0586, 18.15391], [-71.05848, 18.15254], [-71.06065, 18.14973], [-71.06037, 18.14735], [-71.06215, 18.14633], [-71.06408, 18.14384], [-71.06372, 18.14105], [-71.06433, 18.14025], [-71.06369, 18.13887], [-71.06367, 18.1366], [-71.06471, 18.13613], [-71.06469, 18.13477], [-71.06421, 18.13405], [-71.06496, 18.13386], [-71.06515, 18.13331], [-71.06504, 18.13222], [-71.06447, 18.13187], [-71.06522, 18.13113], [-71.06502, 18.13041], [-71.06643, 18.12903], [-71.06632, 18.12822], [-71.06555, 18.12759], [-71.06574, 18.12686], [-71.06735, 18.12684], [-71.0676, 18.12366], [-71.06929, 18.12192], [-71.06928, 18.12101], [-71.07058, 18.11845], [-71.07047, 18.11754], [-71.07184, 18.11547], [-71.07144, 18.11313], [-71.07304, 18.10846], [-71.07384, 18.10794], [-71.07545, 18.10368], [-71.07843, 18.09865], [-71.07917, 18.09828], [-71.0819, 18.09406], [-71.08199, 18.09253], [-71.08358, 18.09139], [-71.08319, 18.09042], [-71.08355, 18.08853], [-71.08591, 18.08508], [-71.08546, 18.08465], [-71.08611, 18.08379], [-71.08543, 18.0827], [-71.08583, 18.08259], [-71.0864, 18.08361], [-71.08711, 18.0831], [-71.0906, 18.07622], [-71.09282, 18.07485], [-71.09346, 18.07352], [-71.0936, 18.0715], [-71.09464, 18.0702], [-71.09485, 18.06822], [-71.09593, 18.06786], [-71.09649, 18.0665], [-71.09834, 18.06579], [-71.09813, 18.06487], [-71.09865, 18.06489], [-71.09876, 18.06539], [-71.09989, 18.06503], [-71.10001, 18.06571], [-71.1016, 18.06474], [-71.10213, 18.0654], [-71.10329, 18.06548], [-71.10718, 18.06294], [-71.114, 18.05415], [-71.11503, 18.05012], [-71.11633, 18.04932], [-71.11659, 18.04803], [-71.11747, 18.047], [-71.11607, 18.04353], [-71.11698, 18.04195], [-71.12048, 18.03994], [-71.1232, 18.03943], [-71.12636, 18.0357], [-71.12872, 18.03416], [-71.12925, 18.0332], [-71.13067, 18.03322], [-71.13378, 18.03134], [-71.13691, 18.02834], [-71.13877, 18.02259], [-71.13838, 18.01943], [-71.13881, 18.01799], [-71.13789, 18.01659], [-71.13792, 18.01358], [-71.13704, 18.01206], [-71.13773, 18.01134], [-71.13749, 18.00977], [-71.13803, 18.00849], [-71.1394, 18.00808], [-71.14032, 18.00855], [-71.14091, 18.00771], [-71.14174, 18.00792], [-71.14237, 18.00743], [-71.14325, 18.0079], [-71.14517, 18.007], [-71.14707, 18.00373], [-71.14938, 18.00173], [-71.15028, 17.99902], [-71.15164, 17.99776], [-71.15203, 17.99584], [-71.15351, 17.99546], [-71.15479, 17.9962], [-71.15657, 17.99549], [-71.15989, 17.99162], [-71.16163, 17.99339], [-71.16474, 17.99488], [-71.16347, 17.99271], [-71.16145, 17.99227], [-71.16021, 17.99108], [-71.16357, 17.98813], [-71.1653, 17.98509], [-71.16821, 17.98166], [-71.17343, 17.97142], [-71.17586, 17.9684], [-71.17761, 17.96291], [-71.1795, 17.96059], [-71.18244, 17.95844], [-71.1839, 17.95474], [-71.18503, 17.95379], [-71.18878, 17.94712], [-71.19377, 17.94046], [-71.1969, 17.9353], [-71.19772, 17.93201], [-71.19946, 17.92805], [-71.20758, 17.91836], [-71.20891, 17.91725], [-71.21027, 17.91724], [-71.21117, 17.91658], [-71.21493, 17.90909], [-71.21447, 17.9083], [-71.21582, 17.9077], [-71.2176, 17.9053], [-71.21855, 17.90269], [-71.22166, 17.89824], [-71.22557, 17.89668], [-71.23516, 17.89107], [-71.23575, 17.88941], [-71.23695, 17.88881], [-71.23768, 17.88729], [-71.23961, 17.88644], [-71.23988, 17.88536], [-71.24051, 17.88543], [-71.2448, 17.8811], [-71.24924, 17.87906], [-71.24971, 17.87834], [-71.25015, 17.87896], [-71.25108, 17.87874], [-71.25154, 17.87805], [-71.25241, 17.87868], [-71.25323, 17.87705], [-71.25594, 17.87425], [-71.25813, 17.87347], [-71.25848, 17.87152], [-71.26229, 17.86832], [-71.26396, 17.86617], [-71.26456, 17.86461], [-71.26803, 17.8616], [-71.26813, 17.85894], [-71.26889, 17.85594], [-71.27023, 17.85431], [-71.27214, 17.85306], [-71.27229, 17.85191], [-71.27529, 17.8541], [-71.27776, 17.85749], [-71.283, 17.86193], [-71.28429, 17.86436], [-71.28383, 17.86709], [-71.28507, 17.86941], [-71.28815, 17.87257], [-71.2922, 17.87579], [-71.29197, 17.87672], [-71.29021, 17.87747], [-71.28949, 17.88001], [-71.28954, 17.88104], [-71.29285, 17.88792], [-71.29206, 17.89037], [-71.29265, 17.89164], [-71.30017, 17.89735], [-71.3019, 17.89794], [-71.31024, 17.89765], [-71.31057, 17.89838], [-71.30963, 17.89986], [-71.30608, 17.90081], [-71.30481, 17.90144], [-71.30476, 17.90229], [-71.30253, 17.90256], [-71.3014, 17.90337], [-71.30048, 17.90606], [-71.29782, 17.90786], [-71.29752, 17.90897], [-71.29814, 17.91219], [-71.30282, 17.91451], [-71.30816, 17.91433], [-71.30887, 17.91576], [-71.31072, 17.91709], [-71.32363, 17.91727], [-71.32722, 17.91942], [-71.33354, 17.92018], [-71.33829, 17.91692], [-71.33978, 17.91621], [-71.34236, 17.9159], [-71.34392, 17.91639], [-71.34536, 17.91847], [-71.348, 17.92042], [-71.35021, 17.92034], [-71.35385, 17.92137], [-71.35824, 17.92172], [-71.35915, 17.92254], [-71.36041, 17.92533], [-71.36151, 17.9259], [-71.36263, 17.92754], [-71.36627, 17.92971], [-71.36804, 17.93001], [-71.36996, 17.92826], [-71.37135, 17.92794], [-71.37541, 17.92842], [-71.37952, 17.92785], [-71.38162, 17.92865], [-71.38239, 17.92916], [-71.38063, 17.93207], [-71.38054, 17.93574], [-71.37766, 17.93898], [-71.37755, 17.93971], [-71.37874, 17.94092], [-71.38438, 17.94237], [-71.38651, 17.94625], [-71.39496, 17.95337], [-71.39384, 17.95509], [-71.39269, 17.95589], [-71.39238, 17.9577], [-71.39477, 17.9607], [-71.39704, 17.96236], [-71.39766, 17.96363], [-71.39934, 17.96375], [-71.40101, 17.96196], [-71.40211, 17.96209], [-71.40324, 17.96487], [-71.40543, 17.96707], [-71.40475, 17.9701], [-71.40702, 17.97078], [-71.411, 17.97037], [-71.41609, 17.96713], [-71.42174, 17.96764], [-71.42506, 17.9697], [-71.42702, 17.97178], [-71.42986, 17.97292], [-71.4379, 17.98011], [-71.43813, 17.98812], [-71.43539, 17.98969], [-71.43411, 17.99169], [-71.42916, 17.99517], [-71.42777, 17.99693], [-71.42767, 17.9975], [-71.42916, 18.00018], [-71.42876, 18.00366], [-71.43, 18.00761], [-71.42936, 18.01116], [-71.42942, 18.0127], [-71.43049, 18.01562], [-71.43011, 18.01815], [-71.42556, 18.01853], [-71.42123, 18.01808], [-71.41665, 18.01544], [-71.41277, 18.01123], [-71.41018, 18.01094], [-71.40869, 18.01171], [-71.40458, 18.0166], [-71.40061, 18.02377], [-71.3947, 18.03275], [-71.38665, 18.04159], [-71.38512, 18.04408], [-71.38396, 18.04875], [-71.38406, 18.05095], [-71.38514, 18.05401], [-71.3898, 18.05869], [-71.38953, 18.06342], [-71.39019, 18.06856], [-71.38911, 18.07663], [-71.39014, 18.08023], [-71.3972, 18.08937], [-71.39834, 18.09152], [-71.40156, 18.09387], [-71.40554, 18.09983], [-71.40471, 18.10229], [-71.40135, 18.1043], [-71.39849, 18.10516], [-71.39586, 18.10439], [-71.39577, 18.10671], [-71.3944, 18.10841], [-71.3942, 18.10938], [-71.38876, 18.11374], [-71.38808, 18.11492], [-71.3878, 18.11855], [-71.38733, 18.11955], [-71.38577, 18.11985], [-71.38557, 18.12107], [-71.38601, 18.12202], [-71.38846, 18.12376], [-71.39323, 18.12908], [-71.39782, 18.13141], [-71.40032, 18.13185], [-71.4053, 18.13138], [-71.4111, 18.12886], [-71.41196, 18.12905], [-71.41577, 18.13146], [-71.42042, 18.1333], [-71.42547, 18.13787], [-71.42306, 18.1451], [-71.4238, 18.14774], [-71.42532, 18.15057], [-71.42521, 18.15235], [-71.4247, 18.15318], [-71.42508, 18.15957], [-71.42553, 18.16091], [-71.42516, 18.16282], [-71.42597, 18.16402], [-71.42635, 18.16617], [-71.42733, 18.16724], [-71.42779, 18.16993], [-71.42723, 18.17098], [-71.42746, 18.17384], [-71.42645, 18.17535], [-71.42661, 18.17651], [-71.42599, 18.17761], [-71.42852, 18.17935], [-71.42872, 18.17994], [-71.42785, 18.18039], [-71.42664, 18.18248], [-71.42545, 18.18304], [-71.42494, 18.18474], [-71.42409, 18.18512], [-71.42441, 18.18595], [-71.42384, 18.18658], [-71.42427, 18.18883], [-71.42396, 18.18942], [-71.42467, 18.19073], [-71.42415, 18.19389], [-71.42493, 18.19675], [-71.42375, 18.1962], [-71.42333, 18.19677], [-71.42135, 18.1974], [-71.41707, 18.19729], [-71.41461, 18.19538], [-71.41211, 18.19448], [-71.41214, 18.19358], [-71.40967, 18.19315], [-71.40902, 18.1916], [-71.40764, 18.19223], [-71.40142, 18.19012], [-71.40017, 18.19052], [-71.39927, 18.18969], [-71.39639, 18.18975], [-71.39651, 18.18681], [-71.39513, 18.18778], [-71.39408, 18.18775], [-71.39371, 18.1873], [-71.39411, 18.18604], [-71.39366, 18.18549], [-71.39231, 18.18652], [-71.39134, 18.18645], [-71.38966, 18.18423], [-71.38891, 18.18415], [-71.3867, 18.18529], [-71.38513, 18.18747], [-71.3835, 18.18864], [-71.38375, 18.18972], [-71.38431, 18.19003], [-71.38523, 18.18956], [-71.38581, 18.19012], [-71.38515, 18.19372], [-71.38405, 18.19507], [-71.38636, 18.19545], [-71.38565, 18.19668], [-71.38618, 18.19789], [-71.38566, 18.19824], [-71.38421, 18.19799], [-71.38413, 18.19868], [-71.3856, 18.19911], [-71.38615, 18.1999], [-71.38741, 18.19862], [-71.38775, 18.19903], [-71.38671, 18.20085], [-71.38717, 18.20258], [-71.38581, 18.20184], [-71.38525, 18.20208], [-71.38588, 18.20313], [-71.38729, 18.2034], [-71.38735, 18.20418], [-71.38687, 18.20468], [-71.38711, 18.20611], [-71.3883, 18.20553], [-71.38846, 18.2035], [-71.38944, 18.20353], [-71.38987, 18.20422], [-71.38875, 18.20829], [-71.38769, 18.20961], [-71.38672, 18.20983], [-71.38581, 18.20913], [-71.38507, 18.20954], [-71.38479, 18.21052], [-71.38527, 18.21253], [-71.38658, 18.21401], [-71.38494, 18.21513], [-71.38539, 18.21651], [-71.38193, 18.21993], [-71.38106, 18.22168], [-71.37792, 18.22515], [-71.37813, 18.22574], [-71.37902, 18.226], [-71.37906, 18.22721], [-71.37667, 18.23067], [-71.37669, 18.23132], [-71.37993, 18.23936], [-71.37911, 18.24087], [-71.37782, 18.24721], [-71.37661, 18.24788], [-71.37772, 18.25136], [-71.37767, 18.2534], [-71.37655, 18.25479], [-71.37604, 18.25633], [-71.37644, 18.25807], [-71.37308, 18.26204], [-71.37502, 18.26279], [-71.37838, 18.26529], [-71.38096, 18.26598], [-71.38541, 18.26847], [-71.38641, 18.26933], [-71.38498, 18.27062], [-71.38464, 18.27157], [-71.38801, 18.27439], [-71.39226, 18.27545], [-71.39308, 18.27627], [-71.3918, 18.28192], [-71.38721, 18.28646], [-71.38574, 18.28732], [-71.38425, 18.29227], [-71.3821, 18.2932], [-71.37955, 18.29529], [-71.37267, 18.2991], [-71.36932, 18.30149], [-71.36627, 18.30692], [-71.36524, 18.30754], [-71.3641, 18.30755], [-71.36149, 18.30657], [-71.35885, 18.30506], [-71.35529, 18.30162], [-71.34183, 18.29098], [-71.33074, 18.28475], [-71.32286, 18.28192], [-71.31669, 18.28107], [-71.30414, 18.27811], [-71.28886, 18.27159], [-71.27878, 18.26651], [-71.27368, 18.26528], [-71.26868, 18.26627], [-71.25911, 18.27176], [-71.25099, 18.2752], [-71.24813, 18.27453], [-71.24751, 18.27766], [-71.24066, 18.295], [-71.23676, 18.30282], [-71.23608, 18.30596], [-71.23654, 18.31085], [-71.23598, 18.31369], [-71.23302, 18.31712], [-71.22885, 18.32053], [-71.22252, 18.32323], [-71.21291, 18.32555], [-71.20481, 18.32652], [-71.19596, 18.32576], [-71.19419, 18.3276], [-71.19189, 18.32868], [-71.18225, 18.32831], [-71.17329, 18.32668], [-71.16942, 18.32524], [-71.16914, 18.32608], [-71.16498, 18.32932], [-71.16326, 18.33379], [-71.16254, 18.33459], [-71.16161, 18.33814], [-71.16156, 18.34181], [-71.16193, 18.34409], [-71.16287, 18.3451], [-71.16331, 18.34542], [-71.16452, 18.34494], [-71.16681, 18.34492], [-71.16893, 18.34334], [-71.17353, 18.34289], [-71.17567, 18.34111], [-71.17621, 18.34011], [-71.17612, 18.33914], [-71.17438, 18.33657], [-71.17638, 18.33579], [-71.17748, 18.33419], [-71.17963, 18.33502], [-71.18121, 18.33683], [-71.18611, 18.33615], [-71.18902, 18.33656], [-71.19143, 18.34085], [-71.19384, 18.34041], [-71.19528, 18.34212], [-71.19285, 18.34427], [-71.193, 18.34633], [-71.19184, 18.34717], [-71.19165, 18.34923], [-71.19268, 18.34957], [-71.19527, 18.34916], [-71.19674, 18.35012], [-71.19856, 18.34971], [-71.20277, 18.35019], [-71.20388, 18.3508], [-71.2043, 18.35237], [-71.20523, 18.35333], [-71.20467, 18.35869], [-71.20377, 18.35967], [-71.20297, 18.35981], [-71.20279, 18.36065], [-71.20366, 18.36234], [-71.20499, 18.36277], [-71.20595, 18.36401], [-71.20568, 18.36543], [-71.20329, 18.36946], [-71.20414, 18.37219], [-71.2069, 18.37628], [-71.20658, 18.37765], [-71.20577, 18.37919], [-71.20473, 18.37994], [-71.2017, 18.38045], [-71.19773, 18.38567], [-71.19179, 18.38822], [-71.19115, 18.38981], [-71.1935, 18.39216], [-71.19374, 18.39316], [-71.19386, 18.39458], [-71.19324, 18.39607], [-71.19194, 18.39735], [-71.18992, 18.3983], [-71.18718, 18.39798], [-71.18589, 18.39866], [-71.18463, 18.39988], [-71.18568, 18.40084], [-71.18153, 18.40696], [-71.17978, 18.40851], [-71.17802, 18.40927], [-71.17592, 18.40956], [-71.1742, 18.40895], [-71.17263, 18.40701], [-71.17029, 18.40567], [-71.16901, 18.4051], [-71.16702, 18.40512], [-71.16455, 18.40621], [-71.163, 18.40633], [-71.16059, 18.40762], [-71.15804, 18.40776], [-71.15242, 18.41294], [-71.15139, 18.41475], [-71.14703, 18.41522], [-71.14204, 18.41448], [-71.13775, 18.4158], [-71.13106, 18.42048], [-71.12998, 18.42454], [-71.13012, 18.42624], [-71.13292, 18.42854], [-71.13542, 18.42911], [-71.1369, 18.43096], [-71.13876, 18.43099], [-71.14381, 18.42986], [-71.14777, 18.43067], [-71.14836, 18.43128], [-71.14876, 18.43351], [-71.14517, 18.44057], [-71.14244, 18.44109], [-71.13807, 18.43884], [-71.1336, 18.43775], [-71.1322, 18.43799], [-71.12971, 18.43939], [-71.1242, 18.44038], [-71.12312, 18.44153], [-71.1224, 18.44393], [-71.11863, 18.44552], [-71.11291, 18.44916], [-71.11051, 18.45269], [-71.10913, 18.45701], [-71.10826, 18.45782], [-71.10486, 18.45786], [-71.10302, 18.45662], [-71.10154, 18.4546], [-71.10047, 18.4543], [-71.09744, 18.45479], [-71.09154, 18.45486], [-71.09045, 18.45558], [-71.08711, 18.45596], [-71.0814, 18.46064], [-71.0815, 18.46202], [-71.08374, 18.46523], [-71.0839, 18.46721], [-71.08021, 18.47145], [-71.07576, 18.47392], [-71.07282, 18.47256], [-71.07063, 18.47283], [-71.0701, 18.47452], [-71.07023, 18.47698], [-71.0694, 18.47857], [-71.06789, 18.47918], [-71.06529, 18.47926], [-71.06059, 18.47663], [-71.05898, 18.47623], [-71.05824, 18.47624], [-71.05855, 18.47756], [-71.05588, 18.47756], [-71.05314, 18.47842], [-71.05115, 18.48041], [-71.04989, 18.48309], [-71.04834, 18.48422], [-71.04624, 18.48906], [-71.04647, 18.4917], [-71.04754, 18.49513], [-71.04561, 18.49576], [-71.04474, 18.49664], [-71.04269, 18.49626], [-71.04186, 18.49748], [-71.04101, 18.49662]]]}}, {"type": "Feature", "properties": {"COD_PROV": "05", "PROVINCIA": "DAJABÓN", "NOMBRE": "Dajabón", "N_MUNICIPIOS": 5}, "geometry": {"type": "Polygon", "coordinates": [[[-71.60179, 19.6293], [-71.60128, 19.62888], [-71.60003, 19.62971], [-71.59913, 19.62672], [-71.60023, 19.62603], [-71.60014, 19.6237], [-71.60169, 19.62253], [-71.60192, 19.62167], [-71.60146, 19.6212], [-71.5992, 19.6218], [-71.59852, 19.62159], [-71.59913, 19.62023], [-71.59889, 19.61775], [-71.5965, 19.61611], [-71.59457, 19.61547], [-71.59336, 19.61559], [-71.59257, 19.61732], [-71.5884, 19.62168], [-71.58674, 19.62235], [-71.58532, 19.62201], [-71.58365, 19.62134], [-71.58064, 19.61859], [-71.5785, 19.61283], [-71.57663, 19.61198], [-71.5694, 19.61317], [-71.56656, 19.61072], [-71.56489, 19.60999], [-71.56275, 19.60779], [-71.55969, 19.60833], [-71.55499, 19.61085], [-71.55295, 19.61492], [-71.55324, 19.61751], [-71.55188, 19.61981], [-71.54893, 19.61937], [-71.54737, 19.61971], [-71.54566, 19.62093], [-71.5448, 19.62238], [-71.53056, 19.62338], [-71.5261, 19.62347], [-71.52033, 19.62289], [-71.52018, 19.62129], [-71.51909, 19.61977], [-71.51222, 19.61628], [-71.51046, 19.61492], [-71.50969, 19.61199], [-71.50597, 19.61133], [-71.50511, 19.60946], [-71.50501, 19.60875], [-71.50652, 19.60766], [-71.50676, 19.60524], [-71.50899, 19.60433], [-71.51026, 19.60264], [-71.51046, 19.60096], [-71.50918, 19.59736], [-71.51014, 19.59658], [-71.5124, 19.59605], [-71.51278, 19.59477], [-71.51228, 19.59203], [-71.51149, 19.59043], [-71.5133, 19.58846], [-71.51394, 19.58455], [-71.51294, 19.58297], [-71.50876, 19.58011], [-71.50705, 19.57943], [-71.50592, 19.57832], [-71.50478, 19.57642], [-71.50417, 19.57256], [-71.50302, 19.57078], [-71.50113, 19.56925], [-71.49554, 19.56656], [-71.48965, 19.56617], [-71.48815, 19.56565], [-71.48584, 19.5637], [-71.48321, 19.56235], [-71.47996, 19.5621], [-71.47382, 19.56466], [-71.47004, 19.56278], [-71.46194, 19.56202], [-71.46014, 19.56131], [-71.45741, 19.55956], [-71.45332, 19.5501], [-71.44913, 19.54838], [-71.44138, 19.54869], [-71.43931, 19.54827], [-71.4376, 19.54722], [-71.43371, 19.54268], [-71.43281, 19.54023], [-71.43153, 19.53851], [-71.42847, 19.53606], [-71.42598, 19.53508], [-71.42564, 19.53154], [-71.42659, 19.53086], [-71.42855, 19.53089], [-71.42821, 19.52864], [-71.42673, 19.52742], [-71.42687, 19.52632], [-71.42777, 19.52621], [-71.42734, 19.5243], [-71.42783, 19.52334], [-71.43095, 19.52292], [-71.43228, 19.52152], [-71.43159, 19.51612], [-71.43296, 19.51462], [-71.43282, 19.51405], [-71.43479, 19.51432], [-71.43516, 19.51259], [-71.4371, 19.5108], [-71.44088, 19.51032], [-71.4433, 19.51062], [-71.44414, 19.50951], [-71.44665, 19.50896], [-71.44887, 19.50907], [-71.452, 19.50626], [-71.45436, 19.5058], [-71.45558, 19.50602], [-71.45566, 19.50521], [-71.45675, 19.50395], [-71.46013, 19.50156], [-71.46169, 19.49698], [-71.46389, 19.49669], [-71.46451, 19.49605], [-71.46457, 19.49501], [-71.4657, 19.49408], [-71.46579, 19.48822], [-71.46197, 19.48652], [-71.46107, 19.48502], [-71.4617, 19.4839], [-71.46232, 19.48024], [-71.46471, 19.47752], [-71.46514, 19.475], [-71.46451, 19.47346], [-71.46551, 19.47186], [-71.46411, 19.47122], [-71.46255, 19.46672], [-71.46304, 19.46381], [-71.46367, 19.46278], [-71.46501, 19.46252], [-71.46722, 19.46032], [-71.46669, 19.453], [-71.46805, 19.44962], [-71.46746, 19.44838], [-71.46469, 19.44598], [-71.46566, 19.44567], [-71.46536, 19.44516], [-71.46579, 19.44421], [-71.46788, 19.4428], [-71.46786, 19.44169], [-71.46611, 19.43889], [-71.4652, 19.4382], [-71.46468, 19.43879], [-71.46406, 19.43871], [-71.46077, 19.43709], [-71.46082, 19.43416], [-71.45929, 19.43226], [-71.45875, 19.43079], [-71.462, 19.43015], [-71.46231, 19.42747], [-71.46431, 19.42552], [-71.46819, 19.4253], [-71.46809, 19.42471], [-71.46666, 19.42348], [-71.46831, 19.4222], [-71.46795, 19.42145], [-71.46599, 19.41998], [-71.46379, 19.42017], [-71.46333, 19.41884], [-71.46102, 19.4177], [-71.46082, 19.41611], [-71.46625, 19.4142], [-71.46713, 19.41114], [-71.46903, 19.4118], [-71.46977, 19.4116], [-71.47063, 19.41007], [-71.46913, 19.40909], [-71.46886, 19.40841], [-71.47285, 19.40876], [-71.47364, 19.40714], [-71.47249, 19.40573], [-71.47425, 19.40486], [-71.47318, 19.40352], [-71.47275, 19.39966], [-71.47202, 19.39913], [-71.47094, 19.39957], [-71.46993, 19.39853], [-71.47052, 19.39664], [-71.46956, 19.39613], [-71.47014, 19.39439], [-71.46945, 19.39216], [-71.47112, 19.39189], [-71.4712, 19.3913], [-71.47084, 19.39089], [-71.46934, 19.39108], [-71.46916, 19.39066], [-71.47103, 19.38629], [-71.47004, 19.38496], [-71.47004, 19.38395], [-71.46958, 19.38371], [-71.46821, 19.38582], [-71.46732, 19.38517], [-71.46694, 19.38383], [-71.46893, 19.38113], [-71.47147, 19.37992], [-71.47163, 19.37917], [-71.47072, 19.37709], [-71.47111, 19.37379], [-71.47224, 19.37344], [-71.474, 19.37367], [-71.47459, 19.37157], [-71.47601, 19.3718], [-71.47735, 19.37362], [-71.4807, 19.37358], [-71.48175, 19.37298], [-71.48145, 19.37081], [-71.48477, 19.36884], [-71.48465, 19.36658], [-71.48403, 19.36676], [-71.4827, 19.36602], [-71.48486, 19.3634], [-71.48508, 19.36224], [-71.48393, 19.36015], [-71.48462, 19.35889], [-71.4831, 19.3574], [-71.48053, 19.35685], [-71.47865, 19.35487], [-71.47773, 19.35212], [-71.47937, 19.34993], [-71.48056, 19.3494], [-71.48152, 19.34979], [-71.48188, 19.34872], [-71.48107, 19.3474], [-71.48137, 19.34657], [-71.48263, 19.34553], [-71.48272, 19.34293], [-71.48327, 19.34247], [-71.48469, 19.34282], [-71.4859, 19.34254], [-71.48602, 19.33869], [-71.48519, 19.33786], [-71.48814, 19.33709], [-71.48814, 19.33553], [-71.48915, 19.33485], [-71.49417, 19.33466], [-71.49441, 19.33404], [-71.50042, 19.33152], [-71.50474, 19.3321], [-71.5058, 19.33115], [-71.50815, 19.33117], [-71.51046, 19.32867], [-71.51589, 19.32709], [-71.51942, 19.32156], [-71.51936, 19.31795], [-71.51707, 19.3134], [-71.51467, 19.31163], [-71.5126, 19.3114], [-71.50576, 19.30875], [-71.50266, 19.30567], [-71.50939, 19.30072], [-71.51011, 19.29961], [-71.50993, 19.29629], [-71.5113, 19.29384], [-71.50982, 19.29257], [-71.51139, 19.29199], [-71.51007, 19.2909], [-71.50985, 19.28881], [-71.50781, 19.2872], [-71.50676, 19.28533], [-71.50789, 19.28485], [-71.50908, 19.28514], [-71.50857, 19.28374], [-71.50887, 19.28336], [-71.5097, 19.28393], [-71.50886, 19.27935], [-71.51116, 19.27932], [-71.51176, 19.27787], [-71.51353, 19.277], [-71.51399, 19.27577], [-71.51489, 19.27574], [-71.51532, 19.27475], [-71.51647, 19.27491], [-71.51505, 19.27258], [-71.51737, 19.2718], [-71.51787, 19.27003], [-71.52114, 19.2698], [-71.52055, 19.2681], [-71.52196, 19.26609], [-71.52147, 19.26456], [-71.52168, 19.26375], [-71.52282, 19.26372], [-71.5253, 19.26566], [-71.52634, 19.26537], [-71.52645, 19.26742], [-71.52835, 19.26616], [-71.53125, 19.26518], [-71.53129, 19.26666], [-71.53212, 19.26808], [-71.53348, 19.26793], [-71.5334, 19.26688], [-71.53518, 19.26767], [-71.53611, 19.2671], [-71.53679, 19.26726], [-71.53671, 19.26871], [-71.53771, 19.26993], [-71.53733, 19.27164], [-71.5385, 19.27212], [-71.53901, 19.27335], [-71.53985, 19.27366], [-71.54001, 19.27305], [-71.54075, 19.27282], [-71.54262, 19.27435], [-71.5433, 19.27275], [-71.54437, 19.27186], [-71.54582, 19.27216], [-71.5477, 19.27383], [-71.54698, 19.27487], [-71.54749, 19.27635], [-71.5509, 19.27677], [-71.55408, 19.27977], [-71.55688, 19.2794], [-71.55704, 19.27892], [-71.55572, 19.2777], [-71.55705, 19.27561], [-71.56058, 19.27473], [-71.56137, 19.27495], [-71.56211, 19.27288], [-71.56383, 19.27117], [-71.56486, 19.27116], [-71.56775, 19.27189], [-71.56958, 19.27433], [-71.57141, 19.27493], [-71.57197, 19.27571], [-71.57216, 19.27735], [-71.57327, 19.27835], [-71.57391, 19.28018], [-71.57515, 19.27938], [-71.57884, 19.27834], [-71.58115, 19.27857], [-71.58283, 19.27791], [-71.58373, 19.28], [-71.58326, 19.28194], [-71.58359, 19.28294], [-71.58591, 19.28252], [-71.59062, 19.28399], [-71.59147, 19.2834], [-71.59118, 19.28185], [-71.59185, 19.27827], [-71.59281, 19.27726], [-71.59451, 19.27649], [-71.59457, 19.2758], [-71.59391, 19.2753], [-71.59403, 19.27421], [-71.59521, 19.27357], [-71.59647, 19.27198], [-71.59535, 19.27015], [-71.59517, 19.26828], [-71.59577, 19.26729], [-71.59735, 19.26622], [-71.5971, 19.26434], [-71.59837, 19.26371], [-71.59877, 19.26287], [-71.59824, 19.26177], [-71.5973, 19.26231], [-71.59659, 19.26196], [-71.59614, 19.26078], [-71.59651, 19.2601], [-71.59911, 19.25883], [-71.59743, 19.25441], [-71.59761, 19.25391], [-71.59919, 19.25453], [-71.60113, 19.25392], [-71.60181, 19.25252], [-71.60078, 19.25105], [-71.60096, 19.25026], [-71.60333, 19.25041], [-71.60381, 19.24855], [-71.60455, 19.24793], [-71.60655, 19.24905], [-71.60783, 19.24889], [-71.60834, 19.24823], [-71.60822, 19.24678], [-71.60884, 19.24633], [-71.60949, 19.24696], [-71.61114, 19.25151], [-71.61348, 19.25192], [-71.6171, 19.25394], [-71.61718, 19.25323], [-71.61597, 19.25206], [-71.6158, 19.25074], [-71.61891, 19.25048], [-71.61943, 19.24925], [-71.61913, 19.24758], [-71.6212, 19.24522], [-71.62222, 19.2449], [-71.62342, 19.24599], [-71.62565, 19.24607], [-71.62649, 19.2447], [-71.6309, 19.24202], [-71.63077, 19.23974], [-71.63366, 19.23772], [-71.63407, 19.23515], [-71.63566, 19.23279], [-71.63452, 19.23009], [-71.63722, 19.23274], [-71.63929, 19.23166], [-71.64355, 19.23186], [-71.64505, 19.23488], [-71.64583, 19.23539], [-71.64919, 19.2343], [-71.65249, 19.23505], [-71.65334, 19.23442], [-71.65391, 19.23254], [-71.65731, 19.23478], [-71.66092, 19.23591], [-71.66637, 19.23656], [-71.66978, 19.23597], [-71.67177, 19.23701], [-71.67368, 19.23641], [-71.67592, 19.23753], [-71.67627, 19.23854], [-71.67758, 19.23919], [-71.67874, 19.24067], [-71.67954, 19.24037], [-71.68106, 19.23855], [-71.68413, 19.23832], [-71.68593, 19.23903], [-71.68795, 19.23908], [-71.6902, 19.23858], [-71.69123, 19.23919], [-71.69226, 19.24144], [-71.6929, 19.24186], [-71.69404, 19.24167], [-71.69551, 19.24042], [-71.69714, 19.24072], [-71.69784, 19.24152], [-71.69809, 19.24367], [-71.70543, 19.24937], [-71.7062, 19.25079], [-71.70846, 19.25178], [-71.70872, 19.25328], [-71.7068, 19.25615], [-71.70686, 19.257], [-71.70875, 19.25956], [-71.71227, 19.26108], [-71.7132, 19.26355], [-71.71431, 19.26359], [-71.71561, 19.2644], [-71.71572, 19.26621], [-71.7164, 19.26687], [-71.71739, 19.26722], [-71.72019, 19.26623], [-71.72424, 19.2678], [-71.72421, 19.26883], [-71.72217, 19.27058], [-71.72387, 19.27575], [-71.72539, 19.27827], [-71.72776, 19.27714], [-71.72783, 19.27504], [-71.72886, 19.273], [-71.72961, 19.27282], [-71.72963, 19.27108], [-71.73112, 19.26926], [-71.73111, 19.26802], [-71.73229, 19.26693], [-71.73246, 19.26628], [-71.73137, 19.26268], [-71.73163, 19.26232], [-71.73267, 19.26275], [-71.73387, 19.26506], [-71.73581, 19.26522], [-71.73695, 19.26768], [-71.73852, 19.26877], [-71.73992, 19.27383], [-71.73981, 19.27476], [-71.73892, 19.27521], [-71.73849, 19.27643], [-71.73858, 19.27819], [-71.73948, 19.27858], [-71.74041, 19.27676], [-71.74385, 19.27645], [-71.74738, 19.27396], [-71.74862, 19.27491], [-71.74888, 19.27755], [-71.7498, 19.27861], [-71.75513, 19.28033], [-71.75562, 19.28104], [-71.75544, 19.28222], [-71.7535, 19.28356], [-71.75398, 19.28689], [-71.75332, 19.28778], [-71.75351, 19.28839], [-71.75619, 19.29023], [-71.75683, 19.29166], [-71.759, 19.29079], [-71.76096, 19.291], [-71.7614, 19.29146], [-71.76143, 19.29309], [-71.76048, 19.2958], [-71.75756, 19.29762], [-71.7561, 19.29769], [-71.75609, 19.29877], [-71.75711, 19.30098], [-71.75833, 19.30095], [-71.7601, 19.30176], [-71.76025, 19.30235], [-71.75955, 19.30237], [-71.75918, 19.3032], [-71.76175, 19.30354], [-71.76247, 19.30486], [-71.76317, 19.30451], [-71.76356, 19.30311], [-71.76467, 19.30391], [-71.76324, 19.30592], [-71.76291, 19.30746], [-71.76503, 19.30807], [-71.7649, 19.30937], [-71.76568, 19.31143], [-71.76702, 19.31209], [-71.76687, 19.31433], [-71.7678, 19.3157], [-71.76761, 19.31639], [-71.77009, 19.3179], [-71.77003, 19.31886], [-71.76895, 19.31946], [-71.76949, 19.3206], [-71.77017, 19.32091], [-71.77327, 19.31982], [-71.77366, 19.32052], [-71.77479, 19.32052], [-71.77456, 19.32227], [-71.77725, 19.32361], [-71.77687, 19.32614], [-71.77725, 19.32704], [-71.78019, 19.32944], [-71.78273, 19.32952], [-71.78224, 19.33197], [-71.78167, 19.33253], [-71.78017, 19.33207], [-71.77706, 19.33493], [-71.76791, 19.33954], [-71.76666, 19.34195], [-71.76518, 19.34246], [-71.76494, 19.34351], [-71.76316, 19.34476], [-71.76069, 19.34388], [-71.75865, 19.34569], [-71.75794, 19.3457], [-71.75697, 19.34528], [-71.75675, 19.34363], [-71.75508, 19.34409], [-71.75356, 19.34619], [-71.75196, 19.34701], [-71.75033, 19.34937], [-71.7493, 19.3495], [-71.7486, 19.35019], [-71.74582, 19.35023], [-71.74571, 19.35152], [-71.74678, 19.35328], [-71.74672, 19.35395], [-71.74589, 19.35458], [-71.73263, 19.36041], [-71.72601, 19.36597], [-71.72117, 19.36585], [-71.7187, 19.36528], [-71.71725, 19.36702], [-71.71696, 19.36898], [-71.71525, 19.37078], [-71.71364, 19.37136], [-71.71203, 19.37138], [-71.70613, 19.3662], [-71.70508, 19.36481], [-71.70331, 19.35998], [-71.69487, 19.35956], [-71.69395, 19.36012], [-71.69205, 19.36289], [-71.69369, 19.3649], [-71.69374, 19.36799], [-71.69042, 19.37228], [-71.69279, 19.37394], [-71.69401, 19.37729], [-71.69385, 19.37902], [-71.69501, 19.38144], [-71.69461, 19.3827], [-71.69529, 19.38378], [-71.69521, 19.38657], [-71.69612, 19.3869], [-71.69647, 19.38778], [-71.69601, 19.38911], [-71.69714, 19.38983], [-71.69719, 19.39154], [-71.69873, 19.39163], [-71.69793, 19.3947], [-71.69817, 19.39631], [-71.69691, 19.39798], [-71.69741, 19.39903], [-71.69602, 19.40037], [-71.69559, 19.40145], [-71.69431, 19.4022], [-71.69383, 19.40347], [-71.69192, 19.40478], [-71.69063, 19.40723], [-71.68984, 19.40961], [-71.69036, 19.41111], [-71.68913, 19.4129], [-71.68884, 19.41415], [-71.69113, 19.41547], [-71.68916, 19.4206], [-71.68935, 19.42203], [-71.68882, 19.42275], [-71.68706, 19.42274], [-71.68629, 19.42338], [-71.68548, 19.42742], [-71.68444, 19.42844], [-71.68422, 19.4299], [-71.6828, 19.43176], [-71.68284, 19.43222], [-71.68387, 19.43278], [-71.68388, 19.43332], [-71.68079, 19.43345], [-71.67973, 19.43413], [-71.67967, 19.43608], [-71.68077, 19.43704], [-71.68114, 19.44022], [-71.68, 19.44169], [-71.68062, 19.44277], [-71.67838, 19.44441], [-71.67874, 19.44575], [-71.68007, 19.44579], [-71.6801, 19.45159], [-71.68029, 19.45188], [-71.68134, 19.45115], [-71.68185, 19.45286], [-71.68541, 19.45563], [-71.68725, 19.45954], [-71.68641, 19.46045], [-71.68531, 19.46045], [-71.68516, 19.46104], [-71.68808, 19.46316], [-71.68723, 19.46726], [-71.68938, 19.46723], [-71.69036, 19.46752], [-71.69081, 19.46821], [-71.68883, 19.47251], [-71.68953, 19.47263], [-71.69126, 19.47461], [-71.69328, 19.47514], [-71.69427, 19.4776], [-71.69382, 19.47953], [-71.69253, 19.48111], [-71.69223, 19.48246], [-71.69327, 19.48367], [-71.69271, 19.48488], [-71.69369, 19.48529], [-71.69352, 19.48737], [-71.69419, 19.48996], [-71.69083, 19.49266], [-71.69215, 19.49399], [-71.69208, 19.49499], [-71.69028, 19.49958], [-71.68798, 19.50302], [-71.68951, 19.50685], [-71.68793, 19.51028], [-71.68827, 19.51228], [-71.68959, 19.51395], [-71.69073, 19.51304], [-71.69149, 19.51163], [-71.69289, 19.51066], [-71.69529, 19.51171], [-71.69807, 19.51167], [-71.69993, 19.51313], [-71.70074, 19.5147], [-71.7002, 19.51802], [-71.70038, 19.52005], [-71.70124, 19.52067], [-71.70269, 19.52068], [-71.70324, 19.52141], [-71.70349, 19.52674], [-71.70219, 19.53179], [-71.70272, 19.53318], [-71.70382, 19.53431], [-71.70538, 19.53425], [-71.70761, 19.53137], [-71.71099, 19.53198], [-71.71208, 19.53254], [-71.71264, 19.53347], [-71.71301, 19.53567], [-71.71237, 19.54162], [-71.71278, 19.54633], [-71.71199, 19.54905], [-71.71356, 19.55221], [-71.71988, 19.55738], [-71.72315, 19.5584], [-71.72299, 19.55921], [-71.72171, 19.55947], [-71.7213, 19.56014], [-71.72179, 19.56097], [-71.72387, 19.56122], [-71.72436, 19.56182], [-71.72455, 19.56491], [-71.72386, 19.56619], [-71.74387, 19.58466], [-71.74604, 19.63369], [-71.73949, 19.63976], [-71.73547, 19.6339], [-71.73333, 19.63243], [-71.73254, 19.63114], [-71.73074, 19.63012], [-71.72966, 19.63041], [-71.72937, 19.63115], [-71.72926, 19.63382], [-71.72857, 19.63574], [-71.72739, 19.63601], [-71.70807, 19.63493], [-71.70254, 19.634], [-71.70244, 19.6333], [-71.70118, 19.63327], [-71.69986, 19.63239], [-71.69885, 19.63235], [-71.69594, 19.63354], [-71.69209, 19.63207], [-71.69186, 19.63161], [-71.69213, 19.62928], [-71.69158, 19.62841], [-71.6941, 19.62908], [-71.69471, 19.62674], [-71.69423, 19.62563], [-71.69278, 19.62534], [-71.69158, 19.6258], [-71.68988, 19.62252], [-71.6844, 19.62057], [-71.68005, 19.6131], [-71.6769, 19.60978], [-71.67262, 19.60716], [-71.67103, 19.60666], [-71.66915, 19.60645], [-71.66037, 19.60789], [-71.65682, 19.60697], [-71.65546, 19.60604], [-71.65496, 19.60326], [-71.64951, 19.60522], [-71.6385, 19.60785], [-71.64135, 19.61195], [-71.64035, 19.6124], [-71.63947, 19.61588], [-71.62937, 19.62183], [-71.62247, 19.62773], [-71.6129, 19.63919], [-71.60425, 19.64502], [-71.60368, 19.64374], [-71.60194, 19.64243], [-71.60168, 19.64162], [-71.60211, 19.64047], [-71.60046, 19.63796], [-71.60002, 19.63563], [-71.60036, 19.63467], [-71.5991, 19.63346], [-71.59982, 19.6322], [-71.60161, 19.63093], [-71.60179, 19.6293]]]}}, {"type": "Feature", "properties": {"COD_PROV": "06", "PROVINCIA": "DUARTE", "NOMBRE": "Duarte", "N_MUNICIPIOS": 7}, "geometry": {"type": "Polygon", "coordinates": [[[-70.22724, 19.51581], [-70.21291, 19.51439], [-70.20856, 19.51473], [-70.20707, 19.5154], [-70.20283, 19.51586], [-70.19927, 19.51683], [-70.19175, 19.51692], [-70.18653, 19.51578], [-70.17711, 19.51529], [-70.16907, 19.51402], [-70.16365, 19.51267], [-70.15856, 19.50966], [-70.15521, 19.50979], [-70.15334, 19.51079], [-70.15244, 19.51033], [-70.15115, 19.51133], [-70.14697, 19.50958], [-70.14128, 19.50987], [-70.13841, 19.5084], [-70.13665, 19.50418], [-70.13614, 19.49934], [-70.13691, 19.49462], [-70.13713, 19.48806], [-70.13532, 19.48618], [-70.13041, 19.48368], [-70.13017, 19.48203], [-70.13118, 19.48106], [-70.13188, 19.47926], [-70.13147, 19.47679], [-70.12988, 19.47463], [-70.12829, 19.47345], [-70.12922, 19.4703], [-70.12793, 19.46612], [-70.12847, 19.46455], [-70.13153, 19.46236], [-70.13246, 19.46108], [-70.13253, 19.45981], [-70.1299, 19.45376], [-70.12688, 19.45102], [-70.12679, 19.44968], [-70.12385, 19.44663], [-70.12415, 19.44476], [-70.12516, 19.44288], [-70.1242, 19.44049], [-70.12607, 19.43771], [-70.12597, 19.43435], [-70.12533, 19.43278], [-70.12611, 19.43098], [-70.1254, 19.42884], [-70.12489, 19.42929], [-70.12288, 19.42948], [-70.1186, 19.42804], [-70.11753, 19.42818], [-70.11829, 19.43035], [-70.11788, 19.43186], [-70.11713, 19.4324], [-70.11334, 19.43287], [-70.11306, 19.43322], [-70.11435, 19.43606], [-70.11187, 19.43683], [-70.11023, 19.43675], [-70.10901, 19.43609], [-70.10765, 19.43677], [-70.10456, 19.43617], [-70.1021, 19.43329], [-70.09967, 19.43406], [-70.09531, 19.43378], [-70.09028, 19.43079], [-70.0884, 19.43044], [-70.08588, 19.43068], [-70.08201, 19.43306], [-70.08069, 19.43302], [-70.0787, 19.42965], [-70.07976, 19.42743], [-70.07886, 19.42445], [-70.07955, 19.42294], [-70.07919, 19.41814], [-70.07978, 19.41556], [-70.07916, 19.41352], [-70.0768, 19.41176], [-70.0759, 19.41029], [-70.07683, 19.40824], [-70.07855, 19.40721], [-70.08041, 19.404], [-70.08035, 19.40271], [-70.08077, 19.40218], [-70.07917, 19.40103], [-70.08052, 19.40031], [-70.07952, 19.39738], [-70.08017, 19.39622], [-70.08376, 19.39367], [-70.08538, 19.3913], [-70.0856, 19.3885], [-70.08647, 19.38659], [-70.08927, 19.38506], [-70.09052, 19.38243], [-70.09023, 19.38123], [-70.09091, 19.3774], [-70.08949, 19.37519], [-70.08943, 19.37337], [-70.0904, 19.37194], [-70.09353, 19.3701], [-70.09567, 19.36738], [-70.09699, 19.3631], [-70.10229, 19.35592], [-70.10356, 19.35247], [-70.09741, 19.34584], [-70.09176, 19.34407], [-70.08817, 19.34379], [-70.08182, 19.34229], [-70.07338, 19.33895], [-70.06636, 19.33545], [-70.06338, 19.33462], [-70.06116, 19.33461], [-70.05441, 19.33233], [-70.05245, 19.33221], [-70.0465, 19.32911], [-70.04107, 19.32527], [-70.03454, 19.32424], [-70.03253, 19.32284], [-70.0307, 19.32231], [-70.02813, 19.32232], [-70.02572, 19.32297], [-70.02201, 19.3228], [-70.01921, 19.32248], [-70.01574, 19.32119], [-70.015, 19.31916], [-70.01757, 19.31565], [-70.01744, 19.31375], [-70.01837, 19.31094], [-70.01785, 19.30663], [-70.01447, 19.30039], [-70.01528, 19.29689], [-70.01511, 19.29461], [-70.01587, 19.29234], [-70.01982, 19.28827], [-70.0205, 19.28689], [-70.02156, 19.28339], [-70.02195, 19.2801], [-70.01907, 19.279], [-70.01809, 19.27749], [-70.0172, 19.27455], [-70.01651, 19.2742], [-70.01445, 19.27475], [-70.0119, 19.27457], [-70.00824, 19.27626], [-70.00633, 19.27588], [-70.00483, 19.27439], [-70.00166, 19.2751], [-70.00121, 19.27495], [-70.00108, 19.27404], [-70.00289, 19.2709], [-70.00287, 19.27008], [-70.0017, 19.26946], [-70.00038, 19.27007], [-69.99914, 19.27202], [-69.9973, 19.27268], [-69.99165, 19.27221], [-69.99013, 19.27302], [-69.98763, 19.27302], [-69.98427, 19.27017], [-69.98271, 19.26991], [-69.98045, 19.27057], [-69.97757, 19.26926], [-69.97364, 19.27003], [-69.97268, 19.27164], [-69.96507, 19.27164], [-69.9643, 19.27078], [-69.9643, 19.26865], [-69.96331, 19.26698], [-69.96233, 19.26631], [-69.95994, 19.26289], [-69.95559, 19.25962], [-69.95466, 19.25814], [-69.95008, 19.25526], [-69.94737, 19.25534], [-69.94457, 19.25367], [-69.94223, 19.25342], [-69.94062, 19.25145], [-69.93768, 19.25245], [-69.93698, 19.25235], [-69.93626, 19.25133], [-69.93485, 19.251], [-69.93451, 19.25251], [-69.93259, 19.25227], [-69.9314, 19.25427], [-69.93035, 19.25475], [-69.92916, 19.25616], [-69.92671, 19.2568], [-69.92685, 19.25817], [-69.92559, 19.25764], [-69.92419, 19.25878], [-69.92306, 19.25845], [-69.92223, 19.26033], [-69.92138, 19.26033], [-69.92088, 19.25847], [-69.91857, 19.25872], [-69.9181, 19.25831], [-69.91592, 19.25514], [-69.91573, 19.25447], [-69.91642, 19.25356], [-69.91437, 19.25319], [-69.9133, 19.25147], [-69.91564, 19.24975], [-69.91709, 19.24933], [-69.91431, 19.24559], [-69.91335, 19.24488], [-69.90983, 19.24429], [-69.90794, 19.24316], [-69.90394, 19.24406], [-69.9025, 19.24336], [-69.90014, 19.24493], [-69.89911, 19.2451], [-69.89717, 19.24373], [-69.89295, 19.23693], [-69.89018, 19.23365], [-69.88523, 19.23283], [-69.88054, 19.23549], [-69.87222, 19.23559], [-69.86894, 19.23738], [-69.86508, 19.23855], [-69.85863, 19.23877], [-69.85338, 19.23419], [-69.84828, 19.23094], [-69.84502, 19.23044], [-69.84084, 19.22908], [-69.8344, 19.23038], [-69.82362, 19.2296], [-69.8198, 19.22626], [-69.81063, 19.21965], [-69.8065, 19.21735], [-69.79448, 19.20568], [-69.78911, 19.20813], [-69.788, 19.20801], [-69.78723, 19.20673], [-69.78686, 19.20474], [-69.78593, 19.20371], [-69.78359, 19.20366], [-69.78055, 19.20194], [-69.7792, 19.20207], [-69.77805, 19.20332], [-69.77924, 19.20616], [-69.77883, 19.20761], [-69.77576, 19.21019], [-69.77497, 19.21158], [-69.77446, 19.21407], [-69.77194, 19.21886], [-69.76556, 19.22102], [-69.76144, 19.22352], [-69.75669, 19.22293], [-69.75016, 19.22349], [-69.74287, 19.22568], [-69.73502, 19.22569], [-69.72717, 19.22509], [-69.69983, 19.221], [-69.68357, 19.21921], [-69.68256, 19.21764], [-69.67251, 19.20931], [-69.66598, 19.20303], [-69.66486, 19.20285], [-69.66334, 19.20555], [-69.66181, 19.20662], [-69.65954, 19.20755], [-69.65592, 19.20778], [-69.65373, 19.2055], [-69.654, 19.2032], [-69.6533, 19.2017], [-69.65032, 19.2018], [-69.64967, 19.20141], [-69.65238, 19.20027], [-69.65526, 19.1999], [-69.66123, 19.20049], [-69.66452, 19.19858], [-69.66854, 19.19358], [-69.67072, 19.19229], [-69.67068, 19.1905], [-69.67257, 19.19058], [-69.67339, 19.18995], [-69.6735, 19.18894], [-69.67301, 19.18857], [-69.67125, 19.18897], [-69.67097, 19.18846], [-69.67198, 19.18715], [-69.67272, 19.18462], [-69.67479, 19.18419], [-69.67543, 19.18364], [-69.67526, 19.18313], [-69.67387, 19.18284], [-69.67363, 19.18236], [-69.67512, 19.18213], [-69.67563, 19.18161], [-69.67557, 19.17892], [-69.67434, 19.17691], [-69.67662, 19.1757], [-69.6764, 19.17491], [-69.67448, 19.17394], [-69.67544, 19.17124], [-69.67846, 19.17145], [-69.67901, 19.169], [-69.68271, 19.16975], [-69.68467, 19.16961], [-69.68518, 19.1689], [-69.68504, 19.1681], [-69.68314, 19.16702], [-69.68247, 19.1659], [-69.68306, 19.16553], [-69.68538, 19.16604], [-69.68684, 19.16398], [-69.68837, 19.16317], [-69.68922, 19.16422], [-69.68878, 19.16707], [-69.69033, 19.16849], [-69.69123, 19.1681], [-69.69081, 19.16596], [-69.69175, 19.16464], [-69.69686, 19.1676], [-69.69899, 19.16773], [-69.69836, 19.16679], [-69.69649, 19.16623], [-69.69599, 19.16445], [-69.69617, 19.16313], [-69.69737, 19.16164], [-69.69865, 19.16238], [-69.6995, 19.16203], [-69.70112, 19.15711], [-69.70264, 19.15723], [-69.70508, 19.15977], [-69.70878, 19.15961], [-69.70997, 19.15904], [-69.7102, 19.15762], [-69.70978, 19.15701], [-69.70657, 19.15651], [-69.70451, 19.15401], [-69.70594, 19.1501], [-69.71144, 19.14612], [-69.71368, 19.14576], [-69.71667, 19.14613], [-69.71738, 19.14574], [-69.71871, 19.14352], [-69.71934, 19.14126], [-69.72186, 19.1396], [-69.72317, 19.13901], [-69.72508, 19.13908], [-69.72742, 19.1414], [-69.73118, 19.14169], [-69.73326, 19.1428], [-69.73598, 19.14787], [-69.73561, 19.15501], [-69.73649, 19.15624], [-69.73796, 19.15632], [-69.74241, 19.15373], [-69.74532, 19.15043], [-69.74838, 19.15037], [-69.74894, 19.14862], [-69.74887, 19.14693], [-69.74588, 19.14214], [-69.74173, 19.1323], [-69.74108, 19.13273], [-69.73916, 19.13235], [-69.73749, 19.13076], [-69.73713, 19.12832], [-69.73559, 19.12759], [-69.7329, 19.1235], [-69.73008, 19.11598], [-69.72481, 19.11206], [-69.72421, 19.11198], [-69.72372, 19.11281], [-69.72298, 19.11285], [-69.72128, 19.11162], [-69.72045, 19.10723], [-69.72105, 19.10511], [-69.72017, 19.10307], [-69.72401, 19.10097], [-69.72399, 19.1001], [-69.72465, 19.09963], [-69.72448, 19.09892], [-69.72518, 19.09903], [-69.72546, 19.09983], [-69.72633, 19.09964], [-69.72721, 19.10023], [-69.72832, 19.09915], [-69.72923, 19.09952], [-69.73099, 19.09875], [-69.7337, 19.09513], [-69.74333, 19.09615], [-69.75015, 19.09589], [-69.75592, 19.09759], [-69.76653, 19.09908], [-69.7751, 19.10142], [-69.77762, 19.09974], [-69.77845, 19.0964], [-69.78091, 19.09405], [-69.7821, 19.09388], [-69.78372, 19.09452], [-69.78557, 19.09797], [-69.79071, 19.09523], [-69.79504, 19.0897], [-69.79508, 19.08752], [-69.79825, 19.08358], [-69.80148, 19.08112], [-69.80496, 19.07956], [-69.8091, 19.07947], [-69.81392, 19.08258], [-69.81609, 19.08256], [-69.8179, 19.08125], [-69.82, 19.08096], [-69.82401, 19.08329], [-69.82491, 19.08564], [-69.82537, 19.08574], [-69.83058, 19.08228], [-69.83497, 19.08495], [-69.83634, 19.08479], [-69.83715, 19.08395], [-69.83832, 19.08363], [-69.8406, 19.08406], [-69.8452, 19.08057], [-69.847, 19.08027], [-69.85075, 19.08058], [-69.85197, 19.07806], [-69.85356, 19.07738], [-69.85433, 19.07756], [-69.85523, 19.0789], [-69.85608, 19.08169], [-69.85855, 19.0864], [-69.86193, 19.08796], [-69.86429, 19.08975], [-69.86557, 19.08977], [-69.86685, 19.08906], [-69.86927, 19.08317], [-69.86991, 19.08311], [-69.8752, 19.08639], [-69.87629, 19.08628], [-69.87632, 19.08426], [-69.872, 19.07907], [-69.8715, 19.07653], [-69.87237, 19.06978], [-69.87527, 19.06821], [-69.87573, 19.06719], [-69.87137, 19.06176], [-69.8678, 19.05288], [-69.86809, 19.04967], [-69.86958, 19.04678], [-69.86934, 19.04533], [-69.86994, 19.04445], [-69.87208, 19.04406], [-69.87478, 19.04436], [-69.8758, 19.04531], [-69.87661, 19.04726], [-69.87912, 19.04738], [-69.88106, 19.04688], [-69.88697, 19.04912], [-69.89647, 19.04858], [-69.89896, 19.04966], [-69.90202, 19.04911], [-69.90579, 19.0495], [-69.90715, 19.05187], [-69.90908, 19.05211], [-69.90848, 19.05318], [-69.90978, 19.05301], [-69.91044, 19.0536], [-69.90916, 19.05441], [-69.90848, 19.05377], [-69.90798, 19.05486], [-69.90704, 19.05432], [-69.9063, 19.05461], [-69.90645, 19.05644], [-69.9076, 19.05584], [-69.90856, 19.05637], [-69.90763, 19.05745], [-69.90818, 19.05882], [-69.90729, 19.05843], [-69.90706, 19.05874], [-69.90813, 19.05999], [-69.90804, 19.06057], [-69.90703, 19.06074], [-69.90696, 19.06162], [-69.90597, 19.06142], [-69.90587, 19.06338], [-69.90507, 19.06351], [-69.90581, 19.06559], [-69.90504, 19.06673], [-69.90515, 19.06795], [-69.90657, 19.06965], [-69.90665, 19.07046], [-69.90483, 19.07468], [-69.90366, 19.0752], [-69.90356, 19.0766], [-69.90311, 19.07653], [-69.90268, 19.07736], [-69.90293, 19.07805], [-69.90247, 19.07918], [-69.89981, 19.0813], [-69.89749, 19.08673], [-69.89668, 19.08987], [-69.89554, 19.09115], [-69.89468, 19.09329], [-69.8948, 19.09711], [-69.89539, 19.09842], [-69.89666, 19.09939], [-69.90095, 19.0999], [-69.90437, 19.10176], [-69.90689, 19.1019], [-69.91323, 19.10537], [-69.91534, 19.10511], [-69.91588, 19.10587], [-69.91668, 19.10538], [-69.91786, 19.10565], [-69.91869, 19.10472], [-69.91976, 19.10578], [-69.92382, 19.10585], [-69.92687, 19.107], [-69.92817, 19.1082], [-69.9289, 19.10981], [-69.92995, 19.1105], [-69.93027, 19.1117], [-69.92967, 19.11647], [-69.93026, 19.11724], [-69.93089, 19.11684], [-69.93054, 19.11826], [-69.92967, 19.1193], [-69.92943, 19.12212], [-69.93256, 19.12284], [-69.9352, 19.12428], [-69.93724, 19.12441], [-69.94205, 19.12574], [-69.94309, 19.12486], [-69.94601, 19.12419], [-69.94846, 19.12485], [-69.95055, 19.12652], [-69.95207, 19.12644], [-69.95201, 19.12384], [-69.94989, 19.11898], [-69.95013, 19.11658], [-69.94748, 19.11084], [-69.94717, 19.10868], [-69.94614, 19.10704], [-69.94599, 19.09799], [-69.95582, 19.09784], [-69.97215, 19.09925], [-69.98843, 19.09966], [-69.9872, 19.09445], [-69.98777, 19.0912], [-69.98923, 19.08842], [-69.98695, 19.0866], [-69.98651, 19.08377], [-69.98527, 19.08316], [-69.98494, 19.08228], [-69.98649, 19.08125], [-69.98818, 19.08127], [-69.98838, 19.08057], [-69.98942, 19.08126], [-69.99054, 19.08071], [-69.99, 19.08007], [-69.99079, 19.07981], [-69.99071, 19.07861], [-69.99328, 19.07785], [-69.99324, 19.07617], [-69.99547, 19.07576], [-69.99546, 19.07453], [-69.99653, 19.07422], [-69.99631, 19.07316], [-69.99668, 19.07401], [-69.99645, 19.07491], [-69.99739, 19.07654], [-69.99907, 19.07613], [-69.99987, 19.07782], [-69.99997, 19.07928], [-70.00102, 19.08054], [-70.00423, 19.08135], [-70.00714, 19.08329], [-70.01094, 19.08498], [-70.01505, 19.08479], [-70.01867, 19.08544], [-70.02169, 19.08698], [-70.03446, 19.09646], [-70.03965, 19.10182], [-70.04416, 19.11036], [-70.04377, 19.11117], [-70.04132, 19.11096], [-70.04087, 19.11129], [-70.0409, 19.11234], [-70.04187, 19.11322], [-70.04397, 19.11395], [-70.0442, 19.11587], [-70.04549, 19.11683], [-70.04532, 19.11841], [-70.0443, 19.11918], [-70.04444, 19.12054], [-70.04269, 19.123], [-70.04348, 19.12531], [-70.04296, 19.12692], [-70.04337, 19.12902], [-70.04319, 19.1295], [-70.04141, 19.13029], [-70.04137, 19.13274], [-70.04308, 19.13494], [-70.04634, 19.13645], [-70.04967, 19.13681], [-70.05087, 19.13836], [-70.05324, 19.13987], [-70.0539, 19.14269], [-70.05493, 19.14389], [-70.05658, 19.14379], [-70.05915, 19.14181], [-70.06062, 19.14158], [-70.06177, 19.14389], [-70.06418, 19.14511], [-70.06548, 19.14653], [-70.0691, 19.14649], [-70.07014, 19.14845], [-70.07377, 19.14963], [-70.07635, 19.15149], [-70.08456, 19.15316], [-70.08694, 19.15446], [-70.0898, 19.1547], [-70.09643, 19.15372], [-70.09941, 19.15037], [-70.10074, 19.15023], [-70.10133, 19.15074], [-70.10172, 19.15261], [-70.10279, 19.1538], [-70.10836, 19.15434], [-70.10796, 19.15645], [-70.10424, 19.15531], [-70.10324, 19.15577], [-70.10333, 19.1569], [-70.10539, 19.16005], [-70.10609, 19.15994], [-70.10702, 19.15757], [-70.10807, 19.15691], [-70.10873, 19.15928], [-70.11034, 19.15991], [-70.11228, 19.15965], [-70.11602, 19.15762], [-70.11631, 19.15841], [-70.11596, 19.16074], [-70.11706, 19.16132], [-70.11821, 19.16109], [-70.11918, 19.16002], [-70.11802, 19.15816], [-70.11838, 19.15482], [-70.11934, 19.15403], [-70.12154, 19.15472], [-70.12133, 19.15536], [-70.12007, 19.15553], [-70.11971, 19.15601], [-70.11972, 19.15679], [-70.12073, 19.15758], [-70.12434, 19.15817], [-70.1289, 19.15818], [-70.12936, 19.15727], [-70.12921, 19.15497], [-70.12705, 19.1545], [-70.12691, 19.15342], [-70.12881, 19.1498], [-70.12991, 19.14929], [-70.13062, 19.14949], [-70.13144, 19.15077], [-70.13573, 19.15035], [-70.13719, 19.15117], [-70.13698, 19.15403], [-70.13392, 19.15415], [-70.13467, 19.15621], [-70.13249, 19.15751], [-70.13121, 19.15935], [-70.1315, 19.15968], [-70.13323, 19.1587], [-70.13378, 19.15886], [-70.13447, 19.16214], [-70.13613, 19.16334], [-70.13712, 19.16331], [-70.13786, 19.16272], [-70.13566, 19.1621], [-70.13544, 19.16119], [-70.13835, 19.1587], [-70.13921, 19.15737], [-70.13978, 19.15752], [-70.14038, 19.15933], [-70.14148, 19.16003], [-70.14377, 19.15979], [-70.14592, 19.16043], [-70.14806, 19.15862], [-70.1479, 19.15741], [-70.14506, 19.15534], [-70.1449, 19.15479], [-70.14537, 19.15448], [-70.14777, 19.15415], [-70.15094, 19.15474], [-70.15158, 19.15309], [-70.15229, 19.15274], [-70.15343, 19.15362], [-70.15408, 19.15605], [-70.15568, 19.1564], [-70.15736, 19.15517], [-70.15724, 19.15462], [-70.15558, 19.15374], [-70.15562, 19.15286], [-70.15761, 19.15263], [-70.15872, 19.15164], [-70.16016, 19.15385], [-70.16046, 19.15684], [-70.16207, 19.15776], [-70.16242, 19.15737], [-70.1618, 19.15588], [-70.16197, 19.15478], [-70.16283, 19.15461], [-70.16414, 19.15585], [-70.16534, 19.1561], [-70.16661, 19.15393], [-70.1693, 19.15213], [-70.17177, 19.15189], [-70.17291, 19.15211], [-70.17317, 19.15276], [-70.17167, 19.15412], [-70.17076, 19.15642], [-70.16923, 19.15768], [-70.17163, 19.15936], [-70.17048, 19.16179], [-70.17176, 19.16426], [-70.17271, 19.16469], [-70.17571, 19.16452], [-70.17784, 19.1657], [-70.18034, 19.16243], [-70.18224, 19.16441], [-70.18375, 19.16475], [-70.18545, 19.16178], [-70.19294, 19.1573], [-70.19754, 19.15275], [-70.20022, 19.15117], [-70.20194, 19.15152], [-70.20171, 19.15447], [-70.20372, 19.15639], [-70.20445, 19.15642], [-70.20561, 19.15174], [-70.20537, 19.14901], [-70.20623, 19.14443], [-70.20775, 19.14207], [-70.20849, 19.14177], [-70.21192, 19.1431], [-70.21451, 19.14476], [-70.22151, 19.14675], [-70.22755, 19.14948], [-70.22819, 19.15026], [-70.22757, 19.15174], [-70.22951, 19.15488], [-70.23015, 19.15883], [-70.2349, 19.15747], [-70.23859, 19.15483], [-70.24095, 19.15381], [-70.24414, 19.15567], [-70.24944, 19.15681], [-70.24794, 19.15786], [-70.24516, 19.15776], [-70.24441, 19.15814], [-70.24392, 19.16064], [-70.24491, 19.16197], [-70.2467, 19.16186], [-70.25342, 19.15827], [-70.25461, 19.15835], [-70.25599, 19.16042], [-70.25448, 19.16229], [-70.2539, 19.16402], [-70.25422, 19.16472], [-70.25622, 19.1626], [-70.25805, 19.1625], [-70.25819, 19.16095], [-70.25886, 19.16046], [-70.26139, 19.16082], [-70.26695, 19.1593], [-70.26721, 19.15983], [-70.26618, 19.16112], [-70.26623, 19.16276], [-70.26822, 19.16329], [-70.26907, 19.16578], [-70.27075, 19.166], [-70.2713, 19.16544], [-70.27113, 19.16393], [-70.27186, 19.16279], [-70.2712, 19.16082], [-70.27183, 19.15963], [-70.27357, 19.15937], [-70.27434, 19.16251], [-70.27537, 19.16319], [-70.2758, 19.16011], [-70.27678, 19.15982], [-70.27856, 19.16053], [-70.27974, 19.15995], [-70.2822, 19.15718], [-70.28224, 19.15604], [-70.28155, 19.15579], [-70.28205, 19.15545], [-70.28394, 19.15688], [-70.28439, 19.15804], [-70.28594, 19.15838], [-70.28669, 19.15939], [-70.2875, 19.15925], [-70.28754, 19.16054], [-70.2896, 19.16125], [-70.28951, 19.1619], [-70.28874, 19.16155], [-70.28859, 19.1619], [-70.28947, 19.16249], [-70.28886, 19.16402], [-70.28937, 19.16465], [-70.29044, 19.16431], [-70.29095, 19.16557], [-70.29167, 19.16458], [-70.29207, 19.16545], [-70.29284, 19.16493], [-70.29467, 19.1662], [-70.29622, 19.16575], [-70.29698, 19.166], [-70.29689, 19.16815], [-70.29825, 19.16794], [-70.29822, 19.16887], [-70.29933, 19.16901], [-70.29925, 19.17009], [-70.3005, 19.17024], [-70.29997, 19.1712], [-70.30088, 19.17291], [-70.30316, 19.17384], [-70.30351, 19.17462], [-70.30424, 19.17464], [-70.30446, 19.17563], [-70.30602, 19.17587], [-70.30694, 19.17524], [-70.30933, 19.17526], [-70.31091, 19.17573], [-70.3113, 19.17635], [-70.31282, 19.17675], [-70.31347, 19.17647], [-70.31373, 19.17729], [-70.31494, 19.1774], [-70.31489, 19.17822], [-70.31588, 19.17783], [-70.31568, 19.17844], [-70.31744, 19.17928], [-70.31785, 19.18024], [-70.31879, 19.18007], [-70.32009, 19.18123], [-70.32108, 19.18133], [-70.32148, 19.18229], [-70.32188, 19.18174], [-70.32245, 19.18192], [-70.32257, 19.18296], [-70.32327, 19.1832], [-70.32294, 19.184], [-70.32319, 19.18638], [-70.32492, 19.18757], [-70.32537, 19.18874], [-70.32638, 19.18819], [-70.32642, 19.18899], [-70.32873, 19.18963], [-70.32817, 19.19056], [-70.32911, 19.1932], [-70.32849, 19.19452], [-70.32893, 19.19588], [-70.33, 19.19601], [-70.33052, 19.19705], [-70.33141, 19.19689], [-70.33146, 19.19793], [-70.33209, 19.19829], [-70.33162, 19.19914], [-70.33212, 19.19941], [-70.33322, 19.199], [-70.33293, 19.19984], [-70.33389, 19.20028], [-70.33429, 19.20175], [-70.33475, 19.20165], [-70.3351, 19.20068], [-70.33563, 19.20076], [-70.33636, 19.20214], [-70.33684, 19.20192], [-70.33701, 19.20075], [-70.33763, 19.20082], [-70.33784, 19.20162], [-70.3389, 19.20123], [-70.33908, 19.20196], [-70.34021, 19.20194], [-70.34079, 19.20282], [-70.34297, 19.20367], [-70.34305, 19.20553], [-70.34438, 19.20519], [-70.34476, 19.20637], [-70.34551, 19.20599], [-70.34729, 19.2068], [-70.34859, 19.20661], [-70.34864, 19.20793], [-70.34902, 19.20807], [-70.34948, 19.20745], [-70.35036, 19.20786], [-70.35082, 19.20925], [-70.35179, 19.20902], [-70.35227, 19.2098], [-70.35152, 19.21087], [-70.35177, 19.21127], [-70.35307, 19.21061], [-70.35284, 19.21129], [-70.3533, 19.21197], [-70.35392, 19.21138], [-70.35515, 19.21145], [-70.3543, 19.21255], [-70.35537, 19.21374], [-70.35545, 19.21499], [-70.3571, 19.21483], [-70.35763, 19.21603], [-70.35608, 19.21563], [-70.3557, 19.21619], [-70.35634, 19.21762], [-70.35692, 19.21693], [-70.35771, 19.21712], [-70.35764, 19.21822], [-70.35609, 19.21872], [-70.35814, 19.21954], [-70.3567, 19.22134], [-70.35703, 19.22176], [-70.35873, 19.222], [-70.35778, 19.22249], [-70.3588, 19.22352], [-70.35786, 19.22483], [-70.35896, 19.22603], [-70.35801, 19.22683], [-70.35781, 19.22842], [-70.35866, 19.22898], [-70.35869, 19.23001], [-70.35963, 19.23032], [-70.35951, 19.23082], [-70.36042, 19.23175], [-70.35975, 19.23313], [-70.36095, 19.23255], [-70.36184, 19.23321], [-70.35963, 19.23436], [-70.36014, 19.23579], [-70.3595, 19.2369], [-70.36044, 19.23696], [-70.3608, 19.23748], [-70.35953, 19.23928], [-70.36163, 19.23905], [-70.36195, 19.24069], [-70.36138, 19.24179], [-70.36252, 19.24319], [-70.36148, 19.24394], [-70.36299, 19.24472], [-70.36277, 19.24656], [-70.36368, 19.24568], [-70.36597, 19.24716], [-70.3673, 19.2469], [-70.36834, 19.2485], [-70.36772, 19.24973], [-70.36809, 19.24993], [-70.3677, 19.25161], [-70.36875, 19.25205], [-70.37001, 19.25148], [-70.37058, 19.25172], [-70.36958, 19.25298], [-70.37087, 19.25327], [-70.37097, 19.25485], [-70.36974, 19.25526], [-70.3698, 19.25441], [-70.36922, 19.25453], [-70.36924, 19.25558], [-70.3687, 19.25611], [-70.36949, 19.25652], [-70.37058, 19.25622], [-70.36994, 19.25655], [-70.36987, 19.25718], [-70.37043, 19.25748], [-70.36976, 19.25794], [-70.37038, 19.25794], [-70.37066, 19.25908], [-70.37017, 19.25958], [-70.36855, 19.25974], [-70.36791, 19.26076], [-70.36879, 19.2606], [-70.36928, 19.26164], [-70.37018, 19.26174], [-70.36976, 19.26263], [-70.36753, 19.26335], [-70.36722, 19.26394], [-70.36874, 19.26479], [-70.3676, 19.26493], [-70.36723, 19.26556], [-70.36861, 19.26627], [-70.3678, 19.26702], [-70.36781, 19.26937], [-70.3672, 19.27003], [-70.36806, 19.27155], [-70.36629, 19.27316], [-70.36741, 19.27426], [-70.36695, 19.27555], [-70.36515, 19.27754], [-70.36341, 19.27571], [-70.36436, 19.27713], [-70.36313, 19.27812], [-70.36274, 19.27762], [-70.36208, 19.27866], [-70.36262, 19.27978], [-70.36319, 19.27967], [-70.36355, 19.28013], [-70.36348, 19.28147], [-70.36182, 19.28243], [-70.36134, 19.28191], [-70.36194, 19.2816], [-70.36188, 19.28102], [-70.35959, 19.28239], [-70.35798, 19.28159], [-70.35772, 19.28353], [-70.35669, 19.28371], [-70.35557, 19.28219], [-70.35378, 19.28207], [-70.35444, 19.28324], [-70.35429, 19.28498], [-70.35315, 19.28711], [-70.35272, 19.28635], [-70.35339, 19.28533], [-70.35259, 19.28498], [-70.35217, 19.28539], [-70.35145, 19.29053], [-70.34969, 19.29154], [-70.34818, 19.2918], [-70.34809, 19.29273], [-70.34885, 19.29256], [-70.34921, 19.29334], [-70.34676, 19.29386], [-70.34698, 19.29475], [-70.3461, 19.29559], [-70.34618, 19.29695], [-70.34412, 19.29695], [-70.34314, 19.29762], [-70.34376, 19.29762], [-70.34379, 19.29907], [-70.34521, 19.29943], [-70.34546, 19.30033], [-70.34647, 19.30128], [-70.34339, 19.30213], [-70.34399, 19.30227], [-70.3437, 19.30302], [-70.34463, 19.30404], [-70.34417, 19.30431], [-70.34437, 19.30477], [-70.3463, 19.3052], [-70.34591, 19.30594], [-70.34669, 19.30653], [-70.34618, 19.30719], [-70.3467, 19.30769], [-70.34631, 19.30802], [-70.34669, 19.30901], [-70.34637, 19.3097], [-70.34546, 19.30942], [-70.34514, 19.30865], [-70.3437, 19.31107], [-70.34531, 19.31163], [-70.34591, 19.31119], [-70.3472, 19.312], [-70.34678, 19.31264], [-70.34781, 19.31319], [-70.34733, 19.31429], [-70.34839, 19.31616], [-70.34828, 19.31894], [-70.349, 19.32022], [-70.34771, 19.32354], [-70.34791, 19.3255], [-70.34915, 19.32626], [-70.34656, 19.32759], [-70.34778, 19.32883], [-70.34761, 19.32926], [-70.34608, 19.32883], [-70.34606, 19.32843], [-70.34567, 19.32957], [-70.34462, 19.32989], [-70.34538, 19.33044], [-70.34707, 19.33052], [-70.34627, 19.33187], [-70.34855, 19.33193], [-70.34812, 19.33253], [-70.34832, 19.33323], [-70.34899, 19.33354], [-70.34926, 19.33269], [-70.35096, 19.33307], [-70.35299, 19.33484], [-70.35188, 19.33554], [-70.35285, 19.33646], [-70.35241, 19.33832], [-70.35332, 19.34091], [-70.35085, 19.34165], [-70.35032, 19.34286], [-70.3494, 19.34345], [-70.3463, 19.34359], [-70.34447, 19.34256], [-70.34328, 19.34047], [-70.34063, 19.33757], [-70.33967, 19.33548], [-70.33778, 19.33415], [-70.33989, 19.34037], [-70.33924, 19.344], [-70.33838, 19.34483], [-70.33677, 19.34816], [-70.33623, 19.35103], [-70.33475, 19.35285], [-70.33467, 19.35367], [-70.33317, 19.35433], [-70.33334, 19.35562], [-70.33156, 19.35943], [-70.32807, 19.36268], [-70.32607, 19.36556], [-70.32838, 19.37016], [-70.32863, 19.37182], [-70.32816, 19.37332], [-70.32917, 19.37448], [-70.32814, 19.3756], [-70.32629, 19.37621], [-70.32459, 19.37769], [-70.32346, 19.37986], [-70.32288, 19.38493], [-70.32226, 19.3864], [-70.3224, 19.38749], [-70.32467, 19.39172], [-70.3232, 19.39422], [-70.32306, 19.39535], [-70.32167, 19.39608], [-70.31625, 19.39596], [-70.3146, 19.39672], [-70.312, 19.39956], [-70.30958, 19.40305], [-70.30904, 19.40494], [-70.30803, 19.40572], [-70.30808, 19.40899], [-70.30745, 19.41031], [-70.30559, 19.41139], [-70.30362, 19.41399], [-70.30308, 19.41411], [-70.30189, 19.41284], [-70.30113, 19.41602], [-70.29775, 19.41713], [-70.29693, 19.41812], [-70.29498, 19.41886], [-70.29411, 19.42012], [-70.29373, 19.42234], [-70.29502, 19.42354], [-70.29298, 19.42432], [-70.29173, 19.42666], [-70.29068, 19.42713], [-70.28942, 19.42675], [-70.28853, 19.42748], [-70.28724, 19.42751], [-70.28587, 19.42864], [-70.28492, 19.42754], [-70.2846, 19.42771], [-70.28407, 19.42861], [-70.28427, 19.43105], [-70.2838, 19.43159], [-70.28244, 19.43175], [-70.28189, 19.43247], [-70.28086, 19.43266], [-70.2808, 19.43127], [-70.28022, 19.4313], [-70.27905, 19.43361], [-70.27999, 19.4351], [-70.28001, 19.43844], [-70.28142, 19.44079], [-70.27995, 19.441], [-70.28018, 19.44299], [-70.27807, 19.4438], [-70.27562, 19.44636], [-70.27182, 19.44722], [-70.26982, 19.4468], [-70.26903, 19.446], [-70.26827, 19.44652], [-70.26783, 19.44779], [-70.26684, 19.44724], [-70.26601, 19.44802], [-70.26449, 19.44583], [-70.26247, 19.44537], [-70.26044, 19.44635], [-70.25836, 19.44871], [-70.25982, 19.45115], [-70.25888, 19.45236], [-70.26138, 19.45363], [-70.26033, 19.45467], [-70.26061, 19.45565], [-70.26148, 19.45557], [-70.26192, 19.45485], [-70.2633, 19.45507], [-70.26381, 19.45606], [-70.26561, 19.45743], [-70.26544, 19.45856], [-70.26586, 19.4589], [-70.26645, 19.45814], [-70.26733, 19.45794], [-70.26684, 19.45568], [-70.2671, 19.45516], [-70.2681, 19.45558], [-70.26902, 19.45503], [-70.27185, 19.45532], [-70.27208, 19.45409], [-70.27333, 19.45258], [-70.27348, 19.45091], [-70.27587, 19.45006], [-70.27714, 19.45118], [-70.27798, 19.44963], [-70.28046, 19.45172], [-70.28205, 19.45201], [-70.28356, 19.45295], [-70.28232, 19.45701], [-70.28239, 19.45796], [-70.28348, 19.45879], [-70.28632, 19.45857], [-70.28702, 19.4578], [-70.29383, 19.45971], [-70.29453, 19.46041], [-70.2948, 19.46164], [-70.29266, 19.46269], [-70.29034, 19.46508], [-70.28928, 19.46497], [-70.2881, 19.46646], [-70.28899, 19.46823], [-70.29243, 19.46927], [-70.29222, 19.47014], [-70.29302, 19.47229], [-70.29254, 19.47422], [-70.29371, 19.475], [-70.29537, 19.47747], [-70.29499, 19.47869], [-70.29565, 19.47941], [-70.29563, 19.48118], [-70.29521, 19.48228], [-70.29361, 19.48317], [-70.28898, 19.48747], [-70.28643, 19.48883], [-70.28109, 19.49065], [-70.27589, 19.48892], [-70.27343, 19.48597], [-70.27203, 19.48527], [-70.26902, 19.48616], [-70.2668, 19.48605], [-70.26495, 19.48682], [-70.26032, 19.48638], [-70.25787, 19.4868], [-70.25459, 19.4908], [-70.25306, 19.49549], [-70.25047, 19.49682], [-70.24996, 19.4979], [-70.24974, 19.49997], [-70.2511, 19.50322], [-70.249, 19.5064], [-70.24882, 19.50704], [-70.24986, 19.50905], [-70.25001, 19.51075], [-70.2493, 19.51275], [-70.24786, 19.51386], [-70.2476, 19.51502], [-70.24875, 19.51667], [-70.25244, 19.51934], [-70.25386, 19.52153], [-70.25395, 19.52266], [-70.24535, 19.52165], [-70.24167, 19.51951], [-70.23444, 19.51792], [-70.23225, 19.51791], [-70.22724, 19.51581]]]}}, {"type": "Feature", "properties": {"COD_PROV": "07", "PROVINCIA": "ELÍAS PIÑA", "NOMBRE": "Elías Piña", "N_MUNICIPIOS": 6}, "geometry": {"type": "Polygon", "coordinates": [[[-71.59041, 19.28399], [-71.58571, 19.2825], [-71.58359, 19.28294], [-71.58326, 19.28194], [-71.58373, 19.28], [-71.58283, 19.27791], [-71.58115, 19.27857], [-71.57884, 19.27834], [-71.57515, 19.27938], [-71.57391, 19.28018], [-71.57327, 19.27835], [-71.57216, 19.27735], [-71.57197, 19.27571], [-71.57141, 19.27493], [-71.56958, 19.27433], [-71.56775, 19.27189], [-71.56486, 19.27116], [-71.56383, 19.27117], [-71.56211, 19.27288], [-71.56137, 19.27495], [-71.56058, 19.27473], [-71.55705, 19.27561], [-71.55572, 19.2777], [-71.55704, 19.27892], [-71.55688, 19.2794], [-71.55408, 19.27977], [-71.5509, 19.27677], [-71.54749, 19.27635], [-71.54698, 19.27487], [-71.5477, 19.27383], [-71.54582, 19.27216], [-71.54437, 19.27186], [-71.5433, 19.27275], [-71.54262, 19.27435], [-71.54075, 19.27282], [-71.54001, 19.27305], [-71.53985, 19.27366], [-71.53901, 19.27335], [-71.5385, 19.27212], [-71.53733, 19.27164], [-71.53771, 19.26993], [-71.53671, 19.26871], [-71.53679, 19.26726], [-71.53611, 19.2671], [-71.53518, 19.26767], [-71.5334, 19.26688], [-71.53348, 19.26793], [-71.53212, 19.26808], [-71.53129, 19.26666], [-71.53125, 19.26518], [-71.52835, 19.26616], [-71.52645, 19.26742], [-71.52646, 19.26547], [-71.5253, 19.26566], [-71.52218, 19.26352], [-71.52147, 19.26456], [-71.52196, 19.26609], [-71.52055, 19.2681], [-71.52114, 19.2698], [-71.51908, 19.27023], [-71.51803, 19.26993], [-71.51737, 19.2718], [-71.51519, 19.27244], [-71.51464, 19.27359], [-71.51348, 19.27396], [-71.51071, 19.27379], [-71.5096, 19.27499], [-71.50781, 19.274], [-71.5057, 19.27377], [-71.50394, 19.27234], [-71.5031, 19.27225], [-71.50262, 19.2741], [-71.50212, 19.27417], [-71.50118, 19.27352], [-71.50058, 19.27211], [-71.49867, 19.27178], [-71.49687, 19.2678], [-71.49686, 19.2667], [-71.49787, 19.26562], [-71.50001, 19.26572], [-71.4994, 19.26493], [-71.49785, 19.26456], [-71.49697, 19.26375], [-71.49742, 19.26221], [-71.49887, 19.26176], [-71.49921, 19.25842], [-71.49999, 19.25774], [-71.49942, 19.25705], [-71.49816, 19.25702], [-71.4964, 19.25492], [-71.49827, 19.25189], [-71.49765, 19.25132], [-71.49357, 19.25253], [-71.49243, 19.25375], [-71.49325, 19.25513], [-71.49157, 19.25684], [-71.49117, 19.25644], [-71.49143, 19.25457], [-71.48988, 19.25563], [-71.48968, 19.25466], [-71.48888, 19.25418], [-71.48815, 19.25504], [-71.4885, 19.25658], [-71.48789, 19.25654], [-71.48554, 19.25543], [-71.48566, 19.25398], [-71.48481, 19.25335], [-71.48291, 19.25409], [-71.48213, 19.25512], [-71.48029, 19.2535], [-71.47891, 19.25519], [-71.47878, 19.25392], [-71.47774, 19.25385], [-71.47742, 19.25445], [-71.47586, 19.25386], [-71.4764, 19.25502], [-71.47542, 19.25508], [-71.47504, 19.25465], [-71.4747, 19.25509], [-71.472, 19.25419], [-71.47081, 19.25567], [-71.4703, 19.25563], [-71.46844, 19.25354], [-71.4678, 19.25391], [-71.46589, 19.2532], [-71.46322, 19.2495], [-71.46232, 19.249], [-71.4604, 19.24899], [-71.45808, 19.25023], [-71.45645, 19.24991], [-71.45514, 19.24803], [-71.4531, 19.24727], [-71.45147, 19.24507], [-71.44845, 19.24318], [-71.4465, 19.24069], [-71.44431, 19.24062], [-71.44232, 19.24217], [-71.44144, 19.24227], [-71.43947, 19.23973], [-71.43768, 19.23999], [-71.43314, 19.24404], [-71.42896, 19.2384], [-71.42691, 19.23769], [-71.42087, 19.23725], [-71.41716, 19.23496], [-71.41574, 19.23274], [-71.41569, 19.23163], [-71.41291, 19.22955], [-71.41152, 19.22709], [-71.41026, 19.22628], [-71.40659, 19.22149], [-71.40321, 19.2183], [-71.40193, 19.21778], [-71.39835, 19.21753], [-71.39552, 19.21814], [-71.3937, 19.21768], [-71.39132, 19.21567], [-71.38955, 19.21633], [-71.38479, 19.21587], [-71.38255, 19.21423], [-71.37795, 19.20806], [-71.36928, 19.20477], [-71.36481, 19.20062], [-71.36235, 19.19317], [-71.36251, 19.19069], [-71.36208, 19.18998], [-71.36002, 19.18973], [-71.35826, 19.19008], [-71.35196, 19.19249], [-71.34746, 19.19005], [-71.34641, 19.19002], [-71.34162, 19.19291], [-71.33978, 19.19289], [-71.33383, 19.18953], [-71.33219, 19.18782], [-71.3265, 19.18593], [-71.32574, 19.18527], [-71.32494, 19.18423], [-71.32388, 19.18071], [-71.31927, 19.17614], [-71.31779, 19.17213], [-71.32035, 19.1708], [-71.32124, 19.17086], [-71.32627, 19.17324], [-71.33072, 19.17109], [-71.34009, 19.17178], [-71.34245, 19.1708], [-71.34245, 19.16891], [-71.34418, 19.166], [-71.34401, 19.16419], [-71.34251, 19.16252], [-71.34249, 19.16158], [-71.3451, 19.16088], [-71.3461, 19.15995], [-71.34547, 19.15958], [-71.34548, 19.15723], [-71.34323, 19.15436], [-71.34269, 19.152], [-71.34394, 19.14658], [-71.34548, 19.14382], [-71.34447, 19.14226], [-71.34534, 19.13991], [-71.345, 19.13813], [-71.34553, 19.13732], [-71.34421, 19.13633], [-71.34406, 19.13523], [-71.3425, 19.1332], [-71.34183, 19.13103], [-71.33972, 19.12957], [-71.33901, 19.12774], [-71.33923, 19.12599], [-71.33838, 19.12549], [-71.3398, 19.12529], [-71.33981, 19.12379], [-71.34147, 19.12191], [-71.34085, 19.1194], [-71.34141, 19.1189], [-71.34158, 19.11774], [-71.34324, 19.11694], [-71.34439, 19.11741], [-71.34497, 19.11715], [-71.34465, 19.11622], [-71.34355, 19.11542], [-71.3436, 19.11441], [-71.34247, 19.11392], [-71.34182, 19.1129], [-71.34192, 19.11229], [-71.34475, 19.1117], [-71.34588, 19.11023], [-71.34801, 19.1096], [-71.3498, 19.10792], [-71.3519, 19.10892], [-71.35324, 19.11056], [-71.35582, 19.11071], [-71.3566, 19.11044], [-71.35919, 19.10709], [-71.36071, 19.10685], [-71.36244, 19.10742], [-71.36401, 19.1068], [-71.36498, 19.1076], [-71.36583, 19.10937], [-71.36814, 19.11103], [-71.37, 19.11329], [-71.37246, 19.11365], [-71.37458, 19.11793], [-71.37497, 19.12017], [-71.37605, 19.12076], [-71.37597, 19.12255], [-71.37486, 19.12327], [-71.3756, 19.12383], [-71.38029, 19.12367], [-71.38187, 19.12271], [-71.38255, 19.12137], [-71.38443, 19.1204], [-71.38582, 19.12019], [-71.38663, 19.12075], [-71.38772, 19.12064], [-71.39186, 19.11746], [-71.39632, 19.1156], [-71.39921, 19.11257], [-71.40097, 19.11332], [-71.40528, 19.1132], [-71.40863, 19.11399], [-71.41076, 19.11562], [-71.41381, 19.11595], [-71.41514, 19.11685], [-71.4167, 19.12059], [-71.41892, 19.12117], [-71.42005, 19.12097], [-71.42117, 19.12156], [-71.4234, 19.12692], [-71.42803, 19.12918], [-71.43041, 19.13236], [-71.43443, 19.13012], [-71.43502, 19.12794], [-71.43966, 19.12584], [-71.4403, 19.12631], [-71.44339, 19.12627], [-71.44562, 19.12708], [-71.44712, 19.12622], [-71.44764, 19.12711], [-71.44998, 19.12738], [-71.45414, 19.12721], [-71.45511, 19.12653], [-71.45954, 19.12647], [-71.46165, 19.12701], [-71.46731, 19.12537], [-71.46831, 19.12266], [-71.46829, 19.12124], [-71.46516, 19.11799], [-71.46365, 19.1147], [-71.46356, 19.11155], [-71.46491, 19.10834], [-71.47034, 19.10555], [-71.47707, 19.10069], [-71.4788, 19.09854], [-71.48294, 19.09626], [-71.48189, 19.09457], [-71.48168, 19.09029], [-71.48316, 19.08531], [-71.48298, 19.08276], [-71.4867, 19.07681], [-71.49391, 19.0684], [-71.49991, 19.0643], [-71.50325, 19.06291], [-71.504, 19.05952], [-71.50357, 19.04886], [-71.5052, 19.04086], [-71.50722, 19.03696], [-71.51093, 19.03491], [-71.51086, 19.0343], [-71.512, 19.03267], [-71.51136, 19.03134], [-71.51234, 19.03023], [-71.51145, 19.02965], [-71.51171, 19.02764], [-71.5113, 19.02709], [-71.5113, 19.02525], [-71.51055, 19.02431], [-71.51109, 19.02297], [-71.50928, 19.02211], [-71.50935, 19.02105], [-71.50763, 19.01906], [-71.50701, 19.01743], [-71.50585, 19.01671], [-71.50665, 19.01534], [-71.50586, 19.01454], [-71.50705, 19.01271], [-71.50717, 19.00974], [-71.51268, 19.00879], [-71.51384, 19.00665], [-71.51473, 19.00643], [-71.5159, 19.00514], [-71.51712, 19.00215], [-71.52009, 19.00116], [-71.52267, 18.99788], [-71.52367, 18.99751], [-71.52426, 18.99838], [-71.52524, 18.99781], [-71.53081, 18.9998], [-71.53417, 18.99978], [-71.53831, 19.00122], [-71.54913, 18.99865], [-71.55171, 18.9993], [-71.5554, 19.00183], [-71.56449, 19.00329], [-71.57191, 19.0011], [-71.57357, 19.00004], [-71.57396, 18.99879], [-71.57369, 18.99658], [-71.57243, 18.99475], [-71.57273, 18.99379], [-71.57432, 18.9921], [-71.5767, 18.99057], [-71.57924, 18.98689], [-71.58311, 18.98359], [-71.58752, 18.98552], [-71.59014, 18.98523], [-71.59278, 18.98641], [-71.59469, 18.98619], [-71.59745, 18.98172], [-71.59985, 18.98007], [-71.60206, 18.97955], [-71.60422, 18.9766], [-71.60682, 18.97584], [-71.60689, 18.97515], [-71.6094, 18.97408], [-71.61156, 18.97077], [-71.61431, 18.96996], [-71.61495, 18.9678], [-71.61828, 18.96477], [-71.61762, 18.96376], [-71.61806, 18.96356], [-71.61867, 18.96408], [-71.61887, 18.96319], [-71.61991, 18.96238], [-71.61966, 18.95779], [-71.62045, 18.95657], [-71.62134, 18.9565], [-71.62132, 18.95524], [-71.62371, 18.95657], [-71.6253, 18.95592], [-71.62479, 18.95487], [-71.62402, 18.95483], [-71.62527, 18.95323], [-71.62927, 18.9533], [-71.63089, 18.95035], [-71.62961, 18.94903], [-71.62979, 18.94722], [-71.63061, 18.94695], [-71.63163, 18.94821], [-71.63342, 18.9473], [-71.63631, 18.94765], [-71.63806, 18.94712], [-71.6377, 18.94644], [-71.63806, 18.94609], [-71.64052, 18.94637], [-71.6438, 18.94504], [-71.64343, 18.94323], [-71.64171, 18.9417], [-71.64001, 18.93898], [-71.63703, 18.93727], [-71.63558, 18.93837], [-71.63681, 18.93951], [-71.63593, 18.94061], [-71.63368, 18.9403], [-71.63332, 18.93973], [-71.634, 18.93781], [-71.63328, 18.93702], [-71.63141, 18.93766], [-71.63055, 18.93856], [-71.62779, 18.9383], [-71.62613, 18.93959], [-71.61995, 18.93697], [-71.61812, 18.9392], [-71.61747, 18.93938], [-71.6168, 18.93879], [-71.61809, 18.93474], [-71.61755, 18.93009], [-71.6194, 18.92918], [-71.61925, 18.9279], [-71.61973, 18.92665], [-71.61733, 18.92432], [-71.61801, 18.9237], [-71.61945, 18.92344], [-71.61957, 18.92202], [-71.61731, 18.92156], [-71.61684, 18.92005], [-71.61808, 18.9194], [-71.61808, 18.91775], [-71.61932, 18.91654], [-71.61897, 18.9156], [-71.62133, 18.9119], [-71.62484, 18.90931], [-71.6253, 18.90743], [-71.62699, 18.90484], [-71.62833, 18.90371], [-71.62896, 18.90231], [-71.63227, 18.8994], [-71.63446, 18.89543], [-71.63807, 18.89189], [-71.64419, 18.88935], [-71.64832, 18.88843], [-71.64945, 18.88647], [-71.65269, 18.88277], [-71.65153, 18.88166], [-71.64886, 18.88108], [-71.64444, 18.87841], [-71.64178, 18.87748], [-71.6403, 18.87609], [-71.63758, 18.87651], [-71.63419, 18.87542], [-71.62977, 18.87763], [-71.62803, 18.87972], [-71.62532, 18.87971], [-71.62436, 18.88097], [-71.62376, 18.88321], [-71.62199, 18.88462], [-71.62062, 18.88502], [-71.6172, 18.88489], [-71.61715, 18.88394], [-71.6188, 18.88159], [-71.61919, 18.86423], [-71.62122, 18.85862], [-71.62132, 18.85686], [-71.62394, 18.85407], [-71.62344, 18.85078], [-71.62594, 18.84425], [-71.62599, 18.84266], [-71.62215, 18.83416], [-71.62076, 18.82916], [-71.61804, 18.82902], [-71.61528, 18.82652], [-71.6214, 18.82477], [-71.62211, 18.8227], [-71.6238, 18.82136], [-71.62406, 18.82039], [-71.62241, 18.81984], [-71.62128, 18.81835], [-71.62016, 18.81801], [-71.6223, 18.81499], [-71.62239, 18.81346], [-71.62352, 18.81135], [-71.62395, 18.80909], [-71.62468, 18.80878], [-71.62596, 18.80925], [-71.62778, 18.80697], [-71.62995, 18.80671], [-71.6303, 18.80588], [-71.62852, 18.80403], [-71.62276, 18.80413], [-71.61029, 18.80328], [-71.59758, 18.79993], [-71.59146, 18.79642], [-71.59035, 18.79426], [-71.58726, 18.79026], [-71.57681, 18.7847], [-71.57308, 18.784], [-71.57112, 18.78266], [-71.56704, 18.78147], [-71.56853, 18.7807], [-71.57216, 18.77719], [-71.57462, 18.77672], [-71.57972, 18.77394], [-71.58265, 18.77426], [-71.58327, 18.77321], [-71.58452, 18.77253], [-71.58385, 18.76978], [-71.58248, 18.76959], [-71.58213, 18.76905], [-71.58098, 18.7695], [-71.58001, 18.77109], [-71.57847, 18.77083], [-71.57842, 18.77164], [-71.5774, 18.77079], [-71.57694, 18.76933], [-71.57575, 18.7691], [-71.57154, 18.76612], [-71.5717, 18.76354], [-71.5707, 18.76261], [-71.57137, 18.76024], [-71.57085, 18.75948], [-71.57103, 18.75872], [-71.57384, 18.75894], [-71.57455, 18.75758], [-71.57326, 18.7558], [-71.57681, 18.752], [-71.57856, 18.74912], [-71.57849, 18.74628], [-71.57909, 18.74467], [-71.57967, 18.74414], [-71.58525, 18.74279], [-71.58479, 18.74133], [-71.58147, 18.73847], [-71.58008, 18.73538], [-71.57937, 18.73296], [-71.58042, 18.73136], [-71.57967, 18.7303], [-71.57994, 18.72875], [-71.57896, 18.72815], [-71.57738, 18.72826], [-71.57547, 18.72758], [-71.57468, 18.72662], [-71.57267, 18.72584], [-71.57217, 18.72537], [-71.57181, 18.72286], [-71.57032, 18.72101], [-71.57001, 18.71989], [-71.57011, 18.71267], [-71.56918, 18.71032], [-71.56979, 18.70792], [-71.56968, 18.70711], [-71.56896, 18.70652], [-71.56964, 18.7045], [-71.57253, 18.70001], [-71.57217, 18.69716], [-71.5717, 18.69671], [-71.57181, 18.68897], [-71.57291, 18.68588], [-71.57255, 18.68452], [-71.57408, 18.68174], [-71.5743, 18.68042], [-71.57198, 18.67207], [-71.57227, 18.66926], [-71.57144, 18.66776], [-71.57226, 18.66277], [-71.57577, 18.65466], [-71.57846, 18.65296], [-71.59166, 18.65959], [-71.59435, 18.66155], [-71.60262, 18.66292], [-71.60602, 18.66273], [-71.61074, 18.66689], [-71.61439, 18.66756], [-71.61947, 18.66743], [-71.62375, 18.6666], [-71.63207, 18.66857], [-71.63667, 18.66763], [-71.63905, 18.66618], [-71.63996, 18.66476], [-71.64293, 18.66239], [-71.64514, 18.66222], [-71.65469, 18.66254], [-71.65771, 18.66417], [-71.65941, 18.66456], [-71.66494, 18.66357], [-71.67507, 18.66487], [-71.67904, 18.66398], [-71.68316, 18.66377], [-71.69287, 18.66511], [-71.69695, 18.66742], [-71.70274, 18.66902], [-71.71133, 18.67054], [-71.72101, 18.67504], [-71.7276, 18.67423], [-71.73451, 18.67806], [-71.73627, 18.67834], [-71.74475, 18.67754], [-71.74901, 18.67984], [-71.75111, 18.68179], [-71.75238, 18.68207], [-71.75397, 18.68178], [-71.7584, 18.67881], [-71.76084, 18.67782], [-71.76593, 18.67718], [-71.76822, 18.67642], [-71.7728, 18.6771], [-71.7779, 18.68003], [-71.77881, 18.67972], [-71.7843, 18.68025], [-71.78495, 18.68046], [-71.78923, 18.68784], [-71.79019, 18.68872], [-71.78594, 18.69149], [-71.78557, 18.69385], [-71.78592, 18.69867], [-71.78436, 18.70451], [-71.73924, 18.72378], [-71.72332, 18.80699], [-71.72334, 18.8266], [-71.72245, 18.83093], [-71.72607, 18.83587], [-71.72678, 18.83807], [-71.72557, 18.84344], [-71.72786, 18.85076], [-71.72791, 18.85237], [-71.72669, 18.8579], [-71.72689, 18.85978], [-71.72835, 18.86285], [-71.72842, 18.86704], [-71.72931, 18.87141], [-71.72907, 18.87387], [-71.72984, 18.87511], [-71.74036, 18.87627], [-71.74192, 18.87697], [-71.74253, 18.87758], [-71.74305, 18.87952], [-71.74272, 18.88676], [-71.74365, 18.88863], [-71.75727, 18.90106], [-71.76531, 18.90419], [-71.76893, 18.90411], [-71.77085, 18.90579], [-71.77224, 18.90937], [-71.77185, 18.91028], [-71.77502, 18.92396], [-71.78304, 18.94616], [-71.78213, 18.94723], [-71.78343, 18.94857], [-71.78352, 18.94938], [-71.78212, 18.95284], [-71.78255, 18.95453], [-71.78814, 18.95557], [-71.7907, 18.9573], [-71.79241, 18.95705], [-71.79429, 18.95256], [-71.79583, 18.95311], [-71.79702, 18.95646], [-71.79833, 18.95673], [-71.79968, 18.95635], [-71.8022, 18.9543], [-71.80291, 18.95434], [-71.80387, 18.95784], [-71.80473, 18.95859], [-71.80763, 18.95907], [-71.80867, 18.9597], [-71.81232, 18.95998], [-71.81288, 18.96088], [-71.81302, 18.96319], [-71.81437, 18.96441], [-71.81666, 18.96426], [-71.81889, 18.96263], [-71.82581, 18.96381], [-71.8263, 18.9643], [-71.82611, 18.96474], [-71.82317, 18.9661], [-71.82263, 18.96682], [-71.82367, 18.96813], [-71.82687, 18.96842], [-71.83158, 18.96358], [-71.83253, 18.96313], [-71.83447, 18.96492], [-71.83491, 18.96852], [-71.83584, 18.97025], [-71.83794, 18.96979], [-71.83935, 18.96864], [-71.84094, 18.96611], [-71.84278, 18.96625], [-71.84324, 18.96414], [-71.84417, 18.96265], [-71.84039, 18.95988], [-71.83982, 18.95887], [-71.84008, 18.9581], [-71.84206, 18.95778], [-71.84364, 18.95663], [-71.84453, 18.95715], [-71.84596, 18.95887], [-71.84683, 18.96263], [-71.84905, 18.96327], [-71.84944, 18.96298], [-71.84917, 18.96018], [-71.85315, 18.95508], [-71.85518, 18.95472], [-71.85564, 18.95599], [-71.85502, 18.95769], [-71.85914, 18.96293], [-71.86027, 18.96313], [-71.8608, 18.96287], [-71.85996, 18.95941], [-71.86018, 18.95897], [-71.86135, 18.95901], [-71.86191, 18.9585], [-71.86204, 18.95527], [-71.86047, 18.95239], [-71.86035, 18.9479], [-71.86289, 18.94783], [-71.8642, 18.94693], [-71.86778, 18.94572], [-71.86932, 18.94614], [-71.87075, 18.94724], [-71.87189, 18.94718], [-71.87569, 18.9484], [-71.87618, 18.94801], [-71.87607, 18.94744], [-71.87489, 18.94647], [-71.87613, 18.94498], [-71.87766, 18.94423], [-71.8777, 18.94282], [-71.87819, 18.94224], [-71.87925, 18.94156], [-71.8819, 18.94145], [-71.88329, 18.94242], [-71.88439, 18.94852], [-71.88344, 18.95133], [-71.88598, 18.95525], [-71.8864, 18.95989], [-71.8849, 18.96026], [-71.88358, 18.95974], [-71.88116, 18.95704], [-71.87988, 18.95664], [-71.87511, 18.95788], [-71.87413, 18.96187], [-71.87417, 18.9643], [-71.87643, 18.96823], [-71.87692, 18.97072], [-71.87595, 18.9718], [-71.86711, 18.97585], [-71.8683, 18.97893], [-71.86793, 18.98213], [-71.86387, 18.98387], [-71.86299, 18.98345], [-71.86275, 18.98255], [-71.86328, 18.97979], [-71.86239, 18.97811], [-71.85809, 18.97658], [-71.85627, 18.97746], [-71.8556, 18.97896], [-71.85673, 18.982], [-71.85617, 18.98298], [-71.85118, 18.98672], [-71.85132, 18.9887], [-71.85229, 18.99109], [-71.85203, 18.99234], [-71.84892, 18.99222], [-71.84511, 18.99128], [-71.84383, 18.99146], [-71.8432, 18.99264], [-71.843, 18.99599], [-71.84191, 18.9994], [-71.84021, 19.00003], [-71.83524, 19.00018], [-71.8346, 19.00066], [-71.83451, 19.00351], [-71.83382, 19.00507], [-71.83162, 19.0049], [-71.82988, 19.00331], [-71.82996, 18.99945], [-71.82892, 18.99564], [-71.82803, 18.99426], [-71.82727, 18.99401], [-71.82466, 18.99399], [-71.82435, 18.99453], [-71.8192, 18.99665], [-71.8138, 18.99608], [-71.80913, 18.998], [-71.8056, 18.99863], [-71.80429, 19.00364], [-71.80096, 19.00493], [-71.7976, 19.00432], [-71.79664, 19.00284], [-71.79695, 18.99854], [-71.79856, 18.99648], [-71.79854, 18.99577], [-71.79662, 18.99463], [-71.79418, 18.99428], [-71.79202, 18.9932], [-71.78913, 18.99316], [-71.78834, 18.99377], [-71.78701, 18.99702], [-71.78793, 18.99895], [-71.79135, 19.00127], [-71.79102, 19.00757], [-71.78998, 19.00884], [-71.78659, 19.01084], [-71.78542, 19.01233], [-71.78153, 19.01078], [-71.77785, 19.0115], [-71.77624, 19.01262], [-71.77601, 19.01369], [-71.77689, 19.01554], [-71.77865, 19.01633], [-71.78146, 19.01618], [-71.7824, 19.01705], [-71.78243, 19.01792], [-71.78204, 19.01884], [-71.77539, 19.02573], [-71.77241, 19.02948], [-71.77174, 19.031], [-71.77068, 19.03169], [-71.76817, 19.03182], [-71.76735, 19.03088], [-71.76547, 19.02656], [-71.76451, 19.02625], [-71.76212, 19.02673], [-71.76098, 19.02814], [-71.7604, 19.03013], [-71.76289, 19.0332], [-71.76345, 19.03432], [-71.76335, 19.03534], [-71.75784, 19.04017], [-71.75507, 19.0411], [-71.75323, 19.04512], [-71.75206, 19.04654], [-71.75098, 19.04712], [-71.74866, 19.04716], [-71.7459, 19.04644], [-71.74253, 19.04374], [-71.74073, 19.04345], [-71.73818, 19.04519], [-71.73755, 19.04713], [-71.73812, 19.04871], [-71.73781, 19.04954], [-71.7305, 19.05052], [-71.72671, 19.05171], [-71.72289, 19.05351], [-71.72207, 19.05533], [-71.72226, 19.05698], [-71.7204, 19.05948], [-71.71803, 19.05825], [-71.7172, 19.05832], [-71.71592, 19.06036], [-71.71584, 19.06293], [-71.71995, 19.06378], [-71.72052, 19.06541], [-71.71873, 19.06818], [-71.71617, 19.07063], [-71.71533, 19.07094], [-71.71263, 19.07027], [-71.71085, 19.07038], [-71.71003, 19.0691], [-71.71031, 19.0673], [-71.70938, 19.06704], [-71.70477, 19.06983], [-71.70115, 19.07321], [-71.70176, 19.07471], [-71.70302, 19.07587], [-71.70839, 19.07658], [-71.71205, 19.07817], [-71.71228, 19.07957], [-71.71198, 19.08294], [-71.71095, 19.08443], [-71.70978, 19.08516], [-71.70215, 19.08455], [-71.69933, 19.08659], [-71.69714, 19.08693], [-71.69696, 19.09024], [-71.69901, 19.09338], [-71.6989, 19.09544], [-71.7012, 19.09651], [-71.70393, 19.09684], [-71.70507, 19.09825], [-71.70657, 19.09909], [-71.70482, 19.10297], [-71.70234, 19.10591], [-71.6987, 19.10812], [-71.69636, 19.10823], [-71.69293, 19.10652], [-71.69211, 19.10525], [-71.68868, 19.10511], [-71.68704, 19.10359], [-71.68531, 19.10287], [-71.68439, 19.10298], [-71.68239, 19.10519], [-71.68191, 19.10655], [-71.68195, 19.10765], [-71.6828, 19.10857], [-71.6812, 19.1094], [-71.67957, 19.10876], [-71.67897, 19.10935], [-71.68007, 19.11033], [-71.67965, 19.11272], [-71.68215, 19.11438], [-71.68162, 19.1156], [-71.68203, 19.11736], [-71.67935, 19.11582], [-71.67858, 19.11718], [-71.67765, 19.11727], [-71.67683, 19.11653], [-71.67658, 19.11468], [-71.67565, 19.11439], [-71.67547, 19.11358], [-71.67346, 19.11347], [-71.67288, 19.11274], [-71.67216, 19.11543], [-71.671, 19.1157], [-71.67095, 19.11648], [-71.67021, 19.11722], [-71.66904, 19.11615], [-71.66783, 19.11612], [-71.66725, 19.1148], [-71.66484, 19.1145], [-71.66345, 19.11297], [-71.66188, 19.11395], [-71.65823, 19.11494], [-71.65545, 19.1178], [-71.65456, 19.11773], [-71.65476, 19.11603], [-71.65415, 19.11592], [-71.65384, 19.11848], [-71.65217, 19.12043], [-71.65135, 19.1207], [-71.65083, 19.12294], [-71.64935, 19.12475], [-71.64908, 19.12676], [-71.64758, 19.12879], [-71.64812, 19.13058], [-71.64628, 19.13294], [-71.64667, 19.13368], [-71.64603, 19.13509], [-71.65116, 19.13893], [-71.65289, 19.13915], [-71.65649, 19.14355], [-71.65601, 19.14376], [-71.65268, 19.14266], [-71.65199, 19.14326], [-71.6511, 19.14262], [-71.64965, 19.14278], [-71.6487, 19.14482], [-71.64686, 19.14428], [-71.64659, 19.14493], [-71.64572, 19.14483], [-71.64534, 19.14528], [-71.64472, 19.14472], [-71.64363, 19.14534], [-71.64211, 19.14486], [-71.64006, 19.14661], [-71.64261, 19.14984], [-71.64455, 19.14975], [-71.64432, 19.15123], [-71.64543, 19.15242], [-71.64682, 19.15236], [-71.64676, 19.15329], [-71.64347, 19.1539], [-71.64564, 19.15581], [-71.64561, 19.15647], [-71.64327, 19.15612], [-71.6423, 19.15702], [-71.64345, 19.15878], [-71.64328, 19.15952], [-71.64395, 19.16024], [-71.64398, 19.16121], [-71.64562, 19.16112], [-71.64472, 19.16314], [-71.64703, 19.16288], [-71.64769, 19.16394], [-71.64638, 19.16442], [-71.64525, 19.16561], [-71.64594, 19.16888], [-71.64427, 19.16841], [-71.64385, 19.1676], [-71.64225, 19.16686], [-71.6413, 19.16751], [-71.6412, 19.16856], [-71.64057, 19.16859], [-71.6398, 19.16781], [-71.63836, 19.16758], [-71.63703, 19.16628], [-71.63586, 19.16711], [-71.63637, 19.16924], [-71.63493, 19.16854], [-71.63351, 19.16882], [-71.63608, 19.17075], [-71.63715, 19.17214], [-71.63782, 19.17217], [-71.6381, 19.17299], [-71.63887, 19.17307], [-71.63923, 19.17457], [-71.64004, 19.17494], [-71.64282, 19.17477], [-71.64347, 19.17571], [-71.64673, 19.17609], [-71.64743, 19.17658], [-71.64541, 19.17773], [-71.64337, 19.17789], [-71.64504, 19.18067], [-71.64313, 19.17971], [-71.64188, 19.17974], [-71.64141, 19.17869], [-71.64046, 19.17891], [-71.6398, 19.17854], [-71.63912, 19.17899], [-71.63775, 19.17839], [-71.63701, 19.17917], [-71.63693, 19.1805], [-71.63605, 19.1809], [-71.63616, 19.18221], [-71.63555, 19.18262], [-71.63546, 19.18337], [-71.63468, 19.18321], [-71.63379, 19.18171], [-71.63255, 19.18191], [-71.63123, 19.18352], [-71.63017, 19.18268], [-71.62997, 19.18178], [-71.62727, 19.18168], [-71.62816, 19.18373], [-71.62719, 19.1845], [-71.62632, 19.1864], [-71.62808, 19.18688], [-71.62922, 19.18655], [-71.62903, 19.18844], [-71.63019, 19.18936], [-71.63311, 19.18827], [-71.63372, 19.18925], [-71.63517, 19.1899], [-71.63658, 19.18936], [-71.63679, 19.19181], [-71.63884, 19.19258], [-71.63844, 19.19328], [-71.63686, 19.19391], [-71.63693, 19.19549], [-71.63838, 19.19607], [-71.63905, 19.197], [-71.63806, 19.1974], [-71.638, 19.19875], [-71.63696, 19.19897], [-71.63669, 19.20033], [-71.63785, 19.20099], [-71.63764, 19.20185], [-71.63568, 19.20205], [-71.63496, 19.20165], [-71.63427, 19.20268], [-71.6349, 19.20349], [-71.6343, 19.20394], [-71.63421, 19.20477], [-71.63099, 19.20576], [-71.62985, 19.20504], [-71.62746, 19.20612], [-71.62729, 19.20533], [-71.62457, 19.2028], [-71.62391, 19.20322], [-71.62364, 19.20432], [-71.62393, 19.20648], [-71.62175, 19.20653], [-71.62251, 19.20772], [-71.62343, 19.20766], [-71.62497, 19.20846], [-71.6259, 19.20767], [-71.62661, 19.2092], [-71.62732, 19.20905], [-71.62764, 19.20811], [-71.6311, 19.20757], [-71.63203, 19.20702], [-71.63272, 19.20741], [-71.63272, 19.20816], [-71.63137, 19.2091], [-71.6307, 19.20897], [-71.62826, 19.21134], [-71.63003, 19.21224], [-71.62972, 19.21322], [-71.63124, 19.21541], [-71.63393, 19.21722], [-71.63452, 19.22096], [-71.63616, 19.22327], [-71.63583, 19.22529], [-71.63687, 19.22522], [-71.63788, 19.22424], [-71.63811, 19.22519], [-71.63879, 19.22571], [-71.64036, 19.22486], [-71.64005, 19.22555], [-71.64069, 19.22614], [-71.63891, 19.22673], [-71.63808, 19.22796], [-71.63962, 19.22943], [-71.63834, 19.23041], [-71.6389, 19.23173], [-71.63766, 19.23272], [-71.63691, 19.23262], [-71.63624, 19.23143], [-71.63452, 19.23009], [-71.63566, 19.23279], [-71.63407, 19.23515], [-71.63366, 19.23772], [-71.63077, 19.23974], [-71.6309, 19.24202], [-71.62649, 19.2447], [-71.62565, 19.24607], [-71.62342, 19.24599], [-71.62222, 19.2449], [-71.6212, 19.24522], [-71.61913, 19.24758], [-71.61943, 19.24925], [-71.61891, 19.25048], [-71.6158, 19.25074], [-71.61597, 19.25206], [-71.61718, 19.25323], [-71.6171, 19.25394], [-71.61348, 19.25192], [-71.61114, 19.25151], [-71.609, 19.24635], [-71.60822, 19.24678], [-71.60834, 19.24823], [-71.60783, 19.24889], [-71.60655, 19.24905], [-71.60455, 19.24793], [-71.60381, 19.24855], [-71.60333, 19.25041], [-71.60096, 19.25026], [-71.60078, 19.25105], [-71.60181, 19.25252], [-71.60135, 19.25375], [-71.59968, 19.25451], [-71.59806, 19.2539], [-71.59747, 19.25412], [-71.59916, 19.25856], [-71.59882, 19.25924], [-71.59651, 19.2601], [-71.59614, 19.26078], [-71.59659, 19.26196], [-71.5973, 19.26231], [-71.59824, 19.26177], [-71.59877, 19.26287], [-71.59837, 19.26371], [-71.5971, 19.26434], [-71.59735, 19.26622], [-71.59577, 19.26729], [-71.59517, 19.26828], [-71.59527, 19.26987], [-71.59646, 19.27177], [-71.59636, 19.2723], [-71.59403, 19.27421], [-71.59391, 19.2753], [-71.59457, 19.2758], [-71.59451, 19.27649], [-71.59281, 19.27726], [-71.59185, 19.27827], [-71.59118, 19.28185], [-71.5914, 19.28362], [-71.59041, 19.28399]]]}}, {"type": "Feature", "properties": {"COD_PROV": "08", "PROVINCIA": "EL SEIBO", "NOMBRE": "El Seibo", "N_MUNICIPIOS": 2}, "geometry": {"type": "MultiPolygon", "coordinates": [[[[-69.17101, 19.0159], [-69.17005, 19.01516], [-69.16895, 19.01578], [-69.16794, 19.01487], [-69.16848, 19.01412], [-69.17451, 19.01401], [-69.17462, 19.01436], [-69.17277, 19.01588], [-69.17101, 19.0159]]], [[[-69.14522, 19.04365], [-69.14516, 19.0432], [-69.14369, 19.0437], [-69.14205, 19.04315], [-69.14087, 19.04337], [-69.13741, 19.04259], [-69.13705, 19.04215], [-69.1359, 19.04248], [-69.13408, 19.04106], [-69.13113, 19.03601], [-69.12731, 19.03183], [-69.12496, 19.02818], [-69.12481, 19.02654], [-69.12395, 19.02563], [-69.12227, 19.02076], [-69.12258, 19.01922], [-69.12156, 19.01933], [-69.11875, 19.0152], [-69.11541, 19.01141], [-69.11282, 19.01059], [-69.11056, 19.01088], [-69.11016, 19.01031], [-69.10789, 19.00952], [-69.10604, 19.00985], [-69.10426, 19.01084], [-69.10121, 19.01117], [-69.09929, 19.01079], [-69.09783, 19.00766], [-69.09842, 19.00593], [-69.0978, 19.00415], [-69.09672, 19.00322], [-69.0967, 19.0011], [-69.0951, 18.999], [-69.09281, 18.99815], [-69.09096, 18.9966], [-69.08613, 18.99458], [-69.08448, 18.99604], [-69.08323, 18.9961], [-69.08236, 18.99551], [-69.0819, 18.99402], [-69.07964, 18.99137], [-69.07411, 18.98675], [-69.07042, 18.98652], [-69.06906, 18.98764], [-69.06854, 18.98747], [-69.0682, 18.98647], [-69.06432, 18.98468], [-69.0629, 18.98457], [-69.05796, 18.98566], [-69.05545, 18.98503], [-69.05406, 18.98509], [-69.05303, 18.98578], [-69.05125, 18.98546], [-69.04773, 18.98604], [-69.04459, 18.98588], [-69.04198, 18.98744], [-69.04032, 18.98766], [-69.0375, 18.98595], [-69.02724, 18.98556], [-69.02275, 18.98604], [-69.01327, 18.98806], [-69.00763, 18.99072], [-69.00577, 18.99274], [-69.00349, 18.99619], [-69.00279, 19.00018], [-69.0054, 19.00372], [-69.0075, 19.00572], [-69.01332, 19.00869], [-69.01525, 19.01313], [-69.01503, 19.01476], [-69.01195, 19.01509], [-69.00908, 19.01716], [-69.00724, 19.01741], [-69.00382, 19.01912], [-69.00279, 19.01904], [-69.0009, 19.01672], [-68.99602, 19.01484], [-68.99046, 19.01391], [-68.98686, 19.01411], [-68.98151, 19.01627], [-68.97898, 19.01784], [-68.97735, 19.02178], [-68.97742, 19.02299], [-68.97843, 19.02408], [-68.97931, 19.0242], [-68.97927, 19.02474], [-68.9761, 19.02763], [-68.97183, 19.02851], [-68.9686, 19.03167], [-68.96707, 19.03064], [-68.96373, 19.03045], [-68.96297, 19.02915], [-68.96059, 19.02723], [-68.95544, 19.02601], [-68.95367, 19.02628], [-68.94959, 19.02966], [-68.94941, 19.03079], [-68.9484, 19.03144], [-68.94595, 19.03113], [-68.94241, 19.03148], [-68.9371, 19.03052], [-68.93525, 19.02941], [-68.93151, 19.02856], [-68.92777, 19.02703], [-68.92524, 19.02745], [-68.92308, 19.02686], [-68.92082, 19.02825], [-68.91526, 19.02589], [-68.91386, 19.02493], [-68.91274, 19.02336], [-68.90452, 19.01782], [-68.90018, 19.01512], [-68.89828, 19.01457], [-68.89555, 19.01194], [-68.8921, 19.01057], [-68.88866, 19.00777], [-68.88122, 19.00305], [-68.88085, 19.00207], [-68.87779, 19.00027], [-68.87393, 18.99659], [-68.86927, 18.99448], [-68.86706, 18.99284], [-68.86364, 18.99169], [-68.85568, 18.99206], [-68.85218, 18.99382], [-68.85057, 18.99663], [-68.84815, 18.99595], [-68.83486, 18.99495], [-68.83037, 18.99067], [-68.82465, 18.98656], [-68.81385, 18.98128], [-68.81041, 18.98133], [-68.80722, 18.98267], [-68.80411, 18.98152], [-68.80209, 18.98149], [-68.80109, 18.98215], [-68.79864, 18.98115], [-68.7952, 18.98115], [-68.78889, 18.97718], [-68.78017, 18.97327], [-68.77816, 18.97298], [-68.77738, 18.97347], [-68.77747, 18.97162], [-68.77619, 18.96803], [-68.77587, 18.95945], [-68.77646, 18.95754], [-68.77721, 18.95682], [-68.77804, 18.95698], [-68.78096, 18.9604], [-68.78338, 18.96454], [-68.78427, 18.96489], [-68.78676, 18.96181], [-68.78705, 18.95926], [-68.78644, 18.95872], [-68.78545, 18.95881], [-68.78151, 18.9555], [-68.78062, 18.95586], [-68.77907, 18.95474], [-68.78118, 18.95385], [-68.78147, 18.95246], [-68.78457, 18.9517], [-68.78532, 18.94951], [-68.7865, 18.94965], [-68.788, 18.94885], [-68.78823, 18.95117], [-68.7904, 18.95091], [-68.79345, 18.95127], [-68.7942, 18.95194], [-68.79538, 18.95167], [-68.79697, 18.95324], [-68.79937, 18.95364], [-68.80031, 18.95279], [-68.80092, 18.95123], [-68.80078, 18.94917], [-68.80139, 18.94868], [-68.80299, 18.9486], [-68.80567, 18.9465], [-68.80647, 18.94645], [-68.80694, 18.94601], [-68.80652, 18.9444], [-68.80906, 18.94337], [-68.81202, 18.94087], [-68.81371, 18.94096], [-68.81423, 18.94056], [-68.8147, 18.94065], [-68.81501, 18.94148], [-68.81568, 18.94147], [-68.81586, 18.94071], [-68.81471, 18.93959], [-68.81484, 18.93899], [-68.81839, 18.93922], [-68.81878, 18.93809], [-68.81751, 18.9372], [-68.81878, 18.93672], [-68.81814, 18.93539], [-68.81899, 18.93365], [-68.82078, 18.93305], [-68.82057, 18.93147], [-68.82103, 18.93031], [-68.82031, 18.92922], [-68.81887, 18.92885], [-68.81836, 18.92756], [-68.81688, 18.92631], [-68.81786, 18.92288], [-68.81697, 18.91989], [-68.81579, 18.91884], [-68.81677, 18.91675], [-68.81685, 18.91513], [-68.81897, 18.91566], [-68.8188, 18.91404], [-68.81927, 18.91372], [-68.82194, 18.91389], [-68.82313, 18.91441], [-68.82364, 18.91328], [-68.82423, 18.91328], [-68.82563, 18.91393], [-68.82589, 18.91167], [-68.82855, 18.91268], [-68.82898, 18.9124], [-68.8294, 18.91171], [-68.82809, 18.90978], [-68.8303, 18.9095], [-68.8303, 18.90647], [-68.83081, 18.90595], [-68.83195, 18.90538], [-68.83433, 18.90595], [-68.83488, 18.90538], [-68.83556, 18.90579], [-68.83657, 18.90539], [-68.83768, 18.90301], [-68.83976, 18.90131], [-68.8401, 18.8993], [-68.8398, 18.89845], [-68.83747, 18.8957], [-68.83781, 18.89526], [-68.83849, 18.89538], [-68.84069, 18.89676], [-68.84197, 18.8945], [-68.84159, 18.89216], [-68.84056, 18.8911], [-68.83452, 18.89101], [-68.8318, 18.88889], [-68.83123, 18.8869], [-68.83185, 18.88316], [-68.83112, 18.87837], [-68.83016, 18.87699], [-68.82904, 18.87633], [-68.82473, 18.87469], [-68.82638, 18.87008], [-68.82657, 18.8669], [-68.82379, 18.86395], [-68.82262, 18.86201], [-68.82171, 18.85917], [-68.82158, 18.85512], [-68.81722, 18.84747], [-68.81628, 18.84301], [-68.81308, 18.8405], [-68.81175, 18.83875], [-68.80874, 18.83114], [-68.81217, 18.82933], [-68.81296, 18.82771], [-68.81218, 18.82635], [-68.81356, 18.82563], [-68.81387, 18.82447], [-68.81307, 18.82327], [-68.81298, 18.82114], [-68.81172, 18.81843], [-68.81155, 18.81461], [-68.80995, 18.81313], [-68.81009, 18.81191], [-68.80592, 18.80571], [-68.80497, 18.80281], [-68.80521, 18.79892], [-68.80958, 18.78779], [-68.81185, 18.78691], [-68.8195, 18.78811], [-68.82424, 18.78779], [-68.82631, 18.78497], [-68.84283, 18.77413], [-68.84558, 18.77267], [-68.85032, 18.77336], [-68.85171, 18.7724], [-68.85217, 18.77113], [-68.85207, 18.76924], [-68.85094, 18.76422], [-68.8517, 18.76203], [-68.85699, 18.75739], [-68.8581, 18.75589], [-68.85953, 18.75137], [-68.85876, 18.74982], [-68.85595, 18.74823], [-68.85463, 18.74608], [-68.8542, 18.74438], [-68.85455, 18.7424], [-68.85569, 18.74049], [-68.85846, 18.73821], [-68.85912, 18.73813], [-68.85982, 18.73661], [-68.86076, 18.73616], [-68.86198, 18.73424], [-68.86283, 18.73379], [-68.86452, 18.7299], [-68.86663, 18.72897], [-68.86828, 18.72597], [-68.86837, 18.72459], [-68.86973, 18.72396], [-68.86926, 18.72329], [-68.86936, 18.72213], [-68.86978, 18.72208], [-68.87034, 18.72298], [-68.87236, 18.72334], [-68.87283, 18.72276], [-68.87353, 18.72276], [-68.87404, 18.72135], [-68.87502, 18.72073], [-68.87612, 18.72124], [-68.87715, 18.7211], [-68.87915, 18.71913], [-68.88179, 18.71971], [-68.88474, 18.7184], [-68.88645, 18.72173], [-68.88782, 18.7233], [-68.89002, 18.72422], [-68.89104, 18.72592], [-68.8918, 18.72611], [-68.89434, 18.72357], [-68.89893, 18.72174], [-68.90202, 18.722], [-68.90339, 18.72292], [-68.90524, 18.72331], [-68.9086, 18.72318], [-68.9112, 18.72188], [-68.91305, 18.72175], [-68.91504, 18.72201], [-68.91627, 18.72312], [-68.91833, 18.7224], [-68.92501, 18.72267], [-68.92598, 18.72189], [-68.92646, 18.71948], [-68.92847, 18.71753], [-68.93014, 18.71496], [-68.92901, 18.71096], [-68.929, 18.70926], [-68.93183, 18.70794], [-68.93271, 18.70391], [-68.93092, 18.70371], [-68.93022, 18.70316], [-68.93004, 18.70236], [-68.93091, 18.70024], [-68.92897, 18.69798], [-68.92738, 18.69739], [-68.92489, 18.69813], [-68.9242, 18.69748], [-68.92616, 18.69592], [-68.92887, 18.69021], [-68.93307, 18.68724], [-68.93531, 18.68739], [-68.93768, 18.68026], [-68.93714, 18.67887], [-68.93557, 18.67738], [-68.93211, 18.67577], [-68.92799, 18.67285], [-68.92348, 18.66739], [-68.92363, 18.66652], [-68.926, 18.66485], [-68.9268, 18.66338], [-68.92704, 18.65762], [-68.92748, 18.65712], [-68.92723, 18.65736], [-68.92706, 18.65741], [-68.92776, 18.65681], [-68.92835, 18.65668], [-68.9301, 18.65854], [-68.93143, 18.65884], [-68.93265, 18.65853], [-68.9347, 18.65644], [-68.93683, 18.65757], [-68.93898, 18.65639], [-68.9409, 18.65851], [-68.94222, 18.65797], [-68.94279, 18.65861], [-68.94402, 18.65827], [-68.94583, 18.6567], [-68.94644, 18.65665], [-68.94701, 18.65734], [-68.94902, 18.65675], [-68.9502, 18.65704], [-68.95154, 18.65837], [-68.95437, 18.65891], [-68.95586, 18.65651], [-68.957, 18.65631], [-68.95746, 18.65518], [-68.95797, 18.65503], [-68.95818, 18.65351], [-68.96246, 18.64924], [-68.96584, 18.64758], [-68.97106, 18.64609], [-68.97246, 18.64524], [-68.97407, 18.6425], [-68.97538, 18.6415], [-68.97796, 18.64122], [-68.98087, 18.63985], [-68.9822, 18.63768], [-68.982, 18.63559], [-68.98229, 18.63436], [-68.98274, 18.63415], [-68.9829, 18.63239], [-68.98449, 18.63046], [-68.98423, 18.62975], [-68.9857, 18.62372], [-68.98666, 18.62265], [-68.98865, 18.61693], [-68.98971, 18.61615], [-68.99033, 18.61443], [-68.99271, 18.61078], [-68.99586, 18.6087], [-68.99617, 18.60716], [-68.99729, 18.60595], [-68.99763, 18.60439], [-68.99867, 18.60306], [-68.99889, 18.60068], [-69.00048, 18.59925], [-69.00229, 18.59423], [-69.00392, 18.59235], [-69.00578, 18.59224], [-69.0077, 18.59151], [-69.0094, 18.58993], [-69.01004, 18.58436], [-69.01076, 18.58355], [-69.01315, 18.58243], [-69.01333, 18.58152], [-69.01397, 18.58105], [-69.01451, 18.57821], [-69.01627, 18.57662], [-69.01915, 18.57623], [-69.02069, 18.57756], [-69.02267, 18.57748], [-69.02538, 18.5752], [-69.02543, 18.57472], [-69.02633, 18.57464], [-69.02673, 18.57373], [-69.028, 18.57386], [-69.02899, 18.57249], [-69.03152, 18.57253], [-69.03206, 18.57077], [-69.03323, 18.57016], [-69.03481, 18.57051], [-69.03612, 18.56866], [-69.03679, 18.56965], [-69.03756, 18.56891], [-69.03756, 18.56814], [-69.03869, 18.56848], [-69.03905, 18.56741], [-69.04099, 18.56629], [-69.0409, 18.56513], [-69.04185, 18.56487], [-69.04139, 18.56358], [-69.04171, 18.56289], [-69.0409, 18.56224], [-69.04184, 18.56104], [-69.04148, 18.55971], [-69.04202, 18.55889], [-69.04166, 18.55807], [-69.04225, 18.55747], [-69.04162, 18.55631], [-69.04342, 18.55342], [-69.04545, 18.55347], [-69.04699, 18.55286], [-69.04735, 18.55248], [-69.04721, 18.55076], [-69.05001, 18.54985], [-69.05086, 18.54684], [-69.05303, 18.54611], [-69.05208, 18.54421], [-69.05366, 18.54391], [-69.05307, 18.54013], [-69.05573, 18.53991], [-69.05681, 18.53918], [-69.05776, 18.53931], [-69.05921, 18.5387], [-69.06042, 18.53582], [-69.06552, 18.53345], [-69.06701, 18.53182], [-69.06687, 18.5307], [-69.06813, 18.52924], [-69.07034, 18.52872], [-69.07291, 18.52902], [-69.07359, 18.52992], [-69.07413, 18.52992], [-69.0753, 18.5282], [-69.07643, 18.52755], [-69.07968, 18.52889], [-69.08401, 18.52643], [-69.08472, 18.5266], [-69.08373, 18.53386], [-69.08384, 18.53832], [-69.08239, 18.54134], [-69.08276, 18.54262], [-69.08212, 18.54564], [-69.08427, 18.54733], [-69.08594, 18.55082], [-69.08529, 18.55448], [-69.08462, 18.55489], [-69.08503, 18.55542], [-69.08488, 18.55637], [-69.0828, 18.55873], [-69.08238, 18.56003], [-69.08295, 18.56186], [-69.08395, 18.56186], [-69.08392, 18.56336], [-69.08475, 18.56427], [-69.08489, 18.56604], [-69.08413, 18.56754], [-69.0796, 18.56942], [-69.07927, 18.57014], [-69.07842, 18.57011], [-69.07782, 18.57086], [-69.07314, 18.57221], [-69.07268, 18.57308], [-69.0721, 18.57322], [-69.07259, 18.57437], [-69.07227, 18.57562], [-69.07375, 18.57764], [-69.07406, 18.57948], [-69.07164, 18.58233], [-69.07116, 18.58516], [-69.06941, 18.58669], [-69.06874, 18.58895], [-69.06711, 18.59107], [-69.06713, 18.59287], [-69.0968, 18.59447], [-69.11326, 18.59463], [-69.12775, 18.59625], [-69.13201, 18.59624], [-69.13294, 18.59595], [-69.13542, 18.59284], [-69.13658, 18.59218], [-69.13836, 18.59218], [-69.13859, 18.59159], [-69.13807, 18.59028], [-69.1391, 18.58947], [-69.14044, 18.58714], [-69.14317, 18.58711], [-69.14402, 18.58828], [-69.14745, 18.5891], [-69.14821, 18.58816], [-69.14953, 18.58818], [-69.15088, 18.58707], [-69.15171, 18.5852], [-69.15263, 18.58447], [-69.15511, 18.58381], [-69.15551, 18.58515], [-69.15599, 18.58444], [-69.15771, 18.58387], [-69.15678, 18.58549], [-69.15619, 18.58808], [-69.15293, 18.59112], [-69.15186, 18.59249], [-69.15157, 18.59372], [-69.152, 18.59448], [-69.15301, 18.59482], [-69.15409, 18.59496], [-69.15547, 18.59421], [-69.15665, 18.59462], [-69.15679, 18.59581], [-69.15777, 18.59645], [-69.15787, 18.59704], [-69.15634, 18.59854], [-69.15639, 18.60032], [-69.15861, 18.60181], [-69.16119, 18.60245], [-69.16167, 18.60414], [-69.16027, 18.60589], [-69.16065, 18.60865], [-69.16224, 18.60915], [-69.16265, 18.60978], [-69.16295, 18.60904], [-69.16332, 18.60919], [-69.16461, 18.6112], [-69.16393, 18.61239], [-69.16511, 18.61163], [-69.16479, 18.61259], [-69.16548, 18.61325], [-69.16689, 18.61333], [-69.16746, 18.61385], [-69.16807, 18.61346], [-69.16863, 18.6144], [-69.16933, 18.61383], [-69.17029, 18.61385], [-69.17097, 18.61302], [-69.17198, 18.61297], [-69.17251, 18.6163], [-69.173, 18.61736], [-69.17374, 18.61763], [-69.17439, 18.61931], [-69.17575, 18.62028], [-69.17731, 18.62015], [-69.17828, 18.62186], [-69.17962, 18.62253], [-69.17969, 18.62327], [-69.18064, 18.6236], [-69.18258, 18.62545], [-69.18521, 18.62641], [-69.18655, 18.62741], [-69.18894, 18.62806], [-69.18957, 18.62771], [-69.19194, 18.62824], [-69.1956, 18.62827], [-69.1966, 18.62922], [-69.19819, 18.63384], [-69.20127, 18.63582], [-69.20187, 18.63696], [-69.20291, 18.63752], [-69.20485, 18.63779], [-69.20764, 18.63906], [-69.21015, 18.6391], [-69.21144, 18.63859], [-69.21363, 18.63902], [-69.215, 18.63867], [-69.21835, 18.63658], [-69.2186, 18.63936], [-69.21718, 18.64709], [-69.21708, 18.6511], [-69.21932, 18.65419], [-69.21997, 18.65634], [-69.22014, 18.66044], [-69.22254, 18.66198], [-69.22503, 18.66223], [-69.22546, 18.66177], [-69.22793, 18.66272], [-69.23158, 18.6619], [-69.23168, 18.6653], [-69.23313, 18.66811], [-69.2323, 18.66801], [-69.23165, 18.66852], [-69.22946, 18.6674], [-69.22743, 18.66856], [-69.2284, 18.66957], [-69.22836, 18.6703], [-69.22966, 18.67034], [-69.22906, 18.67123], [-69.22959, 18.67355], [-69.22922, 18.67375], [-69.22845, 18.67224], [-69.22739, 18.67267], [-69.2275, 18.67507], [-69.22853, 18.67545], [-69.22878, 18.67673], [-69.22728, 18.67762], [-69.2275, 18.67964], [-69.22508, 18.68002], [-69.22574, 18.68306], [-69.22519, 18.68336], [-69.22487, 18.68258], [-69.22356, 18.68339], [-69.22403, 18.68498], [-69.22291, 18.68606], [-69.22211, 18.68799], [-69.22109, 18.68827], [-69.22105, 18.68912], [-69.22304, 18.68984], [-69.22262, 18.69065], [-69.22313, 18.6917], [-69.22468, 18.69182], [-69.22512, 18.69229], [-69.22496, 18.69369], [-69.22411, 18.6949], [-69.22548, 18.69458], [-69.22575, 18.69492], [-69.22564, 18.69637], [-69.22384, 18.69713], [-69.22442, 18.69791], [-69.22405, 18.69993], [-69.22159, 18.70224], [-69.22157, 18.70361], [-69.22282, 18.70455], [-69.22329, 18.70618], [-69.22294, 18.70817], [-69.22227, 18.70842], [-69.22227, 18.70926], [-69.22155, 18.71002], [-69.22019, 18.71066], [-69.22046, 18.71254], [-69.21709, 18.71454], [-69.21556, 18.71654], [-69.21831, 18.71887], [-69.21863, 18.71978], [-69.21817, 18.72029], [-69.2175, 18.71978], [-69.21693, 18.71999], [-69.21534, 18.72286], [-69.21435, 18.7237], [-69.21496, 18.72526], [-69.21386, 18.72536], [-69.21347, 18.72475], [-69.2121, 18.72517], [-69.2119, 18.72637], [-69.2129, 18.72728], [-69.21321, 18.72914], [-69.21175, 18.73183], [-69.21196, 18.7324], [-69.21377, 18.73274], [-69.21397, 18.73379], [-69.21327, 18.73518], [-69.21171, 18.73552], [-69.21206, 18.73791], [-69.2103, 18.7382], [-69.2094, 18.74131], [-69.208, 18.74194], [-69.20739, 18.74112], [-69.20533, 18.74304], [-69.20614, 18.74314], [-69.20523, 18.74472], [-69.20569, 18.74668], [-69.20695, 18.74721], [-69.2078, 18.74826], [-69.20816, 18.75085], [-69.20389, 18.75411], [-69.20208, 18.75737], [-69.20105, 18.76053], [-69.2023, 18.76288], [-69.20386, 18.76319], [-69.20431, 18.76375], [-69.20458, 18.76775], [-69.20685, 18.76884], [-69.20718, 18.77079], [-69.2089, 18.77304], [-69.20809, 18.77437], [-69.20898, 18.77491], [-69.21028, 18.77687], [-69.2099, 18.77856], [-69.21225, 18.78056], [-69.21272, 18.78436], [-69.2141, 18.78651], [-69.21297, 18.78931], [-69.21308, 18.79072], [-69.21941, 18.79484], [-69.22185, 18.79787], [-69.22129, 18.79919], [-69.22176, 18.80041], [-69.2261, 18.80264], [-69.22751, 18.80387], [-69.23115, 18.80866], [-69.23291, 18.80922], [-69.24005, 18.80854], [-69.24251, 18.80943], [-69.24416, 18.81088], [-69.24674, 18.81143], [-69.25014, 18.8131], [-69.25654, 18.81752], [-69.25564, 18.8189], [-69.25495, 18.82142], [-69.25497, 18.82543], [-69.25757, 18.82857], [-69.25759, 18.8303], [-69.25685, 18.83186], [-69.25806, 18.83442], [-69.26006, 18.83544], [-69.26094, 18.84054], [-69.26333, 18.84436], [-69.26347, 18.84628], [-69.26411, 18.84753], [-69.26831, 18.84933], [-69.26954, 18.84917], [-69.27159, 18.8452], [-69.27425, 18.84161], [-69.27837, 18.83956], [-69.28196, 18.83862], [-69.28271, 18.83986], [-69.28341, 18.84345], [-69.28465, 18.84577], [-69.28645, 18.85272], [-69.28967, 18.85983], [-69.28873, 18.86386], [-69.28876, 18.8667], [-69.28955, 18.8686], [-69.29201, 18.87127], [-69.29342, 18.87204], [-69.30439, 18.87253], [-69.3179, 18.87695], [-69.31835, 18.87788], [-69.32491, 18.88405], [-69.32602, 18.88656], [-69.32572, 18.88707], [-69.32839, 18.88835], [-69.32837, 18.88931], [-69.32783, 18.88993], [-69.32453, 18.89193], [-69.32376, 18.8931], [-69.32323, 18.8967], [-69.32091, 18.89782], [-69.32014, 18.89885], [-69.32038, 18.90127], [-69.32335, 18.90313], [-69.32524, 18.906], [-69.32505, 18.90786], [-69.32323, 18.91342], [-69.32309, 18.91505], [-69.3245, 18.92036], [-69.32339, 18.92408], [-69.32349, 18.92887], [-69.32291, 18.93116], [-69.32321, 18.9335], [-69.32264, 18.93526], [-69.32134, 18.93742], [-69.3201, 18.93834], [-69.31735, 18.93894], [-69.31471, 18.94042], [-69.30992, 18.94695], [-69.30756, 18.94655], [-69.30723, 18.94518], [-69.3057, 18.94396], [-69.30264, 18.94339], [-69.30188, 18.94474], [-69.30055, 18.94492], [-69.29935, 18.94629], [-69.29664, 18.94756], [-69.29636, 18.95119], [-69.29256, 18.95558], [-69.29121, 18.9562], [-69.28554, 18.95366], [-69.28487, 18.9536], [-69.2833, 18.95492], [-69.27919, 18.95198], [-69.2785, 18.95183], [-69.27645, 18.95264], [-69.27567, 18.95224], [-69.27509, 18.95047], [-69.27451, 18.95018], [-69.27323, 18.95058], [-69.27312, 18.95237], [-69.27168, 18.95335], [-69.27219, 18.95456], [-69.27176, 18.95482], [-69.26894, 18.95497], [-69.26762, 18.95354], [-69.26654, 18.95402], [-69.2632, 18.94971], [-69.26239, 18.94957], [-69.25848, 18.95164], [-69.25662, 18.95083], [-69.25581, 18.95124], [-69.2553, 18.95256], [-69.25414, 18.95256], [-69.25193, 18.95157], [-69.24992, 18.9494], [-69.24678, 18.94918], [-69.24589, 18.9483], [-69.24333, 18.94412], [-69.24214, 18.94048], [-69.24072, 18.93902], [-69.24004, 18.93631], [-69.23953, 18.93556], [-69.23617, 18.9338], [-69.23175, 18.93251], [-69.23075, 18.93171], [-69.22843, 18.93151], [-69.22602, 18.93382], [-69.22233, 18.93422], [-69.21965, 18.93583], [-69.21418, 18.93468], [-69.20718, 18.93459], [-69.20239, 18.93389], [-69.20049, 18.93179], [-69.19965, 18.92974], [-69.19844, 18.92834], [-69.19021, 18.92319], [-69.18827, 18.92146], [-69.18583, 18.92145], [-69.18381, 18.92049], [-69.17591, 18.91896], [-69.17441, 18.91789], [-69.1711, 18.91705], [-69.1682, 18.91705], [-69.16722, 18.91585], [-69.16315, 18.91639], [-69.16109, 18.91466], [-69.14763, 18.91431], [-69.14609, 18.91356], [-69.14156, 18.91347], [-69.13895, 18.91278], [-69.13721, 18.91315], [-69.13397, 18.9118], [-69.12214, 18.92044], [-69.12673, 18.92344], [-69.1292, 18.92637], [-69.13569, 18.93115], [-69.16116, 18.94605], [-69.16802, 18.95238], [-69.17354, 18.96072], [-69.17606, 18.96196], [-69.1774, 18.96397], [-69.18206, 18.96836], [-69.18361, 18.9708], [-69.18415, 18.97361], [-69.1828, 18.97606], [-69.18454, 18.97774], [-69.18421, 18.97872], [-69.18576, 18.97955], [-69.18628, 18.98049], [-69.18571, 18.98193], [-69.18579, 18.98681], [-69.18167, 18.99435], [-69.18094, 18.99664], [-69.18217, 19.00063], [-69.18085, 19.00394], [-69.18111, 19.00626], [-69.17085, 19.00929], [-69.16869, 19.0096], [-69.16767, 19.0092], [-69.16408, 19.01252], [-69.16084, 19.01243], [-69.16053, 19.0118], [-69.15824, 19.01084], [-69.15604, 19.01269], [-69.15498, 19.0129], [-69.15393, 19.01214], [-69.15482, 19.01029], [-69.15344, 19.00855], [-69.1533, 19.00724], [-69.14965, 19.00762], [-69.14952, 19.00528], [-69.15229, 19.0026], [-69.15246, 19.00184], [-69.15154, 19.00025], [-69.14898, 18.99799], [-69.14717, 18.99737], [-69.14326, 18.99712], [-69.1418, 18.998], [-69.1382, 19.00219], [-69.13688, 19.00586], [-69.13599, 19.00668], [-69.1353, 19.01195], [-69.13654, 19.02082], [-69.13667, 19.02775], [-69.13799, 19.03377], [-69.14187, 19.03917], [-69.14416, 19.04018], [-69.15112, 19.03905], [-69.15234, 19.0384], [-69.15402, 19.03644], [-69.15478, 19.03633], [-69.15554, 19.037], [-69.15144, 19.0413], [-69.14686, 19.04354], [-69.14522, 19.04365]]]]}}, {"type": "Feature", "properties": {"COD_PROV": "09", "PROVINCIA": "ESPAILLAT", "NOMBRE": "Espaillat", "N_MUNICIPIOS": 4}, "geometry": {"type": "Polygon", "coordinates": [[[-70.36693, 19.70655], [-70.36156, 19.6981], [-70.35481, 19.69166], [-70.33642, 19.67937], [-70.32252, 19.66736], [-70.3104, 19.65765], [-70.30306, 19.65329], [-70.30041, 19.65271], [-70.29275, 19.64912], [-70.27266, 19.64318], [-70.26702, 19.64088], [-70.25773, 19.64122], [-70.25151, 19.64091], [-70.24485, 19.64195], [-70.24268, 19.64282], [-70.23956, 19.64156], [-70.23415, 19.64183], [-70.23124, 19.64143], [-70.22783, 19.63967], [-70.22398, 19.63856], [-70.2201, 19.6364], [-70.21221, 19.63503], [-70.20859, 19.63329], [-70.20343, 19.63286], [-70.19971, 19.63058], [-70.19871, 19.63023], [-70.19664, 19.63073], [-70.19478, 19.62927], [-70.19176, 19.62956], [-70.18687, 19.62677], [-70.18579, 19.62677], [-70.18415, 19.62818], [-70.18214, 19.62814], [-70.1777, 19.62411], [-70.17269, 19.62175], [-70.16875, 19.6214], [-70.16551, 19.62265], [-70.16349, 19.62269], [-70.15905, 19.62066], [-70.15628, 19.62012], [-70.14628, 19.62058], [-70.14269, 19.62299], [-70.1351, 19.62383], [-70.12939, 19.62331], [-70.12547, 19.62461], [-70.1227, 19.62471], [-70.11926, 19.62568], [-70.10876, 19.62659], [-70.10489, 19.62904], [-70.10239, 19.62958], [-70.09864, 19.62872], [-70.09649, 19.62947], [-70.08734, 19.63546], [-70.0858, 19.63408], [-70.08507, 19.63427], [-70.08456, 19.6355], [-70.08312, 19.63537], [-70.08247, 19.63407], [-70.08304, 19.6312], [-70.08182, 19.62745], [-70.08196, 19.62686], [-70.08405, 19.62539], [-70.08285, 19.62233], [-70.08343, 19.62202], [-70.0852, 19.62342], [-70.08568, 19.62333], [-70.08575, 19.6217], [-70.08758, 19.61977], [-70.08755, 19.6189], [-70.08641, 19.61792], [-70.08573, 19.61575], [-70.08596, 19.61375], [-70.08302, 19.61159], [-70.08355, 19.61056], [-70.08641, 19.61142], [-70.08733, 19.61145], [-70.08775, 19.61095], [-70.0845, 19.60658], [-70.08359, 19.60331], [-70.08394, 19.60136], [-70.08735, 19.60056], [-70.08699, 19.59823], [-70.08833, 19.59711], [-70.0886, 19.59589], [-70.08853, 19.59403], [-70.08646, 19.59452], [-70.08602, 19.59426], [-70.0866, 19.59027], [-70.0879, 19.59079], [-70.08901, 19.58983], [-70.08906, 19.58898], [-70.08782, 19.58835], [-70.08664, 19.58671], [-70.08714, 19.58599], [-70.08871, 19.58602], [-70.09097, 19.58458], [-70.09259, 19.58588], [-70.09341, 19.58573], [-70.09343, 19.58431], [-70.09453, 19.58337], [-70.09426, 19.5816], [-70.09546, 19.58216], [-70.0989, 19.58115], [-70.10013, 19.58199], [-70.1006, 19.58328], [-70.10344, 19.57901], [-70.10409, 19.57904], [-70.10421, 19.57998], [-70.1046, 19.57994], [-70.10498, 19.57914], [-70.1058, 19.57928], [-70.10694, 19.57825], [-70.10877, 19.57941], [-70.11079, 19.57668], [-70.11395, 19.57779], [-70.11446, 19.57715], [-70.11433, 19.5761], [-70.11516, 19.57555], [-70.11539, 19.57374], [-70.11794, 19.57342], [-70.11993, 19.57228], [-70.12121, 19.57359], [-70.12201, 19.57351], [-70.12231, 19.5714], [-70.12155, 19.56995], [-70.12166, 19.56902], [-70.12269, 19.56829], [-70.1262, 19.56861], [-70.12653, 19.56669], [-70.12497, 19.56497], [-70.12767, 19.56191], [-70.13166, 19.56262], [-70.13409, 19.56038], [-70.13606, 19.55992], [-70.13698, 19.55695], [-70.13958, 19.55565], [-70.14102, 19.5557], [-70.14278, 19.55685], [-70.15025, 19.55614], [-70.15151, 19.55507], [-70.15279, 19.5548], [-70.15369, 19.55533], [-70.15687, 19.55067], [-70.15789, 19.55049], [-70.15851, 19.55199], [-70.16215, 19.5533], [-70.16175, 19.5551], [-70.16298, 19.55655], [-70.16346, 19.5565], [-70.16418, 19.5549], [-70.16719, 19.5556], [-70.16919, 19.55521], [-70.17225, 19.55218], [-70.17832, 19.55164], [-70.17878, 19.55236], [-70.18059, 19.55331], [-70.18544, 19.55418], [-70.18791, 19.55387], [-70.19173, 19.55451], [-70.19772, 19.55758], [-70.19839, 19.55524], [-70.20139, 19.55322], [-70.20174, 19.5521], [-70.20119, 19.55033], [-70.19859, 19.54651], [-70.19818, 19.53807], [-70.19706, 19.53469], [-70.19693, 19.52956], [-70.19771, 19.52725], [-70.1978, 19.52317], [-70.19751, 19.51989], [-70.1967, 19.51712], [-70.20707, 19.5154], [-70.20856, 19.51473], [-70.2142, 19.51441], [-70.22813, 19.516], [-70.23055, 19.51745], [-70.23225, 19.51791], [-70.23444, 19.51792], [-70.24167, 19.51951], [-70.24535, 19.52165], [-70.25395, 19.52266], [-70.25444, 19.52393], [-70.25636, 19.524], [-70.26394, 19.52616], [-70.27121, 19.5303], [-70.28469, 19.5312], [-70.28808, 19.53372], [-70.29049, 19.53638], [-70.29267, 19.54597], [-70.29356, 19.54707], [-70.295, 19.54738], [-70.29629, 19.5488], [-70.29865, 19.55483], [-70.30518, 19.55924], [-70.31227, 19.56217], [-70.31467, 19.56045], [-70.31652, 19.55974], [-70.31516, 19.55845], [-70.31526, 19.55787], [-70.31612, 19.55767], [-70.31728, 19.55835], [-70.31761, 19.55819], [-70.31742, 19.55729], [-70.32376, 19.55515], [-70.32558, 19.55517], [-70.3285, 19.55379], [-70.33591, 19.55253], [-70.33829, 19.55031], [-70.33898, 19.54942], [-70.33933, 19.54073], [-70.34094, 19.53404], [-70.34191, 19.52217], [-70.34559, 19.51895], [-70.34888, 19.51943], [-70.35449, 19.51935], [-70.35646, 19.5204], [-70.3561, 19.52316], [-70.35876, 19.52357], [-70.36127, 19.52521], [-70.36116, 19.52894], [-70.3621, 19.52906], [-70.3628, 19.52809], [-70.36395, 19.52838], [-70.36402, 19.53237], [-70.36648, 19.53348], [-70.37156, 19.53301], [-70.37269, 19.534], [-70.37314, 19.53735], [-70.37349, 19.53755], [-70.37468, 19.53717], [-70.37562, 19.5359], [-70.37708, 19.53546], [-70.37852, 19.53608], [-70.38277, 19.53655], [-70.38501, 19.53626], [-70.38557, 19.53463], [-70.38818, 19.53625], [-70.38905, 19.53792], [-70.3925, 19.54054], [-70.39599, 19.5406], [-70.39793, 19.54113], [-70.39922, 19.54086], [-70.40072, 19.54406], [-70.40304, 19.54553], [-70.40418, 19.54909], [-70.40733, 19.55155], [-70.41107, 19.55642], [-70.41133, 19.55734], [-70.41334, 19.55749], [-70.41606, 19.55472], [-70.41697, 19.55471], [-70.4178, 19.5531], [-70.41853, 19.55292], [-70.41902, 19.554], [-70.41975, 19.55388], [-70.4201, 19.55239], [-70.41906, 19.55159], [-70.41874, 19.5489], [-70.41927, 19.54752], [-70.41825, 19.54574], [-70.41822, 19.54212], [-70.42103, 19.54039], [-70.42044, 19.53815], [-70.42079, 19.53724], [-70.42497, 19.53713], [-70.42605, 19.53639], [-70.42732, 19.53642], [-70.42871, 19.53443], [-70.42994, 19.53433], [-70.4307, 19.53372], [-70.43068, 19.53109], [-70.43174, 19.52724], [-70.43193, 19.52299], [-70.43249, 19.52011], [-70.43401, 19.51623], [-70.43626, 19.51354], [-70.43747, 19.50991], [-70.44, 19.50857], [-70.44269, 19.50613], [-70.44198, 19.50114], [-70.43885, 19.49965], [-70.43825, 19.49754], [-70.43728, 19.49623], [-70.43783, 19.49204], [-70.43591, 19.49145], [-70.43516, 19.49035], [-70.43564, 19.4877], [-70.43528, 19.48676], [-70.43201, 19.48402], [-70.42651, 19.48305], [-70.42597, 19.48149], [-70.42489, 19.48043], [-70.42486, 19.47949], [-70.42536, 19.47915], [-70.42605, 19.47975], [-70.42697, 19.47974], [-70.42657, 19.47856], [-70.42751, 19.47789], [-70.42778, 19.47568], [-70.42924, 19.47534], [-70.43055, 19.4712], [-70.43149, 19.47188], [-70.43172, 19.47135], [-70.42988, 19.47034], [-70.43046, 19.46916], [-70.4295, 19.46856], [-70.42909, 19.46694], [-70.42732, 19.46533], [-70.42469, 19.46066], [-70.4244, 19.45696], [-70.42479, 19.45456], [-70.42386, 19.45268], [-70.42395, 19.44939], [-70.42334, 19.4478], [-70.42913, 19.43985], [-70.43296, 19.43727], [-70.43325, 19.43525], [-70.43224, 19.43444], [-70.43258, 19.4331], [-70.43397, 19.43236], [-70.43311, 19.43021], [-70.43335, 19.42821], [-70.43116, 19.42641], [-70.4306, 19.42479], [-70.43213, 19.42264], [-70.43267, 19.4181], [-70.43321, 19.4171], [-70.43282, 19.41603], [-70.43381, 19.4145], [-70.435, 19.41425], [-70.43578, 19.41329], [-70.43786, 19.41241], [-70.43895, 19.41138], [-70.43954, 19.41044], [-70.43859, 19.40943], [-70.43887, 19.40847], [-70.43856, 19.40796], [-70.44022, 19.40635], [-70.44057, 19.40535], [-70.44236, 19.40504], [-70.44306, 19.40322], [-70.44312, 19.39957], [-70.44379, 19.39904], [-70.44356, 19.39814], [-70.44475, 19.39736], [-70.44534, 19.39588], [-70.44634, 19.3953], [-70.44554, 19.39411], [-70.44586, 19.39272], [-70.44384, 19.3909], [-70.44338, 19.38759], [-70.4453, 19.38376], [-70.44592, 19.38342], [-70.44587, 19.38251], [-70.44651, 19.38212], [-70.44893, 19.37801], [-70.44878, 19.37659], [-70.44951, 19.37533], [-70.449, 19.37454], [-70.44898, 19.37255], [-70.44964, 19.37175], [-70.44954, 19.37041], [-70.45288, 19.37038], [-70.4524, 19.36746], [-70.45288, 19.36519], [-70.45355, 19.36434], [-70.45609, 19.36298], [-70.45692, 19.35887], [-70.45748, 19.35818], [-70.45611, 19.35679], [-70.45627, 19.35368], [-70.45521, 19.3528], [-70.45601, 19.35143], [-70.45516, 19.34919], [-70.45405, 19.34832], [-70.4545, 19.34788], [-70.45679, 19.34775], [-70.45754, 19.34561], [-70.457, 19.34442], [-70.45735, 19.34326], [-70.45903, 19.34345], [-70.45997, 19.34133], [-70.4623, 19.33908], [-70.46315, 19.33652], [-70.46646, 19.33824], [-70.47284, 19.33995], [-70.47243, 19.33669], [-70.47283, 19.33496], [-70.47382, 19.33405], [-70.47432, 19.33183], [-70.47334, 19.33089], [-70.47339, 19.33036], [-70.47431, 19.32838], [-70.47532, 19.32757], [-70.4766, 19.32449], [-70.47669, 19.32253], [-70.47492, 19.31893], [-70.47551, 19.3164], [-70.47529, 19.31532], [-70.47423, 19.31396], [-70.47431, 19.31179], [-70.47395, 19.31154], [-70.47608, 19.30801], [-70.47641, 19.30775], [-70.48236, 19.31015], [-70.48355, 19.31008], [-70.48411, 19.313], [-70.48768, 19.31141], [-70.49143, 19.31052], [-70.50054, 19.31153], [-70.49889, 19.31527], [-70.50091, 19.31642], [-70.5013, 19.31727], [-70.50107, 19.31806], [-70.49752, 19.32013], [-70.49843, 19.32224], [-70.49811, 19.32336], [-70.49719, 19.32383], [-70.49662, 19.32482], [-70.497, 19.32571], [-70.49658, 19.32673], [-70.49558, 19.32706], [-70.49624, 19.32896], [-70.49548, 19.3294], [-70.49426, 19.32892], [-70.49368, 19.3293], [-70.49513, 19.33105], [-70.49483, 19.33198], [-70.49334, 19.33265], [-70.49337, 19.33652], [-70.49052, 19.33988], [-70.48778, 19.34056], [-70.48809, 19.34161], [-70.48707, 19.34276], [-70.48735, 19.34382], [-70.48697, 19.34472], [-70.49626, 19.34457], [-70.49904, 19.3453], [-70.50125, 19.34676], [-70.50408, 19.34962], [-70.51214, 19.355], [-70.51474, 19.35734], [-70.51652, 19.3553], [-70.51885, 19.3544], [-70.52178, 19.3541], [-70.52553, 19.35502], [-70.52742, 19.35475], [-70.52956, 19.35308], [-70.53201, 19.34989], [-70.53299, 19.34942], [-70.53475, 19.34976], [-70.53656, 19.35202], [-70.5387, 19.35211], [-70.54014, 19.35197], [-70.54116, 19.35079], [-70.54287, 19.35085], [-70.54574, 19.34969], [-70.55217, 19.34946], [-70.56194, 19.35169], [-70.56504, 19.35141], [-70.57028, 19.35207], [-70.57311, 19.35086], [-70.5745, 19.35093], [-70.57579, 19.35192], [-70.58316, 19.35133], [-70.58867, 19.3539], [-70.59038, 19.35529], [-70.5913, 19.35738], [-70.5932, 19.35853], [-70.60205, 19.36004], [-70.60228, 19.36076], [-70.60494, 19.36274], [-70.6051, 19.36655], [-70.60657, 19.36813], [-70.608, 19.37193], [-70.60852, 19.37518], [-70.61064, 19.37574], [-70.61068, 19.37726], [-70.60979, 19.37802], [-70.60943, 19.38049], [-70.60825, 19.38162], [-70.60819, 19.3827], [-70.60583, 19.38746], [-70.60276, 19.38949], [-70.60144, 19.38967], [-70.60037, 19.38801], [-70.59711, 19.38871], [-70.59502, 19.39099], [-70.59449, 19.39091], [-70.59465, 19.38948], [-70.59253, 19.38875], [-70.59154, 19.38667], [-70.59092, 19.38617], [-70.58881, 19.38605], [-70.58854, 19.38536], [-70.58674, 19.38437], [-70.58543, 19.38558], [-70.58371, 19.38591], [-70.58265, 19.38703], [-70.58179, 19.38669], [-70.58221, 19.38554], [-70.57988, 19.386], [-70.57942, 19.38636], [-70.57956, 19.38748], [-70.57882, 19.38778], [-70.57917, 19.38817], [-70.57996, 19.38765], [-70.5805, 19.3879], [-70.58038, 19.38915], [-70.58075, 19.38956], [-70.58027, 19.38968], [-70.58037, 19.39077], [-70.58249, 19.38971], [-70.58323, 19.39022], [-70.58367, 19.38921], [-70.5846, 19.38962], [-70.58467, 19.39065], [-70.58339, 19.39143], [-70.58358, 19.39336], [-70.58428, 19.39337], [-70.58432, 19.39261], [-70.58521, 19.39214], [-70.58464, 19.39164], [-70.58522, 19.39165], [-70.58562, 19.391], [-70.58635, 19.39174], [-70.58567, 19.39284], [-70.58698, 19.39299], [-70.58539, 19.39441], [-70.58517, 19.39542], [-70.58632, 19.39574], [-70.58647, 19.39716], [-70.58762, 19.39823], [-70.58721, 19.39875], [-70.58811, 19.39841], [-70.58844, 19.39881], [-70.58755, 19.40037], [-70.58618, 19.39927], [-70.58601, 19.4002], [-70.58692, 19.40118], [-70.58592, 19.40113], [-70.5856, 19.40279], [-70.58607, 19.40268], [-70.58671, 19.40337], [-70.58656, 19.40449], [-70.5873, 19.40544], [-70.58783, 19.40447], [-70.58851, 19.40422], [-70.58824, 19.40614], [-70.58742, 19.40635], [-70.58728, 19.40715], [-70.5881, 19.40779], [-70.58846, 19.40944], [-70.58882, 19.40897], [-70.58992, 19.40932], [-70.59064, 19.41027], [-70.5894, 19.41043], [-70.59051, 19.41124], [-70.59008, 19.41218], [-70.59042, 19.41435], [-70.59113, 19.41432], [-70.59139, 19.41374], [-70.59176, 19.41426], [-70.59081, 19.41499], [-70.59151, 19.41575], [-70.59114, 19.41705], [-70.5935, 19.41663], [-70.59277, 19.41801], [-70.59164, 19.41784], [-70.59101, 19.4187], [-70.59244, 19.41848], [-70.59254, 19.41977], [-70.59373, 19.41861], [-70.59419, 19.41986], [-70.59246, 19.42025], [-70.59184, 19.41994], [-70.59127, 19.42097], [-70.58989, 19.42157], [-70.59248, 19.42346], [-70.59227, 19.42437], [-70.59137, 19.42485], [-70.59132, 19.42569], [-70.59044, 19.42588], [-70.59028, 19.42746], [-70.59166, 19.42729], [-70.59211, 19.42831], [-70.59342, 19.42819], [-70.59349, 19.42882], [-70.5942, 19.42919], [-70.59357, 19.42967], [-70.59413, 19.43037], [-70.59324, 19.43046], [-70.59224, 19.43183], [-70.59262, 19.43404], [-70.59205, 19.43518], [-70.59142, 19.43534], [-70.59216, 19.43626], [-70.59146, 19.43697], [-70.59162, 19.43767], [-70.59015, 19.43784], [-70.59026, 19.43853], [-70.58926, 19.43928], [-70.58936, 19.44124], [-70.58877, 19.44208], [-70.58768, 19.44291], [-70.58668, 19.44299], [-70.58614, 19.4441], [-70.58559, 19.44377], [-70.58551, 19.44461], [-70.58471, 19.44418], [-70.5844, 19.44489], [-70.58256, 19.44509], [-70.58308, 19.44604], [-70.58206, 19.4468], [-70.58136, 19.44892], [-70.58174, 19.44925], [-70.58137, 19.44957], [-70.58158, 19.4502], [-70.58223, 19.45024], [-70.58161, 19.45109], [-70.58201, 19.45452], [-70.58082, 19.45513], [-70.57993, 19.45469], [-70.57984, 19.4563], [-70.57887, 19.45635], [-70.58034, 19.45809], [-70.58013, 19.45848], [-70.57942, 19.45837], [-70.57965, 19.45935], [-70.57924, 19.46051], [-70.58042, 19.46181], [-70.57907, 19.46202], [-70.57882, 19.46321], [-70.58032, 19.46438], [-70.57881, 19.46498], [-70.57911, 19.46565], [-70.58026, 19.46595], [-70.57951, 19.46719], [-70.57949, 19.46849], [-70.58048, 19.47088], [-70.58175, 19.47186], [-70.58169, 19.47267], [-70.58263, 19.47298], [-70.58292, 19.47363], [-70.58237, 19.47468], [-70.58317, 19.47475], [-70.58381, 19.47679], [-70.58337, 19.47712], [-70.58276, 19.48054], [-70.58302, 19.48162], [-70.58191, 19.48288], [-70.58261, 19.48413], [-70.58095, 19.48502], [-70.57959, 19.4841], [-70.57875, 19.48614], [-70.57789, 19.48671], [-70.5773, 19.48614], [-70.57791, 19.48429], [-70.57754, 19.48358], [-70.57611, 19.48407], [-70.57573, 19.4849], [-70.57281, 19.48527], [-70.5724, 19.48581], [-70.57335, 19.48654], [-70.57353, 19.48734], [-70.57235, 19.48751], [-70.57108, 19.48908], [-70.57074, 19.48732], [-70.57012, 19.48718], [-70.56933, 19.48771], [-70.56817, 19.48982], [-70.56623, 19.49007], [-70.56542, 19.49125], [-70.56481, 19.49104], [-70.56468, 19.49016], [-70.56414, 19.49016], [-70.56365, 19.49206], [-70.5641, 19.49303], [-70.56297, 19.49342], [-70.56113, 19.49276], [-70.56022, 19.49338], [-70.55885, 19.49304], [-70.55789, 19.49464], [-70.55684, 19.49366], [-70.5562, 19.49427], [-70.55309, 19.49446], [-70.55187, 19.49369], [-70.55081, 19.49377], [-70.54837, 19.49967], [-70.54918, 19.50544], [-70.54861, 19.50638], [-70.54739, 19.50666], [-70.54764, 19.50847], [-70.54662, 19.51024], [-70.54664, 19.51238], [-70.54559, 19.51709], [-70.5444, 19.51604], [-70.54356, 19.51596], [-70.53703, 19.5122], [-70.53597, 19.5124], [-70.53742, 19.51702], [-70.53966, 19.521], [-70.54002, 19.52356], [-70.53993, 19.52446], [-70.53896, 19.5254], [-70.53512, 19.52663], [-70.53415, 19.52807], [-70.53489, 19.53157], [-70.53362, 19.53565], [-70.5339, 19.53795], [-70.53537, 19.54142], [-70.53645, 19.5426], [-70.53666, 19.54382], [-70.53607, 19.54532], [-70.53493, 19.54652], [-70.53448, 19.55074], [-70.53665, 19.56113], [-70.53661, 19.56251], [-70.53511, 19.56674], [-70.53361, 19.56902], [-70.5287, 19.5719], [-70.52387, 19.57336], [-70.52115, 19.57705], [-70.51558, 19.57968], [-70.51477, 19.57802], [-70.51501, 19.57559], [-70.51659, 19.57407], [-70.51614, 19.57349], [-70.5141, 19.57225], [-70.51329, 19.571], [-70.51054, 19.56893], [-70.50992, 19.56902], [-70.50885, 19.56811], [-70.50629, 19.56838], [-70.50479, 19.56739], [-70.50619, 19.56524], [-70.50499, 19.56484], [-70.50583, 19.56308], [-70.50529, 19.56218], [-70.50588, 19.56165], [-70.50503, 19.56074], [-70.50446, 19.55795], [-70.5065, 19.55406], [-70.50678, 19.5519], [-70.50372, 19.54933], [-70.49921, 19.54815], [-70.49737, 19.54867], [-70.49654, 19.54972], [-70.49554, 19.55366], [-70.48971, 19.56677], [-70.48908, 19.56906], [-70.48886, 19.57343], [-70.49072, 19.57874], [-70.4944, 19.58594], [-70.49632, 19.59613], [-70.49909, 19.59962], [-70.50617, 19.60648], [-70.50741, 19.60983], [-70.50746, 19.61362], [-70.50651, 19.61427], [-70.5062, 19.61607], [-70.50199, 19.61872], [-70.50092, 19.61991], [-70.50051, 19.62183], [-70.49964, 19.63151], [-70.50024, 19.63927], [-70.49956, 19.64552], [-70.50233, 19.65319], [-70.50209, 19.65908], [-70.5003, 19.66099], [-70.49739, 19.66013], [-70.49656, 19.66034], [-70.4944, 19.66222], [-70.49345, 19.66219], [-70.49429, 19.66114], [-70.49396, 19.65947], [-70.4923, 19.6588], [-70.48929, 19.65883], [-70.48722, 19.65809], [-70.48604, 19.66031], [-70.48491, 19.66048], [-70.48274, 19.65756], [-70.4812, 19.65699], [-70.47994, 19.6575], [-70.47738, 19.66009], [-70.47577, 19.66089], [-70.47476, 19.66078], [-70.47318, 19.66013], [-70.47287, 19.65946], [-70.47552, 19.65687], [-70.47534, 19.65646], [-70.4742, 19.65639], [-70.47353, 19.65523], [-70.46995, 19.65593], [-70.46891, 19.65709], [-70.46734, 19.6574], [-70.46691, 19.65848], [-70.46806, 19.65979], [-70.46785, 19.66042], [-70.4655, 19.6606], [-70.46364, 19.6595], [-70.46284, 19.65818], [-70.46371, 19.65672], [-70.46375, 19.65573], [-70.46466, 19.65474], [-70.46429, 19.65402], [-70.46227, 19.65313], [-70.46009, 19.65331], [-70.4579, 19.65438], [-70.45737, 19.65785], [-70.46069, 19.66164], [-70.46087, 19.66213], [-70.46018, 19.66288], [-70.45873, 19.66294], [-70.45761, 19.66427], [-70.45617, 19.66457], [-70.454, 19.66297], [-70.45019, 19.66122], [-70.44926, 19.66007], [-70.44916, 19.65895], [-70.44877, 19.659], [-70.44778, 19.66033], [-70.44718, 19.65994], [-70.44662, 19.66299], [-70.44505, 19.66417], [-70.44388, 19.66451], [-70.44269, 19.66381], [-70.43991, 19.66383], [-70.43864, 19.6645], [-70.43693, 19.66752], [-70.43443, 19.6689], [-70.43293, 19.66829], [-70.43536, 19.66623], [-70.43553, 19.66532], [-70.43146, 19.66467], [-70.42742, 19.6604], [-70.42747, 19.65967], [-70.42567, 19.65826], [-70.42536, 19.65764], [-70.42608, 19.6573], [-70.42571, 19.65651], [-70.42192, 19.65422], [-70.41757, 19.65476], [-70.41582, 19.65364], [-70.41493, 19.65515], [-70.41334, 19.65475], [-70.40978, 19.65618], [-70.40948, 19.65714], [-70.41432, 19.66012], [-70.41448, 19.66078], [-70.41364, 19.66211], [-70.41095, 19.66375], [-70.40873, 19.66127], [-70.40865, 19.66046], [-70.40515, 19.66026], [-70.40336, 19.65828], [-70.4014, 19.65793], [-70.40069, 19.65936], [-70.40432, 19.6643], [-70.40308, 19.66572], [-70.40201, 19.66596], [-70.39917, 19.66354], [-70.39698, 19.65841], [-70.39623, 19.65451], [-70.39568, 19.65389], [-70.39503, 19.65412], [-70.39499, 19.65633], [-70.39403, 19.65685], [-70.38919, 19.65705], [-70.3886, 19.65774], [-70.38841, 19.66], [-70.38959, 19.66069], [-70.39322, 19.65987], [-70.3954, 19.66395], [-70.39795, 19.665], [-70.39624, 19.66789], [-70.3884, 19.67127], [-70.38383, 19.67151], [-70.37819, 19.67064], [-70.37588, 19.67116], [-70.37409, 19.67187], [-70.37025, 19.67503], [-70.36792, 19.67586], [-70.36739, 19.67713], [-70.36784, 19.67868], [-70.36898, 19.67953], [-70.36995, 19.68169], [-70.37192, 19.68389], [-70.37354, 19.68478], [-70.3744, 19.68648], [-70.37427, 19.68808], [-70.3755, 19.6911], [-70.37553, 19.69533], [-70.37661, 19.69623], [-70.38089, 19.69662], [-70.381, 19.69761], [-70.37713, 19.70248], [-70.37628, 19.7029], [-70.37464, 19.70264], [-70.37224, 19.70054], [-70.37127, 19.70058], [-70.37033, 19.70227], [-70.37207, 19.70601], [-70.37229, 19.70836], [-70.37636, 19.71158], [-70.37649, 19.71316], [-70.37505, 19.71402], [-70.36954, 19.71037], [-70.36878, 19.70852], [-70.36693, 19.70655]]]}}, {"type": "Feature", "properties": {"COD_PROV": "10", "PROVINCIA": "INDEPENDENCIA", "NOMBRE": "Independencia", "N_MUNICIPIOS": 6}, "geometry": {"type": "Polygon", "coordinates": [[[-71.79751, 18.68833], [-71.79124, 18.68795], [-71.79019, 18.68872], [-71.78923, 18.68784], [-71.78495, 18.68046], [-71.77881, 18.67972], [-71.7779, 18.68003], [-71.7728, 18.6771], [-71.76822, 18.67642], [-71.76593, 18.67718], [-71.76084, 18.67782], [-71.7584, 18.67881], [-71.75397, 18.68178], [-71.75238, 18.68207], [-71.75111, 18.68179], [-71.74901, 18.67984], [-71.74475, 18.67754], [-71.73627, 18.67834], [-71.73451, 18.67806], [-71.7276, 18.67423], [-71.72101, 18.67504], [-71.71133, 18.67054], [-71.70274, 18.66902], [-71.69695, 18.66742], [-71.69287, 18.66511], [-71.68316, 18.66377], [-71.67904, 18.66398], [-71.67507, 18.66487], [-71.66494, 18.66357], [-71.65941, 18.66456], [-71.65771, 18.66417], [-71.65469, 18.66254], [-71.64514, 18.66222], [-71.64293, 18.66239], [-71.63996, 18.66476], [-71.63905, 18.66618], [-71.63667, 18.66763], [-71.63207, 18.66857], [-71.62375, 18.6666], [-71.61947, 18.66743], [-71.61238, 18.66731], [-71.61074, 18.66689], [-71.60602, 18.66273], [-71.60262, 18.66292], [-71.59435, 18.66155], [-71.59166, 18.65959], [-71.57846, 18.65296], [-71.57601, 18.65256], [-71.5739, 18.65338], [-71.57478, 18.64753], [-71.57646, 18.64498], [-71.57751, 18.64199], [-71.5806, 18.64001], [-71.58282, 18.63768], [-71.58785, 18.6366], [-71.58905, 18.63695], [-71.60396, 18.63467], [-71.60584, 18.63391], [-71.60878, 18.6318], [-71.60923, 18.62361], [-71.61078, 18.61988], [-71.60959, 18.61728], [-71.59418, 18.60948], [-71.59324, 18.60369], [-71.59357, 18.6025], [-71.59674, 18.59947], [-71.59934, 18.59532], [-71.60406, 18.59222], [-71.60642, 18.5897], [-71.60874, 18.58554], [-71.61038, 18.57794], [-71.61093, 18.5766], [-71.61277, 18.57576], [-71.6133, 18.57495], [-71.61391, 18.57055], [-71.61673, 18.56396], [-71.61748, 18.56024], [-71.61704, 18.55804], [-71.61847, 18.55263], [-71.6182, 18.55126], [-71.6212, 18.54043], [-71.62346, 18.53603], [-71.62619, 18.53369], [-71.63009, 18.53137], [-71.63131, 18.52927], [-71.63448, 18.53028], [-71.6443, 18.53186], [-71.64963, 18.53436], [-71.65125, 18.53614], [-71.65238, 18.54101], [-71.65871, 18.54657], [-71.66118, 18.54759], [-71.66884, 18.55246], [-71.6758, 18.55416], [-71.68043, 18.55803], [-71.68622, 18.55916], [-71.68883, 18.55912], [-71.69043, 18.56008], [-71.69637, 18.56105], [-71.69869, 18.56212], [-71.69841, 18.56243], [-71.69926, 18.56293], [-71.69945, 18.56341], [-71.69773, 18.56375], [-71.69815, 18.56485], [-71.70316, 18.56625], [-71.70384, 18.56607], [-71.70374, 18.56548], [-71.70442, 18.56469], [-71.71042, 18.56462], [-71.71093, 18.56362], [-71.71377, 18.56148], [-71.71726, 18.55705], [-71.71847, 18.55619], [-71.72154, 18.55229], [-71.72371, 18.5471], [-71.72699, 18.54147], [-71.73045, 18.5324], [-71.73187, 18.53086], [-71.73259, 18.52852], [-71.73495, 18.52612], [-71.7371, 18.52265], [-71.74213, 18.51774], [-71.74453, 18.51596], [-71.74614, 18.51547], [-71.74817, 18.51257], [-71.75086, 18.51168], [-71.75308, 18.51014], [-71.75418, 18.50862], [-71.7607, 18.5081], [-71.76607, 18.5063], [-71.76945, 18.50625], [-71.77082, 18.5073], [-71.77308, 18.50813], [-71.77422, 18.50919], [-71.77648, 18.50958], [-71.78142, 18.50744], [-71.7837, 18.50786], [-71.78686, 18.50953], [-71.78906, 18.51195], [-71.79175, 18.51236], [-71.79643, 18.5146], [-71.79632, 18.51547], [-71.79486, 18.51697], [-71.7928, 18.51823], [-71.79324, 18.5223], [-71.79384, 18.52419], [-71.79882, 18.52963], [-71.80126, 18.53349], [-71.80138, 18.53494], [-71.80235, 18.53628], [-71.8036, 18.53699], [-71.80607, 18.53731], [-71.8088, 18.53629], [-71.8113, 18.5368], [-71.81385, 18.53828], [-71.81559, 18.53837], [-71.81607, 18.53795], [-71.81761, 18.5389], [-71.8246, 18.53742], [-71.82525, 18.5369], [-71.82552, 18.53226], [-71.82783, 18.53205], [-71.82983, 18.53089], [-71.83082, 18.52952], [-71.83096, 18.5276], [-71.83035, 18.52625], [-71.82502, 18.51954], [-71.82413, 18.51609], [-71.82086, 18.5144], [-71.81752, 18.514], [-71.81374, 18.51186], [-71.80537, 18.49956], [-71.80264, 18.49742], [-71.79267, 18.49378], [-71.78168, 18.49378], [-71.77906, 18.49183], [-71.77669, 18.48901], [-71.7731, 18.48834], [-71.77166, 18.48709], [-71.76831, 18.48611], [-71.76498, 18.48608], [-71.76043, 18.48765], [-71.75876, 18.48768], [-71.75734, 18.48754], [-71.75507, 18.4859], [-71.75147, 18.48477], [-71.74953, 18.48352], [-71.74885, 18.48258], [-71.74844, 18.48042], [-71.74707, 18.47867], [-71.74179, 18.47493], [-71.73863, 18.47159], [-71.73413, 18.46805], [-71.72363, 18.46386], [-71.71611, 18.45888], [-71.7117, 18.45344], [-71.70857, 18.45094], [-71.70336, 18.44852], [-71.70182, 18.44677], [-71.69739, 18.44406], [-71.68703, 18.43997], [-71.68241, 18.43915], [-71.68092, 18.43829], [-71.67649, 18.438], [-71.67464, 18.43733], [-71.67116, 18.43479], [-71.66792, 18.43441], [-71.66414, 18.43297], [-71.66279, 18.43166], [-71.65712, 18.42966], [-71.65412, 18.42774], [-71.64999, 18.42684], [-71.6484, 18.42611], [-71.64719, 18.42462], [-71.63925, 18.42134], [-71.62986, 18.42], [-71.62775, 18.41773], [-71.62431, 18.4125], [-71.62191, 18.41008], [-71.61815, 18.40938], [-71.61558, 18.40961], [-71.61166, 18.41079], [-71.60613, 18.41389], [-71.60071, 18.41753], [-71.59623, 18.42174], [-71.59288, 18.42179], [-71.58106, 18.42364], [-71.56051, 18.42882], [-71.55795, 18.4303], [-71.55041, 18.43145], [-71.54673, 18.43338], [-71.53953, 18.43606], [-71.53696, 18.43768], [-71.53531, 18.4381], [-71.53439, 18.4391], [-71.53222, 18.43953], [-71.52768, 18.44157], [-71.51792, 18.44823], [-71.51503, 18.45118], [-71.51427, 18.45317], [-71.51438, 18.45444], [-71.51641, 18.45835], [-71.51666, 18.46012], [-71.51535, 18.45933], [-71.51365, 18.45953], [-71.51145, 18.45866], [-71.50974, 18.45868], [-71.5072, 18.46025], [-71.50642, 18.45918], [-71.50366, 18.45858], [-71.50186, 18.45887], [-71.49996, 18.45827], [-71.4988, 18.45692], [-71.49429, 18.4539], [-71.49272, 18.4503], [-71.49089, 18.44869], [-71.48714, 18.44721], [-71.47963, 18.43592], [-71.47677, 18.42986], [-71.475, 18.4273], [-71.47352, 18.4262], [-71.46975, 18.42459], [-71.46487, 18.42339], [-71.46474, 18.42392], [-71.46349, 18.42414], [-71.46233, 18.42502], [-71.46214, 18.42628], [-71.46047, 18.4265], [-71.45729, 18.4257], [-71.45084, 18.423], [-71.44628, 18.42231], [-71.44491, 18.42131], [-71.44249, 18.42154], [-71.44227, 18.421], [-71.4388, 18.41935], [-71.43713, 18.41699], [-71.43482, 18.41498], [-71.43423, 18.41356], [-71.43164, 18.41163], [-71.42887, 18.4042], [-71.42698, 18.40197], [-71.4253, 18.40215], [-71.42374, 18.39959], [-71.42206, 18.4001], [-71.42087, 18.39947], [-71.41981, 18.39545], [-71.41707, 18.39307], [-71.4176, 18.3826], [-71.41624, 18.38149], [-71.4162, 18.37907], [-71.41413, 18.37539], [-71.41058, 18.37495], [-71.40908, 18.3761], [-71.40622, 18.37726], [-71.4037, 18.37746], [-71.37575, 18.38445], [-71.37147, 18.39198], [-71.35599, 18.39957], [-71.32267, 18.41478], [-71.32094, 18.41888], [-71.29772, 18.41925], [-71.27696, 18.39313], [-71.27661, 18.38714], [-71.27392, 18.38702], [-71.27231, 18.38546], [-71.27122, 18.38629], [-71.26948, 18.38381], [-71.26841, 18.38372], [-71.26776, 18.38287], [-71.26831, 18.37888], [-71.26969, 18.37571], [-71.26802, 18.3743], [-71.26906, 18.36832], [-71.26791, 18.3663], [-71.26684, 18.36565], [-71.26282, 18.36493], [-71.26016, 18.36542], [-71.25961, 18.36405], [-71.26037, 18.36129], [-71.25987, 18.35921], [-71.26038, 18.35747], [-71.25692, 18.35484], [-71.25626, 18.35213], [-71.25444, 18.35121], [-71.25127, 18.35145], [-71.24938, 18.34971], [-71.24628, 18.3492], [-71.2463, 18.34794], [-71.24827, 18.34703], [-71.2484, 18.34552], [-71.24576, 18.34117], [-71.24437, 18.33983], [-71.23896, 18.33734], [-71.23469, 18.33739], [-71.2328, 18.33642], [-71.22868, 18.33692], [-71.22577, 18.33519], [-71.22279, 18.33212], [-71.22018, 18.33215], [-71.21867, 18.33125], [-71.21136, 18.3255], [-71.21291, 18.32555], [-71.22252, 18.32323], [-71.22885, 18.32053], [-71.23302, 18.31712], [-71.23598, 18.31369], [-71.23654, 18.31085], [-71.23608, 18.30596], [-71.23676, 18.30282], [-71.24066, 18.295], [-71.24751, 18.27766], [-71.24813, 18.27453], [-71.25099, 18.2752], [-71.25463, 18.27384], [-71.26106, 18.27074], [-71.26714, 18.26696], [-71.27134, 18.26557], [-71.27368, 18.26528], [-71.27878, 18.26651], [-71.28886, 18.27159], [-71.30414, 18.27811], [-71.31669, 18.28107], [-71.32286, 18.28192], [-71.32802, 18.28351], [-71.34183, 18.29098], [-71.35529, 18.30162], [-71.35885, 18.30506], [-71.3641, 18.30755], [-71.36524, 18.30754], [-71.36627, 18.30692], [-71.36932, 18.30149], [-71.37267, 18.2991], [-71.37955, 18.29529], [-71.3821, 18.2932], [-71.38425, 18.29227], [-71.38574, 18.28732], [-71.38721, 18.28646], [-71.3918, 18.28192], [-71.39308, 18.27627], [-71.39226, 18.27545], [-71.38801, 18.27439], [-71.38464, 18.27157], [-71.38498, 18.27062], [-71.38641, 18.26933], [-71.38541, 18.26847], [-71.38096, 18.26598], [-71.37838, 18.26529], [-71.37502, 18.26279], [-71.37308, 18.26204], [-71.37644, 18.25807], [-71.37604, 18.25633], [-71.37655, 18.25479], [-71.37767, 18.2534], [-71.37772, 18.25136], [-71.37661, 18.24788], [-71.37782, 18.24721], [-71.37911, 18.24087], [-71.37993, 18.23936], [-71.37669, 18.23132], [-71.37667, 18.23067], [-71.37906, 18.22721], [-71.37902, 18.226], [-71.37813, 18.22574], [-71.37792, 18.22515], [-71.38106, 18.22168], [-71.38193, 18.21993], [-71.38539, 18.21651], [-71.38494, 18.21513], [-71.38658, 18.21401], [-71.38527, 18.21253], [-71.38479, 18.21052], [-71.38507, 18.20954], [-71.38581, 18.20913], [-71.38672, 18.20983], [-71.38769, 18.20961], [-71.38875, 18.20829], [-71.38987, 18.20422], [-71.38944, 18.20353], [-71.38846, 18.2035], [-71.3883, 18.20553], [-71.38711, 18.20611], [-71.38687, 18.20468], [-71.38735, 18.20418], [-71.38729, 18.2034], [-71.38588, 18.20313], [-71.38525, 18.20208], [-71.38581, 18.20184], [-71.38717, 18.20258], [-71.38671, 18.20085], [-71.38775, 18.19903], [-71.38741, 18.19862], [-71.38615, 18.1999], [-71.3856, 18.19911], [-71.38413, 18.19868], [-71.38421, 18.19799], [-71.38566, 18.19824], [-71.38618, 18.19789], [-71.38565, 18.19668], [-71.38636, 18.19545], [-71.38405, 18.19507], [-71.38515, 18.19372], [-71.38581, 18.19012], [-71.38523, 18.18956], [-71.38431, 18.19003], [-71.38375, 18.18972], [-71.3835, 18.18864], [-71.38513, 18.18747], [-71.3867, 18.18529], [-71.38891, 18.18415], [-71.38966, 18.18423], [-71.39134, 18.18645], [-71.39231, 18.18652], [-71.39366, 18.18549], [-71.39411, 18.18604], [-71.39371, 18.1873], [-71.39408, 18.18775], [-71.39513, 18.18778], [-71.39651, 18.18681], [-71.39639, 18.18975], [-71.39927, 18.18969], [-71.40017, 18.19052], [-71.40142, 18.19012], [-71.40764, 18.19223], [-71.40902, 18.1916], [-71.40967, 18.19315], [-71.41214, 18.19358], [-71.41211, 18.19448], [-71.41461, 18.19538], [-71.41707, 18.19729], [-71.42135, 18.1974], [-71.42333, 18.19677], [-71.42375, 18.1962], [-71.42493, 18.19675], [-71.42415, 18.19389], [-71.42467, 18.19073], [-71.42396, 18.18942], [-71.42427, 18.18883], [-71.42384, 18.18658], [-71.42441, 18.18595], [-71.42409, 18.18512], [-71.42494, 18.18474], [-71.42545, 18.18304], [-71.42664, 18.18248], [-71.42785, 18.18039], [-71.42872, 18.17994], [-71.42852, 18.17935], [-71.42599, 18.17761], [-71.42661, 18.17651], [-71.42645, 18.17535], [-71.42746, 18.17384], [-71.42723, 18.17098], [-71.42779, 18.16993], [-71.42733, 18.16724], [-71.42635, 18.16617], [-71.42597, 18.16402], [-71.42516, 18.16282], [-71.42553, 18.16091], [-71.42508, 18.15957], [-71.4247, 18.15318], [-71.42521, 18.15235], [-71.42532, 18.15057], [-71.4238, 18.14774], [-71.42306, 18.1451], [-71.42547, 18.13787], [-71.42945, 18.13906], [-71.43137, 18.1403], [-71.43531, 18.14379], [-71.44085, 18.15029], [-71.44694, 18.15308], [-71.45167, 18.15391], [-71.45833, 18.1583], [-71.46273, 18.16297], [-71.4652, 18.16949], [-71.47445, 18.17686], [-71.48613, 18.19051], [-71.48803, 18.19184], [-71.49296, 18.1931], [-71.49642, 18.19503], [-71.49923, 18.19716], [-71.50292, 18.2016], [-71.50418, 18.20205], [-71.50871, 18.20217], [-71.51196, 18.20087], [-71.51777, 18.19694], [-71.52303, 18.19529], [-71.53176, 18.19825], [-71.53653, 18.20173], [-71.54492, 18.20654], [-71.54685, 18.20718], [-71.55117, 18.20708], [-71.55917, 18.20488], [-71.5662, 18.20448], [-71.56843, 18.20516], [-71.57421, 18.21041], [-71.58142, 18.21945], [-71.58395, 18.22085], [-71.58694, 18.22178], [-71.59312, 18.22753], [-71.59546, 18.22883], [-71.59705, 18.22894], [-71.60291, 18.22626], [-71.60595, 18.22637], [-71.61129, 18.22808], [-71.62099, 18.22578], [-71.62252, 18.22589], [-71.62534, 18.22718], [-71.6279, 18.22898], [-71.63124, 18.23241], [-71.63275, 18.23628], [-71.6336, 18.23697], [-71.63543, 18.23778], [-71.6387, 18.23822], [-71.64161, 18.23952], [-71.64563, 18.24464], [-71.64734, 18.24565], [-71.64998, 18.24594], [-71.65358, 18.24717], [-71.65811, 18.24943], [-71.66878, 18.25593], [-71.67323, 18.26029], [-71.67497, 18.26273], [-71.67892, 18.26522], [-71.68259, 18.26558], [-71.6864, 18.26861], [-71.68778, 18.27222], [-71.69031, 18.27516], [-71.69624, 18.27748], [-71.69966, 18.27941], [-71.70153, 18.28319], [-71.70288, 18.28446], [-71.70692, 18.28382], [-71.70995, 18.28499], [-71.71292, 18.28776], [-71.71977, 18.28986], [-71.72531, 18.29046], [-71.69602, 18.34064], [-71.79479, 18.37684], [-71.80633, 18.38876], [-71.80364, 18.39205], [-71.81955, 18.3976], [-71.82932, 18.39753], [-71.83658, 18.41533], [-71.84535, 18.42926], [-71.8669, 18.43888], [-71.87613, 18.44519], [-71.90396, 18.45604], [-71.91359, 18.48398], [-71.88117, 18.4889], [-71.88115, 18.50284], [-71.95343, 18.57413], [-71.95293, 18.58107], [-71.9542, 18.58374], [-71.963, 18.5925], [-71.96653, 18.60069], [-71.96917, 18.60344], [-71.97227, 18.60434], [-71.97497, 18.60269], [-71.97773, 18.6037], [-71.98076, 18.60759], [-71.98357, 18.60876], [-71.98329, 18.60938], [-71.98213, 18.60912], [-71.98168, 18.61029], [-71.98269, 18.61133], [-71.98136, 18.61202], [-71.98454, 18.6143], [-71.98531, 18.61467], [-71.98743, 18.61455], [-71.98949, 18.61613], [-71.99265, 18.61542], [-71.99417, 18.61553], [-71.99528, 18.61643], [-71.99778, 18.61692], [-71.99865, 18.61656], [-71.99856, 18.61604], [-71.99746, 18.61562], [-71.99738, 18.6151], [-71.99995, 18.61573], [-72.0004, 18.61498], [-72.00202, 18.61444], [-72.00268, 18.61337], [-72.00377, 18.61357], [-72.0053, 18.61641], [-72.00686, 18.61713], [-72.00884, 18.61962], [-72.00974, 18.61956], [-72.01147, 18.62147], [-72.00997, 18.62257], [-72.0087, 18.62452], [-72.00591, 18.6259], [-72.00376, 18.62608], [-71.9977, 18.63133], [-71.99231, 18.63227], [-71.98782, 18.63411], [-71.9857, 18.63598], [-71.9865, 18.63771], [-71.98645, 18.63947], [-71.98555, 18.64054], [-71.98427, 18.64091], [-71.98194, 18.64411], [-71.97976, 18.64572], [-71.97832, 18.64767], [-71.97559, 18.64964], [-71.97045, 18.65222], [-71.96852, 18.65437], [-71.96572, 18.65647], [-71.96156, 18.65254], [-71.95783, 18.6518], [-71.9553, 18.65054], [-71.95258, 18.65109], [-71.94448, 18.64739], [-71.94263, 18.64597], [-71.941, 18.64368], [-71.93479, 18.64002], [-71.92773, 18.635], [-71.92583, 18.63459], [-71.92366, 18.63473], [-71.91824, 18.64263], [-71.91438, 18.64604], [-71.91295, 18.64809], [-71.90897, 18.64804], [-71.90784, 18.6485], [-71.90362, 18.64791], [-71.88663, 18.63788], [-71.88456, 18.63618], [-71.88258, 18.63328], [-71.88149, 18.62929], [-71.88009, 18.62704], [-71.87613, 18.62807], [-71.87362, 18.62757], [-71.87118, 18.63162], [-71.8689, 18.63761], [-71.86399, 18.63628], [-71.85945, 18.63656], [-71.8567, 18.6353], [-71.85545, 18.63521], [-71.85376, 18.636], [-71.85216, 18.63548], [-71.84696, 18.63068], [-71.84432, 18.62921], [-71.83482, 18.62935], [-71.82756, 18.63293], [-71.81573, 18.63013], [-71.80964, 18.63365], [-71.80953, 18.64377], [-71.81217, 18.65904], [-71.80511, 18.6707], [-71.8044, 18.67831], [-71.80732, 18.68298], [-71.80122, 18.69013], [-71.79751, 18.68833]]]}}, {"type": "Feature", "properties": {"COD_PROV": "11", "PROVINCIA": "LA ALTAGRACIA", "NOMBRE": "La Altagracia", "N_MUNICIPIOS": 2}, "geometry": {"type": "MultiPolygon", "coordinates": [[[[-68.63436, 18.19874], [-68.63373, 18.19812], [-68.63411, 18.19768], [-68.63345, 18.19767], [-68.6347, 18.19757], [-68.6357, 18.1968], [-68.63513, 18.19619], [-68.63569, 18.19561], [-68.63715, 18.19522], [-68.63676, 18.19347], [-68.63898, 18.19306], [-68.63957, 18.19367], [-68.64055, 18.19312], [-68.6398, 18.19503], [-68.63717, 18.19776], [-68.63544, 18.1987], [-68.63552, 18.19804], [-68.63449, 18.19815], [-68.63436, 18.19874]]], [[[-68.77574, 18.97415], [-68.77356, 18.97232], [-68.77254, 18.97062], [-68.76995, 18.96801], [-68.76678, 18.96549], [-68.76351, 18.96453], [-68.75913, 18.96229], [-68.75729, 18.96208], [-68.75358, 18.9629], [-68.75281, 18.96129], [-68.75084, 18.95987], [-68.74945, 18.95956], [-68.74743, 18.96007], [-68.74587, 18.95942], [-68.74453, 18.95846], [-68.74321, 18.95655], [-68.73866, 18.95528], [-68.73634, 18.9529], [-68.73324, 18.95118], [-68.72863, 18.94714], [-68.72369, 18.944], [-68.72039, 18.94256], [-68.71941, 18.94145], [-68.71484, 18.93882], [-68.71339, 18.93778], [-68.71244, 18.93613], [-68.71032, 18.93417], [-68.70888, 18.93338], [-68.70418, 18.93214], [-68.70127, 18.93008], [-68.69935, 18.92934], [-68.69441, 18.92297], [-68.69091, 18.91966], [-68.68955, 18.91681], [-68.68615, 18.9132], [-68.68336, 18.91185], [-68.68164, 18.91172], [-68.66985, 18.89884], [-68.66852, 18.89808], [-68.66537, 18.89769], [-68.66363, 18.89662], [-68.66153, 18.89365], [-68.65984, 18.89276], [-68.65799, 18.88981], [-68.65625, 18.88908], [-68.65436, 18.88657], [-68.65302, 18.8855], [-68.65205, 18.88536], [-68.65, 18.88347], [-68.64897, 18.88006], [-68.64716, 18.8773], [-68.64585, 18.87608], [-68.64272, 18.87467], [-68.64199, 18.87216], [-68.64009, 18.86939], [-68.63574, 18.86557], [-68.63052, 18.85911], [-68.6277, 18.85752], [-68.62632, 18.85495], [-68.62272, 18.85088], [-68.62127, 18.84712], [-68.61948, 18.8442], [-68.61736, 18.84206], [-68.61633, 18.84126], [-68.61368, 18.84088], [-68.61141, 18.8397], [-68.609, 18.83929], [-68.60731, 18.83821], [-68.60623, 18.83689], [-68.60603, 18.83406], [-68.60506, 18.83197], [-68.60081, 18.82832], [-68.59715, 18.82736], [-68.5918, 18.82378], [-68.59076, 18.82245], [-68.58424, 18.8173], [-68.58314, 18.81536], [-68.58178, 18.81408], [-68.57947, 18.81271], [-68.57867, 18.81134], [-68.57684, 18.81048], [-68.57637, 18.80881], [-68.57522, 18.80773], [-68.57406, 18.80695], [-68.57273, 18.80684], [-68.57088, 18.80552], [-68.56788, 18.80011], [-68.56322, 18.79624], [-68.55993, 18.79212], [-68.55811, 18.79111], [-68.55681, 18.78938], [-68.5509, 18.78485], [-68.55091, 18.78418], [-68.55161, 18.7835], [-68.55133, 18.78289], [-68.55036, 18.78297], [-68.54885, 18.78177], [-68.54748, 18.78178], [-68.54394, 18.77995], [-68.53714, 18.77399], [-68.53438, 18.7728], [-68.53213, 18.77284], [-68.53086, 18.77337], [-68.52944, 18.77536], [-68.53022, 18.77636], [-68.52867, 18.77858], [-68.52773, 18.77917], [-68.52777, 18.77991], [-68.52704, 18.78009], [-68.52754, 18.77969], [-68.52698, 18.77941], [-68.52713, 18.77906], [-68.52608, 18.77909], [-68.52594, 18.77857], [-68.52647, 18.7782], [-68.52485, 18.77774], [-68.52486, 18.77683], [-68.52296, 18.77662], [-68.52277, 18.77613], [-68.52151, 18.77584], [-68.52151, 18.77541], [-68.52072, 18.77549], [-68.52047, 18.77453], [-68.51994, 18.77472], [-68.52019, 18.77392], [-68.52097, 18.77416], [-68.52171, 18.77373], [-68.52167, 18.77226], [-68.52102, 18.77127], [-68.51992, 18.77065], [-68.51105, 18.76192], [-68.50583, 18.7581], [-68.50228, 18.7544], [-68.49615, 18.74957], [-68.48952, 18.7455], [-68.48717, 18.74337], [-68.48329, 18.7412], [-68.47672, 18.73651], [-68.47155, 18.73517], [-68.46587, 18.73523], [-68.45706, 18.72453], [-68.44894, 18.71691], [-68.44773, 18.71498], [-68.44221, 18.71197], [-68.44148, 18.71008], [-68.44109, 18.70639], [-68.43851, 18.7022], [-68.43286, 18.69958], [-68.42456, 18.69372], [-68.41868, 18.69101], [-68.41741, 18.68995], [-68.41483, 18.6865], [-68.41312, 18.68537], [-68.41162, 18.68211], [-68.4109, 18.67903], [-68.40873, 18.67602], [-68.40623, 18.67434], [-68.4031, 18.67317], [-68.39925, 18.66973], [-68.39816, 18.66794], [-68.39572, 18.66546], [-68.39032, 18.66176], [-68.38726, 18.66051], [-68.38436, 18.66044], [-68.3828, 18.66117], [-68.38265, 18.66236], [-68.38143, 18.66324], [-68.38103, 18.66487], [-68.37936, 18.66497], [-68.37351, 18.66055], [-68.36792, 18.65809], [-68.36596, 18.65616], [-68.3642, 18.65352], [-68.36136, 18.65101], [-68.3575, 18.64952], [-68.35387, 18.64897], [-68.35015, 18.64544], [-68.34488, 18.6438], [-68.34043, 18.63802], [-68.33216, 18.6289], [-68.33121, 18.62538], [-68.33008, 18.6247], [-68.32806, 18.62205], [-68.32588, 18.61844], [-68.32571, 18.61704], [-68.32513, 18.61684], [-68.32612, 18.615], [-68.32818, 18.61444], [-68.32831, 18.6129], [-68.32747, 18.61172], [-68.32531, 18.61153], [-68.32391, 18.60928], [-68.32359, 18.60447], [-68.32493, 18.60126], [-68.32386, 18.59825], [-68.32297, 18.59744], [-68.32409, 18.59692], [-68.32567, 18.59242], [-68.32583, 18.59025], [-68.32521, 18.58868], [-68.32618, 18.58729], [-68.33024, 18.57731], [-68.33132, 18.57296], [-68.33368, 18.56868], [-68.33496, 18.56696], [-68.33574, 18.56665], [-68.33594, 18.56581], [-68.33824, 18.56511], [-68.33826, 18.56408], [-68.33944, 18.56323], [-68.34032, 18.5639], [-68.34135, 18.56375], [-68.34085, 18.56149], [-68.34196, 18.5596], [-68.34354, 18.55881], [-68.34316, 18.55732], [-68.34377, 18.55715], [-68.34443, 18.55499], [-68.34635, 18.55252], [-68.3481, 18.549], [-68.34883, 18.54554], [-68.35358, 18.54223], [-68.35334, 18.54086], [-68.35454, 18.5385], [-68.3569, 18.53668], [-68.36114, 18.53091], [-68.36286, 18.52736], [-68.36325, 18.52372], [-68.36412, 18.52167], [-68.36736, 18.5181], [-68.37044, 18.51291], [-68.37092, 18.50909], [-68.37135, 18.50863], [-68.37217, 18.50923], [-68.37313, 18.50914], [-68.37457, 18.50559], [-68.37649, 18.50273], [-68.37568, 18.50095], [-68.37636, 18.50027], [-68.37741, 18.50031], [-68.37756, 18.4994], [-68.37842, 18.4994], [-68.37856, 18.49808], [-68.37904, 18.4984], [-68.37967, 18.49768], [-68.3812, 18.49786], [-68.38356, 18.49567], [-68.38614, 18.49641], [-68.38749, 18.49795], [-68.39011, 18.49675], [-68.3915, 18.49491], [-68.39175, 18.49371], [-68.3912, 18.48986], [-68.39175, 18.48474], [-68.39374, 18.48286], [-68.39496, 18.47914], [-68.39672, 18.47591], [-68.39688, 18.47415], [-68.39999, 18.47009], [-68.40189, 18.46296], [-68.40516, 18.45976], [-68.40703, 18.4587], [-68.40817, 18.45721], [-68.41184, 18.45541], [-68.41248, 18.45604], [-68.41361, 18.45607], [-68.41413, 18.45542], [-68.41456, 18.45301], [-68.41567, 18.45283], [-68.41694, 18.45113], [-68.41957, 18.45109], [-68.42, 18.45007], [-68.42123, 18.44992], [-68.42234, 18.45075], [-68.42308, 18.44972], [-68.42247, 18.44709], [-68.42369, 18.44685], [-68.42372, 18.445], [-68.42461, 18.4444], [-68.42461, 18.44341], [-68.42696, 18.44305], [-68.42847, 18.44194], [-68.42853, 18.4414], [-68.42938, 18.44114], [-68.4294, 18.43958], [-68.43072, 18.43861], [-68.43102, 18.43747], [-68.43387, 18.43673], [-68.43348, 18.43547], [-68.43424, 18.43505], [-68.43421, 18.43419], [-68.43558, 18.43367], [-68.43572, 18.43274], [-68.43645, 18.43219], [-68.43793, 18.43205], [-68.43864, 18.43082], [-68.44044, 18.43027], [-68.4428, 18.42751], [-68.44257, 18.42674], [-68.44456, 18.42513], [-68.44434, 18.42444], [-68.44676, 18.41665], [-68.4487, 18.40669], [-68.44815, 18.40173], [-68.44865, 18.40125], [-68.44817, 18.39974], [-68.44858, 18.39653], [-68.44822, 18.3857], [-68.44955, 18.38084], [-68.44925, 18.37803], [-68.45038, 18.37288], [-68.44986, 18.36766], [-68.45025, 18.36648], [-68.44953, 18.36487], [-68.45043, 18.36393], [-68.45143, 18.3595], [-68.45827, 18.35101], [-68.46224, 18.34677], [-68.46364, 18.34606], [-68.4645, 18.34472], [-68.4669, 18.34347], [-68.47112, 18.34276], [-68.47243, 18.34355], [-68.47331, 18.34306], [-68.47396, 18.34347], [-68.47466, 18.34301], [-68.47558, 18.34318], [-68.47672, 18.34121], [-68.48465, 18.33726], [-68.49092, 18.33743], [-68.49445, 18.33969], [-68.49974, 18.34195], [-68.50968, 18.3451], [-68.52172, 18.34782], [-68.52264, 18.34849], [-68.5237, 18.34811], [-68.52569, 18.34845], [-68.5303, 18.34973], [-68.53143, 18.35075], [-68.53277, 18.35038], [-68.53669, 18.35101], [-68.54164, 18.35302], [-68.55414, 18.35658], [-68.56142, 18.36029], [-68.56603, 18.36498], [-68.5697, 18.366], [-68.57016, 18.36682], [-68.57374, 18.3663], [-68.57711, 18.36911], [-68.57868, 18.36954], [-68.58321, 18.37218], [-68.58795, 18.37616], [-68.58992, 18.37686], [-68.59135, 18.378], [-68.59189, 18.37968], [-68.5938, 18.38041], [-68.59733, 18.3805], [-68.59932, 18.37939], [-68.60035, 18.37985], [-68.6002, 18.37922], [-68.6026, 18.37839], [-68.60373, 18.37914], [-68.60363, 18.37757], [-68.60449, 18.37746], [-68.60508, 18.37811], [-68.60625, 18.37745], [-68.60699, 18.37629], [-68.60753, 18.37684], [-68.60756, 18.37594], [-68.60835, 18.37596], [-68.60811, 18.37479], [-68.60868, 18.37388], [-68.61095, 18.37315], [-68.61089, 18.37242], [-68.61178, 18.37115], [-68.61174, 18.37003], [-68.61256, 18.36952], [-68.61312, 18.3697], [-68.61445, 18.36867], [-68.61352, 18.36785], [-68.61508, 18.36748], [-68.61516, 18.36858], [-68.61636, 18.36769], [-68.61694, 18.36799], [-68.61725, 18.36718], [-68.61801, 18.36741], [-68.61705, 18.36594], [-68.61778, 18.3645], [-68.6168, 18.36454], [-68.61646, 18.36403], [-68.61685, 18.36357], [-68.61548, 18.3631], [-68.61499, 18.36175], [-68.61401, 18.36082], [-68.61445, 18.36059], [-68.61371, 18.35859], [-68.61395, 18.35781], [-68.61565, 18.35748], [-68.6156, 18.35694], [-68.61477, 18.35689], [-68.61434, 18.3556], [-68.6116, 18.35383], [-68.60884, 18.35001], [-68.60579, 18.34707], [-68.60294, 18.34295], [-68.60174, 18.33828], [-68.60212, 18.33187], [-68.60315, 18.32996], [-68.60332, 18.32818], [-68.60533, 18.32468], [-68.60595, 18.32224], [-68.60665, 18.32169], [-68.60684, 18.32034], [-68.60779, 18.31971], [-68.60851, 18.31764], [-68.61364, 18.30953], [-68.61417, 18.30778], [-68.61526, 18.3064], [-68.61532, 18.30516], [-68.61588, 18.30461], [-68.6157, 18.30378], [-68.61655, 18.30214], [-68.61841, 18.30002], [-68.62122, 18.29794], [-68.62129, 18.29734], [-68.6219, 18.29764], [-68.62276, 18.29722], [-68.62304, 18.29614], [-68.62391, 18.29606], [-68.62731, 18.29218], [-68.63034, 18.28689], [-68.63124, 18.28353], [-68.6343, 18.27723], [-68.63522, 18.26895], [-68.63601, 18.26798], [-68.63546, 18.26697], [-68.63629, 18.26705], [-68.63739, 18.26494], [-68.63732, 18.26416], [-68.63904, 18.26189], [-68.63803, 18.26006], [-68.63844, 18.2584], [-68.64024, 18.25798], [-68.64114, 18.25632], [-68.64124, 18.25485], [-68.63995, 18.25392], [-68.64049, 18.25228], [-68.64158, 18.2517], [-68.64071, 18.2506], [-68.64132, 18.25014], [-68.64073, 18.2489], [-68.64171, 18.24836], [-68.64112, 18.2467], [-68.64199, 18.24521], [-68.64144, 18.24498], [-68.64124, 18.24371], [-68.64189, 18.24336], [-68.64148, 18.2415], [-68.64211, 18.24129], [-68.64166, 18.24011], [-68.64194, 18.23715], [-68.6424, 18.23654], [-68.64194, 18.2354], [-68.64262, 18.23376], [-68.64175, 18.23112], [-68.64199, 18.23049], [-68.64397, 18.22942], [-68.64398, 18.22782], [-68.64339, 18.22671], [-68.64148, 18.22578], [-68.6406, 18.21965], [-68.64214, 18.21814], [-68.64097, 18.21782], [-68.64117, 18.21709], [-68.64315, 18.21639], [-68.64309, 18.21342], [-68.64259, 18.2124], [-68.6429, 18.20976], [-68.64628, 18.2102], [-68.64804, 18.21153], [-68.64931, 18.21184], [-68.65038, 18.21259], [-68.65019, 18.2143], [-68.65513, 18.21705], [-68.65561, 18.21719], [-68.65624, 18.2164], [-68.65681, 18.21728], [-68.65828, 18.21746], [-68.65903, 18.21694], [-68.65997, 18.21761], [-68.66166, 18.21777], [-68.66203, 18.21713], [-68.66287, 18.21696], [-68.66341, 18.21556], [-68.66597, 18.21559], [-68.66712, 18.21634], [-68.6672, 18.21544], [-68.66992, 18.21622], [-68.67195, 18.21514], [-68.67914, 18.21589], [-68.68236, 18.21298], [-68.6838, 18.21245], [-68.6844, 18.21146], [-68.68556, 18.2114], [-68.68596, 18.21076], [-68.69331, 18.20991], [-68.69628, 18.21049], [-68.69969, 18.20927], [-68.70506, 18.20909], [-68.70825, 18.21015], [-68.70902, 18.21124], [-68.70996, 18.21118], [-68.71067, 18.21195], [-68.7114, 18.21192], [-68.71137, 18.21243], [-68.71238, 18.21242], [-68.71273, 18.21289], [-68.72007, 18.214], [-68.72043, 18.21352], [-68.72251, 18.21366], [-68.72208, 18.21064], [-68.72239, 18.20981], [-68.72326, 18.20968], [-68.72371, 18.20906], [-68.72801, 18.20991], [-68.73046, 18.2092], [-68.73075, 18.20838], [-68.73135, 18.20835], [-68.7308, 18.20785], [-68.73146, 18.20771], [-68.73309, 18.20534], [-68.73473, 18.20407], [-68.73783, 18.2037], [-68.74007, 18.20448], [-68.74147, 18.20562], [-68.74113, 18.20612], [-68.7403, 18.20598], [-68.74013, 18.20755], [-68.73971, 18.20781], [-68.74008, 18.20809], [-68.73997, 18.20939], [-68.73962, 18.209], [-68.73731, 18.20907], [-68.73713, 18.20857], [-68.73677, 18.20898], [-68.73513, 18.20823], [-68.73354, 18.20827], [-68.73282, 18.2091], [-68.73145, 18.20868], [-68.731, 18.20974], [-68.72854, 18.21061], [-68.72869, 18.21198], [-68.73001, 18.2119], [-68.73101, 18.21121], [-68.73157, 18.21196], [-68.73136, 18.21428], [-68.73024, 18.21604], [-68.73198, 18.21913], [-68.73496, 18.22058], [-68.73666, 18.22071], [-68.73709, 18.22169], [-68.73817, 18.2225], [-68.74258, 18.22265], [-68.74395, 18.22335], [-68.74572, 18.22242], [-68.74748, 18.22215], [-68.74849, 18.22057], [-68.74893, 18.21831], [-68.7479, 18.21609], [-68.74778, 18.21252], [-68.74728, 18.21234], [-68.74675, 18.21091], [-68.74562, 18.21023], [-68.7411, 18.20993], [-68.74074, 18.20933], [-68.74117, 18.20714], [-68.74235, 18.20653], [-68.74271, 18.20731], [-68.74463, 18.20772], [-68.74667, 18.20693], [-68.74892, 18.20674], [-68.75048, 18.2056], [-68.75109, 18.20342], [-68.75473, 18.20233], [-68.75501, 18.20375], [-68.75431, 18.20388], [-68.75468, 18.20442], [-68.75431, 18.20508], [-68.7552, 18.20566], [-68.75375, 18.20583], [-68.75257, 18.20719], [-68.75162, 18.21439], [-68.75245, 18.22212], [-68.75297, 18.22234], [-68.75298, 18.22384], [-68.75356, 18.22379], [-68.75336, 18.22483], [-68.75482, 18.23248], [-68.75542, 18.23366], [-68.75616, 18.23389], [-68.75807, 18.23601], [-68.75907, 18.23962], [-68.7623, 18.2422], [-68.76389, 18.24284], [-68.76542, 18.24502], [-68.77193, 18.25807], [-68.7729, 18.26028], [-68.77397, 18.26513], [-68.77779, 18.27374], [-68.77892, 18.27516], [-68.781, 18.28095], [-68.7841, 18.28691], [-68.78579, 18.28994], [-68.78918, 18.29332], [-68.79167, 18.29749], [-68.7943, 18.30023], [-68.8013, 18.30933], [-68.80398, 18.31416], [-68.80498, 18.31759], [-68.80868, 18.32408], [-68.81034, 18.32905], [-68.81331, 18.33522], [-68.81668, 18.33852], [-68.82771, 18.34575], [-68.82793, 18.3469], [-68.82875, 18.34755], [-68.83228, 18.34868], [-68.83611, 18.35169], [-68.8369, 18.35451], [-68.83661, 18.35511], [-68.83779, 18.35671], [-68.83814, 18.3592], [-68.8389, 18.3603], [-68.84022, 18.3607], [-68.84015, 18.36216], [-68.84074, 18.36217], [-68.84045, 18.36299], [-68.84084, 18.36361], [-68.84138, 18.36381], [-68.84186, 18.36325], [-68.84266, 18.36441], [-68.84348, 18.3647], [-68.84317, 18.36574], [-68.841, 18.36633], [-68.84105, 18.36756], [-68.84046, 18.36852], [-68.84331, 18.3688], [-68.84319, 18.36916], [-68.84073, 18.36941], [-68.8406, 18.36996], [-68.84125, 18.37186], [-68.84328, 18.37367], [-68.85705, 18.38094], [-68.86245, 18.3821], [-68.86394, 18.38296], [-68.86615, 18.38296], [-68.86855, 18.38448], [-68.86964, 18.38434], [-68.8713, 18.38624], [-68.8728, 18.38669], [-68.87304, 18.38729], [-68.87592, 18.38901], [-68.87796, 18.38853], [-68.87805, 18.38906], [-68.87919, 18.38906], [-68.88053, 18.38988], [-68.88127, 18.39149], [-68.88345, 18.39156], [-68.88383, 18.39293], [-68.88461, 18.39357], [-68.88789, 18.39396], [-68.8902, 18.39553], [-68.89452, 18.39629], [-68.89535, 18.398], [-68.8963, 18.39854], [-68.89713, 18.39843], [-68.89773, 18.40387], [-68.8974, 18.40678], [-68.89522, 18.40964], [-68.89297, 18.41164], [-68.89134, 18.4128], [-68.88747, 18.41392], [-68.88654, 18.41552], [-68.88742, 18.42053], [-68.88924, 18.4231], [-68.88938, 18.42448], [-68.88802, 18.42832], [-68.88486, 18.43153], [-68.88376, 18.4334], [-68.88413, 18.43552], [-68.88737, 18.43733], [-68.8878, 18.43809], [-68.88667, 18.44093], [-68.88307, 18.44619], [-68.88654, 18.4492], [-68.88683, 18.45021], [-68.88446, 18.452], [-68.88167, 18.45016], [-68.881, 18.45026], [-68.87523, 18.45484], [-68.87364, 18.45719], [-68.87385, 18.45854], [-68.87651, 18.45996], [-68.87667, 18.46104], [-68.87935, 18.46353], [-68.87989, 18.46608], [-68.87898, 18.46687], [-68.87404, 18.46763], [-68.87212, 18.47091], [-68.86966, 18.47085], [-68.86784, 18.47207], [-68.86776, 18.47349], [-68.8699, 18.47573], [-68.87014, 18.47799], [-68.87164, 18.47942], [-68.87197, 18.48165], [-68.86887, 18.48254], [-68.86617, 18.48394], [-68.86427, 18.48392], [-68.86223, 18.486], [-68.86047, 18.48652], [-68.85954, 18.48748], [-68.85884, 18.48929], [-68.85975, 18.4912], [-68.86065, 18.49171], [-68.86101, 18.49253], [-68.86009, 18.49479], [-68.85902, 18.49526], [-68.85767, 18.49501], [-68.85552, 18.49643], [-68.85403, 18.49828], [-68.85217, 18.50222], [-68.85229, 18.5044], [-68.85117, 18.50695], [-68.84703, 18.50872], [-68.8446, 18.5109], [-68.84402, 18.51187], [-68.84385, 18.51549], [-68.84252, 18.51747], [-68.84242, 18.51882], [-68.84449, 18.52025], [-68.84809, 18.51991], [-68.84979, 18.52007], [-68.85021, 18.52069], [-68.84685, 18.52343], [-68.84739, 18.52531], [-68.84675, 18.52761], [-68.84731, 18.53091], [-68.84907, 18.53416], [-68.84846, 18.53628], [-68.84893, 18.53866], [-68.84679, 18.54208], [-68.84787, 18.54445], [-68.84742, 18.5467], [-68.84858, 18.54903], [-68.84862, 18.55086], [-68.84695, 18.55282], [-68.84676, 18.55378], [-68.84747, 18.55591], [-68.84832, 18.55659], [-68.8525, 18.55496], [-68.85378, 18.55569], [-68.85381, 18.55684], [-68.85266, 18.55821], [-68.85131, 18.56128], [-68.85144, 18.56379], [-68.85459, 18.56523], [-68.8557, 18.565], [-68.85662, 18.56395], [-68.85992, 18.56427], [-68.86163, 18.56579], [-68.86269, 18.56589], [-68.86195, 18.56791], [-68.86257, 18.5691], [-68.86606, 18.57044], [-68.86846, 18.57232], [-68.87066, 18.57267], [-68.87243, 18.57386], [-68.87315, 18.57591], [-68.8746, 18.57621], [-68.87549, 18.57723], [-68.87579, 18.57814], [-68.87525, 18.57932], [-68.87486, 18.58288], [-68.87539, 18.58471], [-68.88027, 18.58621], [-68.88291, 18.58588], [-68.88474, 18.58701], [-68.88506, 18.58823], [-68.88431, 18.58994], [-68.88426, 18.59175], [-68.88643, 18.59742], [-68.88626, 18.59897], [-68.88861, 18.60163], [-68.8889, 18.60408], [-68.8896, 18.60481], [-68.89243, 18.60637], [-68.89569, 18.607], [-68.90002, 18.61006], [-68.90131, 18.61039], [-68.90203, 18.61005], [-68.90199, 18.60911], [-68.90342, 18.60797], [-68.90512, 18.60813], [-68.90582, 18.60928], [-68.90608, 18.61105], [-68.9046, 18.6183], [-68.90532, 18.62375], [-68.90466, 18.62673], [-68.90259, 18.63068], [-68.90283, 18.63403], [-68.90483, 18.63634], [-68.90566, 18.63985], [-68.90749, 18.64139], [-68.90903, 18.6414], [-68.91253, 18.63897], [-68.91418, 18.63915], [-68.91602, 18.6403], [-68.91588, 18.64322], [-68.91242, 18.64762], [-68.91239, 18.64889], [-68.91506, 18.65022], [-68.91895, 18.64983], [-68.92623, 18.65405], [-68.92688, 18.65728], [-68.92754, 18.65738], [-68.92704, 18.65762], [-68.92701, 18.66269], [-68.92603, 18.66483], [-68.92363, 18.66652], [-68.92348, 18.66739], [-68.92799, 18.67285], [-68.93211, 18.67577], [-68.93557, 18.67738], [-68.93764, 18.67997], [-68.93729, 18.68221], [-68.93531, 18.68739], [-68.93307, 18.68724], [-68.92887, 18.69021], [-68.92616, 18.69592], [-68.9242, 18.69748], [-68.92489, 18.69813], [-68.92738, 18.69739], [-68.92897, 18.69798], [-68.93091, 18.70024], [-68.93004, 18.70236], [-68.93022, 18.70316], [-68.93092, 18.70371], [-68.93248, 18.70367], [-68.93268, 18.70467], [-68.93183, 18.70794], [-68.93077, 18.70866], [-68.92937, 18.70882], [-68.92883, 18.70994], [-68.93007, 18.71518], [-68.92646, 18.71948], [-68.92641, 18.72126], [-68.92513, 18.72265], [-68.91833, 18.7224], [-68.91627, 18.72312], [-68.91504, 18.72201], [-68.91305, 18.72175], [-68.9112, 18.72188], [-68.9086, 18.72318], [-68.90524, 18.72331], [-68.90339, 18.72292], [-68.90202, 18.722], [-68.89893, 18.72174], [-68.89434, 18.72357], [-68.8918, 18.72611], [-68.89104, 18.72592], [-68.89002, 18.72422], [-68.88782, 18.7233], [-68.88645, 18.72173], [-68.88474, 18.7184], [-68.88179, 18.71971], [-68.87915, 18.71913], [-68.87715, 18.7211], [-68.87612, 18.72124], [-68.87502, 18.72073], [-68.87404, 18.72135], [-68.87353, 18.72276], [-68.87283, 18.72276], [-68.87236, 18.72334], [-68.87034, 18.72298], [-68.86978, 18.72208], [-68.86936, 18.72213], [-68.86926, 18.72329], [-68.86973, 18.72396], [-68.86837, 18.72459], [-68.86828, 18.72597], [-68.86663, 18.72897], [-68.86452, 18.7299], [-68.86283, 18.73379], [-68.86198, 18.73424], [-68.86076, 18.73616], [-68.85982, 18.73661], [-68.85912, 18.73813], [-68.85846, 18.73821], [-68.85569, 18.74049], [-68.85455, 18.7424], [-68.8542, 18.74438], [-68.85463, 18.74608], [-68.85595, 18.74823], [-68.85876, 18.74982], [-68.85953, 18.75137], [-68.8581, 18.75589], [-68.85699, 18.75739], [-68.8517, 18.76203], [-68.85094, 18.76422], [-68.85207, 18.76924], [-68.85217, 18.77113], [-68.85171, 18.7724], [-68.85032, 18.77336], [-68.84558, 18.77267], [-68.84283, 18.77413], [-68.82631, 18.78497], [-68.82424, 18.78779], [-68.8195, 18.78811], [-68.81185, 18.78691], [-68.80958, 18.78779], [-68.80521, 18.79892], [-68.80497, 18.80281], [-68.80592, 18.80571], [-68.81009, 18.81191], [-68.80995, 18.81313], [-68.81155, 18.81461], [-68.81172, 18.81843], [-68.81298, 18.82114], [-68.81307, 18.82327], [-68.81387, 18.82447], [-68.81356, 18.82563], [-68.81218, 18.82635], [-68.81296, 18.82771], [-68.81217, 18.82933], [-68.80874, 18.83114], [-68.81175, 18.83875], [-68.81308, 18.8405], [-68.81628, 18.84301], [-68.81722, 18.84747], [-68.82158, 18.85512], [-68.82171, 18.85917], [-68.82262, 18.86201], [-68.82379, 18.86395], [-68.82657, 18.8669], [-68.82638, 18.87008], [-68.82473, 18.87469], [-68.82904, 18.87633], [-68.83016, 18.87699], [-68.83112, 18.87837], [-68.83185, 18.88316], [-68.83123, 18.8869], [-68.8318, 18.88889], [-68.83452, 18.89101], [-68.84056, 18.8911], [-68.84159, 18.89216], [-68.84197, 18.8945], [-68.84069, 18.89676], [-68.83849, 18.89538], [-68.83781, 18.89526], [-68.83747, 18.8957], [-68.8398, 18.89845], [-68.8401, 18.8993], [-68.83976, 18.90131], [-68.83768, 18.90301], [-68.83657, 18.90539], [-68.83556, 18.90579], [-68.83488, 18.90538], [-68.83433, 18.90595], [-68.83195, 18.90538], [-68.83081, 18.90595], [-68.8303, 18.90647], [-68.8303, 18.9095], [-68.82809, 18.90978], [-68.8294, 18.91171], [-68.82898, 18.9124], [-68.82855, 18.91268], [-68.82589, 18.91167], [-68.82563, 18.91393], [-68.82423, 18.91328], [-68.82364, 18.91328], [-68.82313, 18.91441], [-68.82194, 18.91389], [-68.81927, 18.91372], [-68.8188, 18.91404], [-68.81897, 18.91566], [-68.81685, 18.91513], [-68.81677, 18.91675], [-68.81579, 18.91884], [-68.81697, 18.91989], [-68.81786, 18.92288], [-68.81688, 18.92631], [-68.81836, 18.92756], [-68.81887, 18.92885], [-68.82031, 18.92922], [-68.82103, 18.93031], [-68.82057, 18.93147], [-68.82078, 18.93305], [-68.81899, 18.93365], [-68.81814, 18.93539], [-68.81878, 18.93672], [-68.81751, 18.9372], [-68.81878, 18.93809], [-68.81839, 18.93922], [-68.81484, 18.93899], [-68.81471, 18.93959], [-68.81586, 18.94071], [-68.81568, 18.94147], [-68.81501, 18.94148], [-68.8147, 18.94065], [-68.81423, 18.94056], [-68.81371, 18.94096], [-68.81202, 18.94087], [-68.80906, 18.94337], [-68.80652, 18.9444], [-68.80694, 18.94601], [-68.80647, 18.94645], [-68.80567, 18.9465], [-68.80299, 18.9486], [-68.80139, 18.94868], [-68.80078, 18.94917], [-68.80092, 18.95123], [-68.80031, 18.95279], [-68.79937, 18.95364], [-68.79697, 18.95324], [-68.79538, 18.95167], [-68.7942, 18.95194], [-68.79345, 18.95127], [-68.7904, 18.95091], [-68.78823, 18.95117], [-68.788, 18.94885], [-68.7865, 18.94965], [-68.78532, 18.94951], [-68.78457, 18.9517], [-68.78147, 18.95246], [-68.78118, 18.95385], [-68.77907, 18.95474], [-68.78062, 18.95586], [-68.78151, 18.9555], [-68.78545, 18.95881], [-68.78644, 18.95872], [-68.78705, 18.95926], [-68.78676, 18.96181], [-68.78427, 18.96489], [-68.78338, 18.96454], [-68.78096, 18.9604], [-68.77804, 18.95698], [-68.77721, 18.95682], [-68.77646, 18.95754], [-68.77587, 18.95945], [-68.77594, 18.96572], [-68.77678, 18.97052], [-68.77747, 18.97205], [-68.77636, 18.97326], [-68.77637, 18.97406], [-68.77574, 18.97415]]]]}}, {"type": "Feature", "properties": {"COD_PROV": "12", "PROVINCIA": "LA ROMANA", "NOMBRE": "La Romana", "N_MUNICIPIOS": 3}, "geometry": {"type": "MultiPolygon", "coordinates": [[[[-68.65241, 18.09619], [-68.65443, 18.09567], [-68.65662, 18.09637], [-68.66448, 18.09744], [-68.66283, 18.09866], [-68.65972, 18.09865], [-68.65241, 18.09619]]], [[[-68.64621, 18.1599], [-68.65005, 18.16096], [-68.64876, 18.16341], [-68.64504, 18.16147], [-68.64621, 18.1599]]], [[[-68.73364, 18.18615], [-68.73295, 18.18561], [-68.73025, 18.18552], [-68.7287, 18.18461], [-68.72599, 18.18422], [-68.72481, 18.18293], [-68.72226, 18.18166], [-68.72091, 18.18014], [-68.71816, 18.17892], [-68.71501, 18.17609], [-68.70998, 18.17339], [-68.70034, 18.172], [-68.69741, 18.17226], [-68.69127, 18.17054], [-68.68775, 18.17152], [-68.68715, 18.17218], [-68.6916, 18.17411], [-68.69052, 18.17601], [-68.68838, 18.17779], [-68.685, 18.17588], [-68.68033, 18.17554], [-68.67916, 18.17489], [-68.6745, 18.17487], [-68.67261, 18.17375], [-68.669, 18.16692], [-68.66642, 18.16424], [-68.66475, 18.16393], [-68.66176, 18.16493], [-68.66032, 18.1643], [-68.6566, 18.1639], [-68.65258, 18.16236], [-68.65044, 18.15969], [-68.64958, 18.15932], [-68.64515, 18.15966], [-68.64164, 18.16083], [-68.63804, 18.16034], [-68.63149, 18.16156], [-68.62819, 18.1598], [-68.62431, 18.15862], [-68.62314, 18.15869], [-68.61776, 18.16113], [-68.61205, 18.16226], [-68.60859, 18.16352], [-68.60656, 18.1632], [-68.59894, 18.15984], [-68.58931, 18.15374], [-68.58881, 18.15274], [-68.5876, 18.15245], [-68.5853, 18.14972], [-68.58436, 18.14934], [-68.58178, 18.14674], [-68.57836, 18.14147], [-68.57286, 18.13447], [-68.57238, 18.13217], [-68.57117, 18.13112], [-68.57014, 18.12785], [-68.56884, 18.12648], [-68.56889, 18.12544], [-68.56948, 18.12474], [-68.56938, 18.12309], [-68.56842, 18.12114], [-68.5686, 18.1191], [-68.57011, 18.11504], [-68.57136, 18.11369], [-68.57265, 18.1112], [-68.5748, 18.11127], [-68.57828, 18.10952], [-68.58205, 18.11096], [-68.58305, 18.11296], [-68.58566, 18.11278], [-68.58695, 18.11333], [-68.58895, 18.11545], [-68.58911, 18.11763], [-68.59763, 18.11827], [-68.60436, 18.1199], [-68.60605, 18.11986], [-68.60936, 18.12111], [-68.61016, 18.12065], [-68.61846, 18.12551], [-68.62313, 18.12668], [-68.6374, 18.12768], [-68.64022, 18.12899], [-68.64586, 18.12958], [-68.64988, 18.12799], [-68.65594, 18.12385], [-68.65925, 18.12534], [-68.66249, 18.12543], [-68.66701, 18.12327], [-68.67336, 18.12224], [-68.67694, 18.12022], [-68.68085, 18.11451], [-68.68146, 18.11425], [-68.68228, 18.11489], [-68.68183, 18.11583], [-68.68453, 18.11558], [-68.68642, 18.11385], [-68.69481, 18.11616], [-68.69732, 18.11632], [-68.71155, 18.12265], [-68.7191, 18.12414], [-68.72174, 18.1254], [-68.72589, 18.12613], [-68.72748, 18.12719], [-68.73173, 18.12682], [-68.73424, 18.12872], [-68.73555, 18.12909], [-68.73686, 18.13053], [-68.7417, 18.13182], [-68.74326, 18.13306], [-68.74662, 18.13381], [-68.748, 18.13484], [-68.74976, 18.13465], [-68.7537, 18.13689], [-68.75711, 18.13701], [-68.75723, 18.13897], [-68.7549, 18.13948], [-68.75399, 18.14014], [-68.75358, 18.1416], [-68.75477, 18.14488], [-68.76118, 18.15016], [-68.76127, 18.15072], [-68.76039, 18.15162], [-68.7607, 18.15225], [-68.76497, 18.15678], [-68.7665, 18.15769], [-68.77019, 18.16267], [-68.77157, 18.1637], [-68.77251, 18.16558], [-68.77608, 18.16641], [-68.77711, 18.1675], [-68.77668, 18.1683], [-68.77793, 18.17029], [-68.77903, 18.17113], [-68.78003, 18.17126], [-68.78055, 18.17225], [-68.78337, 18.17336], [-68.78454, 18.17272], [-68.78489, 18.17334], [-68.78223, 18.17726], [-68.78416, 18.18844], [-68.77615, 18.19579], [-68.77302, 18.19642], [-68.76895, 18.19925], [-68.76662, 18.1982], [-68.76652, 18.19614], [-68.76049, 18.19396], [-68.75272, 18.19272], [-68.74421, 18.18937], [-68.73784, 18.18782], [-68.73768, 18.18705], [-68.73364, 18.18615]]], [[[-69.00152, 18.36527], [-68.99829, 18.36161], [-68.99656, 18.36091], [-68.99584, 18.35785], [-68.99313, 18.35106], [-68.99346, 18.35046], [-68.99328, 18.34642], [-68.99168, 18.34561], [-68.99191, 18.34257], [-68.99341, 18.33984], [-68.99439, 18.33908], [-68.99586, 18.33872], [-68.99817, 18.3392], [-69.00405, 18.34104], [-69.0053, 18.34195], [-69.00743, 18.34221], [-69.01064, 18.34357], [-69.01219, 18.34487], [-69.01387, 18.34503], [-69.01477, 18.34577], [-69.01605, 18.34573], [-69.01808, 18.34723], [-69.0205, 18.34795], [-69.02316, 18.34974], [-69.02389, 18.3496], [-69.02516, 18.35149], [-69.02627, 18.35603], [-69.02218, 18.35532], [-69.02126, 18.35687], [-69.02083, 18.35924], [-69.02106, 18.36304], [-69.02221, 18.36352], [-69.02208, 18.36464], [-69.01916, 18.37328], [-69.01755, 18.37629], [-69.01357, 18.37775], [-69.01249, 18.37765], [-69.00663, 18.37191], [-69.00445, 18.36909], [-69.00255, 18.36773], [-69.00155, 18.36653], [-69.00152, 18.36527]]], [[[-68.95437, 18.65891], [-68.95154, 18.65837], [-68.94958, 18.65685], [-68.9483, 18.65675], [-68.94701, 18.65734], [-68.94644, 18.65665], [-68.94341, 18.65856], [-68.94279, 18.65861], [-68.94222, 18.65797], [-68.9409, 18.65851], [-68.94004, 18.65722], [-68.93856, 18.65639], [-68.93683, 18.65757], [-68.9347, 18.65644], [-68.93265, 18.65853], [-68.93065, 18.65873], [-68.92835, 18.65668], [-68.92691, 18.65733], [-68.92657, 18.6547], [-68.92478, 18.65289], [-68.92236, 18.65212], [-68.91876, 18.64976], [-68.91506, 18.65022], [-68.91239, 18.64889], [-68.91242, 18.64762], [-68.91588, 18.64322], [-68.91602, 18.6403], [-68.91418, 18.63915], [-68.91253, 18.63897], [-68.90903, 18.6414], [-68.90749, 18.64139], [-68.90566, 18.63985], [-68.90483, 18.63634], [-68.90283, 18.63403], [-68.90253, 18.63288], [-68.90271, 18.63025], [-68.90466, 18.62673], [-68.90532, 18.62375], [-68.90466, 18.61996], [-68.90467, 18.61677], [-68.90612, 18.61047], [-68.90532, 18.60826], [-68.90297, 18.60811], [-68.90199, 18.60911], [-68.90203, 18.61005], [-68.90131, 18.61039], [-68.8998, 18.60994], [-68.89569, 18.607], [-68.89243, 18.60637], [-68.88914, 18.60442], [-68.8887, 18.60179], [-68.88626, 18.59897], [-68.88643, 18.59742], [-68.88426, 18.59175], [-68.88431, 18.58994], [-68.88506, 18.58823], [-68.88474, 18.58701], [-68.88291, 18.58588], [-68.88027, 18.58621], [-68.87548, 18.5848], [-68.87486, 18.58288], [-68.87581, 18.57793], [-68.87471, 18.57627], [-68.87315, 18.57591], [-68.87243, 18.57386], [-68.87066, 18.57267], [-68.86846, 18.57232], [-68.86606, 18.57044], [-68.86257, 18.5691], [-68.86199, 18.56721], [-68.86277, 18.56597], [-68.86163, 18.56579], [-68.86007, 18.56432], [-68.85662, 18.56395], [-68.8557, 18.565], [-68.85459, 18.56523], [-68.85149, 18.56384], [-68.85131, 18.56128], [-68.85266, 18.55821], [-68.85381, 18.55684], [-68.85378, 18.55569], [-68.8525, 18.55496], [-68.84832, 18.55659], [-68.84747, 18.55591], [-68.84682, 18.55412], [-68.84695, 18.55282], [-68.84862, 18.55086], [-68.84858, 18.54903], [-68.84742, 18.5467], [-68.84787, 18.54445], [-68.84679, 18.54208], [-68.84893, 18.53866], [-68.84846, 18.53628], [-68.84907, 18.53416], [-68.84731, 18.53091], [-68.84675, 18.52761], [-68.84739, 18.52531], [-68.84685, 18.52343], [-68.85022, 18.52082], [-68.84959, 18.52003], [-68.84457, 18.52027], [-68.84251, 18.51907], [-68.84247, 18.5176], [-68.84379, 18.51568], [-68.84412, 18.51418], [-68.84402, 18.51187], [-68.84703, 18.50872], [-68.85082, 18.5072], [-68.85152, 18.50648], [-68.85229, 18.5044], [-68.85217, 18.50222], [-68.85403, 18.49828], [-68.85552, 18.49643], [-68.85767, 18.49501], [-68.85902, 18.49526], [-68.86009, 18.49479], [-68.861, 18.49246], [-68.85975, 18.4912], [-68.85881, 18.48887], [-68.86033, 18.48662], [-68.86223, 18.486], [-68.86427, 18.48392], [-68.86617, 18.48394], [-68.86887, 18.48254], [-68.87197, 18.48165], [-68.87164, 18.47942], [-68.87014, 18.47799], [-68.8699, 18.47573], [-68.86776, 18.47349], [-68.86784, 18.47207], [-68.86966, 18.47085], [-68.87212, 18.47091], [-68.87404, 18.46763], [-68.87898, 18.46687], [-68.87989, 18.46608], [-68.87935, 18.46353], [-68.87667, 18.46104], [-68.87651, 18.45996], [-68.874, 18.45871], [-68.87358, 18.45741], [-68.87523, 18.45484], [-68.881, 18.45026], [-68.88167, 18.45016], [-68.88446, 18.452], [-68.88683, 18.45021], [-68.88654, 18.4492], [-68.88307, 18.44619], [-68.88667, 18.44093], [-68.88778, 18.43843], [-68.88764, 18.43753], [-68.88435, 18.43572], [-68.88365, 18.43448], [-68.88383, 18.43316], [-68.88486, 18.43153], [-68.88802, 18.42832], [-68.88938, 18.42448], [-68.88924, 18.4231], [-68.88792, 18.42168], [-68.88696, 18.41903], [-68.88649, 18.41613], [-68.88687, 18.4147], [-68.88801, 18.41359], [-68.89134, 18.4128], [-68.89522, 18.40964], [-68.8975, 18.40653], [-68.89841, 18.40265], [-68.89773, 18.40037], [-68.90009, 18.39874], [-68.90205, 18.39813], [-68.90285, 18.3983], [-68.90314, 18.39886], [-68.89989, 18.39964], [-68.90399, 18.40028], [-68.90447, 18.39987], [-68.90386, 18.39859], [-68.90423, 18.39795], [-68.90551, 18.39812], [-68.90637, 18.39888], [-68.90683, 18.39809], [-68.90771, 18.39836], [-68.90863, 18.39789], [-68.91664, 18.39795], [-68.91645, 18.39947], [-68.91156, 18.39999], [-68.91132, 18.40034], [-68.91448, 18.40171], [-68.91692, 18.40156], [-68.91823, 18.40249], [-68.9198, 18.40237], [-68.92411, 18.4043], [-68.92599, 18.40426], [-68.9264, 18.40469], [-68.92801, 18.40399], [-68.93057, 18.40439], [-68.93256, 18.40508], [-68.93722, 18.40811], [-68.94075, 18.40807], [-68.94258, 18.40969], [-68.94373, 18.40951], [-68.94561, 18.40754], [-68.94588, 18.40663], [-68.94766, 18.40575], [-68.94847, 18.40652], [-68.95065, 18.41197], [-68.95257, 18.41345], [-68.95317, 18.41464], [-68.9534, 18.41372], [-68.95455, 18.41324], [-68.95574, 18.41345], [-68.95679, 18.41437], [-68.95849, 18.41433], [-68.96014, 18.41346], [-68.96188, 18.41341], [-68.9667, 18.41179], [-68.96945, 18.41048], [-68.97288, 18.40781], [-68.97472, 18.40265], [-68.97596, 18.40151], [-68.98011, 18.40021], [-68.98936, 18.40208], [-68.99131, 18.40102], [-68.99465, 18.40071], [-68.99912, 18.40186], [-69.00764, 18.39919], [-69.00802, 18.40001], [-69.00857, 18.40009], [-69.00828, 18.39855], [-69.01781, 18.39564], [-69.02128, 18.39647], [-69.02695, 18.3961], [-69.02979, 18.39482], [-69.06479, 18.39146], [-69.07215, 18.39236], [-69.07994, 18.39255], [-69.08065, 18.3933], [-69.08158, 18.39207], [-69.08431, 18.39299], [-69.08377, 18.39821], [-69.08426, 18.40145], [-69.08607, 18.40667], [-69.08865, 18.41095], [-69.08913, 18.41268], [-69.08903, 18.41356], [-69.0881, 18.41466], [-69.08564, 18.4156], [-69.08195, 18.41806], [-69.08312, 18.41991], [-69.08643, 18.42177], [-69.0874, 18.42288], [-69.08623, 18.42632], [-69.08653, 18.42753], [-69.08886, 18.42966], [-69.08942, 18.431], [-69.08882, 18.43184], [-69.08601, 18.43292], [-69.08581, 18.43463], [-69.08757, 18.43712], [-69.08794, 18.43977], [-69.08875, 18.44096], [-69.09064, 18.44116], [-69.09219, 18.43861], [-69.09317, 18.43928], [-69.09361, 18.4407], [-69.09541, 18.44209], [-69.09633, 18.44429], [-69.09459, 18.44662], [-69.0951, 18.4481], [-69.09692, 18.4487], [-69.09805, 18.45083], [-69.10055, 18.45236], [-69.10353, 18.45275], [-69.10403, 18.45331], [-69.10412, 18.45585], [-69.10525, 18.45688], [-69.10701, 18.4571], [-69.10786, 18.45934], [-69.1104, 18.4594], [-69.11368, 18.46058], [-69.11393, 18.46556], [-69.11305, 18.4666], [-69.11273, 18.46918], [-69.11322, 18.47], [-69.11413, 18.47021], [-69.11564, 18.4701], [-69.11642, 18.46922], [-69.11767, 18.46903], [-69.11957, 18.47642], [-69.11788, 18.47807], [-69.11534, 18.47807], [-69.11521, 18.47846], [-69.11555, 18.48021], [-69.11795, 18.48143], [-69.11839, 18.48243], [-69.11785, 18.48282], [-69.11555, 18.48286], [-69.11568, 18.48538], [-69.11474, 18.48651], [-69.11134, 18.48631], [-69.11101, 18.48667], [-69.11105, 18.48884], [-69.112, 18.49213], [-69.10905, 18.49627], [-69.10615, 18.49683], [-69.10554, 18.49979], [-69.10441, 18.5006], [-69.10417, 18.50203], [-69.1032, 18.50268], [-69.10166, 18.50283], [-69.1007, 18.50466], [-69.10006, 18.50488], [-69.09701, 18.5043], [-69.09583, 18.50799], [-69.09507, 18.5089], [-69.09308, 18.50903], [-69.09142, 18.51041], [-69.09106, 18.51204], [-69.09219, 18.51677], [-69.09182, 18.51738], [-69.09088, 18.51742], [-69.08975, 18.51665], [-69.08944, 18.51961], [-69.09029, 18.52159], [-69.08966, 18.5222], [-69.0875, 18.52258], [-69.08633, 18.52413], [-69.08556, 18.52633], [-69.08351, 18.52656], [-69.08248, 18.52764], [-69.07968, 18.52889], [-69.07643, 18.52755], [-69.0753, 18.5282], [-69.07413, 18.52992], [-69.07359, 18.52992], [-69.07291, 18.52902], [-69.07034, 18.52872], [-69.06813, 18.52924], [-69.06687, 18.5307], [-69.06701, 18.53182], [-69.06552, 18.53345], [-69.06042, 18.53582], [-69.05921, 18.5387], [-69.05776, 18.53931], [-69.05681, 18.53918], [-69.05573, 18.53991], [-69.05307, 18.54013], [-69.05366, 18.54391], [-69.05208, 18.54421], [-69.05303, 18.54611], [-69.05086, 18.54684], [-69.05001, 18.54985], [-69.04721, 18.55076], [-69.04735, 18.55248], [-69.04699, 18.55286], [-69.04545, 18.55347], [-69.04342, 18.55342], [-69.04162, 18.55631], [-69.04225, 18.55747], [-69.04166, 18.55807], [-69.04202, 18.55889], [-69.04148, 18.55971], [-69.04184, 18.56104], [-69.0409, 18.56224], [-69.04171, 18.56289], [-69.04139, 18.56358], [-69.04185, 18.56487], [-69.0409, 18.56513], [-69.04099, 18.56629], [-69.03905, 18.56741], [-69.03869, 18.56848], [-69.03756, 18.56814], [-69.03756, 18.56891], [-69.03679, 18.56965], [-69.03612, 18.56866], [-69.03481, 18.57051], [-69.03323, 18.57016], [-69.03206, 18.57077], [-69.03152, 18.57253], [-69.02899, 18.57249], [-69.028, 18.57386], [-69.02673, 18.57373], [-69.02633, 18.57464], [-69.02543, 18.57472], [-69.02538, 18.5752], [-69.02267, 18.57748], [-69.02069, 18.57756], [-69.01915, 18.57623], [-69.01627, 18.57662], [-69.01451, 18.57821], [-69.01397, 18.58105], [-69.01333, 18.58152], [-69.01315, 18.58243], [-69.01076, 18.58355], [-69.01004, 18.58436], [-69.0094, 18.58993], [-69.0077, 18.59151], [-69.00578, 18.59224], [-69.00392, 18.59235], [-69.00229, 18.59423], [-69.00048, 18.59925], [-68.99889, 18.60068], [-68.99867, 18.60306], [-68.99763, 18.60439], [-68.99729, 18.60595], [-68.99617, 18.60716], [-68.99586, 18.6087], [-68.99271, 18.61078], [-68.99033, 18.61443], [-68.98971, 18.61615], [-68.98865, 18.61693], [-68.98666, 18.62265], [-68.9857, 18.62372], [-68.98423, 18.62975], [-68.98449, 18.63046], [-68.9829, 18.63239], [-68.98274, 18.63415], [-68.98229, 18.63436], [-68.982, 18.63559], [-68.9822, 18.63768], [-68.98134, 18.63946], [-68.97796, 18.64122], [-68.97538, 18.6415], [-68.97407, 18.6425], [-68.97348, 18.64395], [-68.97182, 18.6457], [-68.96584, 18.64758], [-68.96246, 18.64924], [-68.95818, 18.65351], [-68.95797, 18.65503], [-68.95746, 18.65518], [-68.957, 18.65631], [-68.95586, 18.65651], [-68.95437, 18.65891]]]]}}, {"type": "Feature", "properties": {"COD_PROV": "13", "PROVINCIA": "LA VEGA", "NOMBRE": "La Vega", "N_MUNICIPIOS": 4}, "geometry": {"type": "Polygon", "coordinates": [[[-70.60852, 19.37518], [-70.60657, 19.36813], [-70.6051, 19.36655], [-70.60494, 19.36274], [-70.60228, 19.36076], [-70.60205, 19.36004], [-70.5932, 19.35853], [-70.5913, 19.35738], [-70.59038, 19.35529], [-70.58867, 19.3539], [-70.58316, 19.35133], [-70.57579, 19.35192], [-70.5745, 19.35093], [-70.57311, 19.35086], [-70.57028, 19.35207], [-70.56504, 19.35141], [-70.56194, 19.35169], [-70.55186, 19.34945], [-70.54574, 19.34969], [-70.54287, 19.35085], [-70.54103, 19.35084], [-70.54014, 19.35197], [-70.53685, 19.35209], [-70.53475, 19.34976], [-70.53323, 19.34939], [-70.53207, 19.34983], [-70.52956, 19.35308], [-70.52742, 19.35475], [-70.52553, 19.35502], [-70.52178, 19.3541], [-70.51885, 19.3544], [-70.51652, 19.3553], [-70.51474, 19.35734], [-70.51214, 19.355], [-70.50408, 19.34962], [-70.50125, 19.34676], [-70.49904, 19.3453], [-70.49626, 19.34457], [-70.48697, 19.34472], [-70.48735, 19.34382], [-70.48707, 19.34276], [-70.48809, 19.34161], [-70.48778, 19.34056], [-70.49052, 19.33988], [-70.49337, 19.33652], [-70.49334, 19.33265], [-70.49483, 19.33198], [-70.49513, 19.33105], [-70.49368, 19.3293], [-70.49426, 19.32892], [-70.49548, 19.3294], [-70.49624, 19.32896], [-70.49558, 19.32706], [-70.49658, 19.32673], [-70.497, 19.32571], [-70.49662, 19.32482], [-70.49719, 19.32383], [-70.49811, 19.32336], [-70.49843, 19.32224], [-70.49752, 19.32013], [-70.50107, 19.31806], [-70.5013, 19.31727], [-70.50091, 19.31642], [-70.49889, 19.31527], [-70.49915, 19.31401], [-70.50055, 19.31212], [-70.50054, 19.31153], [-70.49942, 19.31122], [-70.49116, 19.31055], [-70.48768, 19.31141], [-70.48411, 19.313], [-70.48355, 19.31008], [-70.48236, 19.31015], [-70.47638, 19.30775], [-70.47395, 19.31154], [-70.47431, 19.31179], [-70.47423, 19.31396], [-70.47529, 19.31532], [-70.47551, 19.3164], [-70.47492, 19.31893], [-70.47669, 19.32253], [-70.4766, 19.32449], [-70.47532, 19.32757], [-70.47431, 19.32838], [-70.47339, 19.33036], [-70.47334, 19.33089], [-70.47432, 19.33183], [-70.47382, 19.33405], [-70.47283, 19.33496], [-70.47243, 19.33669], [-70.47284, 19.33995], [-70.46646, 19.33824], [-70.46315, 19.33652], [-70.4623, 19.33908], [-70.45997, 19.34133], [-70.45903, 19.34345], [-70.45735, 19.34326], [-70.45719, 19.34479], [-70.45584, 19.34429], [-70.45316, 19.34164], [-70.45007, 19.34186], [-70.44771, 19.34096], [-70.44582, 19.34132], [-70.44429, 19.34101], [-70.4448, 19.33945], [-70.44595, 19.33994], [-70.44741, 19.33985], [-70.44658, 19.33733], [-70.44511, 19.3362], [-70.44694, 19.33389], [-70.44648, 19.33296], [-70.44665, 19.33156], [-70.44644, 19.33114], [-70.44533, 19.3312], [-70.4448, 19.32954], [-70.44417, 19.32999], [-70.44391, 19.32879], [-70.44204, 19.32669], [-70.44147, 19.32454], [-70.43941, 19.32396], [-70.43881, 19.32301], [-70.4381, 19.32281], [-70.43821, 19.32165], [-70.43734, 19.31915], [-70.43577, 19.31816], [-70.43554, 19.31592], [-70.43501, 19.31513], [-70.43417, 19.31492], [-70.43388, 19.31429], [-70.43427, 19.31407], [-70.43421, 19.31322], [-70.43347, 19.31216], [-70.4345, 19.30898], [-70.43908, 19.30795], [-70.43939, 19.30289], [-70.43275, 19.29999], [-70.43314, 19.2987], [-70.43463, 19.29697], [-70.42784, 19.28924], [-70.42724, 19.28959], [-70.42155, 19.28602], [-70.4219, 19.28261], [-70.42173, 19.2816], [-70.4213, 19.2816], [-70.42135, 19.28054], [-70.41676, 19.27755], [-70.41482, 19.27703], [-70.41569, 19.27654], [-70.4161, 19.27471], [-70.41555, 19.27383], [-70.41374, 19.27363], [-70.41365, 19.27105], [-70.41288, 19.27047], [-70.41461, 19.26876], [-70.41633, 19.26356], [-70.4163, 19.26219], [-70.41481, 19.26011], [-70.41268, 19.25878], [-70.4124, 19.25354], [-70.41168, 19.2523], [-70.4109, 19.25198], [-70.41046, 19.25081], [-70.41139, 19.24666], [-70.4104, 19.2431], [-70.41062, 19.24031], [-70.40987, 19.23333], [-70.40835, 19.22987], [-70.40141, 19.22954], [-70.38704, 19.23191], [-70.36039, 19.23172], [-70.35951, 19.23082], [-70.35963, 19.23032], [-70.35869, 19.23001], [-70.35866, 19.22898], [-70.35781, 19.22842], [-70.35801, 19.22683], [-70.35896, 19.22603], [-70.35786, 19.22483], [-70.3588, 19.22352], [-70.35778, 19.22249], [-70.35873, 19.222], [-70.35703, 19.22176], [-70.3567, 19.22134], [-70.35814, 19.21954], [-70.35609, 19.21872], [-70.35764, 19.21822], [-70.35771, 19.21712], [-70.35692, 19.21693], [-70.35634, 19.21762], [-70.3557, 19.21619], [-70.35608, 19.21563], [-70.35763, 19.21603], [-70.3571, 19.21483], [-70.35545, 19.21499], [-70.35537, 19.21374], [-70.3543, 19.21255], [-70.35507, 19.21137], [-70.35392, 19.21138], [-70.3533, 19.21197], [-70.35284, 19.21129], [-70.35307, 19.21061], [-70.35177, 19.21127], [-70.35152, 19.21087], [-70.35227, 19.2098], [-70.35179, 19.20902], [-70.35082, 19.20925], [-70.35036, 19.20786], [-70.34948, 19.20745], [-70.34902, 19.20807], [-70.34864, 19.20793], [-70.34859, 19.20661], [-70.34729, 19.2068], [-70.34551, 19.20599], [-70.34476, 19.20637], [-70.34438, 19.20519], [-70.34305, 19.20553], [-70.34297, 19.20367], [-70.34079, 19.20282], [-70.34021, 19.20194], [-70.33908, 19.20196], [-70.3389, 19.20123], [-70.33784, 19.20162], [-70.33763, 19.20082], [-70.33701, 19.20075], [-70.33684, 19.20192], [-70.33636, 19.20214], [-70.33563, 19.20076], [-70.3351, 19.20068], [-70.33459, 19.20182], [-70.33414, 19.20163], [-70.33389, 19.20028], [-70.33293, 19.19984], [-70.33322, 19.199], [-70.33212, 19.19941], [-70.33162, 19.19914], [-70.33209, 19.19829], [-70.33146, 19.19793], [-70.33141, 19.19689], [-70.33052, 19.19705], [-70.33, 19.19601], [-70.32893, 19.19588], [-70.32849, 19.19452], [-70.32911, 19.1932], [-70.32817, 19.19056], [-70.32873, 19.18963], [-70.32642, 19.18899], [-70.32638, 19.18819], [-70.32537, 19.18874], [-70.32492, 19.18757], [-70.32319, 19.18638], [-70.32294, 19.184], [-70.32327, 19.1832], [-70.32257, 19.18296], [-70.32245, 19.18192], [-70.32188, 19.18174], [-70.32148, 19.18229], [-70.32108, 19.18133], [-70.32009, 19.18123], [-70.31879, 19.18007], [-70.31785, 19.18024], [-70.31744, 19.17928], [-70.31568, 19.17844], [-70.31588, 19.17783], [-70.31489, 19.17822], [-70.31494, 19.1774], [-70.31373, 19.17729], [-70.31347, 19.17647], [-70.31282, 19.17675], [-70.3113, 19.17635], [-70.31091, 19.17573], [-70.30933, 19.17526], [-70.30694, 19.17524], [-70.30602, 19.17587], [-70.30446, 19.17563], [-70.30424, 19.17464], [-70.30351, 19.17462], [-70.30316, 19.17384], [-70.30088, 19.17291], [-70.29997, 19.1712], [-70.3005, 19.17024], [-70.29925, 19.17009], [-70.29933, 19.16901], [-70.29822, 19.16887], [-70.29825, 19.16794], [-70.29689, 19.16815], [-70.29698, 19.166], [-70.29622, 19.16575], [-70.29467, 19.1662], [-70.29284, 19.16493], [-70.29207, 19.16545], [-70.29167, 19.16458], [-70.29095, 19.16557], [-70.29044, 19.16431], [-70.28937, 19.16465], [-70.28886, 19.16402], [-70.28947, 19.16249], [-70.28859, 19.1619], [-70.28874, 19.16155], [-70.28951, 19.1619], [-70.2896, 19.16125], [-70.28754, 19.16054], [-70.2875, 19.15925], [-70.28669, 19.15939], [-70.28594, 19.15838], [-70.28439, 19.15804], [-70.28394, 19.15688], [-70.2822, 19.15555], [-70.28169, 19.15536], [-70.28155, 19.15579], [-70.28236, 19.15639], [-70.2799, 19.15633], [-70.27872, 19.15537], [-70.27686, 19.1561], [-70.27602, 19.15587], [-70.27583, 19.15476], [-70.27624, 19.15416], [-70.27889, 19.15388], [-70.27942, 19.15294], [-70.27737, 19.15155], [-70.276, 19.14948], [-70.27455, 19.14929], [-70.27298, 19.15181], [-70.27211, 19.15179], [-70.27117, 19.15057], [-70.27299, 19.14893], [-70.27308, 19.14689], [-70.27393, 19.14612], [-70.27648, 19.14665], [-70.28017, 19.14378], [-70.28167, 19.14381], [-70.28375, 19.14471], [-70.28516, 19.14896], [-70.29009, 19.14957], [-70.29049, 19.14897], [-70.28957, 19.14828], [-70.28905, 19.14667], [-70.29096, 19.14493], [-70.29082, 19.14331], [-70.29198, 19.14177], [-70.2973, 19.1441], [-70.30021, 19.14351], [-70.30112, 19.14379], [-70.30144, 19.14579], [-70.2967, 19.14771], [-70.29711, 19.14886], [-70.29927, 19.14961], [-70.30088, 19.1496], [-70.30321, 19.15094], [-70.30676, 19.15112], [-70.30949, 19.15353], [-70.31234, 19.1534], [-70.31225, 19.15117], [-70.31355, 19.15121], [-70.3141, 19.15513], [-70.3159, 19.15483], [-70.31881, 19.15261], [-70.31969, 19.15268], [-70.32071, 19.15353], [-70.32123, 19.15317], [-70.32192, 19.1505], [-70.31969, 19.15181], [-70.31884, 19.15143], [-70.31864, 19.15051], [-70.32207, 19.14953], [-70.32258, 19.14975], [-70.32288, 19.15124], [-70.32737, 19.14297], [-70.33043, 19.1406], [-70.33421, 19.12875], [-70.33516, 19.12748], [-70.33466, 19.12663], [-70.33472, 19.12478], [-70.33685, 19.12282], [-70.33651, 19.12218], [-70.33551, 19.12213], [-70.33428, 19.12309], [-70.33222, 19.12303], [-70.33176, 19.12272], [-70.33192, 19.12138], [-70.32925, 19.12151], [-70.32829, 19.1192], [-70.3257, 19.11844], [-70.33008, 19.11707], [-70.33115, 19.11618], [-70.33095, 19.11574], [-70.33147, 19.11581], [-70.33151, 19.11474], [-70.33263, 19.11447], [-70.33663, 19.11089], [-70.33729, 19.10973], [-70.33908, 19.10863], [-70.33948, 19.10576], [-70.33809, 19.10469], [-70.33813, 19.10386], [-70.33913, 19.10332], [-70.34059, 19.10121], [-70.34152, 19.09883], [-70.34339, 19.09806], [-70.34342, 19.09688], [-70.34479, 19.09721], [-70.34403, 19.09616], [-70.34528, 19.09505], [-70.3463, 19.09282], [-70.34788, 19.09266], [-70.34759, 19.09219], [-70.3465, 19.09209], [-70.34713, 19.09114], [-70.3464, 19.08861], [-70.34692, 19.08739], [-70.34879, 19.08634], [-70.34943, 19.08633], [-70.34999, 19.08737], [-70.35054, 19.08727], [-70.35235, 19.08544], [-70.35228, 19.08506], [-70.35128, 19.08498], [-70.35166, 19.08383], [-70.35345, 19.08414], [-70.35406, 19.08305], [-70.35509, 19.08353], [-70.35486, 19.08257], [-70.35671, 19.0819], [-70.35687, 19.08107], [-70.35641, 19.08036], [-70.35504, 19.0794], [-70.35529, 19.07856], [-70.35476, 19.07784], [-70.35535, 19.07617], [-70.35464, 19.07571], [-70.35488, 19.07481], [-70.35392, 19.07396], [-70.35464, 19.07336], [-70.35459, 19.07088], [-70.35339, 19.06993], [-70.35277, 19.06872], [-70.35338, 19.06778], [-70.35228, 19.0677], [-70.35178, 19.06711], [-70.35229, 19.06586], [-70.35347, 19.06475], [-70.35549, 19.05885], [-70.35744, 19.05816], [-70.35792, 19.05737], [-70.3576, 19.05395], [-70.35811, 19.05219], [-70.36053, 19.04983], [-70.36142, 19.04962], [-70.36495, 19.04933], [-70.36806, 19.04966], [-70.37233, 19.05053], [-70.37347, 19.05147], [-70.37639, 19.05606], [-70.37563, 19.05833], [-70.37707, 19.06191], [-70.37763, 19.06502], [-70.37958, 19.06525], [-70.38069, 19.06488], [-70.38075, 19.06561], [-70.38179, 19.0656], [-70.38408, 19.06807], [-70.38737, 19.06985], [-70.38793, 19.0713], [-70.38745, 19.07263], [-70.38827, 19.07609], [-70.39015, 19.07693], [-70.39178, 19.07955], [-70.39359, 19.08088], [-70.39355, 19.08202], [-70.39546, 19.08265], [-70.39598, 19.08437], [-70.39764, 19.08574], [-70.39756, 19.08641], [-70.39858, 19.08657], [-70.39879, 19.08708], [-70.40003, 19.08658], [-70.40073, 19.08828], [-70.4017, 19.08868], [-70.40431, 19.09144], [-70.406, 19.09222], [-70.40702, 19.0942], [-70.40851, 19.09481], [-70.40781, 19.10475], [-70.41866, 19.11525], [-70.43408, 19.13143], [-70.43482, 19.13088], [-70.4358, 19.13164], [-70.43789, 19.13041], [-70.4396, 19.13043], [-70.4403, 19.12988], [-70.44124, 19.13041], [-70.44197, 19.12828], [-70.44039, 19.12633], [-70.44033, 19.12537], [-70.43902, 19.12525], [-70.43882, 19.12448], [-70.44023, 19.12251], [-70.44184, 19.12132], [-70.44315, 19.12121], [-70.44462, 19.12034], [-70.44494, 19.11459], [-70.44441, 19.11363], [-70.44543, 19.11231], [-70.44515, 19.11114], [-70.44582, 19.10951], [-70.44921, 19.10631], [-70.45234, 19.10544], [-70.45594, 19.10353], [-70.46309, 19.10231], [-70.465, 19.10132], [-70.46764, 19.09877], [-70.46905, 19.09866], [-70.47006, 19.09935], [-70.47162, 19.10224], [-70.47277, 19.10322], [-70.47569, 19.10497], [-70.47756, 19.1051], [-70.47601, 19.10172], [-70.47725, 19.09864], [-70.47745, 19.0962], [-70.48036, 19.09341], [-70.48327, 19.09252], [-70.48469, 19.09158], [-70.48572, 19.09145], [-70.48669, 19.09195], [-70.48988, 19.0944], [-70.494, 19.09887], [-70.49747, 19.10361], [-70.50714, 19.1127], [-70.50989, 19.11215], [-70.5124, 19.11238], [-70.51735, 19.10687], [-70.51857, 19.10624], [-70.52468, 19.10741], [-70.53016, 19.10439], [-70.53797, 19.10434], [-70.53975, 19.1024], [-70.54002, 19.0999], [-70.53813, 19.0952], [-70.53251, 19.08779], [-70.53103, 19.08504], [-70.53092, 19.08369], [-70.53206, 19.08085], [-70.52801, 19.07708], [-70.52775, 19.07432], [-70.52671, 19.07106], [-70.52415, 19.06763], [-70.5227, 19.06431], [-70.5233, 19.05466], [-70.52002, 19.04875], [-70.51927, 19.04355], [-70.5195, 19.03621], [-70.52062, 19.03144], [-70.51502, 19.01929], [-70.51444, 19.01653], [-70.51631, 19.01326], [-70.51638, 19.0098], [-70.51774, 19.0072], [-70.51578, 19.00174], [-70.51748, 18.99943], [-70.52319, 18.99671], [-70.52493, 18.99469], [-70.5259, 18.99421], [-70.52977, 18.99341], [-70.53448, 18.99354], [-70.53628, 18.99243], [-70.53778, 18.98799], [-70.54115, 18.98361], [-70.54448, 18.97724], [-70.54812, 18.97261], [-70.54921, 18.96462], [-70.55126, 18.96357], [-70.55223, 18.96227], [-70.55165, 18.95343], [-70.5526, 18.94894], [-70.55386, 18.9477], [-70.55936, 18.9449], [-70.56171, 18.94271], [-70.571, 18.93788], [-70.57001, 18.93158], [-70.57053, 18.92805], [-70.57331, 18.92434], [-70.5782, 18.92211], [-70.58104, 18.9218], [-70.58261, 18.92081], [-70.58301, 18.92014], [-70.58249, 18.91882], [-70.58309, 18.91706], [-70.58425, 18.91585], [-70.58368, 18.91299], [-70.58279, 18.9118], [-70.58396, 18.90964], [-70.58456, 18.90599], [-70.58321, 18.90337], [-70.58136, 18.90114], [-70.57939, 18.89923], [-70.57674, 18.8979], [-70.57633, 18.89466], [-70.57518, 18.89374], [-70.57444, 18.88993], [-70.57345, 18.88997], [-70.57208, 18.88892], [-70.57075, 18.88583], [-70.56869, 18.88591], [-70.56861, 18.88531], [-70.56932, 18.88476], [-70.56903, 18.88422], [-70.56668, 18.8837], [-70.56542, 18.88594], [-70.56313, 18.88501], [-70.56611, 18.881], [-70.56644, 18.87728], [-70.56588, 18.8742], [-70.56661, 18.87198], [-70.56799, 18.87051], [-70.56767, 18.86971], [-70.56539, 18.86782], [-70.55714, 18.86466], [-70.55628, 18.86357], [-70.55614, 18.86112], [-70.55677, 18.85906], [-70.56121, 18.85122], [-70.56269, 18.8461], [-70.56579, 18.83874], [-70.56661, 18.83626], [-70.56615, 18.83096], [-70.56331, 18.82644], [-70.55429, 18.81807], [-70.55082, 18.81244], [-70.54958, 18.80584], [-70.54573, 18.79688], [-70.54439, 18.79614], [-70.5452, 18.79438], [-70.54503, 18.79174], [-70.5415, 18.78682], [-70.53959, 18.78327], [-70.53952, 18.77925], [-70.53818, 18.77876], [-70.53726, 18.7772], [-70.53787, 18.77662], [-70.5374, 18.77541], [-70.53823, 18.77466], [-70.53794, 18.77211], [-70.53666, 18.77204], [-70.53491, 18.77039], [-70.53358, 18.77035], [-70.53321, 18.76941], [-70.53404, 18.76788], [-70.53371, 18.76713], [-70.53249, 18.76721], [-70.53037, 18.76843], [-70.52913, 18.76836], [-70.52827, 18.76777], [-70.52825, 18.76688], [-70.53043, 18.76392], [-70.53182, 18.764], [-70.53266, 18.76304], [-70.53151, 18.76167], [-70.53032, 18.76113], [-70.52994, 18.76024], [-70.53116, 18.75883], [-70.53248, 18.7585], [-70.53284, 18.75673], [-70.53346, 18.75597], [-70.53485, 18.75588], [-70.53573, 18.75492], [-70.53739, 18.75554], [-70.53972, 18.75419], [-70.53993, 18.756], [-70.54133, 18.75604], [-70.54156, 18.75468], [-70.54272, 18.75345], [-70.54295, 18.75172], [-70.54375, 18.75049], [-70.55146, 18.7487], [-70.55479, 18.74689], [-70.55602, 18.7455], [-70.55793, 18.74239], [-70.56086, 18.73928], [-70.56394, 18.73383], [-70.56349, 18.73164], [-70.56093, 18.72694], [-70.5617, 18.72322], [-70.56325, 18.72422], [-70.56472, 18.72421], [-70.56553, 18.72486], [-70.56588, 18.72309], [-70.56685, 18.72202], [-70.57004, 18.72353], [-70.57105, 18.72492], [-70.57466, 18.72509], [-70.57795, 18.72301], [-70.57914, 18.72312], [-70.58015, 18.72183], [-70.5807, 18.72005], [-70.58301, 18.71809], [-70.58478, 18.71726], [-70.58554, 18.71562], [-70.58616, 18.71526], [-70.58564, 18.71342], [-70.58757, 18.71202], [-70.58854, 18.71029], [-70.59026, 18.71116], [-70.59398, 18.70977], [-70.59765, 18.7107], [-70.5993, 18.71052], [-70.59969, 18.70898], [-70.59887, 18.7064], [-70.59474, 18.70213], [-70.59141, 18.70084], [-70.59039, 18.6985], [-70.59075, 18.6945], [-70.58878, 18.69402], [-70.58985, 18.68989], [-70.5907, 18.68926], [-70.59107, 18.68764], [-70.59211, 18.68644], [-70.59375, 18.68655], [-70.59688, 18.68787], [-70.59736, 18.6875], [-70.59842, 18.68777], [-70.60003, 18.68671], [-70.60364, 18.68698], [-70.60545, 18.68755], [-70.60652, 18.68862], [-70.61575, 18.68642], [-70.61748, 18.68719], [-70.61911, 18.68678], [-70.62026, 18.68725], [-70.6215, 18.68677], [-70.62288, 18.68776], [-70.62437, 18.68646], [-70.62796, 18.68659], [-70.62897, 18.68729], [-70.62975, 18.6907], [-70.63054, 18.69095], [-70.63114, 18.69036], [-70.63425, 18.69016], [-70.63513, 18.69066], [-70.63633, 18.6924], [-70.63918, 18.69288], [-70.6398, 18.69329], [-70.63994, 18.69433], [-70.64068, 18.69466], [-70.64286, 18.69313], [-70.64536, 18.69391], [-70.64584, 18.69361], [-70.64544, 18.69282], [-70.64631, 18.69252], [-70.65043, 18.69251], [-70.65342, 18.69041], [-70.65696, 18.68984], [-70.65782, 18.69134], [-70.65922, 18.6915], [-70.66017, 18.69099], [-70.66068, 18.68932], [-70.66286, 18.68872], [-70.66564, 18.68711], [-70.66652, 18.68752], [-70.66671, 18.68902], [-70.66724, 18.68959], [-70.66959, 18.68924], [-70.67028, 18.68782], [-70.67271, 18.68671], [-70.67525, 18.68694], [-70.67629, 18.68627], [-70.67831, 18.68758], [-70.68015, 18.68781], [-70.6825, 18.68663], [-70.6845, 18.68628], [-70.6865, 18.68468], [-70.68755, 18.6845], [-70.68913, 18.68573], [-70.69034, 18.68472], [-70.69211, 18.68646], [-70.69533, 18.6851], [-70.69608, 18.68526], [-70.69401, 18.68873], [-70.6916, 18.68991], [-70.69094, 18.69264], [-70.68933, 18.69423], [-70.68915, 18.6966], [-70.68732, 18.6991], [-70.68784, 18.70284], [-70.6875, 18.70365], [-70.68199, 18.70575], [-70.67837, 18.7112], [-70.67846, 18.71362], [-70.68185, 18.71803], [-70.68277, 18.72029], [-70.68269, 18.7232], [-70.68314, 18.72479], [-70.68716, 18.72952], [-70.68881, 18.73264], [-70.68776, 18.73575], [-70.68517, 18.73727], [-70.68388, 18.73918], [-70.68486, 18.74278], [-70.68352, 18.74489], [-70.6826, 18.74877], [-70.68284, 18.75292], [-70.68398, 18.75726], [-70.68547, 18.75864], [-70.69223, 18.76152], [-70.69254, 18.76562], [-70.69637, 18.7675], [-70.69685, 18.76823], [-70.69742, 18.77239], [-70.69868, 18.7746], [-70.69981, 18.77502], [-70.70035, 18.77507], [-70.70538, 18.76988], [-70.70969, 18.76665], [-70.71393, 18.76661], [-70.72337, 18.76976], [-70.73344, 18.77145], [-70.7421, 18.77181], [-70.75258, 18.77126], [-70.75541, 18.77242], [-70.75877, 18.77928], [-70.76344, 18.7832], [-70.76592, 18.7885], [-70.76723, 18.793], [-70.76915, 18.79655], [-70.77052, 18.80141], [-70.77242, 18.80443], [-70.7749, 18.8069], [-70.77837, 18.81419], [-70.77965, 18.8155], [-70.78285, 18.82301], [-70.78259, 18.82418], [-70.7856, 18.82749], [-70.79247, 18.8277], [-70.79621, 18.82951], [-70.79993, 18.83262], [-70.80556, 18.833], [-70.81598, 18.83776], [-70.81884, 18.84219], [-70.81933, 18.84373], [-70.81924, 18.84566], [-70.82143, 18.85418], [-70.82116, 18.85589], [-70.82155, 18.85881], [-70.82305, 18.86281], [-70.82575, 18.86726], [-70.82655, 18.87004], [-70.82961, 18.87366], [-70.83397, 18.87617], [-70.83694, 18.88025], [-70.83734, 18.88251], [-70.83615, 18.88378], [-70.83561, 18.88537], [-70.83515, 18.89144], [-70.83589, 18.89453], [-70.83851, 18.89647], [-70.83904, 18.89892], [-70.83889, 18.89947], [-70.83803, 18.89938], [-70.83775, 18.90153], [-70.83811, 18.90284], [-70.83964, 18.90428], [-70.84052, 18.90613], [-70.83984, 18.90652], [-70.83951, 18.90603], [-70.83822, 18.90617], [-70.83831, 18.90805], [-70.83995, 18.91046], [-70.84024, 18.91169], [-70.83948, 18.91302], [-70.83822, 18.9132], [-70.83793, 18.91715], [-70.83716, 18.91886], [-70.83888, 18.92161], [-70.83933, 18.92517], [-70.84055, 18.92639], [-70.84056, 18.92714], [-70.83955, 18.92894], [-70.83686, 18.92852], [-70.83602, 18.93131], [-70.8343, 18.93004], [-70.83227, 18.93009], [-70.8308, 18.92827], [-70.83019, 18.92902], [-70.83025, 18.93031], [-70.82913, 18.93273], [-70.82934, 18.93323], [-70.82877, 18.93352], [-70.82717, 18.93244], [-70.82562, 18.93276], [-70.82639, 18.93436], [-70.82574, 18.93652], [-70.82624, 18.93807], [-70.82697, 18.93892], [-70.82808, 18.93841], [-70.82911, 18.93852], [-70.83102, 18.93959], [-70.8319, 18.94258], [-70.83159, 18.94594], [-70.83288, 18.94968], [-70.83364, 18.9504], [-70.83275, 18.95169], [-70.83798, 18.9541], [-70.83906, 18.95318], [-70.84148, 18.95371], [-70.84247, 18.95632], [-70.84169, 18.95687], [-70.84217, 18.95744], [-70.84375, 18.95767], [-70.84319, 18.96004], [-70.84468, 18.96217], [-70.8439, 18.96303], [-70.84414, 18.96442], [-70.84764, 18.96609], [-70.8472, 18.96874], [-70.84583, 18.96921], [-70.84574, 18.97165], [-70.84436, 18.97393], [-70.84438, 18.97617], [-70.84372, 18.97767], [-70.84608, 18.97873], [-70.84544, 18.98185], [-70.84082, 18.9834], [-70.84029, 18.9862], [-70.83772, 18.98924], [-70.84194, 18.98913], [-70.84297, 18.99072], [-70.84444, 18.99167], [-70.84816, 18.99302], [-70.8502, 18.9945], [-70.8516, 18.99919], [-70.85679, 19.00106], [-70.8605, 19.00166], [-70.86151, 19.00112], [-70.86264, 19.00132], [-70.86467, 19.00247], [-70.86973, 19.00253], [-70.8717, 19.00181], [-70.87492, 18.99998], [-70.87687, 18.99757], [-70.87983, 18.995], [-70.88452, 18.992], [-70.88619, 18.99126], [-70.89109, 18.99134], [-70.89111, 18.99576], [-70.89333, 19.00011], [-70.89388, 19.0031], [-70.89497, 19.00494], [-70.90445, 19.01195], [-70.90584, 19.01549], [-70.90989, 19.01908], [-70.91262, 19.02316], [-70.92373, 19.02792], [-70.93304, 19.03052], [-70.93652, 19.03215], [-70.94032, 19.03526], [-70.94893, 19.03714], [-70.95332, 19.03883], [-70.96021, 19.0447], [-70.95797, 19.04809], [-70.95607, 19.05261], [-70.95566, 19.05513], [-70.95624, 19.05984], [-70.95586, 19.06433], [-70.95228, 19.06983], [-70.94955, 19.07213], [-70.94835, 19.07418], [-70.94901, 19.07567], [-70.95201, 19.07849], [-70.95399, 19.08356], [-70.95367, 19.08718], [-70.95014, 19.09258], [-70.94801, 19.09474], [-70.94534, 19.09586], [-70.942, 19.0964], [-70.9387, 19.09427], [-70.93504, 19.09581], [-70.93263, 19.09515], [-70.93078, 19.09403], [-70.92416, 19.09427], [-70.9208, 19.09229], [-70.91513, 19.09322], [-70.90868, 19.09341], [-70.90208, 19.09144], [-70.89509, 19.09194], [-70.8929, 19.09038], [-70.89071, 19.08991], [-70.88862, 19.09032], [-70.88612, 19.09197], [-70.88212, 19.0925], [-70.87952, 19.09691], [-70.87805, 19.09824], [-70.86501, 19.09563], [-70.86064, 19.09628], [-70.85743, 19.09797], [-70.85479, 19.09838], [-70.84906, 19.0959], [-70.8478, 19.09588], [-70.8447, 19.10155], [-70.84096, 19.1045], [-70.83606, 19.10939], [-70.83428, 19.11253], [-70.83212, 19.11397], [-70.83067, 19.11409], [-70.82961, 19.11529], [-70.82543, 19.11696], [-70.82309, 19.11914], [-70.82267, 19.12047], [-70.82074, 19.12104], [-70.81894, 19.12413], [-70.81749, 19.12402], [-70.81481, 19.12725], [-70.81317, 19.12836], [-70.81271, 19.12892], [-70.81253, 19.13137], [-70.81279, 19.13491], [-70.8121, 19.13644], [-70.80999, 19.13776], [-70.80806, 19.14001], [-70.80441, 19.14006], [-70.79751, 19.13735], [-70.79424, 19.13656], [-70.79103, 19.13666], [-70.79003, 19.13789], [-70.78583, 19.13977], [-70.78398, 19.13962], [-70.78273, 19.13838], [-70.78141, 19.13839], [-70.7801, 19.13966], [-70.77712, 19.14077], [-70.77643, 19.14178], [-70.77602, 19.1443], [-70.7733, 19.14583], [-70.77323, 19.14717], [-70.77209, 19.1476], [-70.77121, 19.14736], [-70.77066, 19.14602], [-70.76952, 19.14561], [-70.76926, 19.14679], [-70.76701, 19.14973], [-70.76569, 19.15532], [-70.76099, 19.15593], [-70.75896, 19.15556], [-70.75764, 19.1546], [-70.75678, 19.15636], [-70.7552, 19.1568], [-70.75368, 19.1553], [-70.75289, 19.15548], [-70.75184, 19.15599], [-70.75131, 19.15709], [-70.75041, 19.15688], [-70.74845, 19.15848], [-70.7477, 19.16062], [-70.74479, 19.16196], [-70.74419, 19.16133], [-70.74349, 19.16133], [-70.7423, 19.16246], [-70.74059, 19.16292], [-70.73901, 19.16257], [-70.73219, 19.16504], [-70.73216, 19.16546], [-70.73303, 19.16598], [-70.73228, 19.16744], [-70.73257, 19.1681], [-70.73339, 19.16789], [-70.73538, 19.16875], [-70.73462, 19.1721], [-70.73676, 19.1715], [-70.73743, 19.17197], [-70.73634, 19.17301], [-70.73667, 19.17424], [-70.73335, 19.17608], [-70.73479, 19.1767], [-70.73548, 19.17957], [-70.73358, 19.17972], [-70.73343, 19.18211], [-70.73453, 19.18264], [-70.73306, 19.18328], [-70.73244, 19.18422], [-70.73338, 19.18531], [-70.73297, 19.18589], [-70.7332, 19.18708], [-70.73173, 19.18785], [-70.73115, 19.18689], [-70.72936, 19.18785], [-70.72855, 19.19046], [-70.72899, 19.19148], [-70.72814, 19.19232], [-70.72824, 19.19328], [-70.7275, 19.19446], [-70.72842, 19.19483], [-70.7281, 19.19546], [-70.72863, 19.19629], [-70.73198, 19.19746], [-70.73201, 19.1987], [-70.73348, 19.19966], [-70.73311, 19.20053], [-70.73427, 19.20121], [-70.73406, 19.20381], [-70.7336, 19.20433], [-70.73189, 19.20492], [-70.72985, 19.20411], [-70.72933, 19.20546], [-70.72782, 19.20524], [-70.72794, 19.20577], [-70.72976, 19.2068], [-70.73093, 19.20615], [-70.73136, 19.20645], [-70.72961, 19.20863], [-70.72721, 19.20638], [-70.72662, 19.20677], [-70.72622, 19.20841], [-70.72472, 19.2085], [-70.72197, 19.20574], [-70.72174, 19.20498], [-70.72107, 19.20506], [-70.72097, 19.20432], [-70.72045, 19.20445], [-70.71991, 19.20393], [-70.71987, 19.20316], [-70.71785, 19.20272], [-70.71806, 19.20228], [-70.71615, 19.20056], [-70.71593, 19.19898], [-70.71439, 19.19815], [-70.71348, 19.19692], [-70.71226, 19.19697], [-70.70907, 19.19496], [-70.70829, 19.19292], [-70.707, 19.19283], [-70.70335, 19.19035], [-70.70152, 19.18991], [-70.701, 19.19047], [-70.7004, 19.18935], [-70.69686, 19.18763], [-70.69708, 19.18696], [-70.69623, 19.1859], [-70.69651, 19.18535], [-70.69455, 19.18177], [-70.69309, 19.18087], [-70.69193, 19.17937], [-70.69044, 19.17953], [-70.68931, 19.18119], [-70.6882, 19.18147], [-70.68779, 19.18227], [-70.68574, 19.18246], [-70.6834, 19.18157], [-70.68297, 19.18243], [-70.68358, 19.18293], [-70.68201, 19.18452], [-70.68269, 19.18575], [-70.68002, 19.18821], [-70.67875, 19.18747], [-70.67817, 19.18762], [-70.67742, 19.19023], [-70.67483, 19.19072], [-70.67457, 19.19206], [-70.67555, 19.19317], [-70.67515, 19.19437], [-70.67377, 19.19544], [-70.67161, 19.1959], [-70.66986, 19.19812], [-70.67149, 19.20164], [-70.67246, 19.2023], [-70.67327, 19.2019], [-70.67408, 19.20035], [-70.6756, 19.19938], [-70.67659, 19.19941], [-70.67696, 19.20116], [-70.67976, 19.20375], [-70.68264, 19.20764], [-70.68222, 19.20836], [-70.67836, 19.20842], [-70.67659, 19.21085], [-70.67837, 19.21513], [-70.68024, 19.21738], [-70.67954, 19.21863], [-70.67835, 19.2181], [-70.6776, 19.21838], [-70.67689, 19.22176], [-70.68036, 19.22255], [-70.68215, 19.22159], [-70.68325, 19.21976], [-70.68393, 19.22009], [-70.68453, 19.22179], [-70.68449, 19.22241], [-70.68296, 19.22291], [-70.68208, 19.22425], [-70.67905, 19.22524], [-70.67841, 19.22586], [-70.67821, 19.22764], [-70.679, 19.2304], [-70.67616, 19.23763], [-70.67625, 19.23954], [-70.67805, 19.24035], [-70.68172, 19.23765], [-70.68311, 19.23774], [-70.68392, 19.23849], [-70.68394, 19.2394], [-70.68066, 19.24176], [-70.67996, 19.24354], [-70.67681, 19.245], [-70.67716, 19.25106], [-70.67804, 19.25275], [-70.67943, 19.25336], [-70.68178, 19.24983], [-70.68359, 19.25139], [-70.6843, 19.25353], [-70.68568, 19.25516], [-70.68519, 19.25667], [-70.68127, 19.2595], [-70.68021, 19.26102], [-70.6795, 19.26273], [-70.67953, 19.26498], [-70.68048, 19.26641], [-70.6869, 19.26846], [-70.68926, 19.26721], [-70.6912, 19.26733], [-70.69417, 19.26929], [-70.69504, 19.27044], [-70.69512, 19.27146], [-70.69809, 19.27335], [-70.70061, 19.2736], [-70.7061, 19.27552], [-70.71477, 19.27645], [-70.71764, 19.27783], [-70.71956, 19.28146], [-70.7218, 19.28237], [-70.72297, 19.28455], [-70.72003, 19.28972], [-70.71819, 19.29069], [-70.71689, 19.28947], [-70.71598, 19.28949], [-70.71459, 19.29114], [-70.71591, 19.29495], [-70.71669, 19.29508], [-70.71881, 19.29401], [-70.71928, 19.29675], [-70.71575, 19.29886], [-70.71432, 19.29932], [-70.71263, 19.29901], [-70.70733, 19.29736], [-70.70643, 19.2964], [-70.70462, 19.2961], [-70.70349, 19.29472], [-70.69449, 19.29395], [-70.68347, 19.28829], [-70.68061, 19.28489], [-70.68068, 19.2842], [-70.67729, 19.28407], [-70.67387, 19.28488], [-70.6721, 19.28645], [-70.67219, 19.28799], [-70.67303, 19.28969], [-70.6729, 19.29078], [-70.66843, 19.2925], [-70.66782, 19.29316], [-70.66828, 19.29776], [-70.66732, 19.30093], [-70.66785, 19.30171], [-70.66822, 19.30437], [-70.67107, 19.30695], [-70.67166, 19.31172], [-70.67419, 19.31478], [-70.67404, 19.31801], [-70.67468, 19.32159], [-70.67087, 19.32602], [-70.66716, 19.33437], [-70.66546, 19.3357], [-70.66496, 19.33741], [-70.65765, 19.34212], [-70.65655, 19.34459], [-70.65278, 19.34867], [-70.6469, 19.35256], [-70.64605, 19.3541], [-70.64046, 19.35823], [-70.63945, 19.36149], [-70.63754, 19.36393], [-70.63748, 19.36661], [-70.63679, 19.36896], [-70.63548, 19.37014], [-70.63565, 19.37398], [-70.63492, 19.37409], [-70.63442, 19.37339], [-70.63377, 19.37342], [-70.62928, 19.37425], [-70.62898, 19.37346], [-70.62631, 19.37226], [-70.62582, 19.37295], [-70.62442, 19.37307], [-70.62373, 19.37376], [-70.62111, 19.37374], [-70.62073, 19.37454], [-70.62041, 19.37386], [-70.61989, 19.37382], [-70.61839, 19.37495], [-70.61764, 19.37435], [-70.61609, 19.37477], [-70.61597, 19.37401], [-70.61275, 19.37524], [-70.61123, 19.37745], [-70.61068, 19.37726], [-70.61043, 19.37545], [-70.60852, 19.37518]]]}}, {"type": "Feature", "properties": {"COD_PROV": "14", "PROVINCIA": "MARÍA TRINIDAD SÁNCHEZ", "NOMBRE": "María Trinidad Sánchez", "N_MUNICIPIOS": 4}, "geometry": {"type": "Polygon", "coordinates": [[[-69.98899, 19.68047], [-69.98693, 19.68163], [-69.98479, 19.68161], [-69.98435, 19.68259], [-69.98285, 19.68222], [-69.98188, 19.68288], [-69.97818, 19.68261], [-69.9771, 19.68063], [-69.97533, 19.68002], [-69.97284, 19.67997], [-69.97025, 19.68154], [-69.96879, 19.68156], [-69.96831, 19.68102], [-69.96717, 19.6816], [-69.96599, 19.67974], [-69.96345, 19.67981], [-69.96217, 19.68049], [-69.96187, 19.67975], [-69.96081, 19.67996], [-69.95887, 19.67802], [-69.95502, 19.67694], [-69.95405, 19.67506], [-69.95283, 19.67426], [-69.94914, 19.67436], [-69.94797, 19.67528], [-69.94608, 19.6749], [-69.9444, 19.67311], [-69.94176, 19.6677], [-69.93795, 19.66747], [-69.93605, 19.66679], [-69.93501, 19.66561], [-69.93426, 19.66301], [-69.93602, 19.66079], [-69.93424, 19.65982], [-69.93405, 19.65899], [-69.93508, 19.65815], [-69.93478, 19.65733], [-69.93266, 19.6558], [-69.9311, 19.65359], [-69.92778, 19.65191], [-69.92187, 19.65537], [-69.92069, 19.65477], [-69.92052, 19.65385], [-69.91986, 19.65328], [-69.91859, 19.65308], [-69.91809, 19.65144], [-69.91679, 19.65105], [-69.91629, 19.64973], [-69.91494, 19.64849], [-69.91342, 19.6486], [-69.91205, 19.64981], [-69.91089, 19.64896], [-69.90997, 19.64742], [-69.90709, 19.64893], [-69.90518, 19.64799], [-69.90254, 19.64823], [-69.90038, 19.64692], [-69.89926, 19.64542], [-69.89818, 19.64043], [-69.89685, 19.63889], [-69.89656, 19.63691], [-69.89328, 19.6336], [-69.89342, 19.63251], [-69.89258, 19.62952], [-69.89126, 19.62783], [-69.89131, 19.62538], [-69.8888, 19.62358], [-69.88894, 19.62212], [-69.88621, 19.61798], [-69.88593, 19.61678], [-69.88634, 19.61535], [-69.88458, 19.61196], [-69.88507, 19.60936], [-69.88444, 19.60814], [-69.88458, 19.60637], [-69.88403, 19.60586], [-69.88453, 19.60265], [-69.88533, 19.60137], [-69.88503, 19.60054], [-69.88683, 19.59548], [-69.88911, 19.59241], [-69.89154, 19.59031], [-69.89428, 19.5853], [-69.8951, 19.57761], [-69.89593, 19.5778], [-69.89848, 19.58084], [-69.89929, 19.58027], [-69.89629, 19.57617], [-69.89534, 19.57415], [-69.89506, 19.57147], [-69.89657, 19.56772], [-69.8953, 19.56664], [-69.89499, 19.56513], [-69.89717, 19.561], [-69.89909, 19.55959], [-69.89912, 19.5581], [-69.89763, 19.5576], [-69.89733, 19.55694], [-69.89772, 19.55572], [-69.90138, 19.55422], [-69.90053, 19.55317], [-69.90174, 19.55296], [-69.9024, 19.55115], [-69.90359, 19.55], [-69.90385, 19.54593], [-69.89943, 19.53613], [-69.8976, 19.53365], [-69.89684, 19.53063], [-69.89577, 19.52906], [-69.89469, 19.52904], [-69.89379, 19.52964], [-69.89139, 19.52614], [-69.88995, 19.52552], [-69.88975, 19.52509], [-69.89072, 19.52398], [-69.88925, 19.52344], [-69.88854, 19.52256], [-69.88853, 19.52028], [-69.8843, 19.51752], [-69.88089, 19.51782], [-69.8786, 19.51677], [-69.87758, 19.51701], [-69.8738, 19.51341], [-69.87363, 19.51196], [-69.87205, 19.5116], [-69.86852, 19.50854], [-69.86919, 19.50669], [-69.8726, 19.5016], [-69.87236, 19.49971], [-69.8712, 19.49731], [-69.87279, 19.48747], [-69.87302, 19.48004], [-69.8711, 19.47637], [-69.87115, 19.47555], [-69.87344, 19.47111], [-69.87283, 19.46815], [-69.87332, 19.4644], [-69.87236, 19.46268], [-69.87223, 19.46141], [-69.87477, 19.45925], [-69.87563, 19.45552], [-69.87455, 19.4485], [-69.8676, 19.43084], [-69.86082, 19.41615], [-69.85656, 19.40978], [-69.85612, 19.40815], [-69.85343, 19.4052], [-69.85095, 19.40097], [-69.84955, 19.39955], [-69.84636, 19.39355], [-69.84677, 19.39063], [-69.84615, 19.3819], [-69.84175, 19.37089], [-69.84019, 19.36916], [-69.83839, 19.36916], [-69.83738, 19.36769], [-69.83527, 19.36594], [-69.83434, 19.36568], [-69.83163, 19.36325], [-69.82976, 19.36254], [-69.82911, 19.36075], [-69.82657, 19.35898], [-69.82407, 19.35485], [-69.82232, 19.35389], [-69.82007, 19.35375], [-69.81766, 19.35205], [-69.81578, 19.35166], [-69.81483, 19.34951], [-69.81486, 19.34496], [-69.81438, 19.34208], [-69.81252, 19.33989], [-69.80795, 19.33727], [-69.80653, 19.3369], [-69.8058, 19.33614], [-69.80592, 19.33254], [-69.80416, 19.32951], [-69.79861, 19.32381], [-69.79831, 19.32278], [-69.79352, 19.31649], [-69.78784, 19.31068], [-69.77365, 19.29898], [-69.76595, 19.29449], [-69.7484, 19.28538], [-69.74746, 19.28202], [-69.74534, 19.28208], [-69.74452, 19.28149], [-69.74383, 19.27986], [-69.74521, 19.27704], [-69.74751, 19.27625], [-69.75147, 19.27813], [-69.75556, 19.27934], [-69.75948, 19.2795], [-69.76103, 19.2802], [-69.76194, 19.28134], [-69.76516, 19.28291], [-69.76875, 19.28253], [-69.77067, 19.28149], [-69.77165, 19.28025], [-69.77172, 19.27695], [-69.77098, 19.27583], [-69.76989, 19.27513], [-69.76284, 19.2738], [-69.7608, 19.27201], [-69.7601, 19.27078], [-69.75971, 19.26945], [-69.76001, 19.26817], [-69.76196, 19.26404], [-69.76227, 19.26196], [-69.76234, 19.25935], [-69.76125, 19.25783], [-69.75091, 19.26028], [-69.74578, 19.26243], [-69.74862, 19.25518], [-69.74933, 19.23087], [-69.75016, 19.22349], [-69.75669, 19.22293], [-69.76144, 19.22352], [-69.76556, 19.22102], [-69.77194, 19.21886], [-69.77446, 19.21407], [-69.77497, 19.21158], [-69.77576, 19.21019], [-69.77883, 19.20761], [-69.77913, 19.20562], [-69.77797, 19.20389], [-69.7792, 19.20207], [-69.78133, 19.20219], [-69.78438, 19.20385], [-69.78593, 19.20371], [-69.78686, 19.20474], [-69.78758, 19.20757], [-69.78865, 19.20818], [-69.79448, 19.20568], [-69.8065, 19.21735], [-69.81063, 19.21965], [-69.8198, 19.22626], [-69.82362, 19.2296], [-69.8344, 19.23038], [-69.84084, 19.22908], [-69.84502, 19.23044], [-69.84828, 19.23094], [-69.85338, 19.23419], [-69.85863, 19.23877], [-69.86508, 19.23855], [-69.86894, 19.23738], [-69.87222, 19.23559], [-69.88054, 19.23549], [-69.88523, 19.23283], [-69.89018, 19.23365], [-69.89295, 19.23693], [-69.89717, 19.24373], [-69.89911, 19.2451], [-69.90014, 19.24493], [-69.9025, 19.24336], [-69.90394, 19.24406], [-69.90794, 19.24316], [-69.90983, 19.24429], [-69.91335, 19.24488], [-69.91431, 19.24559], [-69.91709, 19.24933], [-69.91564, 19.24975], [-69.9133, 19.25147], [-69.91437, 19.25319], [-69.91642, 19.25356], [-69.91573, 19.25447], [-69.91592, 19.25514], [-69.9181, 19.25831], [-69.91857, 19.25872], [-69.92088, 19.25847], [-69.92138, 19.26033], [-69.92223, 19.26033], [-69.92306, 19.25845], [-69.92419, 19.25878], [-69.92559, 19.25764], [-69.92685, 19.25817], [-69.92671, 19.2568], [-69.92916, 19.25616], [-69.93035, 19.25475], [-69.9314, 19.25427], [-69.93259, 19.25227], [-69.93451, 19.25251], [-69.93485, 19.251], [-69.93626, 19.25133], [-69.93698, 19.25235], [-69.93768, 19.25245], [-69.94062, 19.25145], [-69.94223, 19.25342], [-69.94457, 19.25367], [-69.94737, 19.25534], [-69.95008, 19.25526], [-69.95466, 19.25814], [-69.95559, 19.25962], [-69.95994, 19.26289], [-69.96233, 19.26631], [-69.96331, 19.26698], [-69.9643, 19.26865], [-69.9643, 19.27078], [-69.96507, 19.27164], [-69.97268, 19.27164], [-69.97364, 19.27003], [-69.97757, 19.26926], [-69.98045, 19.27057], [-69.98271, 19.26991], [-69.98427, 19.27017], [-69.98763, 19.27302], [-69.99013, 19.27302], [-69.99165, 19.27221], [-69.9973, 19.27268], [-69.99914, 19.27202], [-70.00038, 19.27007], [-70.0017, 19.26946], [-70.00287, 19.27008], [-70.00289, 19.2709], [-70.00108, 19.27404], [-70.00121, 19.27495], [-70.00166, 19.2751], [-70.00483, 19.27439], [-70.00633, 19.27588], [-70.00824, 19.27626], [-70.0119, 19.27457], [-70.01445, 19.27475], [-70.01651, 19.2742], [-70.0172, 19.27455], [-70.01809, 19.27749], [-70.01907, 19.279], [-70.02195, 19.2801], [-70.02156, 19.28339], [-70.0205, 19.28689], [-70.01982, 19.28827], [-70.01587, 19.29234], [-70.01511, 19.29461], [-70.01528, 19.29689], [-70.01447, 19.30039], [-70.01785, 19.30663], [-70.01837, 19.31094], [-70.01744, 19.31375], [-70.01757, 19.31565], [-70.015, 19.31916], [-70.01574, 19.32119], [-70.01921, 19.32248], [-70.02201, 19.3228], [-70.02572, 19.32297], [-70.02813, 19.32232], [-70.0307, 19.32231], [-70.03253, 19.32284], [-70.03454, 19.32424], [-70.04107, 19.32527], [-70.0465, 19.32911], [-70.05245, 19.33221], [-70.05441, 19.33233], [-70.06116, 19.33461], [-70.06338, 19.33462], [-70.06636, 19.33545], [-70.07338, 19.33895], [-70.08182, 19.34229], [-70.08817, 19.34379], [-70.09176, 19.34407], [-70.09741, 19.34584], [-70.10363, 19.35263], [-70.10229, 19.35592], [-70.09699, 19.3631], [-70.09567, 19.36738], [-70.09353, 19.3701], [-70.0904, 19.37194], [-70.08943, 19.37337], [-70.08949, 19.37519], [-70.09091, 19.3774], [-70.09023, 19.38123], [-70.09052, 19.38243], [-70.08927, 19.38506], [-70.08647, 19.38659], [-70.0856, 19.3885], [-70.08538, 19.3913], [-70.08376, 19.39367], [-70.08017, 19.39622], [-70.07952, 19.39738], [-70.08052, 19.40031], [-70.07917, 19.40103], [-70.08077, 19.40218], [-70.08035, 19.40271], [-70.08041, 19.404], [-70.07855, 19.40721], [-70.07683, 19.40824], [-70.0759, 19.41029], [-70.0768, 19.41176], [-70.07916, 19.41352], [-70.07963, 19.41467], [-70.07974, 19.41623], [-70.07919, 19.41814], [-70.07955, 19.42294], [-70.07886, 19.42485], [-70.07976, 19.42743], [-70.07865, 19.42917], [-70.08022, 19.43262], [-70.08201, 19.43306], [-70.08588, 19.43068], [-70.0884, 19.43044], [-70.09028, 19.43079], [-70.09531, 19.43378], [-70.09967, 19.43406], [-70.1021, 19.43329], [-70.10456, 19.43617], [-70.10765, 19.43677], [-70.10901, 19.43609], [-70.11023, 19.43675], [-70.11187, 19.43683], [-70.11435, 19.43606], [-70.11306, 19.43322], [-70.11334, 19.43287], [-70.11713, 19.4324], [-70.11788, 19.43186], [-70.11829, 19.43035], [-70.11753, 19.42818], [-70.1186, 19.42804], [-70.12288, 19.42948], [-70.12489, 19.42929], [-70.1254, 19.42884], [-70.12611, 19.43098], [-70.12533, 19.43278], [-70.12597, 19.43435], [-70.12607, 19.43771], [-70.1242, 19.44049], [-70.12516, 19.44288], [-70.12415, 19.44476], [-70.12385, 19.44663], [-70.12679, 19.44968], [-70.12688, 19.45102], [-70.1299, 19.45376], [-70.13253, 19.45981], [-70.13246, 19.46108], [-70.13153, 19.46236], [-70.12847, 19.46455], [-70.12793, 19.46612], [-70.12922, 19.4703], [-70.12829, 19.47345], [-70.12988, 19.47463], [-70.13147, 19.47679], [-70.13188, 19.47926], [-70.13118, 19.48106], [-70.13017, 19.48203], [-70.13041, 19.48368], [-70.13532, 19.48618], [-70.13713, 19.48806], [-70.13691, 19.49462], [-70.13614, 19.49934], [-70.13665, 19.50418], [-70.13817, 19.50812], [-70.13985, 19.50941], [-70.14128, 19.50987], [-70.14697, 19.50958], [-70.15115, 19.51133], [-70.15244, 19.51033], [-70.15334, 19.51079], [-70.15521, 19.50979], [-70.15856, 19.50966], [-70.16365, 19.51267], [-70.16907, 19.51402], [-70.17711, 19.51529], [-70.18653, 19.51578], [-70.19079, 19.51684], [-70.1967, 19.51712], [-70.19751, 19.51989], [-70.1978, 19.52317], [-70.19771, 19.52725], [-70.19693, 19.52956], [-70.19706, 19.53469], [-70.19818, 19.53807], [-70.19859, 19.54651], [-70.20119, 19.55033], [-70.20174, 19.5521], [-70.20139, 19.55322], [-70.19839, 19.55524], [-70.19772, 19.55758], [-70.19173, 19.55451], [-70.18791, 19.55387], [-70.18544, 19.55418], [-70.18059, 19.55331], [-70.17878, 19.55236], [-70.17832, 19.55164], [-70.17225, 19.55218], [-70.16919, 19.55521], [-70.16719, 19.5556], [-70.16418, 19.5549], [-70.16346, 19.5565], [-70.16298, 19.55655], [-70.16175, 19.5551], [-70.16215, 19.5533], [-70.15851, 19.55199], [-70.15789, 19.55049], [-70.15687, 19.55067], [-70.15369, 19.55533], [-70.15279, 19.5548], [-70.15151, 19.55507], [-70.15025, 19.55614], [-70.14278, 19.55685], [-70.14102, 19.5557], [-70.13958, 19.55565], [-70.13698, 19.55695], [-70.13606, 19.55992], [-70.13409, 19.56038], [-70.13166, 19.56262], [-70.12767, 19.56191], [-70.12497, 19.56497], [-70.12653, 19.56669], [-70.1262, 19.56861], [-70.12269, 19.56829], [-70.12166, 19.56902], [-70.12155, 19.56995], [-70.12231, 19.5714], [-70.12201, 19.57351], [-70.12121, 19.57359], [-70.11993, 19.57228], [-70.11794, 19.57342], [-70.11539, 19.57374], [-70.11516, 19.57555], [-70.11433, 19.5761], [-70.11446, 19.57715], [-70.11395, 19.57779], [-70.11079, 19.57668], [-70.10877, 19.57941], [-70.10694, 19.57825], [-70.1058, 19.57928], [-70.10498, 19.57914], [-70.1046, 19.57994], [-70.10421, 19.57998], [-70.10409, 19.57904], [-70.10344, 19.57901], [-70.1006, 19.58328], [-70.10013, 19.58199], [-70.0989, 19.58115], [-70.09546, 19.58216], [-70.09426, 19.5816], [-70.09453, 19.58337], [-70.09343, 19.58431], [-70.09341, 19.58573], [-70.09259, 19.58588], [-70.09097, 19.58458], [-70.08871, 19.58602], [-70.08714, 19.58599], [-70.08664, 19.58671], [-70.08782, 19.58835], [-70.08906, 19.58898], [-70.08901, 19.58983], [-70.0879, 19.59079], [-70.0866, 19.59027], [-70.08602, 19.59426], [-70.08646, 19.59452], [-70.08853, 19.59403], [-70.0886, 19.59589], [-70.08833, 19.59711], [-70.08699, 19.59823], [-70.08735, 19.60056], [-70.08394, 19.60136], [-70.08359, 19.60331], [-70.0845, 19.60658], [-70.08775, 19.61095], [-70.08733, 19.61145], [-70.08641, 19.61142], [-70.08355, 19.61056], [-70.08302, 19.61159], [-70.08596, 19.61375], [-70.08573, 19.61575], [-70.08641, 19.61792], [-70.08755, 19.6189], [-70.08758, 19.61977], [-70.08575, 19.6217], [-70.08568, 19.62333], [-70.0852, 19.62342], [-70.08343, 19.62202], [-70.08285, 19.62233], [-70.08405, 19.62539], [-70.08196, 19.62686], [-70.08182, 19.62745], [-70.08304, 19.6312], [-70.08266, 19.63489], [-70.08418, 19.63565], [-70.08507, 19.63427], [-70.0858, 19.63408], [-70.08734, 19.63546], [-70.08266, 19.63971], [-70.08221, 19.64148], [-70.08122, 19.64255], [-70.0822, 19.6439], [-70.0814, 19.64532], [-70.0814, 19.64631], [-70.07918, 19.64826], [-70.08009, 19.64929], [-70.07818, 19.651], [-70.07737, 19.65113], [-70.07694, 19.65062], [-70.07631, 19.6513], [-70.07754, 19.65199], [-70.07725, 19.65348], [-70.07492, 19.65517], [-70.07357, 19.65418], [-70.07321, 19.65445], [-70.07389, 19.65522], [-70.07369, 19.65619], [-70.07232, 19.65539], [-70.07167, 19.65561], [-70.07189, 19.65708], [-70.07077, 19.65735], [-70.07064, 19.65807], [-70.07121, 19.65869], [-70.07095, 19.66031], [-70.0706, 19.66095], [-70.06915, 19.66109], [-70.06914, 19.66381], [-70.06732, 19.66414], [-70.06497, 19.6675], [-70.0633, 19.66841], [-70.06331, 19.66888], [-70.06106, 19.66988], [-70.06044, 19.67112], [-70.05945, 19.67125], [-70.0586, 19.67233], [-70.05756, 19.67267], [-70.05323, 19.6727], [-70.04911, 19.67332], [-70.04852, 19.67391], [-70.04776, 19.67657], [-70.04593, 19.67795], [-70.04394, 19.67759], [-70.04286, 19.67569], [-70.04031, 19.67556], [-70.03871, 19.67692], [-70.03669, 19.67648], [-70.03504, 19.67767], [-70.03302, 19.67805], [-70.03123, 19.67682], [-70.02898, 19.67664], [-70.02947, 19.67511], [-70.0288, 19.67481], [-70.0273, 19.67784], [-70.02533, 19.67896], [-70.02446, 19.68061], [-70.02389, 19.68049], [-70.02335, 19.67818], [-70.02288, 19.67823], [-70.02241, 19.68065], [-70.02185, 19.68137], [-70.01732, 19.68114], [-70.01637, 19.6789], [-70.01253, 19.67823], [-70.00674, 19.67851], [-70.00544, 19.67921], [-70.005, 19.68045], [-70.00425, 19.68055], [-70.00329, 19.67933], [-70.00089, 19.67856], [-69.99917, 19.67811], [-69.99541, 19.67811], [-69.99414, 19.67843], [-69.992, 19.68049], [-69.99159, 19.68302], [-69.99119, 19.68318], [-69.98942, 19.68298], [-69.98899, 19.68047]]]}}, {"type": "Feature", "properties": {"COD_PROV": "15", "PROVINCIA": "MONTE CRISTI", "NOMBRE": "Monte Cristi", "N_MUNICIPIOS": 6}, "geometry": {"type": "MultiPolygon", "coordinates": [[[[-71.75497, 19.82121], [-71.7558, 19.81921], [-71.75751, 19.81831], [-71.75841, 19.81931], [-71.76043, 19.81985], [-71.75995, 19.821], [-71.75803, 19.82064], [-71.75778, 19.82186], [-71.75605, 19.82268], [-71.75513, 19.82217], [-71.75497, 19.82121]]], [[[-71.7942, 19.8304], [-71.79315, 19.82897], [-71.79434, 19.82842], [-71.7945, 19.82765], [-71.79274, 19.82685], [-71.7915, 19.82487], [-71.7932, 19.82459], [-71.79466, 19.8257], [-71.79945, 19.8266], [-71.79989, 19.82754], [-71.79952, 19.82842], [-71.79795, 19.82869], [-71.79648, 19.83029], [-71.7953, 19.82992], [-71.7942, 19.8304]]], [[[-71.27432, 19.83768], [-71.27515, 19.8372], [-71.27601, 19.83923], [-71.27476, 19.83956], [-71.27401, 19.83918], [-71.27432, 19.83768]]], [[[-71.272, 19.84432], [-71.27284, 19.84454], [-71.27285, 19.84556], [-71.2712, 19.84598], [-71.272, 19.84432]]], [[[-71.28456, 19.84416], [-71.28671, 19.84389], [-71.28699, 19.84546], [-71.28525, 19.84643], [-71.28358, 19.84582], [-71.28456, 19.84416]]], [[[-71.2639, 19.84764], [-71.26498, 19.84732], [-71.26557, 19.8481], [-71.2655, 19.84904], [-71.26409, 19.84898], [-71.2639, 19.84764]]], [[[-71.30524, 19.86865], [-71.30779, 19.86844], [-71.30824, 19.86932], [-71.30646, 19.87099], [-71.30527, 19.87101], [-71.30439, 19.87031], [-71.30438, 19.86954], [-71.30524, 19.86865]]], [[[-71.8133, 19.86396], [-71.81211, 19.86301], [-71.81052, 19.86339], [-71.80993, 19.86114], [-71.81231, 19.85966], [-71.81361, 19.85952], [-71.81463, 19.86034], [-71.81422, 19.86123], [-71.81501, 19.86205], [-71.81398, 19.86348], [-71.8133, 19.86396]]], [[[-71.83262, 19.86167], [-71.82478, 19.85606], [-71.81936, 19.85755], [-71.81771, 19.85727], [-71.81694, 19.85567], [-71.81696, 19.85411], [-71.81513, 19.85313], [-71.8121, 19.85338], [-71.81049, 19.85233], [-71.81063, 19.85114], [-71.81278, 19.85137], [-71.81376, 19.85069], [-71.81303, 19.84975], [-71.81047, 19.84822], [-71.80954, 19.84693], [-71.80988, 19.84491], [-71.81195, 19.84472], [-71.81402, 19.84536], [-71.81867, 19.85111], [-71.82081, 19.85209], [-71.82294, 19.8518], [-71.82648, 19.85039], [-71.83007, 19.85179], [-71.83402, 19.85228], [-71.83456, 19.85303], [-71.83443, 19.85459], [-71.83363, 19.85484], [-71.83121, 19.85333], [-71.82518, 19.85207], [-71.82594, 19.85289], [-71.82996, 19.85481], [-71.83101, 19.85716], [-71.83271, 19.85683], [-71.83481, 19.85737], [-71.837, 19.86125], [-71.83655, 19.86337], [-71.83497, 19.8641], [-71.83374, 19.86367], [-71.83262, 19.86167]]], [[[-71.76515, 19.86127], [-71.768, 19.8616], [-71.76927, 19.86417], [-71.769, 19.86574], [-71.76754, 19.86635], [-71.76525, 19.86398], [-71.76458, 19.86258], [-71.76515, 19.86127]]], [[[-71.67417, 19.86604], [-71.67507, 19.8658], [-71.67632, 19.86677], [-71.67611, 19.8685], [-71.6751, 19.87036], [-71.67344, 19.87021], [-71.67325, 19.86892], [-71.67429, 19.86768], [-71.67417, 19.86604]]], [[[-71.32704, 19.87709], [-71.33015, 19.87566], [-71.33264, 19.87596], [-71.33275, 19.87649], [-71.33203, 19.87733], [-71.32974, 19.87699], [-71.32761, 19.87762], [-71.32704, 19.87709]]], [[[-71.30148, 19.87859], [-71.2998, 19.87803], [-71.2982, 19.87559], [-71.29558, 19.87558], [-71.29425, 19.87351], [-71.29435, 19.87282], [-71.29686, 19.87124], [-71.29878, 19.87207], [-71.3006, 19.87221], [-71.30394, 19.87518], [-71.30542, 19.87562], [-71.30985, 19.87454], [-71.3112, 19.87529], [-71.31405, 19.87542], [-71.31261, 19.87727], [-71.31098, 19.878], [-71.30148, 19.87859]]], [[[-71.32039, 19.88004], [-71.31772, 19.88014], [-71.31768, 19.87938], [-71.31694, 19.87915], [-71.31686, 19.87856], [-71.31776, 19.87785], [-71.32234, 19.87895], [-71.32454, 19.87852], [-71.3256, 19.87901], [-71.32568, 19.87954], [-71.3234, 19.87976], [-71.3216, 19.88118], [-71.32047, 19.8811], [-71.32039, 19.88004]]], [[[-71.32903, 19.87876], [-71.3321, 19.87972], [-71.33228, 19.88028], [-71.331, 19.88146], [-71.32883, 19.88135], [-71.32772, 19.88024], [-71.32903, 19.87876]]], [[[-71.32347, 19.88192], [-71.32646, 19.88049], [-71.32784, 19.8812], [-71.32747, 19.8823], [-71.32426, 19.8833], [-71.3237, 19.88321], [-71.32347, 19.88192]]], [[[-71.83588, 19.87367], [-71.83529, 19.8722], [-71.83555, 19.87024], [-71.83612, 19.86995], [-71.83497, 19.86796], [-71.83511, 19.86594], [-71.83874, 19.86111], [-71.8397, 19.8611], [-71.84041, 19.86209], [-71.83969, 19.86336], [-71.83995, 19.86434], [-71.83828, 19.86618], [-71.83824, 19.86704], [-71.83873, 19.86768], [-71.84216, 19.86824], [-71.8434, 19.86928], [-71.844, 19.87018], [-71.84402, 19.8722], [-71.84265, 19.87285], [-71.83991, 19.87294], [-71.84051, 19.87481], [-71.84153, 19.87582], [-71.84089, 19.87676], [-71.83812, 19.87585], [-71.83588, 19.87367]]], [[[-71.32717, 19.88343], [-71.32914, 19.8839], [-71.32965, 19.88519], [-71.32843, 19.88534], [-71.32666, 19.88437], [-71.32717, 19.88343]]], [[[-71.34196, 19.88487], [-71.3466, 19.8848], [-71.34708, 19.88563], [-71.34604, 19.88652], [-71.3451, 19.88654], [-71.34259, 19.88562], [-71.34196, 19.88487]]], [[[-71.8156, 19.87251], [-71.81639, 19.8723], [-71.81833, 19.87332], [-71.82038, 19.87506], [-71.82153, 19.87675], [-71.82172, 19.87876], [-71.81993, 19.87975], [-71.8174, 19.87865], [-71.81544, 19.87574], [-71.8156, 19.87251]]], [[[-71.41473, 19.88061], [-71.41358, 19.87851], [-71.41415, 19.87681], [-71.41444, 19.87699], [-71.41497, 19.87624], [-71.4158, 19.87682], [-71.41774, 19.87685], [-71.41915, 19.87803], [-71.4202, 19.87792], [-71.42115, 19.87942], [-71.42234, 19.87911], [-71.42396, 19.88089], [-71.42817, 19.88272], [-71.42835, 19.8857], [-71.42775, 19.88675], [-71.42678, 19.88694], [-71.42342, 19.88647], [-71.42017, 19.88437], [-71.41918, 19.88292], [-71.41582, 19.88155], [-71.41473, 19.88061]]], [[[-71.78382, 19.88213], [-71.78663, 19.88128], [-71.78766, 19.88247], [-71.78796, 19.88443], [-71.78751, 19.8858], [-71.78591, 19.88673], [-71.78363, 19.88631], [-71.78322, 19.8839], [-71.78382, 19.88213]]], [[[-71.66542, 19.88949], [-71.66694, 19.88487], [-71.67014, 19.88545], [-71.67063, 19.88641], [-71.6703, 19.88998], [-71.66959, 19.89064], [-71.66728, 19.89086], [-71.66542, 19.88949]]], [[[-71.35848, 19.89722], [-71.35391, 19.89574], [-71.34967, 19.89586], [-71.34565, 19.89432], [-71.34366, 19.8944], [-71.34209, 19.89377], [-71.34095, 19.89267], [-71.34049, 19.89126], [-71.34092, 19.89054], [-71.34485, 19.89079], [-71.34846, 19.89003], [-71.34927, 19.89032], [-71.34934, 19.89079], [-71.34712, 19.89194], [-71.34676, 19.89324], [-71.34833, 19.89375], [-71.35093, 19.89236], [-71.35161, 19.89241], [-71.35271, 19.89481], [-71.35346, 19.89474], [-71.35318, 19.89274], [-71.35436, 19.89284], [-71.35613, 19.894], [-71.35882, 19.8945], [-71.35962, 19.89407], [-71.3586, 19.89273], [-71.35878, 19.89208], [-71.36047, 19.89223], [-71.36237, 19.89427], [-71.36276, 19.89545], [-71.36227, 19.89634], [-71.3611, 19.89688], [-71.35848, 19.89722]]], [[[-71.80843, 19.89176], [-71.81095, 19.88986], [-71.81218, 19.88989], [-71.81338, 19.89194], [-71.81527, 19.89317], [-71.81632, 19.89531], [-71.81577, 19.89759], [-71.81398, 19.89847], [-71.81201, 19.89871], [-71.81032, 19.89786], [-71.80807, 19.8957], [-71.80761, 19.89384], [-71.80843, 19.89176]]], [[[-71.62386, 19.90458], [-71.6199, 19.90472], [-71.6196, 19.90389], [-71.62399, 19.90381], [-71.62386, 19.90458]]], [[[-71.44698, 19.90608], [-71.44435, 19.90642], [-71.43348, 19.90184], [-71.43153, 19.90217], [-71.43054, 19.9018], [-71.43001, 19.89926], [-71.4278, 19.89455], [-71.4265, 19.89389], [-71.42404, 19.89107], [-71.42423, 19.88836], [-71.42534, 19.88742], [-71.42835, 19.88797], [-71.42853, 19.88706], [-71.42957, 19.88658], [-71.43104, 19.88762], [-71.43069, 19.89069], [-71.4318, 19.89279], [-71.43124, 19.89406], [-71.43187, 19.89648], [-71.43491, 19.89879], [-71.43908, 19.9001], [-71.44025, 19.90196], [-71.44361, 19.9027], [-71.44564, 19.90213], [-71.44665, 19.90245], [-71.44675, 19.9039], [-71.44767, 19.90473], [-71.4508, 19.90503], [-71.45554, 19.90343], [-71.45684, 19.90723], [-71.45634, 19.90834], [-71.45408, 19.9088], [-71.44857, 19.90762], [-71.44698, 19.90608]]], [[[-71.63067, 19.90638], [-71.62659, 19.90614], [-71.62683, 19.90496], [-71.62577, 19.90437], [-71.62596, 19.90342], [-71.63096, 19.90431], [-71.63186, 19.90484], [-71.63194, 19.90536], [-71.63067, 19.90638]]], [[[-71.60871, 19.90669], [-71.60976, 19.90673], [-71.60976, 19.9078], [-71.60833, 19.90868], [-71.60764, 19.90814], [-71.60871, 19.90669]]], [[[-71.58894, 19.90961], [-71.58993, 19.90965], [-71.59009, 19.91038], [-71.58906, 19.9107], [-71.58867, 19.91022], [-71.58894, 19.90961]]], [[[-71.6109, 19.91027], [-71.61191, 19.90879], [-71.61307, 19.90897], [-71.61263, 19.91052], [-71.61211, 19.91077], [-71.6109, 19.91027]]], [[[-71.53743, 19.91208], [-71.53393, 19.9092], [-71.53018, 19.90885], [-71.52745, 19.90916], [-71.52542, 19.9081], [-71.52211, 19.90821], [-71.51517, 19.9062], [-71.51165, 19.90666], [-71.50161, 19.90537], [-71.49852, 19.90602], [-71.49668, 19.90937], [-71.48806, 19.90989], [-71.48511, 19.90728], [-71.47883, 19.90375], [-71.46778, 19.90088], [-71.46402, 19.8979], [-71.46146, 19.89757], [-71.45578, 19.89451], [-71.45227, 19.8946], [-71.45022, 19.89414], [-71.44944, 19.8931], [-71.44962, 19.89144], [-71.44069, 19.88648], [-71.44002, 19.88468], [-71.43871, 19.883], [-71.43691, 19.8823], [-71.43473, 19.8823], [-71.43139, 19.88088], [-71.42907, 19.88101], [-71.42504, 19.87953], [-71.41828, 19.87613], [-71.41542, 19.87596], [-71.41364, 19.87442], [-71.41236, 19.8744], [-71.4116, 19.87499], [-71.40877, 19.87375], [-71.4085, 19.87297], [-71.40721, 19.87202], [-71.40247, 19.87178], [-71.40137, 19.86865], [-71.4019, 19.86792], [-71.40331, 19.86811], [-71.40362, 19.86719], [-71.40275, 19.86657], [-71.39936, 19.86862], [-71.39767, 19.86867], [-71.39597, 19.86464], [-71.39379, 19.86578], [-71.39178, 19.86461], [-71.38927, 19.86494], [-71.3824, 19.86166], [-71.37898, 19.85774], [-71.37814, 19.85735], [-71.37509, 19.85719], [-71.37392, 19.85622], [-71.37205, 19.85684], [-71.36949, 19.85612], [-71.36767, 19.85624], [-71.36727, 19.85569], [-71.36565, 19.85617], [-71.36411, 19.85601], [-71.36287, 19.8551], [-71.35178, 19.85254], [-71.34898, 19.85131], [-71.34694, 19.84952], [-71.34606, 19.84929], [-71.34262, 19.85036], [-71.34117, 19.84977], [-71.34002, 19.84985], [-71.33936, 19.84911], [-71.33685, 19.84928], [-71.33539, 19.84828], [-71.33446, 19.84849], [-71.33308, 19.8479], [-71.3308, 19.84902], [-71.32869, 19.84762], [-71.32459, 19.84774], [-71.32431, 19.84935], [-71.32323, 19.84935], [-71.31962, 19.84739], [-71.31724, 19.84715], [-71.31732, 19.84776], [-71.3151, 19.84854], [-71.31414, 19.84679], [-71.31219, 19.84678], [-71.31261, 19.84886], [-71.31131, 19.84919], [-71.30993, 19.84832], [-71.30743, 19.84821], [-71.30537, 19.84752], [-71.2987, 19.84725], [-71.29701, 19.84486], [-71.29498, 19.84472], [-71.29341, 19.84374], [-71.29337, 19.84451], [-71.29485, 19.84524], [-71.29457, 19.84606], [-71.29167, 19.84609], [-71.29057, 19.84482], [-71.28886, 19.84435], [-71.28882, 19.84261], [-71.28922, 19.84196], [-71.29185, 19.84306], [-71.29168, 19.84211], [-71.29006, 19.84142], [-71.28986, 19.83983], [-71.28749, 19.83953], [-71.2866, 19.8384], [-71.28627, 19.83913], [-71.28538, 19.83914], [-71.28404, 19.83746], [-71.28273, 19.83835], [-71.28258, 19.83703], [-71.28152, 19.83733], [-71.28145, 19.83651], [-71.28268, 19.83449], [-71.27941, 19.83372], [-71.27797, 19.83481], [-71.27705, 19.83353], [-71.27651, 19.8343], [-71.27737, 19.83495], [-71.27743, 19.83561], [-71.27681, 19.83614], [-71.27578, 19.83605], [-71.273, 19.83275], [-71.26987, 19.83271], [-71.26844, 19.83194], [-71.269, 19.83074], [-71.27016, 19.83104], [-71.27057, 19.83049], [-71.27006, 19.82923], [-71.26842, 19.83037], [-71.26825, 19.83206], [-71.2676, 19.83207], [-71.26727, 19.83118], [-71.2655, 19.83147], [-71.2657, 19.82979], [-71.27062, 19.82716], [-71.27197, 19.82693], [-71.27231, 19.82759], [-71.27205, 19.829], [-71.2729, 19.82975], [-71.27575, 19.82949], [-71.27574, 19.82847], [-71.27498, 19.82751], [-71.27409, 19.8277], [-71.27308, 19.82899], [-71.2727, 19.82887], [-71.27228, 19.82573], [-71.27283, 19.82457], [-71.27007, 19.82469], [-71.26942, 19.82515], [-71.26866, 19.82746], [-71.26731, 19.82765], [-71.26632, 19.82666], [-71.2661, 19.8273], [-71.26661, 19.8281], [-71.26505, 19.8298], [-71.26486, 19.83228], [-71.26404, 19.83137], [-71.26313, 19.83215], [-71.26177, 19.83262], [-71.261, 19.83223], [-71.2604, 19.83311], [-71.25969, 19.83309], [-71.25948, 19.8305], [-71.25894, 19.8303], [-71.25796, 19.83105], [-71.25673, 19.82959], [-71.25689, 19.82905], [-71.25387, 19.82141], [-71.25149, 19.8183], [-71.25006, 19.81497], [-71.24919, 19.81417], [-71.24781, 19.8131], [-71.2451, 19.81258], [-71.23705, 19.81257], [-71.23604, 19.81218], [-71.23618, 19.81113], [-71.23385, 19.81019], [-71.23373, 19.80855], [-71.235, 19.80596], [-71.23655, 19.80456], [-71.23866, 19.80354], [-71.24128, 19.80357], [-71.24209, 19.80154], [-71.24337, 19.80049], [-71.24291, 19.79906], [-71.24099, 19.79657], [-71.23483, 19.79014], [-71.23185, 19.78892], [-71.22935, 19.7862], [-71.22398, 19.7854], [-71.22265, 19.78413], [-71.22054, 19.78326], [-71.21654, 19.78332], [-71.21248, 19.78077], [-71.209, 19.77774], [-71.20594, 19.77666], [-71.20162, 19.77672], [-71.19793, 19.77313], [-71.19358, 19.77096], [-71.19181, 19.77107], [-71.18904, 19.76952], [-71.18679, 19.76992], [-71.18552, 19.77105], [-71.18415, 19.77116], [-71.18159, 19.77045], [-71.17743, 19.76818], [-71.17546, 19.76774], [-71.15669, 19.76637], [-71.14868, 19.76508], [-71.13401, 19.76378], [-71.13071, 19.76243], [-71.13033, 19.76104], [-71.13102, 19.75911], [-71.1333, 19.75689], [-71.13588, 19.75572], [-71.13874, 19.75691], [-71.1429, 19.75765], [-71.14527, 19.75739], [-71.15126, 19.74739], [-71.15448, 19.74079], [-71.15553, 19.73708], [-71.15563, 19.73393], [-71.15666, 19.72975], [-71.16181, 19.71864], [-71.16215, 19.71478], [-71.16303, 19.71193], [-71.16621, 19.7072], [-71.16501, 19.70483], [-71.16283, 19.70308], [-71.16223, 19.70201], [-71.16133, 19.69797], [-71.16186, 19.69076], [-71.1636, 19.68833], [-71.16384, 19.68702], [-71.16419, 19.68671], [-71.16523, 19.68718], [-71.16579, 19.68679], [-71.16753, 19.68404], [-71.16746, 19.67837], [-71.16797, 19.67723], [-71.16718, 19.67615], [-71.16728, 19.67408], [-71.16656, 19.67324], [-71.16714, 19.67276], [-71.16672, 19.67182], [-71.16703, 19.66978], [-71.16776, 19.66854], [-71.16825, 19.66399], [-71.16799, 19.66009], [-71.16691, 19.65608], [-71.16615, 19.65537], [-71.16471, 19.65552], [-71.16228, 19.6573], [-71.16286, 19.65339], [-71.16248, 19.65035], [-71.16068, 19.64594], [-71.1611, 19.64315], [-71.16373, 19.63645], [-71.16373, 19.63312], [-71.16466, 19.63191], [-71.16522, 19.62911], [-71.16579, 19.62848], [-71.1697, 19.62707], [-71.17382, 19.62893], [-71.17516, 19.62897], [-71.17637, 19.62724], [-71.17681, 19.62729], [-71.17887, 19.63053], [-71.18071, 19.63133], [-71.18369, 19.63122], [-71.18485, 19.6304], [-71.18539, 19.62906], [-71.18485, 19.62611], [-71.18546, 19.62231], [-71.18613, 19.62125], [-71.1884, 19.62096], [-71.18793, 19.61944], [-71.18931, 19.61794], [-71.18827, 19.61716], [-71.18801, 19.61602], [-71.18513, 19.61494], [-71.18405, 19.61298], [-71.18441, 19.61082], [-71.18224, 19.60977], [-71.18195, 19.60713], [-71.18235, 19.60515], [-71.18147, 19.6034], [-71.18157, 19.60043], [-71.18021, 19.59627], [-71.17949, 19.59571], [-71.1797, 19.59456], [-71.17766, 19.59414], [-71.17728, 19.59316], [-71.17327, 19.5905], [-71.17281, 19.58908], [-71.17193, 19.58821], [-71.17273, 19.58768], [-71.17195, 19.58678], [-71.17264, 19.58548], [-71.17191, 19.58434], [-71.17232, 19.57832], [-71.17072, 19.57797], [-71.17061, 19.57724], [-71.17089, 19.57676], [-71.17247, 19.5768], [-71.17255, 19.57515], [-71.17414, 19.57428], [-71.17402, 19.57386], [-71.17187, 19.57355], [-71.17339, 19.5729], [-71.17205, 19.57241], [-71.17166, 19.57131], [-71.1729, 19.5709], [-71.1719, 19.57013], [-71.17273, 19.56914], [-71.17328, 19.57015], [-71.17528, 19.56943], [-71.17647, 19.56973], [-71.17744, 19.56838], [-71.17605, 19.56665], [-71.17481, 19.56134], [-71.17547, 19.56103], [-71.1765, 19.56245], [-71.17689, 19.56228], [-71.17731, 19.55936], [-71.17817, 19.55842], [-71.17675, 19.55592], [-71.17574, 19.55625], [-71.17519, 19.55537], [-71.17594, 19.55522], [-71.17643, 19.55435], [-71.17737, 19.55425], [-71.17849, 19.5558], [-71.17934, 19.55578], [-71.18027, 19.55486], [-71.18099, 19.553], [-71.18287, 19.55304], [-71.18334, 19.54906], [-71.18525, 19.54755], [-71.18532, 19.54608], [-71.18423, 19.54573], [-71.18414, 19.5447], [-71.18515, 19.54423], [-71.18651, 19.54443], [-71.18692, 19.54383], [-71.18809, 19.54374], [-71.18952, 19.54267], [-71.18924, 19.54183], [-71.18676, 19.54254], [-71.18617, 19.54202], [-71.1864, 19.54132], [-71.18752, 19.54089], [-71.18772, 19.54007], [-71.18949, 19.53905], [-71.18927, 19.53731], [-71.18723, 19.53626], [-71.18713, 19.53546], [-71.18953, 19.53458], [-71.18883, 19.53238], [-71.18953, 19.53011], [-71.19884, 19.53523], [-71.20522, 19.53977], [-71.20836, 19.54476], [-71.21029, 19.54604], [-71.21412, 19.54747], [-71.21754, 19.54783], [-71.21943, 19.54724], [-71.22481, 19.53947], [-71.22662, 19.53826], [-71.22748, 19.5364], [-71.22745, 19.53332], [-71.2304, 19.52699], [-71.23326, 19.52399], [-71.2354, 19.5236], [-71.2396, 19.52417], [-71.24081, 19.5246], [-71.24922, 19.53184], [-71.25684, 19.5319], [-71.25958, 19.53122], [-71.26143, 19.53166], [-71.2736, 19.53978], [-71.2791, 19.5447], [-71.28471, 19.54735], [-71.28999, 19.55062], [-71.29328, 19.55097], [-71.29475, 19.5519], [-71.29702, 19.55231], [-71.29642, 19.55439], [-71.29487, 19.55434], [-71.29552, 19.55517], [-71.29955, 19.55773], [-71.30175, 19.55857], [-71.30377, 19.56026], [-71.30867, 19.55951], [-71.31029, 19.5597], [-71.31192, 19.56027], [-71.3134, 19.56147], [-71.31634, 19.56496], [-71.33354, 19.56987], [-71.33364, 19.56657], [-71.33169, 19.56258], [-71.33089, 19.55456], [-71.33377, 19.55013], [-71.33468, 19.54921], [-71.33684, 19.54827], [-71.33895, 19.54852], [-71.34021, 19.54818], [-71.34295, 19.54943], [-71.34526, 19.54954], [-71.34655, 19.55032], [-71.34778, 19.55022], [-71.35045, 19.55151], [-71.35941, 19.55276], [-71.37077, 19.55712], [-71.37317, 19.5563], [-71.37444, 19.55497], [-71.37823, 19.55417], [-71.37916, 19.55309], [-71.3816, 19.55283], [-71.38436, 19.55163], [-71.39116, 19.55406], [-71.39948, 19.55343], [-71.40454, 19.55437], [-71.40562, 19.5553], [-71.40743, 19.55577], [-71.41702, 19.55667], [-71.41708, 19.55409], [-71.41616, 19.55353], [-71.41599, 19.55219], [-71.41512, 19.55125], [-71.41254, 19.55109], [-71.41203, 19.55028], [-71.41507, 19.54833], [-71.41511, 19.54752], [-71.41412, 19.54567], [-71.41445, 19.54418], [-71.41539, 19.54293], [-71.41575, 19.5402], [-71.41696, 19.54037], [-71.41859, 19.5415], [-71.42015, 19.54119], [-71.42094, 19.5431], [-71.4219, 19.54366], [-71.42195, 19.54017], [-71.42119, 19.54027], [-71.42086, 19.53851], [-71.41984, 19.53733], [-71.42084, 19.53688], [-71.4209, 19.53449], [-71.4219, 19.53367], [-71.42847, 19.53606], [-71.43153, 19.53851], [-71.43281, 19.54023], [-71.43371, 19.54268], [-71.43842, 19.54785], [-71.4429, 19.5488], [-71.44814, 19.54822], [-71.45332, 19.5501], [-71.45741, 19.55956], [-71.46014, 19.56131], [-71.46194, 19.56202], [-71.47004, 19.56278], [-71.47382, 19.56466], [-71.47996, 19.5621], [-71.48182, 19.56205], [-71.48584, 19.5637], [-71.48815, 19.56565], [-71.48965, 19.56617], [-71.49554, 19.56656], [-71.50208, 19.5699], [-71.50374, 19.5716], [-71.50497, 19.57704], [-71.50592, 19.57832], [-71.50705, 19.57943], [-71.50876, 19.58011], [-71.51294, 19.58297], [-71.51394, 19.58455], [-71.5133, 19.58846], [-71.51149, 19.59043], [-71.51228, 19.59203], [-71.51278, 19.59477], [-71.5124, 19.59605], [-71.51014, 19.59658], [-71.50918, 19.59736], [-71.51046, 19.60096], [-71.51026, 19.60264], [-71.50899, 19.60433], [-71.50676, 19.60524], [-71.50652, 19.60766], [-71.50501, 19.60875], [-71.50511, 19.60946], [-71.50597, 19.61133], [-71.50969, 19.61199], [-71.51046, 19.61492], [-71.51222, 19.61628], [-71.51909, 19.61977], [-71.52018, 19.62129], [-71.52033, 19.62289], [-71.5261, 19.62347], [-71.53056, 19.62338], [-71.5448, 19.62238], [-71.54566, 19.62093], [-71.54737, 19.61971], [-71.54893, 19.61937], [-71.55188, 19.61981], [-71.55324, 19.61751], [-71.55295, 19.61492], [-71.55499, 19.61085], [-71.5583, 19.60893], [-71.56144, 19.60789], [-71.56275, 19.60779], [-71.56489, 19.60999], [-71.56656, 19.61072], [-71.5694, 19.61317], [-71.57663, 19.61198], [-71.57754, 19.61226], [-71.5785, 19.61283], [-71.57926, 19.61417], [-71.58025, 19.61795], [-71.58132, 19.61935], [-71.58365, 19.62134], [-71.58674, 19.62235], [-71.5884, 19.62168], [-71.58941, 19.62069], [-71.59257, 19.61732], [-71.59336, 19.61559], [-71.59563, 19.6157], [-71.59889, 19.61775], [-71.59913, 19.62023], [-71.59852, 19.62159], [-71.5992, 19.6218], [-71.60146, 19.6212], [-71.60192, 19.62167], [-71.60169, 19.62253], [-71.60014, 19.6237], [-71.60023, 19.62603], [-71.59913, 19.62672], [-71.60003, 19.62971], [-71.60128, 19.62888], [-71.60196, 19.63035], [-71.59982, 19.6322], [-71.5991, 19.63346], [-71.60036, 19.63467], [-71.60002, 19.63563], [-71.60046, 19.63796], [-71.60211, 19.64047], [-71.60168, 19.64162], [-71.60194, 19.64243], [-71.60368, 19.64374], [-71.60425, 19.64502], [-71.6129, 19.63919], [-71.62247, 19.62773], [-71.62937, 19.62183], [-71.63947, 19.61588], [-71.64035, 19.6124], [-71.64135, 19.61195], [-71.6385, 19.60785], [-71.64951, 19.60522], [-71.65496, 19.60326], [-71.65546, 19.60604], [-71.65682, 19.60697], [-71.66037, 19.60789], [-71.66915, 19.60645], [-71.67103, 19.60666], [-71.67262, 19.60716], [-71.6769, 19.60978], [-71.68005, 19.6131], [-71.6844, 19.62057], [-71.68988, 19.62252], [-71.69158, 19.6258], [-71.69278, 19.62534], [-71.69423, 19.62563], [-71.69471, 19.62674], [-71.6941, 19.62908], [-71.69158, 19.62841], [-71.69213, 19.62928], [-71.69186, 19.63161], [-71.69255, 19.63226], [-71.69594, 19.63354], [-71.69885, 19.63235], [-71.69986, 19.63239], [-71.70118, 19.63327], [-71.70244, 19.6333], [-71.70254, 19.634], [-71.70807, 19.63493], [-71.72739, 19.63601], [-71.72857, 19.63574], [-71.72926, 19.63382], [-71.72937, 19.63115], [-71.72966, 19.63041], [-71.73074, 19.63012], [-71.73254, 19.63114], [-71.73333, 19.63243], [-71.73547, 19.6339], [-71.73949, 19.63976], [-71.73204, 19.64613], [-71.7351, 19.66105], [-71.73534, 19.66166], [-71.73782, 19.66227], [-71.73886, 19.66569], [-71.74103, 19.66481], [-71.74347, 19.66477], [-71.74491, 19.66671], [-71.74588, 19.66677], [-71.74641, 19.66739], [-71.74612, 19.6681], [-71.74716, 19.66958], [-71.75049, 19.67246], [-71.75268, 19.67544], [-71.75564, 19.67603], [-71.7565, 19.67664], [-71.75682, 19.67849], [-71.75541, 19.67927], [-71.75439, 19.681], [-71.75478, 19.68172], [-71.75603, 19.68202], [-71.75613, 19.68278], [-71.75492, 19.6839], [-71.75598, 19.68475], [-71.75545, 19.68511], [-71.75436, 19.68485], [-71.75413, 19.68538], [-71.75491, 19.68604], [-71.75748, 19.68609], [-71.75654, 19.68705], [-71.75664, 19.6875], [-71.75907, 19.68769], [-71.75862, 19.68914], [-71.7564, 19.69003], [-71.75598, 19.69062], [-71.75599, 19.69112], [-71.7576, 19.69135], [-71.75909, 19.69279], [-71.7591, 19.69463], [-71.76019, 19.69466], [-71.76088, 19.69316], [-71.76167, 19.69276], [-71.76202, 19.69323], [-71.76167, 19.69517], [-71.76007, 19.69657], [-71.76053, 19.69767], [-71.76017, 19.69885], [-71.75882, 19.69896], [-71.75769, 19.70138], [-71.75489, 19.70336], [-71.74481, 19.70644], [-71.74415, 19.70673], [-71.74371, 19.70784], [-71.74262, 19.70786], [-71.74123, 19.70673], [-71.73263, 19.70782], [-71.73245, 19.70684], [-71.73337, 19.70577], [-71.73347, 19.70395], [-71.73547, 19.70244], [-71.73581, 19.70118], [-71.72972, 19.69889], [-71.72593, 19.69554], [-71.72302, 19.69395], [-71.72115, 19.69357], [-71.71886, 19.69435], [-71.71892, 19.69374], [-71.71782, 19.6924], [-71.71609, 19.69167], [-71.71223, 19.69337], [-71.7098, 19.69388], [-71.70964, 19.69492], [-71.71083, 19.69557], [-71.71535, 19.69502], [-71.71903, 19.69571], [-71.72218, 19.69485], [-71.72465, 19.69672], [-71.72253, 19.699], [-71.71873, 19.69939], [-71.72034, 19.70073], [-71.72021, 19.70162], [-71.71821, 19.70274], [-71.71968, 19.70469], [-71.7236, 19.70681], [-71.72539, 19.70651], [-71.72835, 19.70272], [-71.73168, 19.70195], [-71.73296, 19.7021], [-71.73312, 19.7036], [-71.73218, 19.70496], [-71.73147, 19.70771], [-71.72988, 19.70973], [-71.72974, 19.71273], [-71.72874, 19.71377], [-71.72841, 19.71703], [-71.72559, 19.72232], [-71.72701, 19.72674], [-71.72663, 19.72711], [-71.72675, 19.72893], [-71.72735, 19.73015], [-71.72918, 19.73073], [-71.72982, 19.73163], [-71.73112, 19.73222], [-71.73189, 19.73486], [-71.73292, 19.73591], [-71.73312, 19.73682], [-71.73174, 19.73811], [-71.73018, 19.73475], [-71.72967, 19.73479], [-71.72976, 19.73651], [-71.73151, 19.74], [-71.7315, 19.74293], [-71.73217, 19.74292], [-71.73312, 19.74127], [-71.73444, 19.74048], [-71.73576, 19.73739], [-71.73735, 19.73663], [-71.73821, 19.7399], [-71.73794, 19.74084], [-71.73849, 19.74412], [-71.74024, 19.746], [-71.74095, 19.74817], [-71.74212, 19.74924], [-71.74401, 19.75347], [-71.74552, 19.7548], [-71.74684, 19.75709], [-71.74678, 19.75815], [-71.74602, 19.75834], [-71.74524, 19.7579], [-71.74474, 19.75655], [-71.74358, 19.75602], [-71.738, 19.7552], [-71.73841, 19.75665], [-71.73909, 19.757], [-71.74092, 19.75733], [-71.74283, 19.75703], [-71.74342, 19.75784], [-71.74298, 19.76039], [-71.74202, 19.76113], [-71.74236, 19.76197], [-71.74418, 19.76309], [-71.74429, 19.76391], [-71.74338, 19.7649], [-71.74355, 19.76566], [-71.74453, 19.76654], [-71.74636, 19.76705], [-71.74663, 19.76632], [-71.74815, 19.76539], [-71.7484, 19.76312], [-71.7472, 19.76019], [-71.74815, 19.75986], [-71.74883, 19.76057], [-71.74976, 19.76437], [-71.75142, 19.76616], [-71.75242, 19.76814], [-71.75348, 19.76876], [-71.74936, 19.769], [-71.74832, 19.76948], [-71.74758, 19.77139], [-71.7483, 19.7742], [-71.74923, 19.77462], [-71.74936, 19.77523], [-71.7489, 19.77552], [-71.74977, 19.77638], [-71.74966, 19.77881], [-71.75045, 19.78125], [-71.75006, 19.78347], [-71.74876, 19.784], [-71.74913, 19.78671], [-71.75084, 19.78848], [-71.75106, 19.78926], [-71.74786, 19.79179], [-71.74726, 19.79358], [-71.74666, 19.79406], [-71.74702, 19.79455], [-71.74666, 19.79582], [-71.74723, 19.79581], [-71.74941, 19.79397], [-71.75239, 19.79437], [-71.75295, 19.79382], [-71.75392, 19.79076], [-71.75328, 19.78889], [-71.7541, 19.78818], [-71.75472, 19.7866], [-71.75703, 19.78577], [-71.75769, 19.78494], [-71.75918, 19.78163], [-71.75913, 19.77864], [-71.76183, 19.77933], [-71.76557, 19.78108], [-71.76734, 19.78009], [-71.76721, 19.77898], [-71.76596, 19.779], [-71.76606, 19.77805], [-71.76561, 19.77748], [-71.76346, 19.77698], [-71.76462, 19.77405], [-71.76415, 19.77253], [-71.7656, 19.77266], [-71.76696, 19.77184], [-71.76757, 19.77085], [-71.76988, 19.76988], [-71.77355, 19.76934], [-71.77506, 19.76847], [-71.77525, 19.76411], [-71.77459, 19.76303], [-71.77381, 19.76232], [-71.7729, 19.76253], [-71.77306, 19.76354], [-71.77158, 19.76351], [-71.77034, 19.76188], [-71.77069, 19.76065], [-71.77341, 19.75828], [-71.77481, 19.75833], [-71.77649, 19.75961], [-71.77794, 19.75955], [-71.77831, 19.7588], [-71.77939, 19.75861], [-71.78063, 19.76197], [-71.78044, 19.7639], [-71.77926, 19.76614], [-71.77719, 19.77304], [-71.77739, 19.77514], [-71.77917, 19.77696], [-71.7792, 19.77821], [-71.77858, 19.77931], [-71.77657, 19.78176], [-71.77405, 19.78361], [-71.77043, 19.78728], [-71.76585, 19.79066], [-71.75518, 19.80116], [-71.74694, 19.80594], [-71.74599, 19.80971], [-71.74647, 19.81224], [-71.74593, 19.81389], [-71.74476, 19.81483], [-71.74283, 19.8157], [-71.7352, 19.81563], [-71.72908, 19.81616], [-71.72655, 19.81702], [-71.72246, 19.81757], [-71.71153, 19.82125], [-71.70278, 19.82586], [-71.69364, 19.82975], [-71.69263, 19.83061], [-71.69254, 19.83279], [-71.69072, 19.83978], [-71.68009, 19.84213], [-71.67604, 19.84358], [-71.66804, 19.84991], [-71.666, 19.85237], [-71.65963, 19.85707], [-71.65819, 19.85857], [-71.65841, 19.85933], [-71.65653, 19.86171], [-71.65402, 19.86708], [-71.65473, 19.87008], [-71.65423, 19.87284], [-71.65472, 19.87526], [-71.65428, 19.87901], [-71.65582, 19.88186], [-71.65591, 19.88369], [-71.65748, 19.88584], [-71.65724, 19.88682], [-71.65895, 19.88921], [-71.66074, 19.88967], [-71.66156, 19.8928], [-71.66055, 19.89318], [-71.66057, 19.89427], [-71.65981, 19.89513], [-71.65547, 19.89543], [-71.65407, 19.89618], [-71.65396, 19.89727], [-71.65463, 19.89896], [-71.64668, 19.89811], [-71.6432, 19.89622], [-71.63943, 19.89301], [-71.63977, 19.8901], [-71.63924, 19.88926], [-71.63946, 19.88684], [-71.63777, 19.88393], [-71.63581, 19.88333], [-71.63506, 19.88263], [-71.62952, 19.88116], [-71.62785, 19.88132], [-71.62595, 19.8822], [-71.61848, 19.88703], [-71.61796, 19.89077], [-71.61847, 19.89405], [-71.61965, 19.89572], [-71.61966, 19.89681], [-71.61589, 19.90062], [-71.61026, 19.90082], [-71.609, 19.90217], [-71.60708, 19.90196], [-71.60671, 19.90269], [-71.60593, 19.90222], [-71.60543, 19.90271], [-71.60415, 19.90261], [-71.6021, 19.89988], [-71.60076, 19.89992], [-71.59918, 19.89882], [-71.60013, 19.9008], [-71.5996, 19.90181], [-71.59594, 19.90296], [-71.59287, 19.90499], [-71.58237, 19.90857], [-71.58073, 19.90955], [-71.58014, 19.90908], [-71.58071, 19.90839], [-71.57777, 19.90932], [-71.57582, 19.90874], [-71.57201, 19.90906], [-71.5679, 19.90851], [-71.56564, 19.90664], [-71.56224, 19.90566], [-71.56152, 19.90567], [-71.55946, 19.90754], [-71.55672, 19.90731], [-71.55221, 19.90908], [-71.54597, 19.90992], [-71.54075, 19.9121], [-71.53743, 19.91208]]], [[[-71.54713, 19.91534], [-71.54828, 19.91481], [-71.54894, 19.91501], [-71.54862, 19.91597], [-71.54734, 19.91576], [-71.54713, 19.91534]]], [[[-71.54893, 19.91603], [-71.54964, 19.91361], [-71.55061, 19.9138], [-71.55055, 19.91595], [-71.54931, 19.91636], [-71.54893, 19.91603]]], [[[-71.58045, 19.91861], [-71.57862, 19.91695], [-71.57715, 19.91786], [-71.57625, 19.91762], [-71.57332, 19.91863], [-71.57187, 19.91757], [-71.5702, 19.91717], [-71.57006, 19.91772], [-71.56738, 19.91796], [-71.56477, 19.91679], [-71.56393, 19.9175], [-71.56146, 19.91793], [-71.56167, 19.91644], [-71.56336, 19.91453], [-71.56399, 19.91448], [-71.56529, 19.91178], [-71.56746, 19.91114], [-71.56807, 19.91118], [-71.56832, 19.91287], [-71.56906, 19.91338], [-71.57338, 19.91321], [-71.57387, 19.91266], [-71.57833, 19.91263], [-71.58062, 19.91191], [-71.58745, 19.91116], [-71.58906, 19.91118], [-71.59033, 19.91255], [-71.59062, 19.91381], [-71.58978, 19.91591], [-71.58595, 19.91759], [-71.58254, 19.91732], [-71.58155, 19.91846], [-71.58045, 19.91861]]], [[[-71.55284, 19.91774], [-71.55353, 19.91767], [-71.55518, 19.91838], [-71.5533, 19.91943], [-71.55284, 19.91774]]], [[[-71.54926, 19.91973], [-71.54881, 19.91898], [-71.54976, 19.91684], [-71.55244, 19.91804], [-71.55274, 19.91912], [-71.55239, 19.91966], [-71.5503, 19.92015], [-71.54926, 19.91973]]], [[[-71.51938, 19.92084], [-71.51423, 19.92046], [-71.51502, 19.91953], [-71.51716, 19.91912], [-71.51867, 19.91787], [-71.5213, 19.91931], [-71.52303, 19.9195], [-71.52299, 19.91999], [-71.52209, 19.92028], [-71.51938, 19.92084]]], [[[-71.53074, 19.9167], [-71.53266, 19.91663], [-71.53417, 19.91592], [-71.53577, 19.9163], [-71.53766, 19.91808], [-71.53784, 19.92106], [-71.53568, 19.92145], [-71.53333, 19.91983], [-71.53078, 19.91898], [-71.52957, 19.91801], [-71.53074, 19.9167]]]]}}, {"type": "Feature", "properties": {"COD_PROV": "16", "PROVINCIA": "PEDERNALES", "NOMBRE": "Pedernales", "N_MUNICIPIOS": 2}, "geometry": {"type": "MultiPolygon", "coordinates": [[[[-71.64283, 17.48037], [-71.63864, 17.47792], [-71.63649, 17.47763], [-71.63658, 17.47693], [-71.63594, 17.47619], [-71.63703, 17.47511], [-71.63538, 17.47447], [-71.636, 17.47362], [-71.63516, 17.47322], [-71.63485, 17.47242], [-71.63778, 17.47252], [-71.6394, 17.47073], [-71.6413, 17.47095], [-71.64254, 17.47016], [-71.64334, 17.4705], [-71.64334, 17.47155], [-71.64408, 17.47186], [-71.6441, 17.47244], [-71.64606, 17.47349], [-71.64604, 17.47458], [-71.64691, 17.47493], [-71.64799, 17.47746], [-71.64648, 17.47892], [-71.64383, 17.47919], [-71.64283, 17.48037]]], [[[-71.64834, 17.48386], [-71.64948, 17.48407], [-71.64703, 17.48691], [-71.64557, 17.48717], [-71.64528, 17.48665], [-71.64595, 17.48492], [-71.64834, 17.48386]]], [[[-71.51363, 17.61278], [-71.51066, 17.61271], [-71.50851, 17.61179], [-71.50654, 17.61202], [-71.5044, 17.6116], [-71.50362, 17.6121], [-71.50273, 17.61202], [-71.50167, 17.61068], [-71.49922, 17.61001], [-71.49742, 17.60839], [-71.49591, 17.60811], [-71.49533, 17.60751], [-71.49566, 17.60526], [-71.49498, 17.60487], [-71.4946, 17.60368], [-71.49366, 17.60349], [-71.49281, 17.59835], [-71.49164, 17.59652], [-71.49065, 17.59673], [-71.48986, 17.59624], [-71.48923, 17.59221], [-71.48785, 17.58992], [-71.48548, 17.58851], [-71.48473, 17.58687], [-71.48251, 17.58465], [-71.47539, 17.58569], [-71.47465, 17.58455], [-71.47309, 17.58506], [-71.47214, 17.58423], [-71.46999, 17.58372], [-71.46922, 17.58014], [-71.4717, 17.57941], [-71.47322, 17.57959], [-71.47382, 17.57753], [-71.47474, 17.57647], [-71.47469, 17.57303], [-71.47652, 17.56966], [-71.478, 17.56838], [-71.48005, 17.568], [-71.48269, 17.56634], [-71.48276, 17.56558], [-71.48534, 17.5627], [-71.4899, 17.55925], [-71.49528, 17.55654], [-71.49656, 17.55257], [-71.49903, 17.55077], [-71.50236, 17.55024], [-71.50515, 17.54893], [-71.51616, 17.54576], [-71.51926, 17.5454], [-71.52187, 17.54337], [-71.52447, 17.54275], [-71.52525, 17.54297], [-71.52699, 17.54171], [-71.52825, 17.54182], [-71.5336, 17.54018], [-71.53715, 17.54007], [-71.53957, 17.54053], [-71.54198, 17.53951], [-71.54403, 17.53988], [-71.54501, 17.53958], [-71.54889, 17.54098], [-71.55183, 17.54369], [-71.55442, 17.54769], [-71.55378, 17.55587], [-71.55294, 17.55952], [-71.55048, 17.5623], [-71.5493, 17.57101], [-71.54489, 17.57606], [-71.54419, 17.57797], [-71.54228, 17.57899], [-71.54157, 17.58065], [-71.54061, 17.58427], [-71.54036, 17.58881], [-71.53968, 17.5898], [-71.53956, 17.59296], [-71.53861, 17.59572], [-71.53624, 17.5982], [-71.5324, 17.59905], [-71.53127, 17.60016], [-71.53007, 17.60028], [-71.5291, 17.60109], [-71.52445, 17.61534], [-71.52358, 17.6165], [-71.52284, 17.6191], [-71.52186, 17.62021], [-71.52077, 17.62058], [-71.51972, 17.61984], [-71.51822, 17.61706], [-71.51623, 17.61574], [-71.51363, 17.61278]]], [[[-71.7094, 17.63237], [-71.70859, 17.63139], [-71.70902, 17.63082], [-71.71009, 17.63109], [-71.71094, 17.63197], [-71.7094, 17.63237]]], [[[-71.27886, 17.83878], [-71.28296, 17.83721], [-71.28222, 17.83897], [-71.28421, 17.84101], [-71.28105, 17.84178], [-71.27932, 17.84121], [-71.27873, 17.83997], [-71.27886, 17.83878]]], [[[-71.70995, 18.28499], [-71.70692, 18.28382], [-71.70288, 18.28446], [-71.70153, 18.28319], [-71.69966, 18.27941], [-71.69624, 18.27748], [-71.69031, 18.27516], [-71.68778, 18.27222], [-71.6864, 18.26861], [-71.68259, 18.26558], [-71.67892, 18.26522], [-71.67497, 18.26273], [-71.67323, 18.26029], [-71.66878, 18.25593], [-71.65811, 18.24943], [-71.65358, 18.24717], [-71.64998, 18.24594], [-71.64734, 18.24565], [-71.64563, 18.24464], [-71.64161, 18.23952], [-71.6387, 18.23822], [-71.63543, 18.23778], [-71.6336, 18.23697], [-71.63275, 18.23628], [-71.63124, 18.23241], [-71.62934, 18.23027], [-71.62408, 18.22649], [-71.62099, 18.22578], [-71.61129, 18.22808], [-71.60595, 18.22637], [-71.60291, 18.22626], [-71.59705, 18.22894], [-71.59546, 18.22883], [-71.59312, 18.22753], [-71.58694, 18.22178], [-71.58395, 18.22085], [-71.58142, 18.21945], [-71.57421, 18.21041], [-71.56843, 18.20516], [-71.5662, 18.20448], [-71.55917, 18.20488], [-71.55117, 18.20708], [-71.54685, 18.20718], [-71.54492, 18.20654], [-71.53653, 18.20173], [-71.53176, 18.19825], [-71.52303, 18.19529], [-71.51777, 18.19694], [-71.51196, 18.20087], [-71.50871, 18.20217], [-71.50418, 18.20205], [-71.50292, 18.2016], [-71.49923, 18.19716], [-71.49642, 18.19503], [-71.49296, 18.1931], [-71.48803, 18.19184], [-71.48613, 18.19051], [-71.47445, 18.17686], [-71.4652, 18.16949], [-71.46273, 18.16297], [-71.45974, 18.15949], [-71.45736, 18.15754], [-71.45273, 18.15496], [-71.45167, 18.15391], [-71.44694, 18.15308], [-71.44085, 18.15029], [-71.43531, 18.14379], [-71.43137, 18.1403], [-71.42945, 18.13906], [-71.42547, 18.13787], [-71.42042, 18.1333], [-71.41577, 18.13146], [-71.41196, 18.12905], [-71.4111, 18.12886], [-71.4053, 18.13138], [-71.40032, 18.13185], [-71.39782, 18.13141], [-71.39323, 18.12908], [-71.38846, 18.12376], [-71.38601, 18.12202], [-71.38557, 18.12107], [-71.38577, 18.11985], [-71.38733, 18.11955], [-71.38812, 18.11768], [-71.38808, 18.11492], [-71.3896, 18.11271], [-71.39267, 18.11093], [-71.3942, 18.10938], [-71.3944, 18.10841], [-71.39577, 18.10671], [-71.39586, 18.10439], [-71.39849, 18.10516], [-71.40135, 18.1043], [-71.40471, 18.10229], [-71.40554, 18.09983], [-71.40156, 18.09387], [-71.39834, 18.09152], [-71.3972, 18.08937], [-71.39014, 18.08023], [-71.38934, 18.07827], [-71.38911, 18.07663], [-71.39019, 18.06856], [-71.38953, 18.06342], [-71.3898, 18.05869], [-71.38573, 18.05497], [-71.38479, 18.05324], [-71.38406, 18.05095], [-71.38396, 18.04875], [-71.38512, 18.04408], [-71.38964, 18.03792], [-71.3947, 18.03275], [-71.397, 18.02961], [-71.39815, 18.02704], [-71.3994, 18.02574], [-71.40563, 18.01503], [-71.40933, 18.0113], [-71.41146, 18.01091], [-71.41277, 18.01123], [-71.41665, 18.01544], [-71.42123, 18.01808], [-71.42556, 18.01853], [-71.43011, 18.01815], [-71.43049, 18.01562], [-71.42942, 18.0127], [-71.42936, 18.01116], [-71.43, 18.00761], [-71.42876, 18.00366], [-71.42916, 18.00018], [-71.42767, 17.9975], [-71.42777, 17.99693], [-71.42916, 17.99517], [-71.43411, 17.99169], [-71.43539, 17.98969], [-71.43813, 17.98812], [-71.4379, 17.98011], [-71.42986, 17.97292], [-71.42702, 17.97178], [-71.42506, 17.9697], [-71.42174, 17.96764], [-71.41609, 17.96713], [-71.411, 17.97037], [-71.40702, 17.97078], [-71.40475, 17.9701], [-71.40543, 17.96707], [-71.40324, 17.96487], [-71.40211, 17.96209], [-71.40101, 17.96196], [-71.39934, 17.96375], [-71.39766, 17.96363], [-71.39704, 17.96236], [-71.39477, 17.9607], [-71.39238, 17.9577], [-71.39269, 17.95589], [-71.39384, 17.95509], [-71.39496, 17.95337], [-71.38651, 17.94625], [-71.38438, 17.94237], [-71.37874, 17.94092], [-71.37755, 17.93971], [-71.37766, 17.93898], [-71.38054, 17.93574], [-71.38063, 17.93207], [-71.38239, 17.92916], [-71.38162, 17.92865], [-71.37952, 17.92785], [-71.37541, 17.92842], [-71.37135, 17.92794], [-71.36996, 17.92826], [-71.36804, 17.93001], [-71.36627, 17.92971], [-71.36263, 17.92754], [-71.36151, 17.9259], [-71.36041, 17.92533], [-71.35915, 17.92254], [-71.35824, 17.92172], [-71.35385, 17.92137], [-71.35021, 17.92034], [-71.348, 17.92042], [-71.34536, 17.91847], [-71.34392, 17.91639], [-71.34236, 17.9159], [-71.33978, 17.91621], [-71.33829, 17.91692], [-71.33354, 17.92018], [-71.32722, 17.91942], [-71.32363, 17.91727], [-71.31072, 17.91709], [-71.30887, 17.91576], [-71.30816, 17.91433], [-71.30282, 17.91451], [-71.29814, 17.91219], [-71.29752, 17.90897], [-71.29782, 17.90786], [-71.30048, 17.90606], [-71.3014, 17.90337], [-71.30253, 17.90256], [-71.30476, 17.90229], [-71.30481, 17.90144], [-71.30608, 17.90081], [-71.30963, 17.89986], [-71.31057, 17.89838], [-71.31024, 17.89765], [-71.3019, 17.89794], [-71.30017, 17.89735], [-71.29265, 17.89164], [-71.29206, 17.89037], [-71.29285, 17.88792], [-71.28954, 17.88104], [-71.28949, 17.88001], [-71.29021, 17.87747], [-71.29197, 17.87672], [-71.2922, 17.87579], [-71.28815, 17.87257], [-71.28507, 17.86941], [-71.28383, 17.86709], [-71.28429, 17.86436], [-71.283, 17.86193], [-71.27776, 17.85749], [-71.27529, 17.8541], [-71.27229, 17.85191], [-71.27346, 17.84967], [-71.27458, 17.84919], [-71.27496, 17.84835], [-71.27462, 17.84666], [-71.27493, 17.84566], [-71.27844, 17.84455], [-71.28054, 17.8456], [-71.28259, 17.84941], [-71.28285, 17.85086], [-71.28182, 17.85226], [-71.282, 17.85333], [-71.28462, 17.85184], [-71.2858, 17.85006], [-71.2857, 17.84807], [-71.28639, 17.84614], [-71.28587, 17.84293], [-71.28647, 17.8397], [-71.28678, 17.83233], [-71.28563, 17.82996], [-71.2851, 17.82613], [-71.28549, 17.82551], [-71.28842, 17.82333], [-71.28873, 17.82248], [-71.29136, 17.82084], [-71.29159, 17.82], [-71.29477, 17.81858], [-71.29746, 17.81609], [-71.29826, 17.81608], [-71.29907, 17.81676], [-71.30201, 17.82087], [-71.30289, 17.82086], [-71.30338, 17.82162], [-71.3053, 17.82137], [-71.30808, 17.81942], [-71.31006, 17.81763], [-71.31383, 17.8125], [-71.31613, 17.81018], [-71.32089, 17.80382], [-71.32603, 17.79571], [-71.32793, 17.78938], [-71.34034, 17.76723], [-71.34674, 17.75744], [-71.34924, 17.75228], [-71.34842, 17.74787], [-71.34418, 17.74865], [-71.34371, 17.74821], [-71.34734, 17.74565], [-71.34943, 17.7454], [-71.3499, 17.74479], [-71.35042, 17.74054], [-71.35714, 17.7198], [-71.35705, 17.71684], [-71.35939, 17.70888], [-71.35919, 17.70721], [-71.36092, 17.70557], [-71.36096, 17.70439], [-71.36284, 17.7008], [-71.36303, 17.69739], [-71.3673, 17.69427], [-71.36781, 17.69342], [-71.36808, 17.6875], [-71.36747, 17.68539], [-71.3664, 17.68401], [-71.36655, 17.68205], [-71.36847, 17.67995], [-71.36831, 17.67928], [-71.36949, 17.67752], [-71.37156, 17.67661], [-71.37234, 17.67447], [-71.37218, 17.67237], [-71.3747, 17.6703], [-71.37671, 17.66526], [-71.37686, 17.66344], [-71.37769, 17.66211], [-71.37864, 17.66149], [-71.38209, 17.66101], [-71.38372, 17.66025], [-71.38609, 17.65778], [-71.38634, 17.65615], [-71.38535, 17.65323], [-71.38612, 17.65056], [-71.38776, 17.64757], [-71.38915, 17.64683], [-71.39233, 17.64212], [-71.39253, 17.6406], [-71.39319, 17.64015], [-71.39338, 17.63909], [-71.39522, 17.63615], [-71.39792, 17.63398], [-71.39784, 17.63351], [-71.39858, 17.63291], [-71.39868, 17.63201], [-71.3963, 17.62897], [-71.39603, 17.62756], [-71.39614, 17.62634], [-71.39723, 17.62514], [-71.39753, 17.62326], [-71.39864, 17.62152], [-71.39998, 17.62032], [-71.40267, 17.61566], [-71.4042, 17.61433], [-71.40572, 17.61366], [-71.41067, 17.61365], [-71.41218, 17.61318], [-71.41498, 17.60785], [-71.41583, 17.60515], [-71.41716, 17.60411], [-71.41786, 17.60168], [-71.42156, 17.59665], [-71.42453, 17.59804], [-71.42553, 17.59966], [-71.4278, 17.60104], [-71.42848, 17.60376], [-71.43313, 17.6065], [-71.43469, 17.60871], [-71.4346, 17.61021], [-71.43401, 17.61059], [-71.43432, 17.61087], [-71.43752, 17.61245], [-71.43937, 17.6145], [-71.44124, 17.61505], [-71.44185, 17.6163], [-71.44317, 17.61649], [-71.44365, 17.61738], [-71.44479, 17.61753], [-71.44745, 17.61961], [-71.44912, 17.62225], [-71.45024, 17.62729], [-71.45207, 17.62871], [-71.45285, 17.63385], [-71.45961, 17.638], [-71.46776, 17.64574], [-71.47062, 17.64917], [-71.47822, 17.65666], [-71.48249, 17.66444], [-71.48691, 17.67454], [-71.48727, 17.68083], [-71.4919, 17.6958], [-71.50077, 17.71715], [-71.50449, 17.72391], [-71.50926, 17.72976], [-71.51334, 17.73356], [-71.53283, 17.74686], [-71.53337, 17.7482], [-71.53294, 17.75037], [-71.53444, 17.75221], [-71.54545, 17.75708], [-71.5477, 17.75705], [-71.5481, 17.75794], [-71.55037, 17.75903], [-71.55793, 17.76087], [-71.56399, 17.76086], [-71.56594, 17.76173], [-71.56819, 17.76096], [-71.57333, 17.76208], [-71.58188, 17.76115], [-71.58893, 17.76098], [-71.60006, 17.76254], [-71.60935, 17.76056], [-71.6102, 17.75995], [-71.61432, 17.76012], [-71.61812, 17.75955], [-71.62291, 17.75777], [-71.62517, 17.75752], [-71.63173, 17.7555], [-71.63296, 17.75444], [-71.63591, 17.7544], [-71.63675, 17.75327], [-71.64286, 17.75073], [-71.64743, 17.75045], [-71.64861, 17.75177], [-71.65187, 17.75135], [-71.65561, 17.75205], [-71.65824, 17.75164], [-71.66226, 17.75017], [-71.66288, 17.75031], [-71.66305, 17.75105], [-71.66447, 17.75245], [-71.66588, 17.75325], [-71.67364, 17.75292], [-71.67639, 17.75489], [-71.68113, 17.76004], [-71.68285, 17.76076], [-71.68591, 17.7631], [-71.69074, 17.76407], [-71.69547, 17.76877], [-71.6988, 17.7711], [-71.69882, 17.77278], [-71.69774, 17.77385], [-71.68899, 17.77608], [-71.68681, 17.77758], [-71.68179, 17.77975], [-71.68004, 17.77999], [-71.67783, 17.77939], [-71.67521, 17.78005], [-71.6713, 17.78326], [-71.66828, 17.78709], [-71.66636, 17.79112], [-71.66532, 17.7945], [-71.66538, 17.79871], [-71.66394, 17.80568], [-71.66055, 17.81414], [-71.65639, 17.81568], [-71.64881, 17.81258], [-71.64484, 17.81226], [-71.64135, 17.81261], [-71.63981, 17.81382], [-71.63754, 17.81787], [-71.63478, 17.82542], [-71.63399, 17.82975], [-71.63435, 17.83317], [-71.6372, 17.84206], [-71.63984, 17.84717], [-71.64126, 17.84856], [-71.64392, 17.84964], [-71.6505, 17.85863], [-71.6523, 17.8589], [-71.65285, 17.85942], [-71.65109, 17.86175], [-71.6523, 17.86449], [-71.65123, 17.8654], [-71.65116, 17.86629], [-71.6555, 17.87576], [-71.65884, 17.881], [-71.66318, 17.8854], [-71.67298, 17.89093], [-71.67628, 17.89326], [-71.67714, 17.89333], [-71.67724, 17.89489], [-71.6789, 17.8968], [-71.6787, 17.89851], [-71.67966, 17.90059], [-71.67962, 17.90282], [-71.67924, 17.90394], [-71.67504, 17.90884], [-71.67251, 17.91088], [-71.66931, 17.91033], [-71.6679, 17.9096], [-71.66635, 17.90992], [-71.66383, 17.91279], [-71.66133, 17.91758], [-71.66009, 17.92296], [-71.66067, 17.92496], [-71.65975, 17.92617], [-71.65917, 17.92878], [-71.66042, 17.93486], [-71.66283, 17.93952], [-71.66912, 17.94933], [-71.66948, 17.95305], [-71.67258, 17.96216], [-71.67869, 17.97071], [-71.69053, 17.98194], [-71.69414, 17.98412], [-71.70359, 17.99173], [-71.71645, 17.99854], [-71.71902, 17.99895], [-71.72247, 18.00069], [-71.72414, 18.00298], [-71.72479, 18.00498], [-71.7253, 18.00735], [-71.72523, 18.01174], [-71.72683, 18.01312], [-71.73253, 18.02106], [-71.73502, 18.02344], [-71.73913, 18.0258], [-71.74466, 18.02773], [-71.74864, 18.02793], [-71.75149, 18.02963], [-71.75538, 18.03109], [-71.75721, 18.03145], [-71.75912, 18.03115], [-71.75688, 18.03458], [-71.75671, 18.03579], [-71.7575, 18.03752], [-71.75637, 18.04189], [-71.75409, 18.04389], [-71.75289, 18.04416], [-71.74835, 18.04726], [-71.74544, 18.05066], [-71.744, 18.05411], [-71.74391, 18.06408], [-71.74256, 18.06581], [-71.74088, 18.06574], [-71.73995, 18.06627], [-71.7384, 18.06866], [-71.7386, 18.07528], [-71.73821, 18.07635], [-71.73549, 18.07771], [-71.73504, 18.08], [-71.73693, 18.08384], [-71.73688, 18.08847], [-71.73875, 18.0902], [-71.73509, 18.09523], [-71.73597, 18.09679], [-71.73756, 18.0966], [-71.73801, 18.0975], [-71.73754, 18.09946], [-71.73829, 18.10027], [-71.74166, 18.10028], [-71.74435, 18.09785], [-71.74599, 18.09895], [-71.74649, 18.09982], [-71.74604, 18.10252], [-71.74966, 18.11188], [-71.74927, 18.11325], [-71.74743, 18.11322], [-71.74702, 18.11393], [-71.74707, 18.11744], [-71.74666, 18.11934], [-71.74551, 18.12119], [-71.74544, 18.12242], [-71.748, 18.12453], [-71.74787, 18.12532], [-71.74534, 18.12466], [-71.74503, 18.12559], [-71.74505, 18.12677], [-71.74581, 18.12816], [-71.74734, 18.12951], [-71.74708, 18.12999], [-71.74369, 18.13061], [-71.74347, 18.13119], [-71.74586, 18.13397], [-71.74562, 18.13493], [-71.74611, 18.13547], [-71.75167, 18.13639], [-71.75133, 18.13776], [-71.74985, 18.13863], [-71.74905, 18.13998], [-71.74825, 18.13929], [-71.74704, 18.13962], [-71.74638, 18.14086], [-71.74504, 18.1418], [-71.74498, 18.14261], [-71.74629, 18.14476], [-71.74661, 18.14705], [-71.74777, 18.14879], [-71.74883, 18.14898], [-71.75095, 18.14523], [-71.75136, 18.14281], [-71.75255, 18.1423], [-71.75425, 18.14207], [-71.75468, 18.14267], [-71.75385, 18.14404], [-71.7536, 18.14587], [-71.75489, 18.147], [-71.75694, 18.14697], [-71.75769, 18.1448], [-71.75825, 18.14445], [-71.75883, 18.14566], [-71.75718, 18.14859], [-71.75751, 18.15156], [-71.75866, 18.15263], [-71.76097, 18.15118], [-71.76198, 18.15564], [-71.76485, 18.15619], [-71.76474, 18.15923], [-71.76513, 18.15959], [-71.76675, 18.1592], [-71.76745, 18.15963], [-71.76849, 18.16154], [-71.76862, 18.16464], [-71.76592, 18.1652], [-71.76648, 18.16637], [-71.76627, 18.16756], [-71.77361, 18.1676], [-71.77552, 18.1658], [-71.77629, 18.16571], [-71.77745, 18.16577], [-71.77808, 18.16635], [-71.78349, 18.16583], [-71.78453, 18.16671], [-71.78385, 18.16937], [-71.78423, 18.17322], [-71.786, 18.17453], [-71.78684, 18.17769], [-71.78815, 18.17951], [-71.7882, 18.18069], [-71.78709, 18.18387], [-71.78715, 18.185], [-71.78633, 18.18645], [-71.78159, 18.19121], [-71.78058, 18.19303], [-71.77776, 18.19352], [-71.77523, 18.19473], [-71.77378, 18.19758], [-71.77191, 18.19842], [-71.77355, 18.20087], [-71.77356, 18.20197], [-71.77234, 18.2026], [-71.77231, 18.20305], [-71.77346, 18.20512], [-71.76922, 18.21328], [-71.76956, 18.2172], [-71.76922, 18.21894], [-71.76749, 18.22113], [-71.76387, 18.22126], [-71.76263, 18.22573], [-71.76172, 18.22643], [-71.75965, 18.22661], [-71.75793, 18.22795], [-71.75769, 18.22915], [-71.75959, 18.2341], [-71.75954, 18.23556], [-71.72531, 18.29046], [-71.71977, 18.28986], [-71.71292, 18.28776], [-71.70995, 18.28499]]]]}}, {"type": "Feature", "properties": {"COD_PROV": "17", "PROVINCIA": "PERAVIA", "NOMBRE": "Peravia", "N_MUNICIPIOS": 2}, "geometry": {"type": "Polygon", "coordinates": [[[-70.32916, 18.50218], [-70.32668, 18.50236], [-70.32536, 18.49695], [-70.32257, 18.49666], [-70.3221, 18.49507], [-70.3215, 18.4952], [-70.32073, 18.49657], [-70.31876, 18.49395], [-70.31712, 18.49446], [-70.31565, 18.49302], [-70.31395, 18.49274], [-70.31275, 18.49294], [-70.31196, 18.49509], [-70.30967, 18.49479], [-70.30969, 18.49023], [-70.30653, 18.48989], [-70.30593, 18.48942], [-70.30608, 18.48776], [-70.3057, 18.48699], [-70.30471, 18.48658], [-70.302, 18.48686], [-70.3014, 18.48629], [-70.30161, 18.48556], [-70.30253, 18.48514], [-70.30269, 18.48431], [-70.30202, 18.48291], [-70.30022, 18.4821], [-70.30027, 18.48142], [-70.30156, 18.47986], [-70.30145, 18.47877], [-70.29851, 18.47796], [-70.29422, 18.47866], [-70.28821, 18.47533], [-70.28777, 18.4744], [-70.29141, 18.4738], [-70.29074, 18.47225], [-70.28786, 18.47181], [-70.2872, 18.4715], [-70.28709, 18.47072], [-70.28725, 18.47], [-70.28963, 18.46847], [-70.28874, 18.46661], [-70.28884, 18.46516], [-70.28927, 18.46453], [-70.29155, 18.46426], [-70.29198, 18.46327], [-70.2867, 18.45568], [-70.28656, 18.45384], [-70.2853, 18.45349], [-70.28426, 18.45619], [-70.28349, 18.45681], [-70.28143, 18.45719], [-70.2808, 18.4588], [-70.27964, 18.45954], [-70.27861, 18.45918], [-70.27705, 18.45673], [-70.27432, 18.45429], [-70.2711, 18.45345], [-70.26918, 18.45378], [-70.26752, 18.45741], [-70.26533, 18.45755], [-70.26234, 18.45425], [-70.26233, 18.45326], [-70.26352, 18.45195], [-70.26527, 18.45171], [-70.26619, 18.45018], [-70.26578, 18.44844], [-70.26322, 18.44654], [-70.25968, 18.44635], [-70.25967, 18.44525], [-70.26089, 18.44372], [-70.26551, 18.4412], [-70.26616, 18.44057], [-70.26608, 18.43988], [-70.26418, 18.43754], [-70.26273, 18.437], [-70.25976, 18.43805], [-70.25882, 18.43764], [-70.25852, 18.43668], [-70.26269, 18.43209], [-70.26242, 18.43027], [-70.26164, 18.42917], [-70.25983, 18.4282], [-70.24986, 18.42641], [-70.24468, 18.42288], [-70.24341, 18.41922], [-70.24452, 18.41689], [-70.24621, 18.4152], [-70.25542, 18.41265], [-70.25796, 18.4115], [-70.25941, 18.40949], [-70.2611, 18.40393], [-70.26318, 18.40216], [-70.26985, 18.40255], [-70.27538, 18.40411], [-70.27824, 18.40407], [-70.27883, 18.40274], [-70.27747, 18.3999], [-70.27837, 18.39825], [-70.28074, 18.39603], [-70.28031, 18.39339], [-70.2815, 18.39198], [-70.28134, 18.38976], [-70.28346, 18.38867], [-70.28738, 18.38794], [-70.28856, 18.38694], [-70.28876, 18.38621], [-70.2879, 18.38358], [-70.28541, 18.37997], [-70.2846, 18.37898], [-70.28333, 18.37855], [-70.28199, 18.37933], [-70.27842, 18.38489], [-70.27655, 18.38527], [-70.27513, 18.38463], [-70.27234, 18.37843], [-70.27157, 18.36082], [-70.27026, 18.35838], [-70.2687, 18.35813], [-70.26678, 18.35875], [-70.26268, 18.36263], [-70.25574, 18.36697], [-70.25271, 18.36726], [-70.25142, 18.36639], [-70.2467, 18.36029], [-70.24658, 18.35643], [-70.24605, 18.35644], [-70.24608, 18.35572], [-70.24857, 18.35159], [-70.24855, 18.3501], [-70.24677, 18.34506], [-70.24582, 18.34415], [-70.24465, 18.34446], [-70.24309, 18.34358], [-70.24202, 18.33773], [-70.24202, 18.33517], [-70.23664, 18.32944], [-70.22912, 18.32517], [-70.22859, 18.32448], [-70.2287, 18.31703], [-70.22813, 18.31514], [-70.22622, 18.3142], [-70.21914, 18.31362], [-70.21767, 18.3114], [-70.21747, 18.30886], [-70.21691, 18.30773], [-70.21232, 18.30653], [-70.20781, 18.29568], [-70.20846, 18.29152], [-70.20839, 18.28861], [-70.20598, 18.28465], [-70.20164, 18.28257], [-70.19514, 18.28365], [-70.19256, 18.28357], [-70.18862, 18.28163], [-70.1869, 18.27962], [-70.18673, 18.27735], [-70.18508, 18.27271], [-70.18529, 18.27079], [-70.18622, 18.26863], [-70.18563, 18.26637], [-70.18619, 18.26085], [-70.18694, 18.25848], [-70.18928, 18.25707], [-70.18965, 18.25632], [-70.18967, 18.25479], [-70.18876, 18.25194], [-70.18901, 18.24998], [-70.18976, 18.24695], [-70.19162, 18.24516], [-70.19225, 18.24325], [-70.1917, 18.23985], [-70.18759, 18.23464], [-70.18786, 18.22865], [-70.19327, 18.22867], [-70.19442, 18.2297], [-70.19523, 18.22969], [-70.20075, 18.23241], [-70.20465, 18.23336], [-70.20457, 18.23936], [-70.20535, 18.24105], [-70.20848, 18.24245], [-70.20832, 18.24153], [-70.2059, 18.24011], [-70.20495, 18.23563], [-70.20629, 18.23493], [-70.20764, 18.23538], [-70.21044, 18.23521], [-70.21606, 18.23335], [-70.23179, 18.22553], [-70.23432, 18.22408], [-70.23635, 18.22196], [-70.23774, 18.22229], [-70.24262, 18.22714], [-70.24597, 18.22912], [-70.25301, 18.23044], [-70.25702, 18.23286], [-70.26656, 18.23638], [-70.27835, 18.23803], [-70.28225, 18.23765], [-70.28581, 18.23656], [-70.29406, 18.23345], [-70.30269, 18.2292], [-70.30573, 18.22961], [-70.31103, 18.2277], [-70.31823, 18.22812], [-70.32032, 18.22725], [-70.32416, 18.22663], [-70.32612, 18.22695], [-70.33483, 18.22638], [-70.33787, 18.22683], [-70.34464, 18.22911], [-70.35225, 18.23085], [-70.35669, 18.23103], [-70.36234, 18.23042], [-70.37164, 18.23104], [-70.37496, 18.23206], [-70.38268, 18.23596], [-70.38532, 18.23636], [-70.38531, 18.23678], [-70.39203, 18.23731], [-70.39544, 18.23686], [-70.39939, 18.23561], [-70.41092, 18.23035], [-70.4122, 18.23077], [-70.41754, 18.22947], [-70.41973, 18.22992], [-70.42302, 18.22845], [-70.42339, 18.23112], [-70.42286, 18.23304], [-70.42293, 18.23432], [-70.42456, 18.22722], [-70.43183, 18.22386], [-70.45443, 18.20984], [-70.45752, 18.20839], [-70.46388, 18.20384], [-70.46918, 18.20268], [-70.47144, 18.20298], [-70.47359, 18.20182], [-70.48052, 18.20001], [-70.49166, 18.1957], [-70.49787, 18.19432], [-70.50135, 18.19286], [-70.50551, 18.193], [-70.50872, 18.19481], [-70.51314, 18.19418], [-70.51405, 18.1945], [-70.51607, 18.19763], [-70.51881, 18.19994], [-70.52357, 18.20528], [-70.5279, 18.20676], [-70.53375, 18.20688], [-70.54224, 18.20442], [-70.54912, 18.20378], [-70.55231, 18.2029], [-70.55364, 18.20345], [-70.55695, 18.20286], [-70.55871, 18.20368], [-70.5622, 18.20359], [-70.5639, 18.20406], [-70.56737, 18.2077], [-70.56746, 18.20961], [-70.56703, 18.21022], [-70.56618, 18.21003], [-70.56581, 18.20935], [-70.56474, 18.20922], [-70.56389, 18.20991], [-70.56441, 18.21188], [-70.56033, 18.21845], [-70.56048, 18.21934], [-70.55956, 18.21996], [-70.5595, 18.22078], [-70.55184, 18.22547], [-70.54765, 18.22882], [-70.54574, 18.22864], [-70.54553, 18.22805], [-70.54937, 18.2241], [-70.55012, 18.22126], [-70.55015, 18.21855], [-70.54903, 18.21405], [-70.54674, 18.21264], [-70.54588, 18.21258], [-70.54482, 18.21356], [-70.54414, 18.21302], [-70.54125, 18.21329], [-70.53855, 18.21416], [-70.53631, 18.21353], [-70.53591, 18.2138], [-70.53626, 18.2151], [-70.53438, 18.21575], [-70.53005, 18.21439], [-70.52743, 18.21464], [-70.52286, 18.21331], [-70.51803, 18.21491], [-70.51667, 18.21602], [-70.51582, 18.21554], [-70.51178, 18.21803], [-70.51114, 18.21851], [-70.5118, 18.21966], [-70.51186, 18.22138], [-70.51396, 18.22363], [-70.51458, 18.2253], [-70.51853, 18.22772], [-70.51964, 18.22939], [-70.52129, 18.22946], [-70.52248, 18.23025], [-70.52411, 18.23054], [-70.5273, 18.22932], [-70.5276, 18.23154], [-70.52958, 18.23229], [-70.52951, 18.2336], [-70.53014, 18.23391], [-70.53064, 18.23383], [-70.53063, 18.23255], [-70.53179, 18.22964], [-70.53347, 18.22956], [-70.53464, 18.23181], [-70.53766, 18.23518], [-70.54062, 18.23734], [-70.54205, 18.23751], [-70.54301, 18.23823], [-70.54284, 18.24059], [-70.54342, 18.24158], [-70.54542, 18.24293], [-70.54731, 18.24521], [-70.54922, 18.24613], [-70.54969, 18.24846], [-70.55113, 18.25061], [-70.55379, 18.25185], [-70.55628, 18.25187], [-70.55767, 18.25351], [-70.55886, 18.25312], [-70.55919, 18.25377], [-70.55886, 18.25499], [-70.56024, 18.25674], [-70.56361, 18.2575], [-70.56933, 18.25768], [-70.57124, 18.25944], [-70.57477, 18.25921], [-70.57831, 18.2631], [-70.57832, 18.26437], [-70.58036, 18.26899], [-70.58495, 18.27186], [-70.58799, 18.2727], [-70.5847, 18.275], [-70.5818, 18.27843], [-70.5801, 18.27955], [-70.57342, 18.27975], [-70.56791, 18.27863], [-70.56334, 18.27867], [-70.55852, 18.28156], [-70.55712, 18.28193], [-70.54855, 18.282], [-70.54426, 18.28292], [-70.54109, 18.28286], [-70.5395, 18.2818], [-70.53698, 18.28147], [-70.52355, 18.2814], [-70.5181, 18.2841], [-70.51471, 18.28777], [-70.512, 18.28906], [-70.50492, 18.28798], [-70.50241, 18.2884], [-70.49825, 18.29197], [-70.49503, 18.30008], [-70.49324, 18.30317], [-70.49111, 18.31161], [-70.48822, 18.31845], [-70.48682, 18.32357], [-70.48718, 18.32834], [-70.48795, 18.33105], [-70.48775, 18.338], [-70.48817, 18.34403], [-70.49052, 18.35075], [-70.4902, 18.35661], [-70.48843, 18.3631], [-70.48645, 18.36705], [-70.48677, 18.36802], [-70.47943, 18.37707], [-70.47773, 18.3798], [-70.47406, 18.38344], [-70.47333, 18.38481], [-70.47386, 18.38821], [-70.4735, 18.38969], [-70.47147, 18.39259], [-70.4704, 18.39512], [-70.47124, 18.40039], [-70.46968, 18.40571], [-70.46948, 18.41109], [-70.47068, 18.41382], [-70.47195, 18.41533], [-70.47374, 18.41709], [-70.47814, 18.41995], [-70.47759, 18.42174], [-70.47802, 18.42389], [-70.47693, 18.42534], [-70.47718, 18.42672], [-70.47623, 18.42796], [-70.47703, 18.4289], [-70.47533, 18.42997], [-70.47547, 18.43182], [-70.47363, 18.43466], [-70.47293, 18.43696], [-70.47086, 18.43782], [-70.46983, 18.43945], [-70.47011, 18.44165], [-70.46922, 18.44227], [-70.4691, 18.44341], [-70.46841, 18.44423], [-70.46896, 18.44632], [-70.47032, 18.4471], [-70.47062, 18.44779], [-70.46922, 18.45101], [-70.46768, 18.4527], [-70.46551, 18.45235], [-70.46499, 18.45284], [-70.46532, 18.45365], [-70.46391, 18.45402], [-70.46313, 18.45483], [-70.4621, 18.4547], [-70.46035, 18.45534], [-70.45938, 18.45622], [-70.45865, 18.45599], [-70.45782, 18.45678], [-70.45767, 18.45582], [-70.45544, 18.45396], [-70.45384, 18.45371], [-70.45298, 18.45436], [-70.4528, 18.45357], [-70.45174, 18.45351], [-70.45066, 18.45477], [-70.45103, 18.45729], [-70.44995, 18.45745], [-70.44881, 18.45576], [-70.44837, 18.4565], [-70.44583, 18.45684], [-70.44576, 18.45762], [-70.44503, 18.45791], [-70.44472, 18.4566], [-70.44364, 18.45537], [-70.44224, 18.45486], [-70.44143, 18.4552], [-70.43989, 18.45842], [-70.43833, 18.45906], [-70.43702, 18.46178], [-70.43186, 18.46456], [-70.43059, 18.46467], [-70.42935, 18.46761], [-70.42884, 18.46768], [-70.42649, 18.46598], [-70.42396, 18.46676], [-70.42208, 18.46662], [-70.42141, 18.46595], [-70.40445, 18.47217], [-70.39965, 18.47237], [-70.39659, 18.47398], [-70.39564, 18.47606], [-70.39368, 18.4776], [-70.38968, 18.47867], [-70.38857, 18.47968], [-70.38725, 18.47935], [-70.38748, 18.47852], [-70.38656, 18.47823], [-70.38299, 18.47938], [-70.38142, 18.48138], [-70.37976, 18.48118], [-70.37918, 18.4816], [-70.37898, 18.48312], [-70.37681, 18.48265], [-70.37638, 18.48327], [-70.374, 18.48336], [-70.37352, 18.48563], [-70.37186, 18.48613], [-70.37065, 18.48786], [-70.37202, 18.48833], [-70.37255, 18.48952], [-70.37041, 18.49254], [-70.37037, 18.4937], [-70.36695, 18.49716], [-70.36517, 18.49715], [-70.36482, 18.49846], [-70.36343, 18.49873], [-70.3615, 18.50003], [-70.36131, 18.50243], [-70.35723, 18.50364], [-70.35695, 18.50486], [-70.35758, 18.50676], [-70.35681, 18.50723], [-70.35503, 18.50755], [-70.35208, 18.50724], [-70.34802, 18.50416], [-70.34662, 18.50234], [-70.34593, 18.50219], [-70.33918, 18.50422], [-70.33835, 18.50345], [-70.33936, 18.502], [-70.33962, 18.5006], [-70.33926, 18.49975], [-70.33861, 18.49959], [-70.33767, 18.49972], [-70.33563, 18.5019], [-70.33525, 18.50452], [-70.33577, 18.50662], [-70.33041, 18.50934], [-70.3293, 18.5081], [-70.32928, 18.50519], [-70.33008, 18.50464], [-70.33021, 18.5037], [-70.32916, 18.50218]]]}}, {"type": "Feature", "properties": {"COD_PROV": "18", "PROVINCIA": "PUERTO PLATA", "NOMBRE": "Puerto Plata", "N_MUNICIPIOS": 9}, "geometry": {"type": "MultiPolygon", "coordinates": [[[[-70.73942, 19.83553], [-70.74108, 19.83549], [-70.74129, 19.83615], [-70.7401, 19.83685], [-70.73942, 19.83553]]], [[[-70.9952, 19.93142], [-70.9929, 19.93032], [-70.98893, 19.92997], [-70.98666, 19.92844], [-70.98299, 19.92686], [-70.9814, 19.92561], [-70.98005, 19.92523], [-70.97959, 19.92426], [-70.97747, 19.92256], [-70.97603, 19.92165], [-70.97246, 19.92056], [-70.96772, 19.91683], [-70.96257, 19.91642], [-70.95693, 19.91375], [-70.95536, 19.91357], [-70.95193, 19.91124], [-70.9501, 19.91072], [-70.94891, 19.90951], [-70.94434, 19.9076], [-70.94286, 19.9063], [-70.94249, 19.90515], [-70.94396, 19.90233], [-70.94495, 19.90143], [-70.94749, 19.90119], [-70.94852, 19.90203], [-70.95079, 19.90234], [-70.95134, 19.90302], [-70.95198, 19.90226], [-70.95341, 19.90319], [-70.95343, 19.9023], [-70.95392, 19.902], [-70.95338, 19.90207], [-70.95336, 19.90133], [-70.95388, 19.90102], [-70.95644, 19.90245], [-70.95711, 19.90349], [-70.95788, 19.9032], [-70.95789, 19.90237], [-70.9549, 19.9008], [-70.95463, 19.90004], [-70.95336, 19.90035], [-70.953, 19.89994], [-70.95475, 19.89929], [-70.95611, 19.90008], [-70.95683, 19.89996], [-70.95786, 19.89896], [-70.95777, 19.89832], [-70.95948, 19.8982], [-70.96027, 19.89729], [-70.959, 19.89686], [-70.95891, 19.8963], [-70.95738, 19.89609], [-70.95711, 19.89553], [-70.95635, 19.89564], [-70.95642, 19.89481], [-70.95536, 19.89496], [-70.95481, 19.89404], [-70.95415, 19.89409], [-70.95277, 19.89524], [-70.95197, 19.89772], [-70.94548, 19.89945], [-70.94388, 19.90125], [-70.94332, 19.90118], [-70.9418, 19.89969], [-70.94214, 19.89884], [-70.94087, 19.89722], [-70.94222, 19.89585], [-70.94153, 19.89532], [-70.93941, 19.89502], [-70.93895, 19.89416], [-70.93716, 19.89315], [-70.93354, 19.89578], [-70.93301, 19.89406], [-70.93395, 19.88996], [-70.9314, 19.89221], [-70.93093, 19.8956], [-70.93141, 19.89653], [-70.93335, 19.89748], [-70.93442, 19.89747], [-70.93572, 19.89899], [-70.93787, 19.89998], [-70.94035, 19.89999], [-70.9413, 19.90363], [-70.94017, 19.9072], [-70.93875, 19.90967], [-70.93529, 19.91397], [-70.93296, 19.91573], [-70.93039, 19.9158], [-70.92692, 19.91501], [-70.9241, 19.91318], [-70.92064, 19.90975], [-70.91728, 19.90801], [-70.91305, 19.9083], [-70.91106, 19.90646], [-70.91054, 19.90638], [-70.91021, 19.90695], [-70.90918, 19.90684], [-70.90831, 19.90568], [-70.90841, 19.90365], [-70.90786, 19.90362], [-70.90693, 19.90492], [-70.9043, 19.90325], [-70.90252, 19.90468], [-70.90025, 19.9043], [-70.89957, 19.90476], [-70.89642, 19.90504], [-70.89517, 19.90498], [-70.89399, 19.90408], [-70.89257, 19.9047], [-70.89166, 19.90453], [-70.88852, 19.90327], [-70.88709, 19.90501], [-70.88638, 19.90502], [-70.88403, 19.90398], [-70.88383, 19.90335], [-70.88461, 19.90187], [-70.88409, 19.90128], [-70.88133, 19.90009], [-70.87852, 19.90033], [-70.87779, 19.90152], [-70.87778, 19.90345], [-70.87698, 19.90382], [-70.8751, 19.90295], [-70.87577, 19.90471], [-70.87319, 19.90576], [-70.87167, 19.90503], [-70.87037, 19.90504], [-70.86993, 19.9045], [-70.87014, 19.90402], [-70.86927, 19.90315], [-70.86776, 19.90303], [-70.86652, 19.90209], [-70.86386, 19.90273], [-70.86255, 19.90111], [-70.8608, 19.90211], [-70.86028, 19.90433], [-70.85813, 19.90503], [-70.85735, 19.906], [-70.85651, 19.90635], [-70.85555, 19.90561], [-70.85403, 19.90569], [-70.85261, 19.90673], [-70.8513, 19.90599], [-70.84989, 19.90591], [-70.84942, 19.90639], [-70.84929, 19.90798], [-70.84838, 19.90841], [-70.84714, 19.90767], [-70.84792, 19.9061], [-70.8477, 19.90555], [-70.8461, 19.90427], [-70.84151, 19.90582], [-70.83808, 19.90516], [-70.83797, 19.90468], [-70.83926, 19.90273], [-70.83789, 19.90178], [-70.83652, 19.89993], [-70.83799, 19.89732], [-70.83802, 19.89373], [-70.83524, 19.89009], [-70.83555, 19.88939], [-70.83519, 19.88893], [-70.83339, 19.88867], [-70.83251, 19.8895], [-70.83061, 19.8897], [-70.83097, 19.88819], [-70.82926, 19.88694], [-70.82838, 19.88511], [-70.82432, 19.8825], [-70.82251, 19.88231], [-70.82094, 19.88315], [-70.81877, 19.88234], [-70.81749, 19.88325], [-70.81403, 19.88329], [-70.81118, 19.88215], [-70.81099, 19.88147], [-70.81159, 19.88111], [-70.80987, 19.8813], [-70.80806, 19.88018], [-70.80733, 19.8787], [-70.80788, 19.87762], [-70.80586, 19.87548], [-70.80488, 19.87595], [-70.80449, 19.8756], [-70.80412, 19.87402], [-70.80287, 19.87297], [-70.80265, 19.87033], [-70.80196, 19.86964], [-70.80075, 19.86962], [-70.79995, 19.86903], [-70.7995, 19.86779], [-70.79978, 19.86637], [-70.79889, 19.86608], [-70.79855, 19.86487], [-70.79755, 19.86474], [-70.79734, 19.86505], [-70.79796, 19.86585], [-70.79721, 19.86596], [-70.79548, 19.86442], [-70.79447, 19.86041], [-70.79378, 19.85974], [-70.7942, 19.85899], [-70.79603, 19.85948], [-70.79767, 19.8593], [-70.79732, 19.86028], [-70.79865, 19.8606], [-70.79977, 19.86181], [-70.79978, 19.86228], [-70.79853, 19.8626], [-70.79871, 19.86307], [-70.8, 19.86319], [-70.8004, 19.86424], [-70.80195, 19.86444], [-70.80224, 19.86583], [-70.80426, 19.86588], [-70.80647, 19.8645], [-70.80603, 19.86389], [-70.80416, 19.86363], [-70.80314, 19.86228], [-70.80167, 19.86152], [-70.80219, 19.86046], [-70.80361, 19.85955], [-70.80334, 19.8585], [-70.80223, 19.85808], [-70.80105, 19.85868], [-70.79876, 19.85756], [-70.79722, 19.85485], [-70.79509, 19.85712], [-70.7907, 19.85879], [-70.79009, 19.85806], [-70.78993, 19.8564], [-70.78762, 19.85511], [-70.78671, 19.85336], [-70.78548, 19.85222], [-70.78583, 19.8509], [-70.78408, 19.84824], [-70.77769, 19.84215], [-70.77907, 19.83798], [-70.78285, 19.83559], [-70.78441, 19.83363], [-70.78392, 19.83118], [-70.78121, 19.82888], [-70.77844, 19.82872], [-70.77711, 19.82908], [-70.7755, 19.83027], [-70.77375, 19.83294], [-70.77268, 19.83377], [-70.7719, 19.83665], [-70.77123, 19.83716], [-70.76995, 19.83611], [-70.76735, 19.8361], [-70.7647, 19.83455], [-70.76094, 19.83565], [-70.7602, 19.83685], [-70.75809, 19.8367], [-70.75755, 19.83711], [-70.75794, 19.83833], [-70.7577, 19.83929], [-70.75691, 19.83799], [-70.7548, 19.8377], [-70.75345, 19.83695], [-70.75259, 19.83803], [-70.74968, 19.8378], [-70.74995, 19.83841], [-70.74888, 19.83883], [-70.74676, 19.83788], [-70.74666, 19.83834], [-70.7447, 19.83779], [-70.74378, 19.83673], [-70.74292, 19.83708], [-70.74266, 19.83569], [-70.74121, 19.83341], [-70.73769, 19.83286], [-70.73789, 19.83063], [-70.73739, 19.83031], [-70.73555, 19.83088], [-70.73456, 19.83041], [-70.73408, 19.82937], [-70.73498, 19.82826], [-70.73456, 19.82716], [-70.73171, 19.82747], [-70.73057, 19.82704], [-70.73033, 19.82804], [-70.73143, 19.82868], [-70.72969, 19.82867], [-70.72924, 19.82795], [-70.72966, 19.8265], [-70.72906, 19.82651], [-70.72882, 19.82524], [-70.72976, 19.8238], [-70.72928, 19.82326], [-70.72935, 19.82145], [-70.72858, 19.82045], [-70.72623, 19.82006], [-70.72545, 19.82038], [-70.72455, 19.82178], [-70.72375, 19.82166], [-70.72349, 19.8205], [-70.72288, 19.82035], [-70.72272, 19.81978], [-70.72323, 19.81934], [-70.72127, 19.81783], [-70.72, 19.81722], [-70.71678, 19.81693], [-70.71441, 19.81508], [-70.71174, 19.81553], [-70.70942, 19.81334], [-70.70938, 19.81252], [-70.70846, 19.81126], [-70.70752, 19.81092], [-70.70405, 19.80784], [-70.70218, 19.807], [-70.70197, 19.8064], [-70.70308, 19.80521], [-70.70432, 19.80565], [-70.70581, 19.80467], [-70.70638, 19.80214], [-70.70499, 19.79968], [-70.70191, 19.7985], [-70.70133, 19.80069], [-70.70071, 19.80119], [-70.70024, 19.80103], [-70.70035, 19.7999], [-70.70135, 19.79806], [-70.69925, 19.79813], [-70.69825, 19.79902], [-70.69872, 19.80215], [-70.69831, 19.80228], [-70.697, 19.80108], [-70.69663, 19.80172], [-70.69527, 19.80224], [-70.69653, 19.80509], [-70.69573, 19.80565], [-70.69347, 19.8038], [-70.69197, 19.8032], [-70.69218, 19.80158], [-70.69291, 19.8013], [-70.69232, 19.80062], [-70.68847, 19.79828], [-70.68594, 19.79779], [-70.68247, 19.79479], [-70.68068, 19.79462], [-70.67787, 19.79275], [-70.67646, 19.79264], [-70.67238, 19.79063], [-70.67065, 19.79025], [-70.66933, 19.78751], [-70.66744, 19.78596], [-70.66503, 19.78696], [-70.65967, 19.78488], [-70.6578, 19.78156], [-70.65731, 19.77941], [-70.65411, 19.77721], [-70.65053, 19.77347], [-70.6477, 19.77248], [-70.64556, 19.7724], [-70.64331, 19.77287], [-70.643, 19.77354], [-70.64166, 19.77388], [-70.64036, 19.77297], [-70.63874, 19.77279], [-70.63779, 19.77181], [-70.63829, 19.76953], [-70.63813, 19.76709], [-70.63713, 19.76612], [-70.63524, 19.76587], [-70.63202, 19.76393], [-70.62789, 19.76363], [-70.6249, 19.76482], [-70.62324, 19.76626], [-70.62178, 19.76924], [-70.6196, 19.77014], [-70.61732, 19.76721], [-70.61191, 19.76469], [-70.60576, 19.76073], [-70.6014, 19.75959], [-70.59619, 19.75899], [-70.59396, 19.75918], [-70.59347, 19.75821], [-70.59123, 19.75659], [-70.58824, 19.75578], [-70.58712, 19.75587], [-70.5853, 19.75712], [-70.58218, 19.75736], [-70.58025, 19.75954], [-70.57715, 19.76002], [-70.57406, 19.7597], [-70.573, 19.76051], [-70.57154, 19.76068], [-70.57117, 19.76155], [-70.56972, 19.76182], [-70.56925, 19.76336], [-70.56598, 19.76407], [-70.56589, 19.76464], [-70.5637, 19.76411], [-70.56357, 19.76269], [-70.56271, 19.76203], [-70.56066, 19.76271], [-70.56003, 19.76431], [-70.55793, 19.76463], [-70.5539, 19.76195], [-70.55406, 19.76119], [-70.55336, 19.76089], [-70.55362, 19.76022], [-70.55294, 19.75862], [-70.55161, 19.75819], [-70.55129, 19.75712], [-70.54958, 19.7562], [-70.54905, 19.75479], [-70.54792, 19.75514], [-70.54719, 19.75422], [-70.54457, 19.75596], [-70.54135, 19.75674], [-70.53855, 19.75562], [-70.53764, 19.75427], [-70.53659, 19.75455], [-70.53659, 19.75546], [-70.53583, 19.75601], [-70.53057, 19.75651], [-70.52826, 19.75581], [-70.52864, 19.75435], [-70.52827, 19.7532], [-70.52738, 19.75298], [-70.52635, 19.75342], [-70.52642, 19.75497], [-70.5246, 19.75483], [-70.52371, 19.75406], [-70.52168, 19.75488], [-70.51836, 19.75468], [-70.51764, 19.75604], [-70.51717, 19.76055], [-70.5174, 19.76136], [-70.52003, 19.76139], [-70.52029, 19.76311], [-70.51877, 19.7637], [-70.51845, 19.76438], [-70.51893, 19.76573], [-70.51854, 19.76776], [-70.51352, 19.7725], [-70.51321, 19.7753], [-70.51409, 19.77733], [-70.51281, 19.77884], [-70.50865, 19.78024], [-70.50578, 19.7806], [-70.50313, 19.78226], [-70.49156, 19.78338], [-70.49099, 19.784], [-70.48976, 19.78421], [-70.48695, 19.78383], [-70.48459, 19.78473], [-70.48314, 19.78433], [-70.48092, 19.78497], [-70.4789, 19.78437], [-70.47668, 19.78527], [-70.47532, 19.78423], [-70.47286, 19.78478], [-70.47213, 19.78411], [-70.46943, 19.78357], [-70.46658, 19.78482], [-70.46226, 19.78414], [-70.458, 19.78473], [-70.45697, 19.78408], [-70.45541, 19.78435], [-70.45205, 19.78355], [-70.45021, 19.78255], [-70.44853, 19.78236], [-70.44544, 19.78024], [-70.44365, 19.77969], [-70.44214, 19.77986], [-70.43627, 19.77535], [-70.42972, 19.76723], [-70.42636, 19.76532], [-70.42371, 19.76478], [-70.42224, 19.76336], [-70.42046, 19.76301], [-70.4194, 19.75996], [-70.41647, 19.75743], [-70.4129, 19.75264], [-70.41041, 19.75124], [-70.40753, 19.75078], [-70.40455, 19.75112], [-70.40256, 19.7524], [-70.40092, 19.75252], [-70.39142, 19.74282], [-70.38858, 19.73876], [-70.38591, 19.73301], [-70.37831, 19.72431], [-70.37151, 19.71354], [-70.3715, 19.71238], [-70.36961, 19.71074], [-70.36954, 19.71037], [-70.37122, 19.71122], [-70.37505, 19.71402], [-70.37649, 19.71316], [-70.37636, 19.71158], [-70.37229, 19.70836], [-70.37207, 19.70601], [-70.37033, 19.70227], [-70.37127, 19.70058], [-70.37224, 19.70054], [-70.37464, 19.70264], [-70.37628, 19.7029], [-70.37713, 19.70248], [-70.381, 19.69761], [-70.38089, 19.69662], [-70.37661, 19.69623], [-70.37553, 19.69533], [-70.3755, 19.6911], [-70.37427, 19.68808], [-70.3744, 19.68648], [-70.37354, 19.68478], [-70.37192, 19.68389], [-70.36995, 19.68169], [-70.36898, 19.67953], [-70.36784, 19.67868], [-70.36739, 19.67713], [-70.36792, 19.67586], [-70.37025, 19.67503], [-70.37409, 19.67187], [-70.37588, 19.67116], [-70.37819, 19.67064], [-70.38383, 19.67151], [-70.3884, 19.67127], [-70.39624, 19.66789], [-70.39795, 19.665], [-70.3954, 19.66395], [-70.39322, 19.65987], [-70.38959, 19.66069], [-70.38841, 19.66], [-70.3886, 19.65774], [-70.38919, 19.65705], [-70.39403, 19.65685], [-70.39499, 19.65633], [-70.39503, 19.65412], [-70.39568, 19.65389], [-70.39623, 19.65451], [-70.39698, 19.65841], [-70.39917, 19.66354], [-70.40201, 19.66596], [-70.40308, 19.66572], [-70.40432, 19.6643], [-70.40069, 19.65936], [-70.4014, 19.65793], [-70.40336, 19.65828], [-70.40515, 19.66026], [-70.40865, 19.66046], [-70.40873, 19.66127], [-70.41095, 19.66375], [-70.41364, 19.66211], [-70.41448, 19.66078], [-70.41432, 19.66012], [-70.40948, 19.65714], [-70.40978, 19.65618], [-70.41334, 19.65475], [-70.41493, 19.65515], [-70.41582, 19.65364], [-70.41757, 19.65476], [-70.42192, 19.65422], [-70.42571, 19.65651], [-70.42608, 19.6573], [-70.42536, 19.65764], [-70.42567, 19.65826], [-70.42747, 19.65967], [-70.42742, 19.6604], [-70.43146, 19.66467], [-70.43553, 19.66532], [-70.43536, 19.66623], [-70.43293, 19.66829], [-70.43443, 19.6689], [-70.43693, 19.66752], [-70.43864, 19.6645], [-70.43991, 19.66383], [-70.44269, 19.66381], [-70.44388, 19.66451], [-70.44505, 19.66417], [-70.44662, 19.66299], [-70.44718, 19.65994], [-70.44778, 19.66033], [-70.44877, 19.659], [-70.44916, 19.65895], [-70.44926, 19.66007], [-70.45019, 19.66122], [-70.454, 19.66297], [-70.45617, 19.66457], [-70.45761, 19.66427], [-70.45873, 19.66294], [-70.46018, 19.66288], [-70.46087, 19.66213], [-70.46069, 19.66164], [-70.45737, 19.65785], [-70.4579, 19.65438], [-70.46009, 19.65331], [-70.46227, 19.65313], [-70.46429, 19.65402], [-70.46466, 19.65474], [-70.46375, 19.65573], [-70.46371, 19.65672], [-70.46284, 19.65818], [-70.46364, 19.6595], [-70.4655, 19.6606], [-70.46785, 19.66042], [-70.46806, 19.65979], [-70.46691, 19.65848], [-70.46734, 19.6574], [-70.46891, 19.65709], [-70.46995, 19.65593], [-70.47353, 19.65523], [-70.4742, 19.65639], [-70.47534, 19.65646], [-70.47552, 19.65687], [-70.47287, 19.65946], [-70.47318, 19.66013], [-70.47476, 19.66078], [-70.47577, 19.66089], [-70.47738, 19.66009], [-70.47994, 19.6575], [-70.4812, 19.65699], [-70.48274, 19.65756], [-70.48491, 19.66048], [-70.48604, 19.66031], [-70.48722, 19.65809], [-70.48929, 19.65883], [-70.4923, 19.6588], [-70.49396, 19.65947], [-70.49429, 19.66114], [-70.49345, 19.66219], [-70.4944, 19.66222], [-70.49656, 19.66034], [-70.49739, 19.66013], [-70.5003, 19.66099], [-70.50209, 19.65908], [-70.50233, 19.65319], [-70.49956, 19.64562], [-70.50024, 19.63927], [-70.49964, 19.63151], [-70.50051, 19.62183], [-70.50092, 19.61991], [-70.50199, 19.61872], [-70.5062, 19.61607], [-70.50651, 19.61427], [-70.50746, 19.61362], [-70.50741, 19.60983], [-70.50617, 19.60648], [-70.49909, 19.59962], [-70.49632, 19.59613], [-70.4944, 19.58594], [-70.49072, 19.57874], [-70.48886, 19.57343], [-70.48908, 19.56906], [-70.48971, 19.56677], [-70.49554, 19.55366], [-70.49654, 19.54972], [-70.49737, 19.54867], [-70.49921, 19.54815], [-70.50372, 19.54933], [-70.50678, 19.5519], [-70.5065, 19.55406], [-70.50446, 19.55795], [-70.50503, 19.56074], [-70.50588, 19.56165], [-70.50529, 19.56218], [-70.50583, 19.56308], [-70.50499, 19.56484], [-70.50619, 19.56524], [-70.50479, 19.56739], [-70.50629, 19.56838], [-70.50885, 19.56811], [-70.50992, 19.56902], [-70.51054, 19.56893], [-70.51329, 19.571], [-70.5141, 19.57225], [-70.51614, 19.57349], [-70.51659, 19.57407], [-70.51501, 19.57559], [-70.51477, 19.57802], [-70.51558, 19.57968], [-70.52115, 19.57705], [-70.52387, 19.57336], [-70.5287, 19.5719], [-70.53406, 19.56862], [-70.53661, 19.56251], [-70.53665, 19.56113], [-70.53448, 19.55074], [-70.53493, 19.54652], [-70.53607, 19.54532], [-70.53666, 19.54382], [-70.53645, 19.5426], [-70.53537, 19.54142], [-70.5339, 19.53795], [-70.53362, 19.53565], [-70.53489, 19.53157], [-70.53415, 19.52807], [-70.53512, 19.52663], [-70.53896, 19.5254], [-70.53993, 19.52446], [-70.54002, 19.52356], [-70.53966, 19.521], [-70.53742, 19.51702], [-70.53608, 19.51292], [-70.53616, 19.51209], [-70.53703, 19.5122], [-70.54356, 19.51596], [-70.5444, 19.51604], [-70.54951, 19.52012], [-70.55643, 19.52442], [-70.56101, 19.52616], [-70.56677, 19.53091], [-70.57124, 19.53295], [-70.57375, 19.53337], [-70.57555, 19.53422], [-70.57438, 19.53652], [-70.5754, 19.53972], [-70.57449, 19.54097], [-70.57252, 19.54214], [-70.57316, 19.54377], [-70.57527, 19.54523], [-70.57796, 19.54542], [-70.58222, 19.54313], [-70.58538, 19.54218], [-70.58861, 19.54294], [-70.59189, 19.54481], [-70.59517, 19.54598], [-70.6039, 19.54567], [-70.6117, 19.5462], [-70.61686, 19.54514], [-70.61799, 19.54531], [-70.62678, 19.55067], [-70.62899, 19.55446], [-70.62885, 19.55503], [-70.62738, 19.55558], [-70.62719, 19.55614], [-70.62708, 19.5627], [-70.62909, 19.56402], [-70.63057, 19.5662], [-70.63307, 19.56746], [-70.63307, 19.57061], [-70.63468, 19.57198], [-70.63108, 19.57675], [-70.63042, 19.57923], [-70.63087, 19.58371], [-70.63017, 19.58568], [-70.63085, 19.58775], [-70.63077, 19.58957], [-70.63258, 19.59301], [-70.63259, 19.5946], [-70.63197, 19.59625], [-70.63487, 19.60048], [-70.63534, 19.60449], [-70.63481, 19.60566], [-70.63229, 19.60753], [-70.63105, 19.60785], [-70.63093, 19.60831], [-70.6321, 19.60953], [-70.63533, 19.61127], [-70.63641, 19.6158], [-70.64029, 19.61729], [-70.64073, 19.61811], [-70.64647, 19.62107], [-70.654, 19.62258], [-70.65754, 19.62252], [-70.6582, 19.62298], [-70.66247, 19.6225], [-70.66566, 19.62281], [-70.66621, 19.6239], [-70.66747, 19.62468], [-70.67188, 19.62617], [-70.67995, 19.62654], [-70.68137, 19.6274], [-70.68298, 19.62889], [-70.68457, 19.63238], [-70.68565, 19.63727], [-70.68497, 19.63952], [-70.6867, 19.64234], [-70.68836, 19.64656], [-70.69552, 19.64792], [-70.69713, 19.64951], [-70.70012, 19.65063], [-70.70285, 19.65092], [-70.70518, 19.64997], [-70.70697, 19.64821], [-70.70801, 19.64629], [-70.71028, 19.64503], [-70.71123, 19.64366], [-70.71163, 19.64071], [-70.71044, 19.63847], [-70.70953, 19.63505], [-70.71301, 19.62784], [-70.71296, 19.62555], [-70.71172, 19.623], [-70.70981, 19.62072], [-70.70807, 19.61967], [-70.70569, 19.61491], [-70.70525, 19.61236], [-70.70565, 19.61096], [-70.70779, 19.60833], [-70.70919, 19.60043], [-70.71067, 19.59792], [-70.71964, 19.59329], [-70.72558, 19.59076], [-70.73202, 19.58881], [-70.7347, 19.5859], [-70.73655, 19.58543], [-70.74375, 19.58123], [-70.74563, 19.58061], [-70.74855, 19.58045], [-70.75035, 19.58145], [-70.75209, 19.58441], [-70.75376, 19.59338], [-70.75571, 19.59723], [-70.75844, 19.5985], [-70.76138, 19.59912], [-70.76534, 19.59815], [-70.7671, 19.59839], [-70.76925, 19.5995], [-70.77316, 19.60043], [-70.77682, 19.60997], [-70.78392, 19.61591], [-70.78461, 19.61706], [-70.78361, 19.61869], [-70.78405, 19.61933], [-70.78762, 19.61999], [-70.78642, 19.62185], [-70.78692, 19.62258], [-70.7897, 19.6227], [-70.78982, 19.62464], [-70.79128, 19.62434], [-70.79176, 19.62365], [-70.79197, 19.62466], [-70.79334, 19.62525], [-70.79443, 19.6269], [-70.79531, 19.62685], [-70.80175, 19.63111], [-70.80332, 19.6311], [-70.80832, 19.63379], [-70.81075, 19.63431], [-70.81281, 19.63541], [-70.81468, 19.63561], [-70.81573, 19.63638], [-70.81649, 19.6362], [-70.81876, 19.63454], [-70.81635, 19.63006], [-70.81643, 19.62946], [-70.81791, 19.62847], [-70.81912, 19.62608], [-70.81986, 19.62603], [-70.82426, 19.63167], [-70.82618, 19.63196], [-70.8279, 19.63581], [-70.83202, 19.63639], [-70.83387, 19.6377], [-70.83667, 19.63791], [-70.83921, 19.63909], [-70.84129, 19.63861], [-70.84261, 19.64074], [-70.84597, 19.64223], [-70.84641, 19.64301], [-70.84895, 19.64318], [-70.85139, 19.64185], [-70.85291, 19.64221], [-70.85474, 19.64297], [-70.85536, 19.64473], [-70.85673, 19.64505], [-70.85901, 19.64462], [-70.86081, 19.64642], [-70.86333, 19.64735], [-70.8646, 19.64868], [-70.86608, 19.64902], [-70.86754, 19.65016], [-70.878, 19.6508], [-70.88128, 19.65359], [-70.88172, 19.65482], [-70.88137, 19.65606], [-70.88495, 19.65748], [-70.88574, 19.65707], [-70.88632, 19.65574], [-70.89008, 19.65515], [-70.89121, 19.65419], [-70.89424, 19.6539], [-70.89655, 19.65296], [-70.89934, 19.65289], [-70.9017, 19.65397], [-70.90392, 19.65263], [-70.90466, 19.65281], [-70.90566, 19.65225], [-70.90823, 19.65345], [-70.9115, 19.65274], [-70.91229, 19.65432], [-70.91422, 19.65547], [-70.91596, 19.65581], [-70.91664, 19.6566], [-70.91785, 19.65626], [-70.91999, 19.6565], [-70.92184, 19.65955], [-70.92263, 19.65986], [-70.92324, 19.66305], [-70.92365, 19.66362], [-70.92522, 19.66389], [-70.9255, 19.66584], [-70.92771, 19.66727], [-70.93037, 19.66733], [-70.932, 19.66789], [-70.93203, 19.66939], [-70.9347, 19.67109], [-70.9372, 19.6715], [-70.93886, 19.67407], [-70.94122, 19.67418], [-70.9435, 19.67238], [-70.94783, 19.67395], [-70.94953, 19.676], [-70.95143, 19.67467], [-70.95254, 19.67513], [-70.95346, 19.67687], [-70.95564, 19.67796], [-70.9571, 19.67954], [-70.96292, 19.68235], [-70.96668, 19.68624], [-70.96833, 19.68725], [-70.96942, 19.68884], [-70.97276, 19.69019], [-70.97675, 19.69297], [-70.98044, 19.69761], [-70.98155, 19.69833], [-70.98195, 19.69972], [-70.98421, 19.70195], [-70.98339, 19.70405], [-70.98444, 19.70587], [-70.9876, 19.70553], [-70.99059, 19.70593], [-70.99267, 19.70537], [-70.99627, 19.70574], [-70.99661, 19.70619], [-70.99616, 19.70845], [-70.99642, 19.7098], [-71.0009, 19.71306], [-71.00719, 19.71027], [-71.00845, 19.71011], [-71.01035, 19.71066], [-71.01396, 19.70978], [-71.01682, 19.71024], [-71.01966, 19.70963], [-71.02296, 19.71163], [-71.02679, 19.71088], [-71.03225, 19.7128], [-71.03828, 19.71377], [-71.04633, 19.71692], [-71.06013, 19.72051], [-71.06703, 19.72348], [-71.07026, 19.7266], [-71.07086, 19.72835], [-71.07019, 19.73041], [-71.07026, 19.73591], [-71.07146, 19.73713], [-71.07384, 19.73812], [-71.07669, 19.73808], [-71.08729, 19.74211], [-71.09215, 19.74217], [-71.09571, 19.74291], [-71.09692, 19.74428], [-71.10193, 19.7471], [-71.10583, 19.74864], [-71.11109, 19.75189], [-71.1136, 19.75295], [-71.11824, 19.75271], [-71.12116, 19.75653], [-71.12479, 19.756], [-71.12831, 19.75672], [-71.13187, 19.75568], [-71.13187, 19.75714], [-71.13272, 19.75754], [-71.13102, 19.75911], [-71.13033, 19.76104], [-71.13071, 19.76243], [-71.13401, 19.76378], [-71.14868, 19.76508], [-71.15669, 19.76637], [-71.17546, 19.76774], [-71.17743, 19.76818], [-71.18297, 19.77099], [-71.18552, 19.77105], [-71.18679, 19.76992], [-71.18904, 19.76952], [-71.19181, 19.77107], [-71.19358, 19.77096], [-71.19467, 19.77141], [-71.19625, 19.7726], [-71.19793, 19.77313], [-71.20162, 19.77672], [-71.20594, 19.77666], [-71.209, 19.77774], [-71.21248, 19.78077], [-71.21654, 19.78332], [-71.22054, 19.78326], [-71.22265, 19.78413], [-71.22398, 19.7854], [-71.22935, 19.7862], [-71.23185, 19.78892], [-71.23483, 19.79014], [-71.24099, 19.79657], [-71.24291, 19.79906], [-71.24337, 19.80049], [-71.24209, 19.80154], [-71.24128, 19.80357], [-71.23866, 19.80354], [-71.23655, 19.80456], [-71.235, 19.80596], [-71.23373, 19.80855], [-71.23385, 19.81019], [-71.23618, 19.81113], [-71.23604, 19.81218], [-71.23705, 19.81257], [-71.2451, 19.81258], [-71.24781, 19.8131], [-71.25006, 19.81497], [-71.25073, 19.81702], [-71.25387, 19.82141], [-71.25689, 19.82905], [-71.25618, 19.83065], [-71.25493, 19.83037], [-71.25468, 19.8294], [-71.25367, 19.82989], [-71.24894, 19.82875], [-71.24602, 19.83063], [-71.24438, 19.83015], [-71.24028, 19.83389], [-71.23681, 19.83441], [-71.23548, 19.83305], [-71.23451, 19.83316], [-71.23372, 19.83262], [-71.23328, 19.83284], [-71.23341, 19.83365], [-71.23187, 19.83466], [-71.22658, 19.83438], [-71.22095, 19.83777], [-71.21608, 19.83819], [-71.21529, 19.83881], [-71.21408, 19.84058], [-71.2132, 19.84359], [-71.2138, 19.84763], [-71.21459, 19.84956], [-71.21447, 19.85158], [-71.21313, 19.85407], [-71.21284, 19.85685], [-71.21008, 19.85788], [-71.21083, 19.86058], [-71.21078, 19.86092], [-71.20971, 19.86098], [-71.21171, 19.8613], [-71.21259, 19.86177], [-71.2129, 19.86258], [-71.21134, 19.86772], [-71.2124, 19.87026], [-71.20968, 19.86966], [-71.19924, 19.86339], [-71.19518, 19.86189], [-71.19399, 19.86098], [-71.19264, 19.85723], [-71.1899, 19.85532], [-71.18765, 19.85491], [-71.1877, 19.85697], [-71.18549, 19.85643], [-71.18523, 19.85539], [-71.18633, 19.85402], [-71.18471, 19.85277], [-71.18167, 19.85257], [-71.17789, 19.85398], [-71.1764, 19.85348], [-71.17643, 19.85271], [-71.17928, 19.85271], [-71.1807, 19.85197], [-71.17707, 19.8515], [-71.17458, 19.85018], [-71.17435, 19.84726], [-71.17541, 19.84234], [-71.17531, 19.84097], [-71.17901, 19.84093], [-71.18479, 19.84241], [-71.18589, 19.84285], [-71.1886, 19.84561], [-71.19098, 19.84383], [-71.18955, 19.83983], [-71.18788, 19.83784], [-71.18746, 19.83745], [-71.18589, 19.83753], [-71.18487, 19.83852], [-71.18405, 19.83821], [-71.18251, 19.83647], [-71.18263, 19.83492], [-71.18215, 19.8346], [-71.18132, 19.83454], [-71.17935, 19.83573], [-71.1786, 19.83568], [-71.17811, 19.83497], [-71.17275, 19.83919], [-71.17284, 19.84107], [-71.17143, 19.84284], [-71.17145, 19.84452], [-71.16805, 19.84651], [-71.16737, 19.84658], [-71.16604, 19.84524], [-71.16517, 19.84655], [-71.16356, 19.84666], [-71.16506, 19.84728], [-71.1654, 19.8479], [-71.16482, 19.85452], [-71.15809, 19.85321], [-71.15658, 19.85222], [-71.15215, 19.85255], [-71.14653, 19.85198], [-71.14482, 19.85247], [-71.14075, 19.85139], [-71.13973, 19.85166], [-71.13821, 19.85084], [-71.13742, 19.8512], [-71.13496, 19.85069], [-71.13002, 19.85586], [-71.12695, 19.85382], [-71.12709, 19.85305], [-71.12819, 19.85209], [-71.12798, 19.85077], [-71.1274, 19.85064], [-71.12664, 19.85119], [-71.12172, 19.8491], [-71.11979, 19.84934], [-71.11965, 19.85018], [-71.12014, 19.84959], [-71.12184, 19.8495], [-71.12216, 19.8507], [-71.12311, 19.85147], [-71.1223, 19.85252], [-71.12028, 19.85141], [-71.11774, 19.85148], [-71.11621, 19.85256], [-71.11725, 19.85262], [-71.11771, 19.8521], [-71.1186, 19.85257], [-71.11781, 19.85432], [-71.11634, 19.85398], [-71.11562, 19.85464], [-71.11579, 19.85559], [-71.11743, 19.85783], [-71.12496, 19.85361], [-71.12766, 19.85572], [-71.12892, 19.85814], [-71.13151, 19.85553], [-71.13534, 19.85373], [-71.13627, 19.85372], [-71.13952, 19.85531], [-71.14236, 19.85506], [-71.14375, 19.85592], [-71.14405, 19.85528], [-71.1457, 19.85531], [-71.14706, 19.85705], [-71.14984, 19.85731], [-71.15518, 19.85675], [-71.15782, 19.85779], [-71.16187, 19.86057], [-71.16573, 19.86115], [-71.16835, 19.86097], [-71.16999, 19.86022], [-71.16981, 19.85662], [-71.16929, 19.85546], [-71.17083, 19.85544], [-71.17286, 19.85389], [-71.17248, 19.85312], [-71.17306, 19.85292], [-71.17343, 19.8533], [-71.17476, 19.85273], [-71.17672, 19.85445], [-71.17829, 19.85663], [-71.17782, 19.85732], [-71.17415, 19.85691], [-71.1721, 19.85799], [-71.17163, 19.85883], [-71.17179, 19.8611], [-71.17094, 19.86232], [-71.16436, 19.86291], [-71.16084, 19.86137], [-71.15746, 19.85915], [-71.15466, 19.85813], [-71.14647, 19.85878], [-71.1423, 19.85734], [-71.13852, 19.85714], [-71.13568, 19.85618], [-71.13415, 19.85615], [-71.13208, 19.85664], [-71.13119, 19.85832], [-71.12964, 19.85988], [-71.12898, 19.86152], [-71.12626, 19.8622], [-71.12439, 19.86356], [-71.12198, 19.86379], [-71.1157, 19.86558], [-71.10599, 19.86654], [-71.09964, 19.86877], [-71.08861, 19.87485], [-71.08335, 19.8793], [-71.08028, 19.88317], [-71.0797, 19.88437], [-71.08032, 19.88604], [-71.08108, 19.88635], [-71.08151, 19.88723], [-71.08131, 19.88971], [-71.08188, 19.89387], [-71.08309, 19.89545], [-71.08426, 19.89528], [-71.08611, 19.8963], [-71.08607, 19.89686], [-71.08252, 19.89891], [-71.08168, 19.90025], [-71.07892, 19.9011], [-71.07706, 19.90456], [-71.07469, 19.90685], [-71.06979, 19.90871], [-71.0695, 19.90953], [-71.06828, 19.91048], [-71.06626, 19.91131], [-71.06429, 19.91053], [-71.06188, 19.91786], [-71.05986, 19.91887], [-71.05385, 19.92046], [-71.05066, 19.92078], [-71.04927, 19.92199], [-71.04478, 19.92229], [-71.0415, 19.92362], [-71.04055, 19.92531], [-71.03942, 19.92597], [-71.03674, 19.92643], [-71.03544, 19.92752], [-71.03305, 19.92777], [-71.03175, 19.92864], [-71.02899, 19.9282], [-71.02754, 19.9296], [-71.02453, 19.93093], [-71.0104, 19.93178], [-71.00681, 19.93138], [-71.00643, 19.93059], [-71.00132, 19.93211], [-70.9952, 19.93142]], [[-71.12234, 19.85916], [-71.12645, 19.85762], [-71.12615, 19.85581], [-71.12182, 19.85611], [-71.12175, 19.85703], [-71.11809, 19.8585], [-71.11743, 19.85898], [-71.11736, 19.85982], [-71.11885, 19.86057], [-71.12036, 19.86068], [-71.12234, 19.85916]]]]}}, {"type": "Feature", "properties": {"COD_PROV": "19", "PROVINCIA": "HERMANAS MIRABAL", "NOMBRE": "Hermanas Mirabal", "N_MUNICIPIOS": 3}, "geometry": {"type": "Polygon", "coordinates": [[[-70.30365, 19.55838], [-70.29865, 19.55483], [-70.29629, 19.5488], [-70.295, 19.54738], [-70.29356, 19.54707], [-70.29267, 19.54597], [-70.29049, 19.53638], [-70.28634, 19.53218], [-70.28335, 19.53092], [-70.27895, 19.53107], [-70.27121, 19.5303], [-70.26394, 19.52616], [-70.25636, 19.524], [-70.25444, 19.52393], [-70.25337, 19.52049], [-70.25156, 19.51854], [-70.24875, 19.51667], [-70.2476, 19.51502], [-70.24786, 19.51386], [-70.2493, 19.51275], [-70.25001, 19.51075], [-70.24986, 19.50905], [-70.24882, 19.50704], [-70.249, 19.5064], [-70.2511, 19.50322], [-70.24974, 19.49997], [-70.24996, 19.4979], [-70.25047, 19.49682], [-70.25306, 19.49549], [-70.25459, 19.4908], [-70.25787, 19.4868], [-70.26032, 19.48638], [-70.26495, 19.48682], [-70.2668, 19.48605], [-70.26902, 19.48616], [-70.27203, 19.48527], [-70.27343, 19.48597], [-70.27589, 19.48892], [-70.28109, 19.49065], [-70.28643, 19.48883], [-70.28898, 19.48747], [-70.29361, 19.48317], [-70.29521, 19.48228], [-70.29563, 19.48118], [-70.29565, 19.47941], [-70.29499, 19.47869], [-70.29537, 19.47747], [-70.29371, 19.475], [-70.29254, 19.47422], [-70.29302, 19.47229], [-70.2923, 19.47052], [-70.29229, 19.469], [-70.28939, 19.46843], [-70.28814, 19.46693], [-70.28828, 19.46603], [-70.28928, 19.46497], [-70.29034, 19.46508], [-70.29266, 19.46269], [-70.2948, 19.46164], [-70.29453, 19.46041], [-70.29383, 19.45971], [-70.28702, 19.4578], [-70.28632, 19.45857], [-70.28348, 19.45879], [-70.28239, 19.45796], [-70.28232, 19.45701], [-70.28356, 19.45295], [-70.28205, 19.45201], [-70.28046, 19.45172], [-70.27798, 19.44963], [-70.27714, 19.45118], [-70.27587, 19.45006], [-70.27348, 19.45091], [-70.27333, 19.45258], [-70.27208, 19.45409], [-70.27185, 19.45532], [-70.26902, 19.45503], [-70.2681, 19.45558], [-70.2671, 19.45516], [-70.26684, 19.45568], [-70.26733, 19.45794], [-70.26645, 19.45814], [-70.26586, 19.4589], [-70.26544, 19.45856], [-70.26561, 19.45743], [-70.26381, 19.45606], [-70.2633, 19.45507], [-70.26192, 19.45485], [-70.26148, 19.45557], [-70.26061, 19.45565], [-70.26033, 19.45467], [-70.26138, 19.45363], [-70.25888, 19.45236], [-70.25982, 19.45115], [-70.25836, 19.44871], [-70.26044, 19.44635], [-70.26247, 19.44537], [-70.26449, 19.44583], [-70.26601, 19.44802], [-70.26684, 19.44724], [-70.26783, 19.44779], [-70.26827, 19.44652], [-70.26903, 19.446], [-70.26982, 19.4468], [-70.27182, 19.44722], [-70.27562, 19.44636], [-70.27807, 19.4438], [-70.28018, 19.44299], [-70.27995, 19.441], [-70.28142, 19.44079], [-70.28001, 19.43844], [-70.27999, 19.4351], [-70.27905, 19.43361], [-70.28022, 19.4313], [-70.2808, 19.43127], [-70.28086, 19.43266], [-70.28189, 19.43247], [-70.28244, 19.43175], [-70.2838, 19.43159], [-70.28427, 19.43105], [-70.28407, 19.42861], [-70.2846, 19.42771], [-70.28492, 19.42754], [-70.28587, 19.42864], [-70.28724, 19.42751], [-70.28853, 19.42748], [-70.28942, 19.42675], [-70.29068, 19.42713], [-70.29173, 19.42666], [-70.29298, 19.42432], [-70.29502, 19.42354], [-70.29373, 19.42234], [-70.29411, 19.42012], [-70.29498, 19.41886], [-70.29693, 19.41812], [-70.29775, 19.41713], [-70.30113, 19.41602], [-70.30189, 19.41284], [-70.30308, 19.41411], [-70.30362, 19.41399], [-70.30559, 19.41139], [-70.30745, 19.41031], [-70.30808, 19.40899], [-70.30803, 19.40572], [-70.30904, 19.40494], [-70.30958, 19.40305], [-70.312, 19.39956], [-70.3146, 19.39672], [-70.31625, 19.39596], [-70.32167, 19.39608], [-70.32306, 19.39535], [-70.3232, 19.39422], [-70.32467, 19.39172], [-70.3224, 19.38749], [-70.32226, 19.3864], [-70.32288, 19.38493], [-70.32346, 19.37986], [-70.32459, 19.37769], [-70.32629, 19.37621], [-70.32814, 19.3756], [-70.32917, 19.37448], [-70.32816, 19.37332], [-70.32863, 19.37182], [-70.32838, 19.37016], [-70.32607, 19.36556], [-70.32807, 19.36268], [-70.33156, 19.35943], [-70.33334, 19.35562], [-70.33317, 19.35433], [-70.33467, 19.35367], [-70.33475, 19.35285], [-70.33623, 19.35103], [-70.33677, 19.34816], [-70.33838, 19.34483], [-70.33924, 19.344], [-70.33989, 19.34037], [-70.33778, 19.33415], [-70.33967, 19.33548], [-70.34063, 19.33757], [-70.34328, 19.34047], [-70.34447, 19.34256], [-70.3463, 19.34359], [-70.3494, 19.34345], [-70.35032, 19.34286], [-70.35085, 19.34165], [-70.35332, 19.34091], [-70.35241, 19.33832], [-70.35285, 19.33646], [-70.35188, 19.33554], [-70.35299, 19.33484], [-70.35096, 19.33307], [-70.34926, 19.33269], [-70.34899, 19.33354], [-70.34832, 19.33323], [-70.34812, 19.33253], [-70.34855, 19.33193], [-70.34627, 19.33187], [-70.34707, 19.33052], [-70.34538, 19.33044], [-70.34462, 19.32989], [-70.34567, 19.32957], [-70.34606, 19.32843], [-70.34608, 19.32883], [-70.34761, 19.32926], [-70.34778, 19.32883], [-70.34656, 19.32759], [-70.34915, 19.32626], [-70.34791, 19.3255], [-70.34771, 19.32354], [-70.349, 19.32022], [-70.34828, 19.31894], [-70.34839, 19.31616], [-70.34733, 19.31429], [-70.34781, 19.31319], [-70.34678, 19.31264], [-70.3472, 19.312], [-70.34591, 19.31119], [-70.34531, 19.31163], [-70.3437, 19.31107], [-70.34514, 19.30865], [-70.34546, 19.30942], [-70.34637, 19.3097], [-70.34669, 19.30901], [-70.34631, 19.30802], [-70.3467, 19.30769], [-70.34618, 19.30719], [-70.34669, 19.30653], [-70.34591, 19.30594], [-70.3463, 19.3052], [-70.34437, 19.30477], [-70.34417, 19.30431], [-70.34463, 19.30404], [-70.3437, 19.30302], [-70.34399, 19.30227], [-70.34339, 19.30213], [-70.34647, 19.30128], [-70.34546, 19.30033], [-70.34521, 19.29943], [-70.34379, 19.29907], [-70.34376, 19.29762], [-70.34314, 19.29762], [-70.34412, 19.29695], [-70.34618, 19.29695], [-70.3461, 19.29559], [-70.34698, 19.29475], [-70.34676, 19.29386], [-70.34921, 19.29334], [-70.34885, 19.29256], [-70.34809, 19.29273], [-70.34818, 19.2918], [-70.34969, 19.29154], [-70.35145, 19.29053], [-70.35217, 19.28539], [-70.35259, 19.28498], [-70.35339, 19.28533], [-70.35272, 19.28635], [-70.35315, 19.28711], [-70.35429, 19.28498], [-70.35444, 19.28324], [-70.35378, 19.28207], [-70.35557, 19.28219], [-70.35669, 19.28371], [-70.35772, 19.28353], [-70.35798, 19.28159], [-70.35959, 19.28239], [-70.36188, 19.28102], [-70.36194, 19.2816], [-70.36134, 19.28191], [-70.3623, 19.28234], [-70.36348, 19.28147], [-70.36369, 19.28044], [-70.3633, 19.27972], [-70.36262, 19.27978], [-70.3621, 19.27859], [-70.36274, 19.27762], [-70.36313, 19.27812], [-70.36436, 19.27713], [-70.3636, 19.27649], [-70.36341, 19.27571], [-70.36523, 19.27754], [-70.36651, 19.27627], [-70.36741, 19.27438], [-70.36629, 19.27316], [-70.36806, 19.27155], [-70.3672, 19.27003], [-70.36781, 19.26937], [-70.3678, 19.26702], [-70.36861, 19.26627], [-70.36723, 19.26556], [-70.3676, 19.26493], [-70.36874, 19.26479], [-70.36722, 19.26394], [-70.36753, 19.26335], [-70.36976, 19.26263], [-70.37015, 19.26185], [-70.36989, 19.26148], [-70.36928, 19.26164], [-70.36879, 19.2606], [-70.3679, 19.26083], [-70.36855, 19.25974], [-70.37059, 19.25928], [-70.37038, 19.25794], [-70.36976, 19.25794], [-70.37043, 19.25748], [-70.36987, 19.25718], [-70.36994, 19.25655], [-70.37058, 19.25622], [-70.36949, 19.25652], [-70.3687, 19.25611], [-70.36924, 19.25558], [-70.36922, 19.25453], [-70.3698, 19.25441], [-70.36974, 19.25526], [-70.37097, 19.25485], [-70.37097, 19.2535], [-70.36958, 19.25298], [-70.3706, 19.25186], [-70.37023, 19.25146], [-70.36875, 19.25205], [-70.3677, 19.25161], [-70.36809, 19.24993], [-70.36772, 19.24973], [-70.36834, 19.2485], [-70.3673, 19.2469], [-70.36597, 19.24716], [-70.36368, 19.24568], [-70.36277, 19.24656], [-70.36299, 19.24472], [-70.36148, 19.24394], [-70.36252, 19.24319], [-70.36138, 19.24179], [-70.36195, 19.24069], [-70.36163, 19.23905], [-70.35953, 19.23928], [-70.3608, 19.23748], [-70.36044, 19.23696], [-70.3595, 19.2369], [-70.36014, 19.23579], [-70.35963, 19.23436], [-70.36184, 19.23321], [-70.36095, 19.23255], [-70.35986, 19.23326], [-70.35969, 19.23269], [-70.36039, 19.23172], [-70.38704, 19.23191], [-70.40141, 19.22954], [-70.40835, 19.22987], [-70.40987, 19.23333], [-70.41062, 19.24031], [-70.4104, 19.2431], [-70.41139, 19.24666], [-70.41046, 19.25081], [-70.4109, 19.25198], [-70.41168, 19.2523], [-70.4124, 19.25354], [-70.41268, 19.25878], [-70.41481, 19.26011], [-70.4163, 19.26219], [-70.41633, 19.26356], [-70.41461, 19.26876], [-70.41288, 19.27047], [-70.41365, 19.27105], [-70.41374, 19.27363], [-70.41555, 19.27383], [-70.4161, 19.27471], [-70.41569, 19.27654], [-70.41482, 19.27703], [-70.41676, 19.27755], [-70.42135, 19.28054], [-70.4213, 19.2816], [-70.42173, 19.2816], [-70.4219, 19.28261], [-70.42155, 19.28602], [-70.42724, 19.28959], [-70.42784, 19.28924], [-70.43463, 19.29697], [-70.43314, 19.2987], [-70.43275, 19.29999], [-70.43939, 19.30289], [-70.43908, 19.30795], [-70.4345, 19.30898], [-70.43347, 19.31216], [-70.43421, 19.31322], [-70.43427, 19.31407], [-70.43388, 19.31429], [-70.43417, 19.31492], [-70.43501, 19.31513], [-70.43554, 19.31592], [-70.43577, 19.31816], [-70.43734, 19.31915], [-70.43821, 19.32165], [-70.4381, 19.32281], [-70.43881, 19.32301], [-70.43941, 19.32396], [-70.44147, 19.32454], [-70.44204, 19.32669], [-70.44391, 19.32879], [-70.44417, 19.32999], [-70.4448, 19.32954], [-70.44533, 19.3312], [-70.44644, 19.33114], [-70.44665, 19.33156], [-70.44648, 19.33296], [-70.44694, 19.33389], [-70.44511, 19.3362], [-70.44658, 19.33733], [-70.44741, 19.33985], [-70.44595, 19.33994], [-70.4448, 19.33945], [-70.44429, 19.34101], [-70.44582, 19.34132], [-70.44771, 19.34096], [-70.45007, 19.34186], [-70.45323, 19.34166], [-70.45584, 19.34429], [-70.45719, 19.34479], [-70.45754, 19.34561], [-70.45679, 19.34775], [-70.4545, 19.34788], [-70.45405, 19.34832], [-70.45516, 19.34919], [-70.45601, 19.35143], [-70.45521, 19.3528], [-70.45627, 19.35368], [-70.45611, 19.35679], [-70.45748, 19.35818], [-70.45692, 19.35887], [-70.4563, 19.36259], [-70.4556, 19.36358], [-70.45355, 19.36434], [-70.45288, 19.36519], [-70.4524, 19.36746], [-70.45288, 19.37038], [-70.44954, 19.37041], [-70.44964, 19.37175], [-70.44898, 19.37255], [-70.449, 19.37454], [-70.44951, 19.37533], [-70.44878, 19.37659], [-70.44893, 19.37801], [-70.44651, 19.38212], [-70.44587, 19.38251], [-70.44592, 19.38342], [-70.4453, 19.38376], [-70.44338, 19.38759], [-70.44384, 19.3909], [-70.44586, 19.39272], [-70.44554, 19.39411], [-70.44634, 19.3953], [-70.44534, 19.39588], [-70.44475, 19.39736], [-70.44356, 19.39814], [-70.44379, 19.39904], [-70.44312, 19.39957], [-70.44306, 19.40322], [-70.44236, 19.40504], [-70.44057, 19.40535], [-70.44022, 19.40635], [-70.43856, 19.40796], [-70.43887, 19.40847], [-70.43859, 19.40943], [-70.43954, 19.41044], [-70.43895, 19.41138], [-70.43786, 19.41241], [-70.43578, 19.41329], [-70.435, 19.41425], [-70.43381, 19.4145], [-70.43282, 19.41603], [-70.43321, 19.4171], [-70.43267, 19.4181], [-70.43213, 19.42264], [-70.4306, 19.42479], [-70.43116, 19.42641], [-70.43335, 19.42821], [-70.43311, 19.43021], [-70.43397, 19.43236], [-70.43258, 19.4331], [-70.43224, 19.43444], [-70.43325, 19.43525], [-70.43335, 19.43622], [-70.43229, 19.43798], [-70.43098, 19.43826], [-70.42913, 19.43985], [-70.42334, 19.4478], [-70.42395, 19.44939], [-70.42386, 19.45268], [-70.42479, 19.45456], [-70.4244, 19.45696], [-70.42469, 19.46066], [-70.42732, 19.46533], [-70.42909, 19.46694], [-70.4295, 19.46856], [-70.43046, 19.46916], [-70.42988, 19.47034], [-70.43172, 19.47135], [-70.43149, 19.47188], [-70.43055, 19.4712], [-70.42924, 19.47534], [-70.42778, 19.47568], [-70.42751, 19.47789], [-70.42657, 19.47856], [-70.42697, 19.47974], [-70.42605, 19.47975], [-70.42536, 19.47915], [-70.42486, 19.47949], [-70.42489, 19.48043], [-70.42597, 19.48149], [-70.42651, 19.48305], [-70.43201, 19.48402], [-70.43528, 19.48676], [-70.43564, 19.4877], [-70.43516, 19.49035], [-70.43591, 19.49145], [-70.43783, 19.49204], [-70.43728, 19.49623], [-70.43825, 19.49754], [-70.43885, 19.49965], [-70.44198, 19.50114], [-70.44269, 19.50613], [-70.44, 19.50857], [-70.43747, 19.50991], [-70.43626, 19.51354], [-70.43401, 19.51623], [-70.43249, 19.52011], [-70.43193, 19.52299], [-70.43174, 19.52724], [-70.43068, 19.53109], [-70.4307, 19.53372], [-70.42994, 19.53433], [-70.42871, 19.53443], [-70.42732, 19.53642], [-70.42605, 19.53639], [-70.42497, 19.53713], [-70.42079, 19.53724], [-70.42044, 19.53815], [-70.42103, 19.54039], [-70.41822, 19.54212], [-70.41825, 19.54574], [-70.41927, 19.54752], [-70.41874, 19.5489], [-70.41906, 19.55159], [-70.4201, 19.55239], [-70.41975, 19.55388], [-70.41902, 19.554], [-70.41853, 19.55292], [-70.4178, 19.5531], [-70.41697, 19.55471], [-70.41606, 19.55472], [-70.41334, 19.55749], [-70.41133, 19.55734], [-70.41107, 19.55642], [-70.40733, 19.55155], [-70.40418, 19.54909], [-70.40304, 19.54553], [-70.40072, 19.54406], [-70.39922, 19.54086], [-70.39793, 19.54113], [-70.39599, 19.5406], [-70.3925, 19.54054], [-70.38905, 19.53792], [-70.38818, 19.53625], [-70.38557, 19.53463], [-70.38501, 19.53626], [-70.38277, 19.53655], [-70.37852, 19.53608], [-70.37708, 19.53546], [-70.37562, 19.5359], [-70.37468, 19.53717], [-70.37349, 19.53755], [-70.37314, 19.53735], [-70.37269, 19.534], [-70.37156, 19.53301], [-70.36648, 19.53348], [-70.36402, 19.53237], [-70.36395, 19.52838], [-70.3628, 19.52809], [-70.3621, 19.52906], [-70.36116, 19.52894], [-70.36127, 19.52521], [-70.35876, 19.52357], [-70.3561, 19.52316], [-70.35646, 19.5204], [-70.3559, 19.51997], [-70.35449, 19.51935], [-70.34888, 19.51943], [-70.34625, 19.51892], [-70.34472, 19.51956], [-70.34191, 19.52217], [-70.34094, 19.53404], [-70.33933, 19.54073], [-70.33898, 19.54942], [-70.33654, 19.55196], [-70.33397, 19.55306], [-70.3285, 19.55379], [-70.32558, 19.55517], [-70.32376, 19.55515], [-70.31993, 19.55639], [-70.31742, 19.55729], [-70.31761, 19.55819], [-70.31728, 19.55835], [-70.31612, 19.55767], [-70.31526, 19.55787], [-70.31516, 19.55845], [-70.31652, 19.55974], [-70.31467, 19.56045], [-70.31227, 19.56217], [-70.30365, 19.55838]]]}}, {"type": "Feature", "properties": {"COD_PROV": "20", "PROVINCIA": "SAMANÁ", "NOMBRE": "Samaná", "N_MUNICIPIOS": 3}, "geometry": {"type": "MultiPolygon", "coordinates": [[[[-69.6083, 19.08191], [-69.6059, 19.08061], [-69.60439, 19.08154], [-69.60301, 19.08078], [-69.60385, 19.08009], [-69.60512, 19.08049], [-69.60596, 19.0791], [-69.60859, 19.0803], [-69.60935, 19.0812], [-69.6083, 19.08191]]], [[[-69.62284, 19.08762], [-69.62246, 19.08688], [-69.62287, 19.08674], [-69.62284, 19.08762]]], [[[-69.6233, 19.08824], [-69.62425, 19.08774], [-69.62625, 19.08859], [-69.6241, 19.08908], [-69.6233, 19.08824]]], [[[-69.62809, 19.08885], [-69.62853, 19.08913], [-69.62709, 19.09048], [-69.62684, 19.09155], [-69.62625, 19.09096], [-69.62625, 19.0902], [-69.62809, 19.08885]]], [[[-69.63214, 19.09389], [-69.63251, 19.09459], [-69.6316, 19.09508], [-69.63175, 19.09417], [-69.63214, 19.09389]]], [[[-69.28527, 19.1617], [-69.28615, 19.16187], [-69.28517, 19.16297], [-69.28503, 19.16214], [-69.28527, 19.1617]]], [[[-69.27514, 19.16344], [-69.27556, 19.16295], [-69.27617, 19.16299], [-69.27636, 19.16352], [-69.27514, 19.16344]]], [[[-69.26998, 19.16625], [-69.27111, 19.16612], [-69.27144, 19.16647], [-69.27074, 19.16683], [-69.26998, 19.16625]]], [[[-69.27861, 19.16866], [-69.27537, 19.1681], [-69.2735, 19.16676], [-69.27217, 19.16653], [-69.2719, 19.1652], [-69.27526, 19.16392], [-69.2779, 19.16616], [-69.28011, 19.16629], [-69.2811, 19.16712], [-69.28078, 19.16809], [-69.27861, 19.16866]]], [[[-69.27041, 19.1681], [-69.27107, 19.16919], [-69.26985, 19.16973], [-69.269, 19.16942], [-69.27041, 19.1681]]], [[[-69.22666, 19.17843], [-69.22682, 19.17801], [-69.22714, 19.17828], [-69.22666, 19.17843]]], [[[-69.22129, 19.18135], [-69.22131, 19.18059], [-69.22179, 19.181], [-69.22129, 19.18135]]], [[[-69.27566, 19.18296], [-69.27615, 19.18309], [-69.27611, 19.18372], [-69.27545, 19.18358], [-69.27566, 19.18296]]], [[[-69.29542, 19.19019], [-69.29663, 19.19022], [-69.29679, 19.19062], [-69.29595, 19.19105], [-69.29542, 19.19019]]], [[[-69.32179, 19.19262], [-69.32113, 19.19194], [-69.32195, 19.19241], [-69.32179, 19.19262]]], [[[-69.23204, 19.36223], [-69.23037, 19.3629], [-69.22951, 19.36247], [-69.22978, 19.36168], [-69.22873, 19.36016], [-69.22778, 19.35972], [-69.22559, 19.3565], [-69.22497, 19.35644], [-69.22439, 19.3575], [-69.22453, 19.35972], [-69.22417, 19.36018], [-69.22211, 19.35943], [-69.22123, 19.36035], [-69.21879, 19.35986], [-69.21791, 19.36048], [-69.21619, 19.36036], [-69.21499, 19.35842], [-69.21644, 19.35725], [-69.21506, 19.35556], [-69.21521, 19.3527], [-69.21661, 19.3492], [-69.21908, 19.34592], [-69.21971, 19.3433], [-69.22228, 19.34011], [-69.22349, 19.33933], [-69.22388, 19.3373], [-69.22742, 19.33387], [-69.22926, 19.33438], [-69.22978, 19.33234], [-69.23425, 19.32841], [-69.23633, 19.32408], [-69.23862, 19.32142], [-69.23878, 19.31984], [-69.23938, 19.319], [-69.24215, 19.3155], [-69.24567, 19.31262], [-69.2468, 19.31061], [-69.24756, 19.30764], [-69.25018, 19.30422], [-69.25107, 19.30108], [-69.25271, 19.29848], [-69.25276, 19.29691], [-69.25444, 19.29505], [-69.25447, 19.2943], [-69.25143, 19.29165], [-69.24693, 19.28864], [-69.24507, 19.28814], [-69.2427, 19.28827], [-69.24098, 19.28736], [-69.23889, 19.28802], [-69.23442, 19.28624], [-69.23112, 19.2858], [-69.22791, 19.28617], [-69.22384, 19.28744], [-69.22103, 19.28672], [-69.21678, 19.28767], [-69.21266, 19.29064], [-69.21104, 19.29381], [-69.20675, 19.29547], [-69.20683, 19.29722], [-69.20633, 19.298], [-69.20543, 19.29764], [-69.2049, 19.29802], [-69.20486, 19.29578], [-69.2019, 19.29552], [-69.198, 19.29385], [-69.19695, 19.29293], [-69.19176, 19.2927], [-69.1904, 19.29336], [-69.18949, 19.29451], [-69.1883, 19.29355], [-69.18795, 19.29257], [-69.18658, 19.29239], [-69.18527, 19.29317], [-69.18546, 19.29485], [-69.18133, 19.29607], [-69.17991, 19.29976], [-69.17912, 19.30014], [-69.17629, 19.29977], [-69.17568, 19.30036], [-69.17517, 19.30002], [-69.17474, 19.30055], [-69.17242, 19.30082], [-69.17131, 19.30331], [-69.16967, 19.30439], [-69.16626, 19.30438], [-69.1637, 19.30505], [-69.16233, 19.30416], [-69.16175, 19.30171], [-69.16121, 19.30125], [-69.16, 19.30185], [-69.15806, 19.30133], [-69.15622, 19.30224], [-69.1523, 19.30206], [-69.15164, 19.30246], [-69.15091, 19.30211], [-69.14911, 19.29911], [-69.14916, 19.29825], [-69.15028, 19.29733], [-69.15033, 19.29648], [-69.14913, 19.29693], [-69.14905, 19.29594], [-69.1502, 19.29328], [-69.15122, 19.29222], [-69.15115, 19.28953], [-69.15336, 19.28142], [-69.15475, 19.27825], [-69.16008, 19.27041], [-69.16135, 19.26985], [-69.16276, 19.26565], [-69.16422, 19.265], [-69.16545, 19.26337], [-69.16575, 19.26419], [-69.16666, 19.26401], [-69.16639, 19.26181], [-69.16707, 19.26121], [-69.17159, 19.25862], [-69.17456, 19.25757], [-69.17566, 19.25619], [-69.17805, 19.25525], [-69.18098, 19.25268], [-69.18363, 19.25162], [-69.18551, 19.25017], [-69.18609, 19.24911], [-69.18756, 19.24921], [-69.18792, 19.24804], [-69.19266, 19.24505], [-69.19279, 19.24441], [-69.19167, 19.24435], [-69.19156, 19.2434], [-69.1949, 19.24128], [-69.19831, 19.2382], [-69.20019, 19.23714], [-69.20142, 19.23714], [-69.20172, 19.23636], [-69.20412, 19.23457], [-69.20947, 19.23294], [-69.208, 19.23133], [-69.20982, 19.23143], [-69.20953, 19.23032], [-69.21041, 19.22998], [-69.20941, 19.22943], [-69.20923, 19.22881], [-69.21163, 19.22328], [-69.21175, 19.22032], [-69.21295, 19.21963], [-69.21363, 19.21736], [-69.21521, 19.21663], [-69.21462, 19.21552], [-69.21686, 19.21314], [-69.215, 19.21094], [-69.21508, 19.21024], [-69.21643, 19.20866], [-69.216, 19.20749], [-69.217, 19.20459], [-69.21557, 19.20184], [-69.2153, 19.19908], [-69.21569, 19.19812], [-69.21649, 19.19824], [-69.2167, 19.19901], [-69.21792, 19.19859], [-69.21903, 19.19614], [-69.22003, 19.19535], [-69.21921, 19.19491], [-69.21937, 19.19399], [-69.22053, 19.19376], [-69.22009, 19.19291], [-69.22232, 19.19086], [-69.22222, 19.19023], [-69.22103, 19.18926], [-69.21937, 19.18889], [-69.21914, 19.18835], [-69.21974, 19.1876], [-69.21906, 19.18633], [-69.22053, 19.18551], [-69.22097, 19.18456], [-69.22045, 19.18287], [-69.22147, 19.18309], [-69.22293, 19.18223], [-69.22453, 19.18216], [-69.22861, 19.18002], [-69.23073, 19.18053], [-69.23162, 19.17976], [-69.23265, 19.17989], [-69.23328, 19.18114], [-69.2344, 19.18146], [-69.23811, 19.18136], [-69.23939, 19.1806], [-69.24006, 19.1812], [-69.2422, 19.18113], [-69.2432, 19.18229], [-69.24442, 19.18166], [-69.24521, 19.18248], [-69.24693, 19.18154], [-69.24779, 19.18273], [-69.24868, 19.18172], [-69.24928, 19.18203], [-69.2504, 19.18169], [-69.25116, 19.18206], [-69.25159, 19.18304], [-69.25252, 19.18291], [-69.25483, 19.18061], [-69.25576, 19.18052], [-69.25705, 19.18158], [-69.25652, 19.18334], [-69.25794, 19.18413], [-69.26003, 19.18387], [-69.26145, 19.18315], [-69.26265, 19.1837], [-69.26506, 19.18316], [-69.26665, 19.18421], [-69.26788, 19.18375], [-69.26869, 19.18432], [-69.26983, 19.18353], [-69.2711, 19.18362], [-69.27358, 19.18545], [-69.27466, 19.18562], [-69.27657, 19.18424], [-69.27813, 19.18424], [-69.28008, 19.18677], [-69.28189, 19.18797], [-69.2824, 19.18913], [-69.28409, 19.19001], [-69.28466, 19.19083], [-69.28558, 19.19088], [-69.28733, 19.19209], [-69.2894, 19.19262], [-69.29028, 19.19346], [-69.29257, 19.19405], [-69.29331, 19.19468], [-69.29558, 19.19455], [-69.29716, 19.19286], [-69.29751, 19.19065], [-69.29958, 19.19039], [-69.30032, 19.19147], [-69.30196, 19.19093], [-69.30223, 19.19223], [-69.30751, 19.19684], [-69.31111, 19.19686], [-69.31229, 19.19603], [-69.31384, 19.19343], [-69.31532, 19.19417], [-69.31571, 19.19508], [-69.31743, 19.1955], [-69.3204, 19.19839], [-69.32379, 19.19905], [-69.32578, 19.20137], [-69.32719, 19.2017], [-69.32864, 19.20141], [-69.33029, 19.20227], [-69.33327, 19.20255], [-69.33395, 19.20235], [-69.33439, 19.20154], [-69.33633, 19.20151], [-69.33685, 19.20089], [-69.33687, 19.20026], [-69.33582, 19.19936], [-69.33582, 19.19836], [-69.33541, 19.19781], [-69.33357, 19.19727], [-69.33362, 19.19637], [-69.33593, 19.19701], [-69.3377, 19.19548], [-69.33948, 19.19654], [-69.34039, 19.19566], [-69.33981, 19.19434], [-69.34056, 19.19315], [-69.34192, 19.19326], [-69.3428, 19.19453], [-69.34426, 19.19343], [-69.34603, 19.19441], [-69.34765, 19.19371], [-69.3502, 19.19372], [-69.35083, 19.19464], [-69.35365, 19.19483], [-69.35502, 19.19573], [-69.35667, 19.1949], [-69.35949, 19.19494], [-69.36113, 19.19563], [-69.36938, 19.19687], [-69.37442, 19.19655], [-69.38093, 19.19453], [-69.38438, 19.19572], [-69.38554, 19.19568], [-69.38767, 19.19391], [-69.3891, 19.19527], [-69.38992, 19.19538], [-69.39073, 19.19453], [-69.39189, 19.19582], [-69.39314, 19.19628], [-69.39587, 19.19578], [-69.39861, 19.19421], [-69.40114, 19.19538], [-69.40227, 19.19543], [-69.40686, 19.19152], [-69.40765, 19.18995], [-69.40799, 19.18621], [-69.4066, 19.18427], [-69.40721, 19.1843], [-69.41394, 19.18719], [-69.41595, 19.19111], [-69.41558, 19.19243], [-69.41616, 19.19332], [-69.41764, 19.19343], [-69.41893, 19.19269], [-69.41999, 19.19297], [-69.42234, 19.19242], [-69.42636, 19.19384], [-69.42879, 19.19266], [-69.43103, 19.19043], [-69.43227, 19.19043], [-69.43693, 19.19718], [-69.44124, 19.19995], [-69.44762, 19.20178], [-69.44736, 19.2012], [-69.44813, 19.20107], [-69.44813, 19.20043], [-69.44596, 19.19798], [-69.4466, 19.19764], [-69.44831, 19.19905], [-69.45034, 19.20281], [-69.45359, 19.20273], [-69.45473, 19.20339], [-69.45761, 19.20245], [-69.46061, 19.20234], [-69.46618, 19.20558], [-69.47218, 19.20774], [-69.4748, 19.20748], [-69.47603, 19.20819], [-69.48057, 19.20835], [-69.48378, 19.20636], [-69.48524, 19.20663], [-69.48606, 19.20602], [-69.48664, 19.20645], [-69.48761, 19.2061], [-69.49079, 19.20844], [-69.49209, 19.20861], [-69.49479, 19.20676], [-69.49561, 19.20664], [-69.49814, 19.20781], [-69.50321, 19.21276], [-69.50509, 19.2131], [-69.50855, 19.2113], [-69.51031, 19.2109], [-69.51295, 19.20827], [-69.51549, 19.21111], [-69.51749, 19.21183], [-69.52066, 19.21115], [-69.52413, 19.21326], [-69.52578, 19.2136], [-69.52672, 19.2132], [-69.5279, 19.21381], [-69.52913, 19.21364], [-69.52966, 19.21286], [-69.53189, 19.21257], [-69.53359, 19.21089], [-69.53653, 19.21317], [-69.53877, 19.21261], [-69.54124, 19.21444], [-69.54242, 19.21422], [-69.54394, 19.2127], [-69.54486, 19.21295], [-69.54518, 19.21376], [-69.5467, 19.21331], [-69.54758, 19.2128], [-69.54811, 19.21174], [-69.55017, 19.21269], [-69.55093, 19.21224], [-69.55299, 19.21268], [-69.55466, 19.2115], [-69.55704, 19.21336], [-69.56114, 19.2132], [-69.56349, 19.21516], [-69.56634, 19.21419], [-69.56714, 19.21422], [-69.56917, 19.21606], [-69.5726, 19.21454], [-69.57371, 19.21634], [-69.57508, 19.21634], [-69.57622, 19.21541], [-69.57688, 19.21545], [-69.57768, 19.21587], [-69.5779, 19.21732], [-69.5786, 19.21802], [-69.58219, 19.21901], [-69.5856, 19.21884], [-69.58836, 19.21682], [-69.58953, 19.21737], [-69.59059, 19.21664], [-69.59118, 19.21681], [-69.59183, 19.21893], [-69.59766, 19.22115], [-69.59854, 19.22198], [-69.60284, 19.22397], [-69.6054, 19.22445], [-69.60642, 19.22514], [-69.60778, 19.22486], [-69.60931, 19.22546], [-69.61359, 19.22528], [-69.61529, 19.22446], [-69.61645, 19.22548], [-69.61895, 19.2261], [-69.61995, 19.22503], [-69.62283, 19.22435], [-69.62722, 19.22004], [-69.63112, 19.21182], [-69.6307, 19.2097], [-69.62841, 19.20864], [-69.62752, 19.20608], [-69.62716, 19.20569], [-69.62675, 19.20591], [-69.6283, 19.21015], [-69.62924, 19.20978], [-69.62996, 19.21034], [-69.62941, 19.21447], [-69.6287, 19.2164], [-69.62769, 19.21768], [-69.62687, 19.21737], [-69.62537, 19.21564], [-69.62524, 19.21453], [-69.62437, 19.21324], [-69.625, 19.20882], [-69.62516, 19.20118], [-69.62453, 19.19993], [-69.6235, 19.19983], [-69.62348, 19.19855], [-69.62387, 19.19795], [-69.6259, 19.19799], [-69.62678, 19.19849], [-69.62802, 19.19793], [-69.62519, 19.1957], [-69.62566, 19.19497], [-69.62565, 19.19458], [-69.62477, 19.19436], [-69.62524, 19.19316], [-69.62864, 19.19279], [-69.63117, 19.19194], [-69.6324, 19.19277], [-69.6311, 19.19077], [-69.63069, 19.19077], [-69.62993, 19.19211], [-69.626, 19.1919], [-69.62574, 19.18721], [-69.62632, 19.18498], [-69.6266, 19.18018], [-69.62816, 19.17313], [-69.62967, 19.16911], [-69.63184, 19.16664], [-69.63136, 19.16531], [-69.63356, 19.15609], [-69.63482, 19.14832], [-69.63575, 19.14614], [-69.6376, 19.13737], [-69.63634, 19.13463], [-69.63634, 19.13304], [-69.63755, 19.13073], [-69.6376, 19.12801], [-69.63643, 19.12452], [-69.63608, 19.11868], [-69.63465, 19.11506], [-69.63374, 19.11414], [-69.63329, 19.11179], [-69.63385, 19.11031], [-69.63551, 19.10873], [-69.63363, 19.10784], [-69.63248, 19.10626], [-69.63178, 19.10368], [-69.63317, 19.10289], [-69.63362, 19.09972], [-69.63442, 19.09918], [-69.63921, 19.09873], [-69.63702, 19.09736], [-69.63486, 19.0946], [-69.63414, 19.09143], [-69.6333, 19.09144], [-69.63265, 19.09046], [-69.6331, 19.08984], [-69.63271, 19.08948], [-69.63188, 19.09003], [-69.632, 19.08862], [-69.6309, 19.08617], [-69.62985, 19.08597], [-69.62946, 19.08398], [-69.62879, 19.08323], [-69.62748, 19.0834], [-69.62782, 19.08248], [-69.62729, 19.08177], [-69.62579, 19.08186], [-69.62526, 19.08144], [-69.62478, 19.08266], [-69.62439, 19.08266], [-69.62368, 19.08229], [-69.62328, 19.08111], [-69.62245, 19.08296], [-69.62148, 19.08271], [-69.62178, 19.08116], [-69.62064, 19.08234], [-69.62052, 19.08343], [-69.61985, 19.08322], [-69.61976, 19.08217], [-69.62055, 19.08037], [-69.62032, 19.07723], [-69.61948, 19.07828], [-69.6179, 19.07803], [-69.61874, 19.07908], [-69.6187, 19.08004], [-69.61777, 19.08038], [-69.61703, 19.08147], [-69.61586, 19.08086], [-69.6156, 19.07953], [-69.61508, 19.07946], [-69.61501, 19.08117], [-69.61439, 19.08169], [-69.61321, 19.07965], [-69.61284, 19.08144], [-69.61227, 19.08159], [-69.6115, 19.08036], [-69.61094, 19.08139], [-69.61031, 19.08123], [-69.60931, 19.0798], [-69.60797, 19.07993], [-69.60694, 19.07889], [-69.60409, 19.07942], [-69.6243, 18.9922], [-69.62863, 18.99379], [-69.63344, 18.99634], [-69.65313, 19.00985], [-69.66054, 19.0126], [-69.66269, 19.01263], [-69.66345, 19.01314], [-69.66477, 19.017], [-69.67173, 19.02703], [-69.67572, 19.03114], [-69.68004, 19.03347], [-69.68974, 19.03668], [-69.69361, 19.03973], [-69.70053, 19.04854], [-69.70191, 19.05218], [-69.70186, 19.05868], [-69.70097, 19.06246], [-69.70193, 19.06666], [-69.70236, 19.072], [-69.70484, 19.07748], [-69.70691, 19.08066], [-69.70885, 19.08217], [-69.71434, 19.08396], [-69.71672, 19.08561], [-69.71784, 19.08737], [-69.71903, 19.08816], [-69.72607, 19.08913], [-69.73192, 19.09231], [-69.73312, 19.09373], [-69.73361, 19.09521], [-69.73099, 19.09875], [-69.72923, 19.09952], [-69.72832, 19.09915], [-69.72721, 19.10023], [-69.72633, 19.09964], [-69.72546, 19.09983], [-69.72476, 19.09877], [-69.72465, 19.09963], [-69.72399, 19.1001], [-69.72401, 19.10097], [-69.72332, 19.10162], [-69.7203, 19.10281], [-69.72105, 19.10511], [-69.72045, 19.10723], [-69.72128, 19.11162], [-69.72298, 19.11285], [-69.72372, 19.11281], [-69.72421, 19.11198], [-69.72481, 19.11206], [-69.73008, 19.11598], [-69.7329, 19.1235], [-69.73559, 19.12759], [-69.73713, 19.12832], [-69.73749, 19.13076], [-69.73916, 19.13235], [-69.74108, 19.13273], [-69.74173, 19.1323], [-69.74588, 19.14214], [-69.74887, 19.14693], [-69.74894, 19.14862], [-69.74838, 19.15037], [-69.74532, 19.15043], [-69.74241, 19.15373], [-69.73796, 19.15632], [-69.73649, 19.15624], [-69.73561, 19.15501], [-69.73598, 19.14787], [-69.73326, 19.1428], [-69.73118, 19.14169], [-69.72742, 19.1414], [-69.72508, 19.13908], [-69.72317, 19.13901], [-69.72186, 19.1396], [-69.71934, 19.14126], [-69.71871, 19.14352], [-69.71738, 19.14574], [-69.71667, 19.14613], [-69.71368, 19.14576], [-69.71144, 19.14612], [-69.70594, 19.1501], [-69.70451, 19.15401], [-69.70657, 19.15651], [-69.70978, 19.15701], [-69.7102, 19.15762], [-69.70997, 19.15904], [-69.70878, 19.15961], [-69.70508, 19.15977], [-69.70264, 19.15723], [-69.70112, 19.15711], [-69.6995, 19.16203], [-69.69865, 19.16238], [-69.69737, 19.16164], [-69.69617, 19.16313], [-69.69599, 19.16445], [-69.69649, 19.16623], [-69.69836, 19.16679], [-69.69899, 19.16773], [-69.69686, 19.1676], [-69.69175, 19.16464], [-69.69081, 19.16596], [-69.69123, 19.1681], [-69.69033, 19.16849], [-69.68878, 19.16707], [-69.68922, 19.16422], [-69.68837, 19.16317], [-69.68684, 19.16398], [-69.68538, 19.16604], [-69.68306, 19.16553], [-69.68247, 19.1659], [-69.68314, 19.16702], [-69.68504, 19.1681], [-69.68518, 19.1689], [-69.68467, 19.16961], [-69.68271, 19.16975], [-69.67901, 19.169], [-69.67846, 19.17145], [-69.67544, 19.17124], [-69.67448, 19.17394], [-69.6764, 19.17491], [-69.67662, 19.1757], [-69.67434, 19.17691], [-69.67557, 19.17892], [-69.67563, 19.18161], [-69.67512, 19.18213], [-69.67363, 19.18236], [-69.67387, 19.18284], [-69.67526, 19.18313], [-69.67543, 19.18364], [-69.67479, 19.18419], [-69.67272, 19.18462], [-69.67198, 19.18715], [-69.67097, 19.18846], [-69.67125, 19.18897], [-69.67301, 19.18857], [-69.6735, 19.18894], [-69.67339, 19.18995], [-69.67257, 19.19058], [-69.67068, 19.1905], [-69.67072, 19.19229], [-69.66854, 19.19358], [-69.66452, 19.19858], [-69.66123, 19.20049], [-69.65526, 19.1999], [-69.65238, 19.20027], [-69.64967, 19.20141], [-69.65032, 19.2018], [-69.6533, 19.2017], [-69.654, 19.2032], [-69.65373, 19.2055], [-69.65592, 19.20778], [-69.65954, 19.20755], [-69.66181, 19.20662], [-69.66334, 19.20555], [-69.66486, 19.20285], [-69.66598, 19.20303], [-69.67251, 19.20931], [-69.68256, 19.21764], [-69.68357, 19.21921], [-69.69983, 19.221], [-69.731, 19.22552], [-69.74287, 19.22568], [-69.75016, 19.22349], [-69.74933, 19.23087], [-69.74862, 19.25518], [-69.74578, 19.26243], [-69.75091, 19.26028], [-69.76125, 19.25783], [-69.76234, 19.25935], [-69.76227, 19.26196], [-69.76196, 19.26404], [-69.76001, 19.26817], [-69.75971, 19.26945], [-69.7601, 19.27078], [-69.7608, 19.27201], [-69.76284, 19.2738], [-69.76989, 19.27513], [-69.77098, 19.27583], [-69.77172, 19.27695], [-69.77165, 19.28025], [-69.76991, 19.28204], [-69.76516, 19.28291], [-69.76194, 19.28134], [-69.76103, 19.2802], [-69.75948, 19.2795], [-69.75556, 19.27934], [-69.75147, 19.27813], [-69.74888, 19.27658], [-69.74669, 19.27625], [-69.74521, 19.27704], [-69.74383, 19.27986], [-69.74452, 19.28149], [-69.74534, 19.28208], [-69.74746, 19.28202], [-69.7484, 19.28538], [-69.74017, 19.28161], [-69.7353, 19.28003], [-69.72518, 19.27847], [-69.71251, 19.27849], [-69.70665, 19.27924], [-69.70392, 19.28053], [-69.69912, 19.28072], [-69.69256, 19.28285], [-69.69019, 19.28475], [-69.68803, 19.28543], [-69.6782, 19.28493], [-69.67005, 19.28754], [-69.66675, 19.28774], [-69.66365, 19.28964], [-69.66049, 19.29034], [-69.65617, 19.29363], [-69.65302, 19.29484], [-69.65065, 19.29485], [-69.64846, 19.29406], [-69.64558, 19.29375], [-69.6258, 19.2951], [-69.6221, 19.29591], [-69.61517, 19.29545], [-69.61095, 19.29643], [-69.59287, 19.29665], [-69.58949, 19.2982], [-69.58732, 19.30055], [-69.58291, 19.30067], [-69.57668, 19.30473], [-69.5755, 19.30666], [-69.57496, 19.30881], [-69.57631, 19.3146], [-69.57578, 19.31571], [-69.56974, 19.31404], [-69.56446, 19.31429], [-69.56346, 19.31501], [-69.56285, 19.31624], [-69.56319, 19.31685], [-69.56421, 19.31624], [-69.56426, 19.31711], [-69.56185, 19.31893], [-69.56213, 19.32], [-69.56349, 19.32002], [-69.5629, 19.32111], [-69.5609, 19.32115], [-69.55684, 19.31913], [-69.55561, 19.32048], [-69.55514, 19.3226], [-69.55204, 19.32585], [-69.55127, 19.32613], [-69.54575, 19.32721], [-69.54452, 19.32705], [-69.54205, 19.32358], [-69.53961, 19.32226], [-69.53598, 19.3225], [-69.53441, 19.32351], [-69.53235, 19.32358], [-69.53031, 19.32527], [-69.52935, 19.32552], [-69.52777, 19.32515], [-69.5275, 19.3258], [-69.52679, 19.32497], [-69.52517, 19.32436], [-69.52341, 19.32508], [-69.51783, 19.32551], [-69.51484, 19.32739], [-69.50741, 19.32749], [-69.5065, 19.32719], [-69.50582, 19.32586], [-69.50502, 19.32565], [-69.50131, 19.32682], [-69.49914, 19.32559], [-69.49471, 19.32568], [-69.48858, 19.32242], [-69.48388, 19.32326], [-69.48224, 19.32466], [-69.47829, 19.3237], [-69.47471, 19.32536], [-69.47152, 19.32621], [-69.4665, 19.32707], [-69.46479, 19.32685], [-69.46316, 19.32755], [-69.4621, 19.32657], [-69.45981, 19.3261], [-69.45749, 19.32697], [-69.45588, 19.32653], [-69.45435, 19.32677], [-69.45314, 19.32615], [-69.4521, 19.32278], [-69.45084, 19.32157], [-69.44936, 19.32095], [-69.44554, 19.32162], [-69.44383, 19.32593], [-69.44247, 19.3264], [-69.4408, 19.32622], [-69.43722, 19.32507], [-69.43538, 19.3199], [-69.43449, 19.31906], [-69.42617, 19.31433], [-69.42232, 19.31638], [-69.41982, 19.31604], [-69.41679, 19.31855], [-69.4173, 19.31925], [-69.41869, 19.3194], [-69.41818, 19.3204], [-69.41715, 19.32123], [-69.41569, 19.32095], [-69.41538, 19.3217], [-69.41485, 19.32136], [-69.41467, 19.32198], [-69.41362, 19.32138], [-69.41326, 19.32266], [-69.41266, 19.32275], [-69.41259, 19.32169], [-69.41199, 19.32207], [-69.41169, 19.32179], [-69.41273, 19.32058], [-69.41243, 19.31997], [-69.41117, 19.32011], [-69.41099, 19.31903], [-69.40901, 19.3183], [-69.40825, 19.3173], [-69.40592, 19.31603], [-69.40476, 19.31616], [-69.40361, 19.31708], [-69.40334, 19.31639], [-69.40374, 19.31604], [-69.39989, 19.31354], [-69.39692, 19.31273], [-69.39396, 19.30987], [-69.39144, 19.30832], [-69.3879, 19.30781], [-69.38695, 19.30929], [-69.38732, 19.31086], [-69.38689, 19.31168], [-69.38434, 19.3115], [-69.38381, 19.31184], [-69.38308, 19.31112], [-69.38236, 19.31185], [-69.38083, 19.31044], [-69.38047, 19.31132], [-69.37971, 19.3111], [-69.37937, 19.30884], [-69.38013, 19.3078], [-69.37987, 19.30733], [-69.37669, 19.30642], [-69.37556, 19.30483], [-69.37562, 19.30332], [-69.37483, 19.30257], [-69.36479, 19.30156], [-69.36001, 19.3019], [-69.35957, 19.30202], [-69.35957, 19.3027], [-69.35723, 19.30346], [-69.35395, 19.30312], [-69.35318, 19.30014], [-69.35205, 19.29814], [-69.34903, 19.29483], [-69.34814, 19.29262], [-69.34292, 19.28834], [-69.34176, 19.28826], [-69.33906, 19.28919], [-69.33771, 19.28831], [-69.33707, 19.28435], [-69.33314, 19.28367], [-69.32889, 19.28359], [-69.32544, 19.28495], [-69.32491, 19.28747], [-69.32427, 19.28832], [-69.32483, 19.29226], [-69.32435, 19.2928], [-69.32351, 19.29862], [-69.32488, 19.30067], [-69.32497, 19.30303], [-69.31975, 19.30858], [-69.31699, 19.3103], [-69.3141, 19.311], [-69.31253, 19.31316], [-69.31096, 19.31288], [-69.30993, 19.31352], [-69.30948, 19.3146], [-69.30832, 19.31535], [-69.30765, 19.31518], [-69.30698, 19.31685], [-69.30611, 19.31672], [-69.30573, 19.31928], [-69.30518, 19.32005], [-69.30361, 19.32036], [-69.30259, 19.32113], [-69.30081, 19.32097], [-69.30061, 19.32133], [-69.29912, 19.32061], [-69.29746, 19.32062], [-69.29659, 19.32222], [-69.29509, 19.32229], [-69.29415, 19.32292], [-69.29275, 19.32459], [-69.28982, 19.32997], [-69.28819, 19.33128], [-69.28586, 19.33216], [-69.27911, 19.33264], [-69.27652, 19.33417], [-69.27489, 19.33406], [-69.27468, 19.3334], [-69.27384, 19.33329], [-69.2723, 19.33434], [-69.26519, 19.33446], [-69.26569, 19.3354], [-69.26794, 19.33512], [-69.26755, 19.33687], [-69.268, 19.3392], [-69.26591, 19.34183], [-69.26275, 19.34272], [-69.26232, 19.34388], [-69.26042, 19.34571], [-69.25781, 19.34518], [-69.25692, 19.34642], [-69.2553, 19.34659], [-69.25221, 19.34422], [-69.25186, 19.34157], [-69.25142, 19.34213], [-69.25044, 19.34188], [-69.24897, 19.34377], [-69.24849, 19.3456], [-69.24616, 19.34751], [-69.24363, 19.35168], [-69.24204, 19.35276], [-69.24105, 19.35553], [-69.24115, 19.35668], [-69.24033, 19.35808], [-69.24059, 19.35909], [-69.23932, 19.36007], [-69.23939, 19.3615], [-69.23879, 19.36279], [-69.23785, 19.36365], [-69.23635, 19.36394], [-69.23408, 19.36348], [-69.23204, 19.36223]]]]}}, {"type": "Feature", "properties": {"COD_PROV": "21", "PROVINCIA": "SAN CRISTÓBAL", "NOMBRE": "San Cristóbal", "N_MUNICIPIOS": 8}, "geometry": {"type": "Polygon", "coordinates": [[[-70.24049, 18.80148], [-70.23366, 18.79258], [-70.23007, 18.79039], [-70.22882, 18.78912], [-70.22796, 18.78723], [-70.22809, 18.78419], [-70.22315, 18.78181], [-70.2203, 18.77839], [-70.21845, 18.77462], [-70.21807, 18.76843], [-70.21727, 18.7669], [-70.21509, 18.76593], [-70.20811, 18.76443], [-70.20283, 18.76697], [-70.20073, 18.76714], [-70.19715, 18.76562], [-70.19292, 18.76118], [-70.18626, 18.75875], [-70.18301, 18.75677], [-70.18121, 18.7537], [-70.17602, 18.75173], [-70.17469, 18.74711], [-70.17129, 18.7459], [-70.16982, 18.74483], [-70.16852, 18.7433], [-70.16752, 18.73929], [-70.16475, 18.73669], [-70.16393, 18.735], [-70.16371, 18.73435], [-70.1651, 18.72795], [-70.17405, 18.72424], [-70.17508, 18.72282], [-70.17485, 18.72143], [-70.17545, 18.72008], [-70.17189, 18.71322], [-70.16973, 18.71266], [-70.1687, 18.71131], [-70.16806, 18.71153], [-70.16791, 18.71082], [-70.16577, 18.70989], [-70.1644, 18.70846], [-70.16247, 18.70236], [-70.1615, 18.70188], [-70.15961, 18.6991], [-70.15789, 18.69785], [-70.1593, 18.69628], [-70.15918, 18.69529], [-70.16041, 18.69493], [-70.15973, 18.6942], [-70.15977, 18.6936], [-70.16035, 18.69329], [-70.15789, 18.69082], [-70.15775, 18.68953], [-70.15602, 18.68957], [-70.15686, 18.68626], [-70.15524, 18.68323], [-70.15546, 18.68087], [-70.15488, 18.67997], [-70.15368, 18.68045], [-70.1527, 18.67981], [-70.15303, 18.67559], [-70.15411, 18.67341], [-70.15553, 18.67341], [-70.15581, 18.67264], [-70.15445, 18.67165], [-70.15531, 18.66933], [-70.15351, 18.6688], [-70.15337, 18.66741], [-70.15405, 18.66592], [-70.15248, 18.66463], [-70.15247, 18.66386], [-70.15336, 18.66356], [-70.15434, 18.66408], [-70.15534, 18.6632], [-70.15478, 18.66123], [-70.15536, 18.66053], [-70.15247, 18.66044], [-70.15298, 18.65858], [-70.15202, 18.65819], [-70.15148, 18.65688], [-70.15076, 18.65671], [-70.1507, 18.65559], [-70.14962, 18.65583], [-70.14915, 18.65474], [-70.1456, 18.65285], [-70.14482, 18.65383], [-70.14393, 18.65344], [-70.14485, 18.65146], [-70.14431, 18.65069], [-70.14309, 18.6506], [-70.14356, 18.64864], [-70.14261, 18.64738], [-70.14037, 18.64704], [-70.14272, 18.64514], [-70.13898, 18.64243], [-70.13843, 18.64098], [-70.13704, 18.64043], [-70.13713, 18.6395], [-70.13856, 18.63932], [-70.13803, 18.63856], [-70.13945, 18.63643], [-70.13739, 18.63641], [-70.13758, 18.6353], [-70.13856, 18.63474], [-70.13838, 18.63406], [-70.13676, 18.63419], [-70.13555, 18.63278], [-70.13474, 18.63287], [-70.13454, 18.63358], [-70.13184, 18.63369], [-70.12975, 18.6322], [-70.12831, 18.63152], [-70.1268, 18.63149], [-70.12583, 18.63075], [-70.12696, 18.62989], [-70.12857, 18.63042], [-70.13052, 18.63015], [-70.13306, 18.6283], [-70.13572, 18.62806], [-70.1416, 18.62864], [-70.14613, 18.63099], [-70.14691, 18.63101], [-70.14856, 18.63047], [-70.1503, 18.62828], [-70.15118, 18.62507], [-70.15103, 18.62369], [-70.14968, 18.62071], [-70.14742, 18.61805], [-70.14671, 18.61647], [-70.14596, 18.60804], [-70.1464, 18.60569], [-70.14813, 18.6041], [-70.14684, 18.6027], [-70.14747, 18.60006], [-70.15203, 18.59664], [-70.15287, 18.59458], [-70.14912, 18.59405], [-70.14874, 18.59144], [-70.14911, 18.58806], [-70.14791, 18.58573], [-70.14721, 18.58465], [-70.14485, 18.58335], [-70.13816, 18.57645], [-70.13742, 18.57489], [-70.13742, 18.57318], [-70.13891, 18.57063], [-70.13915, 18.56917], [-70.13743, 18.56611], [-70.13426, 18.56433], [-70.13246, 18.56475], [-70.13001, 18.56615], [-70.12797, 18.56572], [-70.1289, 18.56339], [-70.13278, 18.56005], [-70.13282, 18.55941], [-70.13081, 18.5579], [-70.12839, 18.5546], [-70.12387, 18.55074], [-70.12402, 18.54912], [-70.1252, 18.54791], [-70.12491, 18.54745], [-70.1258, 18.5468], [-70.12581, 18.54596], [-70.1239, 18.5449], [-70.12324, 18.54357], [-70.1219, 18.54411], [-70.1191, 18.5424], [-70.11885, 18.54144], [-70.11969, 18.54053], [-70.1233, 18.53127], [-70.12515, 18.52915], [-70.12476, 18.52632], [-70.12112, 18.52426], [-70.1172, 18.52401], [-70.11582, 18.52323], [-70.11393, 18.52315], [-70.11256, 18.52575], [-70.10753, 18.52773], [-70.10399, 18.52661], [-70.09988, 18.52437], [-70.09735, 18.5239], [-70.09604, 18.5243], [-70.09388, 18.52659], [-70.09672, 18.53026], [-70.09643, 18.53182], [-70.09414, 18.53475], [-70.09215, 18.53496], [-70.08757, 18.53066], [-70.08611, 18.527], [-70.08598, 18.5252], [-70.08458, 18.52392], [-70.08435, 18.52227], [-70.0827, 18.52022], [-70.0807, 18.51836], [-70.07414, 18.51715], [-70.07233, 18.51575], [-70.07125, 18.51376], [-70.07102, 18.50894], [-70.07223, 18.50614], [-70.07189, 18.5045], [-70.07228, 18.5022], [-70.07067, 18.49986], [-70.07025, 18.49697], [-70.06782, 18.49506], [-70.065, 18.49406], [-70.06425, 18.49322], [-70.06392, 18.49114], [-70.06571, 18.48743], [-70.07264, 18.4843], [-70.07344, 18.48327], [-70.0736, 18.48131], [-70.07297, 18.48029], [-70.07212, 18.4799], [-70.06858, 18.48006], [-70.06538, 18.48137], [-70.06485, 18.4813], [-70.06415, 18.47998], [-70.06357, 18.47862], [-70.06392, 18.47667], [-70.06508, 18.47541], [-70.06712, 18.47447], [-70.06841, 18.4698], [-70.06592, 18.46462], [-70.06463, 18.46431], [-70.06327, 18.46482], [-70.06227, 18.46594], [-70.06209, 18.46653], [-70.06253, 18.4669], [-70.06205, 18.46961], [-70.05913, 18.47242], [-70.05597, 18.47256], [-70.05154, 18.47652], [-70.04826, 18.47717], [-70.04392, 18.47507], [-70.04344, 18.47061], [-70.04154, 18.46832], [-70.03902, 18.46659], [-70.03705, 18.46615], [-70.03357, 18.46195], [-70.03071, 18.46225], [-70.02872, 18.46124], [-70.02575, 18.46296], [-70.02422, 18.46524], [-70.02221, 18.46646], [-70.02104, 18.46908], [-70.01916, 18.47638], [-70.01396, 18.47663], [-70.01348, 18.47644], [-70.0131, 18.4751], [-70.01309, 18.46538], [-70.0134, 18.46427], [-70.01528, 18.4624], [-70.01558, 18.46035], [-70.01484, 18.45934], [-70.01343, 18.45908], [-70.01194, 18.45971], [-70.01062, 18.46107], [-70.01005, 18.46103], [-70.00886, 18.45991], [-70.00763, 18.45744], [-70.01008, 18.4548], [-70.01064, 18.45339], [-70.00667, 18.45056], [-70.00274, 18.44931], [-70.00207, 18.44828], [-70.00254, 18.44579], [-70.00587, 18.44466], [-70.00664, 18.44307], [-70.00723, 18.43745], [-70.00606, 18.43311], [-70.00649, 18.43057], [-70.00823, 18.42899], [-70.01542, 18.42808], [-70.01821, 18.42671], [-70.01929, 18.4224], [-70.01925, 18.42085], [-70.02008, 18.42057], [-70.02046, 18.41954], [-70.02063, 18.41836], [-70.01959, 18.41669], [-70.02081, 18.41419], [-70.02, 18.41357], [-70.01871, 18.41451], [-70.01984, 18.41329], [-70.01838, 18.41273], [-70.02028, 18.41326], [-70.0212, 18.41296], [-70.02437, 18.40977], [-70.02569, 18.40693], [-70.02494, 18.40674], [-70.02573, 18.40649], [-70.02597, 18.40458], [-70.02633, 18.40458], [-70.02778, 18.40049], [-70.03166, 18.39437], [-70.03404, 18.38918], [-70.03495, 18.3884], [-70.03553, 18.38982], [-70.03795, 18.38952], [-70.03705, 18.3891], [-70.03699, 18.38853], [-70.03789, 18.38398], [-70.04113, 18.37999], [-70.0446, 18.37687], [-70.04934, 18.37095], [-70.05069, 18.3702], [-70.0515, 18.3704], [-70.05436, 18.36759], [-70.05429, 18.36586], [-70.06105, 18.35622], [-70.068, 18.34472], [-70.07096, 18.33875], [-70.07119, 18.33542], [-70.07283, 18.33353], [-70.07693, 18.32389], [-70.08056, 18.31803], [-70.08547, 18.31222], [-70.08793, 18.30838], [-70.09099, 18.3056], [-70.09203, 18.30533], [-70.09334, 18.30374], [-70.09457, 18.3042], [-70.09549, 18.30323], [-70.09787, 18.30295], [-70.10045, 18.304], [-70.1008, 18.30498], [-70.10242, 18.30448], [-70.10413, 18.30307], [-70.10497, 18.30118], [-70.10898, 18.29731], [-70.11032, 18.29537], [-70.11072, 18.29227], [-70.10998, 18.29134], [-70.11027, 18.28958], [-70.11089, 18.28932], [-70.11161, 18.28799], [-70.11172, 18.28522], [-70.11537, 18.2825], [-70.12255, 18.27179], [-70.12378, 18.2716], [-70.12767, 18.26962], [-70.13448, 18.26312], [-70.13806, 18.25701], [-70.14016, 18.24987], [-70.14147, 18.24747], [-70.14256, 18.24712], [-70.14261, 18.24573], [-70.14594, 18.24167], [-70.1488, 18.23682], [-70.14923, 18.23492], [-70.15311, 18.23121], [-70.15653, 18.23002], [-70.15679, 18.22894], [-70.15875, 18.22767], [-70.16071, 18.22726], [-70.16161, 18.2276], [-70.16198, 18.22948], [-70.16157, 18.23104], [-70.16299, 18.23299], [-70.16331, 18.23441], [-70.16419, 18.23453], [-70.16633, 18.23205], [-70.16685, 18.23197], [-70.16722, 18.23327], [-70.16649, 18.2349], [-70.16676, 18.23548], [-70.16819, 18.23677], [-70.16927, 18.23708], [-70.17345, 18.23561], [-70.18057, 18.23147], [-70.18428, 18.23124], [-70.18786, 18.22865], [-70.18759, 18.23464], [-70.1917, 18.23985], [-70.19225, 18.24325], [-70.19162, 18.24516], [-70.18976, 18.24695], [-70.18901, 18.24998], [-70.18876, 18.25194], [-70.18967, 18.25479], [-70.18965, 18.25632], [-70.18928, 18.25707], [-70.18694, 18.25848], [-70.18619, 18.26085], [-70.18563, 18.26637], [-70.18622, 18.26863], [-70.18529, 18.27079], [-70.18508, 18.27271], [-70.18673, 18.27735], [-70.1869, 18.27962], [-70.18862, 18.28163], [-70.19256, 18.28357], [-70.19514, 18.28365], [-70.20164, 18.28257], [-70.20598, 18.28465], [-70.20839, 18.28861], [-70.20846, 18.29152], [-70.20781, 18.29568], [-70.21232, 18.30653], [-70.21691, 18.30773], [-70.21747, 18.30886], [-70.21767, 18.3114], [-70.21914, 18.31362], [-70.22622, 18.3142], [-70.22813, 18.31514], [-70.2287, 18.31703], [-70.22859, 18.32448], [-70.22912, 18.32517], [-70.23664, 18.32944], [-70.24202, 18.33517], [-70.24202, 18.33773], [-70.24309, 18.34358], [-70.24465, 18.34446], [-70.24582, 18.34415], [-70.24677, 18.34506], [-70.24855, 18.3501], [-70.24857, 18.35159], [-70.24608, 18.35572], [-70.24605, 18.35644], [-70.24658, 18.35643], [-70.2467, 18.36029], [-70.25142, 18.36639], [-70.25271, 18.36726], [-70.25574, 18.36697], [-70.26268, 18.36263], [-70.26678, 18.35875], [-70.2687, 18.35813], [-70.27026, 18.35838], [-70.27157, 18.36082], [-70.27234, 18.37843], [-70.27513, 18.38463], [-70.27655, 18.38527], [-70.27842, 18.38489], [-70.28199, 18.37933], [-70.28333, 18.37855], [-70.2846, 18.37898], [-70.2879, 18.38358], [-70.28876, 18.38621], [-70.28826, 18.38731], [-70.28651, 18.38832], [-70.28346, 18.38867], [-70.28134, 18.38976], [-70.2815, 18.39198], [-70.28031, 18.39339], [-70.28074, 18.39603], [-70.27837, 18.39825], [-70.27747, 18.3999], [-70.27883, 18.40274], [-70.27824, 18.40407], [-70.27538, 18.40411], [-70.26985, 18.40255], [-70.26318, 18.40216], [-70.2611, 18.40393], [-70.25941, 18.40949], [-70.25796, 18.4115], [-70.25542, 18.41265], [-70.24621, 18.4152], [-70.24452, 18.41689], [-70.24341, 18.41922], [-70.24468, 18.42288], [-70.24736, 18.42497], [-70.24986, 18.42641], [-70.25241, 18.4271], [-70.25983, 18.4282], [-70.26164, 18.42917], [-70.26242, 18.43027], [-70.26269, 18.43209], [-70.25852, 18.43668], [-70.25882, 18.43764], [-70.25976, 18.43805], [-70.26273, 18.437], [-70.26418, 18.43754], [-70.26608, 18.43988], [-70.26616, 18.44057], [-70.26551, 18.4412], [-70.26089, 18.44372], [-70.25967, 18.44525], [-70.25968, 18.44635], [-70.26322, 18.44654], [-70.265, 18.44759], [-70.26622, 18.44959], [-70.26527, 18.45171], [-70.26297, 18.4524], [-70.26233, 18.45326], [-70.26234, 18.45425], [-70.26533, 18.45755], [-70.2661, 18.45779], [-70.26752, 18.45741], [-70.26918, 18.45378], [-70.27251, 18.45369], [-70.27432, 18.45429], [-70.27705, 18.45673], [-70.27861, 18.45918], [-70.27964, 18.45954], [-70.2808, 18.4588], [-70.28143, 18.45719], [-70.28349, 18.45681], [-70.28426, 18.45619], [-70.2853, 18.45349], [-70.28656, 18.45384], [-70.2867, 18.45568], [-70.29198, 18.46327], [-70.29155, 18.46426], [-70.28927, 18.46453], [-70.28884, 18.46516], [-70.28874, 18.46661], [-70.28963, 18.46847], [-70.28725, 18.47], [-70.28709, 18.47072], [-70.2872, 18.4715], [-70.28786, 18.47181], [-70.29074, 18.47225], [-70.29141, 18.4738], [-70.28777, 18.4744], [-70.28821, 18.47533], [-70.29422, 18.47866], [-70.29851, 18.47796], [-70.30145, 18.47877], [-70.30156, 18.47986], [-70.30027, 18.48142], [-70.30022, 18.4821], [-70.30202, 18.48291], [-70.30269, 18.48431], [-70.30253, 18.48514], [-70.30161, 18.48556], [-70.3014, 18.48629], [-70.302, 18.48686], [-70.30471, 18.48658], [-70.3057, 18.48699], [-70.30608, 18.48776], [-70.30593, 18.48942], [-70.30653, 18.48989], [-70.30969, 18.49023], [-70.30967, 18.49479], [-70.31196, 18.49509], [-70.31275, 18.49294], [-70.31474, 18.49278], [-70.31565, 18.49302], [-70.31712, 18.49446], [-70.31876, 18.49395], [-70.32073, 18.49657], [-70.32183, 18.49502], [-70.32249, 18.49561], [-70.32257, 18.49666], [-70.32536, 18.49695], [-70.32668, 18.50236], [-70.32916, 18.50218], [-70.32987, 18.50271], [-70.33021, 18.50423], [-70.32928, 18.50519], [-70.32921, 18.50717], [-70.32963, 18.5088], [-70.33041, 18.50934], [-70.33577, 18.50662], [-70.33525, 18.50452], [-70.33563, 18.5019], [-70.33767, 18.49972], [-70.33926, 18.49975], [-70.33954, 18.50024], [-70.33936, 18.502], [-70.33835, 18.50345], [-70.33918, 18.50422], [-70.34491, 18.50243], [-70.34662, 18.50234], [-70.34802, 18.50416], [-70.35208, 18.50724], [-70.35197, 18.50773], [-70.34819, 18.50939], [-70.34819, 18.50999], [-70.34866, 18.51055], [-70.35182, 18.51044], [-70.35392, 18.51162], [-70.35326, 18.51246], [-70.3515, 18.5132], [-70.35108, 18.51396], [-70.35191, 18.51537], [-70.3542, 18.51732], [-70.35401, 18.51952], [-70.35525, 18.51982], [-70.35761, 18.51927], [-70.35798, 18.5197], [-70.35789, 18.52101], [-70.35509, 18.52305], [-70.3552, 18.52363], [-70.35812, 18.52424], [-70.36206, 18.52591], [-70.36206, 18.52649], [-70.36053, 18.52723], [-70.36009, 18.52819], [-70.36103, 18.52958], [-70.36264, 18.52929], [-70.36384, 18.52781], [-70.36525, 18.5277], [-70.3656, 18.52894], [-70.364, 18.53026], [-70.36372, 18.53226], [-70.36507, 18.5326], [-70.36692, 18.53176], [-70.36999, 18.53179], [-70.37047, 18.53211], [-70.37151, 18.53587], [-70.37332, 18.53707], [-70.37595, 18.53783], [-70.37745, 18.54022], [-70.37741, 18.54128], [-70.37607, 18.54173], [-70.37361, 18.54167], [-70.37286, 18.54244], [-70.37291, 18.54352], [-70.37353, 18.54423], [-70.37499, 18.54445], [-70.37722, 18.54582], [-70.37838, 18.54746], [-70.38019, 18.54851], [-70.37916, 18.55142], [-70.37964, 18.55208], [-70.38091, 18.55227], [-70.38192, 18.55312], [-70.38215, 18.55552], [-70.37992, 18.55884], [-70.37921, 18.55914], [-70.378, 18.55874], [-70.37716, 18.55688], [-70.37642, 18.55681], [-70.37581, 18.55891], [-70.37377, 18.55892], [-70.37113, 18.56148], [-70.36918, 18.5625], [-70.37017, 18.56357], [-70.37366, 18.56454], [-70.37386, 18.56575], [-70.37535, 18.56618], [-70.37693, 18.56751], [-70.37706, 18.56912], [-70.3764, 18.56961], [-70.37534, 18.5691], [-70.3752, 18.56808], [-70.37447, 18.56783], [-70.37364, 18.5721], [-70.37247, 18.57207], [-70.37058, 18.571], [-70.37052, 18.57283], [-70.36701, 18.57487], [-70.36675, 18.57565], [-70.36742, 18.57725], [-70.36672, 18.57771], [-70.36678, 18.57968], [-70.36561, 18.58033], [-70.3655, 18.58092], [-70.36672, 18.58192], [-70.3678, 18.58087], [-70.3682, 18.58176], [-70.36696, 18.58327], [-70.36552, 18.58406], [-70.36545, 18.5854], [-70.36664, 18.58633], [-70.36705, 18.5848], [-70.3698, 18.58548], [-70.36977, 18.58642], [-70.36849, 18.58792], [-70.36973, 18.59187], [-70.36875, 18.59198], [-70.3662, 18.59029], [-70.36499, 18.59089], [-70.36469, 18.59284], [-70.36868, 18.59503], [-70.36884, 18.59605], [-70.36609, 18.59643], [-70.36595, 18.59707], [-70.36681, 18.59876], [-70.36503, 18.59966], [-70.3662, 18.60133], [-70.36595, 18.60476], [-70.36526, 18.605], [-70.36412, 18.6042], [-70.36175, 18.60434], [-70.3616, 18.60521], [-70.36081, 18.60593], [-70.35887, 18.60692], [-70.35991, 18.61054], [-70.36312, 18.60941], [-70.36496, 18.60981], [-70.36425, 18.61111], [-70.36279, 18.61134], [-70.36279, 18.61224], [-70.36554, 18.61459], [-70.36612, 18.61568], [-70.36336, 18.6165], [-70.36381, 18.61695], [-70.36504, 18.61693], [-70.36522, 18.61735], [-70.36481, 18.61892], [-70.364, 18.61962], [-70.36378, 18.62126], [-70.3651, 18.62258], [-70.36818, 18.62316], [-70.36943, 18.62508], [-70.36985, 18.62795], [-70.36902, 18.62882], [-70.36751, 18.62928], [-70.36661, 18.63043], [-70.36671, 18.63153], [-70.36802, 18.6321], [-70.36893, 18.63176], [-70.37027, 18.63098], [-70.37207, 18.62895], [-70.37153, 18.63236], [-70.37359, 18.63177], [-70.37422, 18.63294], [-70.37232, 18.63448], [-70.37561, 18.63602], [-70.37519, 18.63678], [-70.37323, 18.63678], [-70.37337, 18.63734], [-70.37534, 18.63795], [-70.37516, 18.63852], [-70.37345, 18.63946], [-70.37333, 18.64023], [-70.37609, 18.64119], [-70.37756, 18.64311], [-70.37542, 18.64664], [-70.37706, 18.64926], [-70.3748, 18.65208], [-70.37453, 18.65323], [-70.37552, 18.65835], [-70.37475, 18.65975], [-70.37345, 18.66055], [-70.37135, 18.66295], [-70.36844, 18.66437], [-70.36611, 18.66646], [-70.36635, 18.66847], [-70.3658, 18.67008], [-70.36737, 18.672], [-70.36643, 18.67277], [-70.36567, 18.67279], [-70.36394, 18.67129], [-70.36299, 18.67118], [-70.36162, 18.67868], [-70.35972, 18.68112], [-70.35779, 18.68244], [-70.35824, 18.68439], [-70.36053, 18.68613], [-70.36006, 18.68817], [-70.36067, 18.69023], [-70.36029, 18.6919], [-70.3579, 18.69342], [-70.35766, 18.69406], [-70.35869, 18.69761], [-70.35839, 18.69853], [-70.35906, 18.69964], [-70.35878, 18.70255], [-70.35786, 18.70345], [-70.35771, 18.70616], [-70.3589, 18.70806], [-70.35293, 18.71494], [-70.34837, 18.72204], [-70.34477, 18.72553], [-70.34349, 18.72588], [-70.34214, 18.72393], [-70.33524, 18.71893], [-70.33173, 18.71743], [-70.3296, 18.71544], [-70.31445, 18.72239], [-70.31178, 18.72715], [-70.30974, 18.7288], [-70.30682, 18.73284], [-70.30549, 18.73369], [-70.30316, 18.73415], [-70.3021, 18.73607], [-70.2993, 18.7379], [-70.2967, 18.74309], [-70.29656, 18.74444], [-70.29771, 18.74799], [-70.29524, 18.75126], [-70.29492, 18.75369], [-70.30045, 18.76307], [-70.30341, 18.77016], [-70.30278, 18.77492], [-70.30312, 18.77536], [-70.30289, 18.77615], [-70.30051, 18.77812], [-70.29418, 18.78024], [-70.29137, 18.78497], [-70.29083, 18.78782], [-70.28903, 18.79028], [-70.27646, 18.79468], [-70.27202, 18.80013], [-70.26534, 18.80004], [-70.25817, 18.80178], [-70.2507, 18.80501], [-70.24871, 18.80763], [-70.24049, 18.80148]]]}}, {"type": "Feature", "properties": {"COD_PROV": "22", "PROVINCIA": "SAN JUAN", "NOMBRE": "San Juan", "N_MUNICIPIOS": 6}, "geometry": {"type": "Polygon", "coordinates": [[[-71.20621, 19.17871], [-71.20341, 19.17773], [-71.20004, 19.17508], [-71.18851, 19.16456], [-71.1876, 19.16198], [-71.189, 19.15677], [-71.18909, 19.15404], [-71.18831, 19.15249], [-71.18442, 19.15038], [-71.17872, 19.14875], [-71.17632, 19.14547], [-71.17513, 19.14508], [-71.17086, 19.14534], [-71.16737, 19.14465], [-71.15748, 19.14053], [-71.15503, 19.13845], [-71.15381, 19.13281], [-71.15055, 19.12911], [-71.14926, 19.12526], [-71.14564, 19.1233], [-71.14087, 19.12189], [-71.13626, 19.11815], [-71.13235, 19.11719], [-71.13165, 19.11632], [-71.13097, 19.11395], [-71.13179, 19.10815], [-71.13155, 19.10668], [-71.12846, 19.10031], [-71.12836, 19.09869], [-71.12919, 19.09378], [-71.12999, 19.09179], [-71.12989, 19.08953], [-71.1334, 19.08445], [-71.13352, 19.08337], [-71.13216, 19.081], [-71.13171, 19.07797], [-71.13035, 19.07717], [-71.12789, 19.07681], [-71.12659, 19.07487], [-71.12282, 19.07366], [-71.1215, 19.07192], [-71.12079, 19.06965], [-71.11708, 19.068], [-71.1136, 19.06495], [-71.11017, 19.06324], [-71.10836, 19.06144], [-71.10688, 19.06075], [-71.10419, 19.06079], [-71.09952, 19.05629], [-71.09759, 19.05641], [-71.0916, 19.05971], [-71.08781, 19.06047], [-71.08701, 19.05993], [-71.08675, 19.05889], [-71.08547, 19.05797], [-71.08006, 19.05614], [-71.07647, 19.05317], [-71.07517, 19.05329], [-71.0713, 19.05489], [-71.06964, 19.05475], [-71.06287, 19.0493], [-71.05702, 19.0468], [-71.05236, 19.04151], [-71.04972, 19.03619], [-71.04854, 19.0325], [-71.0501, 19.02777], [-71.05019, 19.02627], [-71.04668, 19.02209], [-71.04443, 19.02197], [-71.03741, 19.02394], [-71.03581, 19.02318], [-71.03405, 19.02109], [-71.03147, 19.02037], [-71.03033, 19.02083], [-71.02744, 19.0239], [-71.02493, 19.02559], [-71.01825, 19.02748], [-71.01429, 19.02776], [-71.00933, 19.03035], [-71.00578, 19.03078], [-71.00113, 19.0296], [-70.99971, 19.02881], [-70.99945, 19.0233], [-70.99878, 19.02169], [-70.99834, 19.02165], [-70.99629, 19.02546], [-70.99347, 19.02879], [-70.98444, 19.03541], [-70.97947, 19.03756], [-70.97282, 19.03852], [-70.96448, 19.04434], [-70.96093, 19.04496], [-70.95887, 19.04378], [-70.95332, 19.03883], [-70.94893, 19.03714], [-70.94032, 19.03526], [-70.93652, 19.03215], [-70.93304, 19.03052], [-70.92373, 19.02792], [-70.91262, 19.02316], [-70.90989, 19.01908], [-70.90584, 19.01549], [-70.90445, 19.01195], [-70.89951, 19.00808], [-70.89566, 19.00577], [-70.89429, 19.00392], [-70.89355, 19.00068], [-70.89141, 18.99675], [-70.89094, 18.99482], [-70.89137, 18.99199], [-70.89109, 18.99134], [-70.89259, 18.99004], [-70.89274, 18.98927], [-70.8916, 18.98725], [-70.89177, 18.9823], [-70.8908, 18.97959], [-70.89084, 18.97501], [-70.88964, 18.97269], [-70.88994, 18.97091], [-70.89863, 18.96463], [-70.90353, 18.96381], [-70.90564, 18.96166], [-70.90733, 18.96083], [-70.90836, 18.96143], [-70.91492, 18.96121], [-70.92302, 18.96021], [-70.92629, 18.96145], [-70.9281, 18.96143], [-70.93134, 18.96043], [-70.93255, 18.95884], [-70.93236, 18.95614], [-70.92873, 18.95289], [-70.92686, 18.95297], [-70.92632, 18.95254], [-70.92514, 18.94984], [-70.92457, 18.9449], [-70.92271, 18.9432], [-70.9182, 18.9408], [-70.91721, 18.93835], [-70.91701, 18.9371], [-70.91763, 18.93392], [-70.91826, 18.93274], [-70.92089, 18.93046], [-70.92139, 18.92962], [-70.92169, 18.92696], [-70.92306, 18.92529], [-70.92553, 18.92361], [-70.92942, 18.92392], [-70.93515, 18.92534], [-70.93728, 18.92485], [-70.94058, 18.92516], [-70.94275, 18.92396], [-70.9457, 18.92395], [-70.94783, 18.92333], [-70.95235, 18.92019], [-70.95353, 18.91858], [-70.95517, 18.9156], [-70.95562, 18.91311], [-70.95523, 18.91078], [-70.95594, 18.9098], [-70.95801, 18.90924], [-70.95922, 18.90976], [-70.96237, 18.90977], [-70.96667, 18.9088], [-70.97342, 18.90457], [-70.97768, 18.90111], [-70.98104, 18.90266], [-70.9852, 18.90254], [-70.98614, 18.90194], [-70.98828, 18.89899], [-70.99064, 18.89859], [-70.99313, 18.89922], [-70.9949, 18.89914], [-70.99648, 18.89674], [-70.99774, 18.8891], [-70.9976, 18.88135], [-70.99474, 18.87356], [-70.99363, 18.86458], [-70.99522, 18.86268], [-70.99772, 18.86202], [-70.99759, 18.85972], [-70.99447, 18.85712], [-70.99443, 18.85407], [-70.99574, 18.85228], [-70.99563, 18.85152], [-70.99288, 18.84911], [-70.9917, 18.84862], [-70.99121, 18.84781], [-70.99085, 18.84446], [-70.98837, 18.84185], [-70.98721, 18.83856], [-70.98685, 18.83503], [-70.98601, 18.83422], [-70.98625, 18.83298], [-70.984, 18.82897], [-70.97844, 18.82393], [-70.97497, 18.81914], [-70.97402, 18.81725], [-70.97517, 18.81145], [-70.97307, 18.80848], [-70.97223, 18.80575], [-70.97356, 18.80373], [-70.97315, 18.80116], [-70.97253, 18.80035], [-70.97203, 18.79623], [-70.97523, 18.79306], [-70.97746, 18.78878], [-70.98076, 18.78649], [-70.98321, 18.78383], [-70.98482, 18.77935], [-70.98463, 18.77138], [-70.98532, 18.76756], [-70.98595, 18.76585], [-70.98713, 18.76452], [-70.98666, 18.76275], [-70.98703, 18.76269], [-70.98804, 18.76407], [-70.99637, 18.76074], [-70.99719, 18.75933], [-70.99891, 18.758], [-70.99999, 18.75571], [-71.00072, 18.75067], [-71.00116, 18.7501], [-71.00334, 18.74892], [-71.00939, 18.75002], [-71.01038, 18.75222], [-71.00932, 18.75755], [-71.01044, 18.75947], [-71.01217, 18.76109], [-71.01364, 18.76628], [-71.01492, 18.76879], [-71.01838, 18.77128], [-71.02467, 18.77464], [-71.02704, 18.77699], [-71.02931, 18.78366], [-71.02992, 18.78783], [-71.03199, 18.78491], [-71.03302, 18.78267], [-71.033, 18.78122], [-71.03405, 18.78032], [-71.03399, 18.77746], [-71.0363, 18.77519], [-71.0366, 18.77356], [-71.03955, 18.77234], [-71.0431, 18.76888], [-71.04417, 18.76723], [-71.04414, 18.76515], [-71.0486, 18.7593], [-71.05331, 18.75749], [-71.05407, 18.75563], [-71.05285, 18.75457], [-71.05286, 18.75128], [-71.05211, 18.74801], [-71.05127, 18.74694], [-71.04931, 18.74618], [-71.04556, 18.73624], [-71.03828, 18.72433], [-71.03823, 18.72044], [-71.04005, 18.71589], [-71.0424, 18.71327], [-71.04679, 18.71144], [-71.04842, 18.70945], [-71.0485, 18.70476], [-71.04645, 18.70238], [-71.04712, 18.70166], [-71.0466, 18.69633], [-71.04705, 18.69458], [-71.04972, 18.69169], [-71.0504, 18.68225], [-71.05162, 18.67796], [-71.05319, 18.67585], [-71.05515, 18.67565], [-71.05735, 18.67653], [-71.06073, 18.67952], [-71.06287, 18.68045], [-71.06741, 18.67399], [-71.06851, 18.67406], [-71.07266, 18.67704], [-71.07556, 18.67747], [-71.07654, 18.67686], [-71.0764, 18.6776], [-71.07694, 18.67841], [-71.07638, 18.68087], [-71.07461, 18.68373], [-71.0721, 18.68613], [-71.07073, 18.6933], [-71.07124, 18.69498], [-71.07225, 18.69544], [-71.07576, 18.69479], [-71.07757, 18.6935], [-71.07862, 18.69208], [-71.07966, 18.68624], [-71.08047, 18.68561], [-71.08189, 18.68326], [-71.083, 18.68005], [-71.08465, 18.67801], [-71.08405, 18.67654], [-71.08551, 18.67418], [-71.08512, 18.67147], [-71.08678, 18.66838], [-71.08792, 18.6679], [-71.08978, 18.66811], [-71.09045, 18.66713], [-71.09011, 18.66602], [-71.0914, 18.66401], [-71.09233, 18.66403], [-71.0932, 18.66476], [-71.09461, 18.66453], [-71.09511, 18.66331], [-71.09408, 18.66262], [-71.09589, 18.66122], [-71.09661, 18.65936], [-71.09849, 18.6593], [-71.1005, 18.65725], [-71.10092, 18.65389], [-71.10159, 18.65312], [-71.10122, 18.65216], [-71.10181, 18.65115], [-71.10031, 18.6503], [-71.10026, 18.64975], [-71.10088, 18.64928], [-71.10181, 18.64957], [-71.10227, 18.64723], [-71.10392, 18.64603], [-71.10528, 18.64601], [-71.1048, 18.6442], [-71.10512, 18.64384], [-71.10679, 18.6435], [-71.10713, 18.64407], [-71.10766, 18.64401], [-71.11339, 18.64091], [-71.11554, 18.64055], [-71.11963, 18.63881], [-71.1223, 18.63887], [-71.12528, 18.6396], [-71.12937, 18.64198], [-71.13132, 18.64167], [-71.13516, 18.63748], [-71.13751, 18.63105], [-71.13833, 18.62939], [-71.13957, 18.62822], [-71.14231, 18.62708], [-71.14622, 18.62666], [-71.14991, 18.62343], [-71.15132, 18.62282], [-71.15769, 18.62191], [-71.16019, 18.62209], [-71.16156, 18.61912], [-71.16636, 18.61994], [-71.17096, 18.61982], [-71.17724, 18.62319], [-71.18853, 18.62646], [-71.19321, 18.62641], [-71.19704, 18.62243], [-71.19859, 18.62167], [-71.212, 18.62202], [-71.21753, 18.6232], [-71.21908, 18.62457], [-71.21977, 18.62802], [-71.22117, 18.62891], [-71.22983, 18.62618], [-71.24537, 18.61671], [-71.2478, 18.61578], [-71.25334, 18.61617], [-71.26507, 18.61441], [-71.28047, 18.6136], [-71.28235, 18.61515], [-71.28916, 18.61697], [-71.30012, 18.61878], [-71.30595, 18.62087], [-71.30744, 18.62219], [-71.31505, 18.62465], [-71.31769, 18.62504], [-71.31954, 18.62408], [-71.32401, 18.62021], [-71.33102, 18.61082], [-71.33658, 18.60465], [-71.34409, 18.5983], [-71.3496, 18.59655], [-71.35457, 18.59358], [-71.35517, 18.58992], [-71.35686, 18.5881], [-71.35862, 18.58777], [-71.36039, 18.58832], [-71.36453, 18.59179], [-71.36552, 18.5916], [-71.36876, 18.58904], [-71.37228, 18.59043], [-71.37709, 18.59358], [-71.38062, 18.59459], [-71.38513, 18.5942], [-71.38825, 18.59572], [-71.3919, 18.59677], [-71.39291, 18.59825], [-71.3924, 18.60117], [-71.39332, 18.60392], [-71.3924, 18.60826], [-71.39294, 18.61052], [-71.39419, 18.61246], [-71.39647, 18.61425], [-71.40197, 18.61412], [-71.40346, 18.61486], [-71.4061, 18.61723], [-71.40711, 18.61754], [-71.40802, 18.61768], [-71.4134, 18.61487], [-71.41918, 18.60768], [-71.42105, 18.60758], [-71.42326, 18.60903], [-71.42768, 18.61525], [-71.43167, 18.61859], [-71.43929, 18.62217], [-71.44501, 18.6216], [-71.44744, 18.62197], [-71.45268, 18.6263], [-71.45404, 18.6268], [-71.46022, 18.62836], [-71.46587, 18.62888], [-71.46921, 18.6281], [-71.47289, 18.62641], [-71.47498, 18.62344], [-71.47677, 18.62285], [-71.4787, 18.62324], [-71.48275, 18.62574], [-71.4873, 18.62444], [-71.49204, 18.62598], [-71.49592, 18.62533], [-71.49982, 18.62747], [-71.5053, 18.62707], [-71.51406, 18.62918], [-71.52197, 18.63249], [-71.52361, 18.63452], [-71.52498, 18.64054], [-71.52551, 18.64116], [-71.52643, 18.64197], [-71.53339, 18.64489], [-71.53795, 18.64623], [-71.55009, 18.64837], [-71.56825, 18.6537], [-71.57213, 18.65369], [-71.57601, 18.65256], [-71.57846, 18.65296], [-71.57577, 18.65466], [-71.57199, 18.66357], [-71.57144, 18.66776], [-71.57227, 18.66926], [-71.57198, 18.67207], [-71.5743, 18.68042], [-71.57408, 18.68174], [-71.57255, 18.68452], [-71.57291, 18.68588], [-71.57181, 18.68897], [-71.5717, 18.69671], [-71.57217, 18.69716], [-71.57253, 18.70001], [-71.56916, 18.70587], [-71.56896, 18.70652], [-71.56968, 18.70711], [-71.56982, 18.70884], [-71.56918, 18.71032], [-71.57011, 18.71267], [-71.57001, 18.71989], [-71.57032, 18.72101], [-71.57181, 18.72286], [-71.57217, 18.72537], [-71.57325, 18.72634], [-71.57468, 18.72662], [-71.57547, 18.72758], [-71.57738, 18.72826], [-71.57896, 18.72815], [-71.57994, 18.72875], [-71.57967, 18.7303], [-71.58042, 18.73136], [-71.57937, 18.73296], [-71.58008, 18.73538], [-71.58147, 18.73847], [-71.58479, 18.74133], [-71.58525, 18.74279], [-71.57967, 18.74414], [-71.57909, 18.74467], [-71.57849, 18.74628], [-71.57856, 18.74912], [-71.57681, 18.752], [-71.57326, 18.7558], [-71.57455, 18.75758], [-71.57384, 18.75894], [-71.57103, 18.75872], [-71.57085, 18.75948], [-71.57137, 18.76024], [-71.5707, 18.76261], [-71.5717, 18.76354], [-71.57154, 18.76612], [-71.57575, 18.7691], [-71.57694, 18.76933], [-71.5774, 18.77079], [-71.57842, 18.77164], [-71.57847, 18.77083], [-71.58001, 18.77109], [-71.58098, 18.7695], [-71.58213, 18.76905], [-71.58248, 18.76959], [-71.58385, 18.76978], [-71.58452, 18.77253], [-71.58327, 18.77321], [-71.58265, 18.77426], [-71.57972, 18.77394], [-71.57462, 18.77672], [-71.57216, 18.77719], [-71.56853, 18.7807], [-71.56704, 18.78147], [-71.57112, 18.78266], [-71.57308, 18.784], [-71.57681, 18.7847], [-71.58726, 18.79026], [-71.59035, 18.79426], [-71.59146, 18.79642], [-71.59758, 18.79993], [-71.61029, 18.80328], [-71.62276, 18.80413], [-71.62852, 18.80403], [-71.6303, 18.80588], [-71.62995, 18.80671], [-71.62778, 18.80697], [-71.62596, 18.80925], [-71.62468, 18.80878], [-71.62395, 18.80909], [-71.62352, 18.81135], [-71.62239, 18.81346], [-71.6223, 18.81499], [-71.62016, 18.81801], [-71.62128, 18.81835], [-71.62241, 18.81984], [-71.62406, 18.82039], [-71.6238, 18.82136], [-71.62211, 18.8227], [-71.6214, 18.82477], [-71.61528, 18.82652], [-71.61804, 18.82902], [-71.62076, 18.82916], [-71.62215, 18.83416], [-71.62599, 18.84266], [-71.62594, 18.84425], [-71.62344, 18.85078], [-71.62394, 18.85407], [-71.62132, 18.85686], [-71.62122, 18.85862], [-71.61919, 18.86423], [-71.6188, 18.88159], [-71.61715, 18.88394], [-71.6172, 18.88489], [-71.62062, 18.88502], [-71.62199, 18.88462], [-71.62376, 18.88321], [-71.62436, 18.88097], [-71.62532, 18.87971], [-71.62803, 18.87972], [-71.62977, 18.87763], [-71.63419, 18.87542], [-71.63758, 18.87651], [-71.6403, 18.87609], [-71.64178, 18.87748], [-71.64444, 18.87841], [-71.64886, 18.88108], [-71.65153, 18.88166], [-71.65269, 18.88277], [-71.64945, 18.88647], [-71.64832, 18.88843], [-71.64419, 18.88935], [-71.63807, 18.89189], [-71.63446, 18.89543], [-71.63227, 18.8994], [-71.62896, 18.90231], [-71.62833, 18.90371], [-71.62699, 18.90484], [-71.6253, 18.90743], [-71.62484, 18.90931], [-71.62133, 18.9119], [-71.61897, 18.9156], [-71.61932, 18.91654], [-71.61808, 18.91775], [-71.61808, 18.9194], [-71.61684, 18.92005], [-71.61731, 18.92156], [-71.61957, 18.92202], [-71.61945, 18.92344], [-71.61801, 18.9237], [-71.61733, 18.92432], [-71.61973, 18.92665], [-71.61925, 18.9279], [-71.6194, 18.92918], [-71.61755, 18.93009], [-71.61809, 18.93474], [-71.6168, 18.93879], [-71.61747, 18.93938], [-71.61812, 18.9392], [-71.61995, 18.93697], [-71.62613, 18.93959], [-71.62779, 18.9383], [-71.63055, 18.93856], [-71.63141, 18.93766], [-71.63328, 18.93702], [-71.634, 18.93781], [-71.63332, 18.93973], [-71.63368, 18.9403], [-71.63593, 18.94061], [-71.63681, 18.93951], [-71.63558, 18.93837], [-71.63703, 18.93727], [-71.64001, 18.93898], [-71.64171, 18.9417], [-71.64343, 18.94323], [-71.6438, 18.94504], [-71.64052, 18.94637], [-71.63806, 18.94609], [-71.6377, 18.94644], [-71.63806, 18.94712], [-71.63631, 18.94765], [-71.63342, 18.9473], [-71.63163, 18.94821], [-71.63061, 18.94695], [-71.62979, 18.94722], [-71.62961, 18.94903], [-71.63089, 18.95035], [-71.62927, 18.9533], [-71.62527, 18.95323], [-71.62402, 18.95483], [-71.62479, 18.95487], [-71.6253, 18.95592], [-71.62371, 18.95657], [-71.62132, 18.95524], [-71.62134, 18.9565], [-71.62045, 18.95657], [-71.61966, 18.95779], [-71.61991, 18.96238], [-71.61887, 18.96319], [-71.61867, 18.96408], [-71.61806, 18.96356], [-71.61762, 18.96376], [-71.61828, 18.96477], [-71.61495, 18.9678], [-71.61431, 18.96996], [-71.61156, 18.97077], [-71.6094, 18.97408], [-71.60689, 18.97515], [-71.60682, 18.97584], [-71.60422, 18.9766], [-71.60206, 18.97955], [-71.59985, 18.98007], [-71.59745, 18.98172], [-71.59469, 18.98619], [-71.59278, 18.98641], [-71.59014, 18.98523], [-71.58752, 18.98552], [-71.58311, 18.98359], [-71.57924, 18.98689], [-71.5767, 18.99057], [-71.57432, 18.9921], [-71.57273, 18.99379], [-71.57243, 18.99475], [-71.57369, 18.99658], [-71.57396, 18.99879], [-71.57357, 19.00004], [-71.57191, 19.0011], [-71.56449, 19.00329], [-71.5554, 19.00183], [-71.55171, 18.9993], [-71.54913, 18.99865], [-71.53831, 19.00122], [-71.53417, 18.99978], [-71.53081, 18.9998], [-71.52524, 18.99781], [-71.52426, 18.99838], [-71.52367, 18.99751], [-71.52267, 18.99788], [-71.52009, 19.00116], [-71.51712, 19.00215], [-71.5159, 19.00514], [-71.51473, 19.00643], [-71.51384, 19.00665], [-71.51268, 19.00879], [-71.50717, 19.00974], [-71.50705, 19.01271], [-71.50586, 19.01454], [-71.50665, 19.01534], [-71.50585, 19.01671], [-71.50701, 19.01743], [-71.50763, 19.01906], [-71.50935, 19.02105], [-71.50928, 19.02211], [-71.51109, 19.02297], [-71.51055, 19.02431], [-71.5113, 19.02525], [-71.5113, 19.02709], [-71.51171, 19.02764], [-71.51145, 19.02965], [-71.51234, 19.03023], [-71.51136, 19.03134], [-71.512, 19.03267], [-71.51086, 19.0343], [-71.51093, 19.03491], [-71.50722, 19.03696], [-71.5052, 19.04086], [-71.50357, 19.04886], [-71.504, 19.05952], [-71.50325, 19.06291], [-71.49991, 19.0643], [-71.49391, 19.0684], [-71.4867, 19.07681], [-71.48298, 19.08276], [-71.48316, 19.08531], [-71.48168, 19.09029], [-71.48189, 19.09457], [-71.48294, 19.09626], [-71.4788, 19.09854], [-71.47707, 19.10069], [-71.47034, 19.10555], [-71.46491, 19.10834], [-71.46356, 19.11155], [-71.46365, 19.1147], [-71.46516, 19.11799], [-71.46829, 19.12124], [-71.46831, 19.12266], [-71.46731, 19.12537], [-71.46165, 19.12701], [-71.45954, 19.12647], [-71.45511, 19.12653], [-71.45414, 19.12721], [-71.44998, 19.12738], [-71.44764, 19.12711], [-71.44712, 19.12622], [-71.44562, 19.12708], [-71.44339, 19.12627], [-71.4403, 19.12631], [-71.43966, 19.12584], [-71.43502, 19.12794], [-71.43443, 19.13012], [-71.43041, 19.13236], [-71.42803, 19.12918], [-71.4234, 19.12692], [-71.42117, 19.12156], [-71.42005, 19.12097], [-71.41892, 19.12117], [-71.4167, 19.12059], [-71.41514, 19.11685], [-71.41381, 19.11595], [-71.41076, 19.11562], [-71.40863, 19.11399], [-71.40528, 19.1132], [-71.40097, 19.11332], [-71.39921, 19.11257], [-71.39632, 19.1156], [-71.39186, 19.11746], [-71.38772, 19.12064], [-71.38663, 19.12075], [-71.38582, 19.12019], [-71.38443, 19.1204], [-71.38255, 19.12137], [-71.38187, 19.12271], [-71.38029, 19.12367], [-71.3756, 19.12383], [-71.37486, 19.12327], [-71.37597, 19.12255], [-71.37605, 19.12076], [-71.37497, 19.12017], [-71.37458, 19.11793], [-71.37246, 19.11365], [-71.37, 19.11329], [-71.36814, 19.11103], [-71.36583, 19.10937], [-71.36498, 19.1076], [-71.36401, 19.1068], [-71.36244, 19.10742], [-71.36071, 19.10685], [-71.35919, 19.10709], [-71.3566, 19.11044], [-71.35582, 19.11071], [-71.35324, 19.11056], [-71.3519, 19.10892], [-71.34993, 19.10788], [-71.34801, 19.1096], [-71.34588, 19.11023], [-71.34475, 19.1117], [-71.34192, 19.11229], [-71.34182, 19.1129], [-71.34247, 19.11392], [-71.3436, 19.11441], [-71.34355, 19.11542], [-71.34465, 19.11622], [-71.34497, 19.11715], [-71.34439, 19.11741], [-71.34324, 19.11694], [-71.34158, 19.11774], [-71.34141, 19.1189], [-71.34085, 19.1194], [-71.34147, 19.12191], [-71.33981, 19.12379], [-71.3398, 19.12529], [-71.33838, 19.12549], [-71.33923, 19.12599], [-71.33901, 19.12774], [-71.33972, 19.12957], [-71.34183, 19.13103], [-71.3425, 19.1332], [-71.34406, 19.13523], [-71.34421, 19.13633], [-71.34553, 19.13732], [-71.345, 19.13813], [-71.34534, 19.13991], [-71.34447, 19.14226], [-71.34548, 19.14382], [-71.34394, 19.14658], [-71.34269, 19.152], [-71.34323, 19.15436], [-71.34548, 19.15723], [-71.34547, 19.15958], [-71.3461, 19.15995], [-71.3451, 19.16088], [-71.34249, 19.16158], [-71.34251, 19.16252], [-71.34401, 19.16419], [-71.34418, 19.166], [-71.34328, 19.16695], [-71.34245, 19.16891], [-71.34245, 19.1708], [-71.34181, 19.17132], [-71.34009, 19.17178], [-71.33072, 19.17109], [-71.32627, 19.17324], [-71.32316, 19.17147], [-71.32035, 19.1708], [-71.31598, 19.17308], [-71.30239, 19.17285], [-71.3007, 19.17334], [-71.29874, 19.17491], [-71.29457, 19.17503], [-71.29289, 19.17606], [-71.28978, 19.17665], [-71.28645, 19.17632], [-71.28368, 19.17515], [-71.27971, 19.17164], [-71.27452, 19.16972], [-71.27169, 19.16972], [-71.26648, 19.16839], [-71.26372, 19.16924], [-71.26147, 19.17092], [-71.25673, 19.16939], [-71.25159, 19.17237], [-71.24816, 19.17211], [-71.24684, 19.17244], [-71.24177, 19.1712], [-71.23984, 19.17132], [-71.23538, 19.17343], [-71.23243, 19.17402], [-71.2284, 19.17348], [-71.2254, 19.17446], [-71.22216, 19.1763], [-71.21705, 19.17799], [-71.20621, 19.17871]]]}}, {"type": "Feature", "properties": {"COD_PROV": "23", "PROVINCIA": "SAN PEDRO DE MACORÍS", "NOMBRE": "San Pedro de Macorís", "N_MUNICIPIOS": 6}, "geometry": {"type": "Polygon", "coordinates": [[[-69.45207, 18.81593], [-69.45215, 18.81023], [-69.45124, 18.80847], [-69.45009, 18.80778], [-69.45218, 18.8065], [-69.45218, 18.80592], [-69.45116, 18.80535], [-69.45121, 18.80478], [-69.45352, 18.80429], [-69.45482, 18.80344], [-69.45324, 18.80195], [-69.45352, 18.80133], [-69.45584, 18.80296], [-69.457, 18.80286], [-69.45732, 18.8022], [-69.45732, 18.80141], [-69.45499, 18.79823], [-69.45508, 18.79594], [-69.45684, 18.79607], [-69.45721, 18.79558], [-69.45642, 18.79466], [-69.45433, 18.7947], [-69.45257, 18.79374], [-69.45252, 18.79202], [-69.45293, 18.7914], [-69.45502, 18.79099], [-69.45418, 18.78963], [-69.45432, 18.78897], [-69.4557, 18.78781], [-69.45445, 18.78618], [-69.45445, 18.78557], [-69.45681, 18.78481], [-69.4575, 18.78393], [-69.45773, 18.78136], [-69.4567, 18.78053], [-69.4567, 18.77969], [-69.45786, 18.77907], [-69.45669, 18.77465], [-69.45755, 18.77118], [-69.45727, 18.76963], [-69.45632, 18.76912], [-69.45484, 18.76642], [-69.45297, 18.76573], [-69.45324, 18.76449], [-69.45287, 18.76409], [-69.45074, 18.7639], [-69.44656, 18.76445], [-69.44603, 18.76355], [-69.44332, 18.76287], [-69.44207, 18.76198], [-69.43915, 18.76159], [-69.43811, 18.76069], [-69.43945, 18.75613], [-69.43849, 18.75357], [-69.43874, 18.75192], [-69.43675, 18.75056], [-69.43851, 18.74892], [-69.43851, 18.74743], [-69.43902, 18.74714], [-69.43858, 18.74646], [-69.43958, 18.74595], [-69.43771, 18.74118], [-69.4363, 18.74118], [-69.43513, 18.74059], [-69.43497, 18.73992], [-69.4356, 18.73856], [-69.43513, 18.73792], [-69.43302, 18.73746], [-69.43252, 18.73537], [-69.43208, 18.7354], [-69.43163, 18.73426], [-69.43063, 18.73397], [-69.43154, 18.73185], [-69.43126, 18.73005], [-69.43045, 18.72867], [-69.42912, 18.72791], [-69.43019, 18.72569], [-69.42805, 18.72159], [-69.42867, 18.72128], [-69.42776, 18.71992], [-69.42793, 18.7192], [-69.42734, 18.7178], [-69.42775, 18.71607], [-69.42869, 18.71585], [-69.4307, 18.71701], [-69.43126, 18.71666], [-69.42997, 18.71565], [-69.42997, 18.71454], [-69.4285, 18.71359], [-69.4285, 18.71298], [-69.42935, 18.71237], [-69.42871, 18.71161], [-69.42953, 18.71035], [-69.42873, 18.70915], [-69.42954, 18.70817], [-69.42766, 18.70689], [-69.42942, 18.70516], [-69.42935, 18.70435], [-69.42839, 18.70419], [-69.42947, 18.70336], [-69.42901, 18.70223], [-69.43091, 18.70124], [-69.43107, 18.70042], [-69.43013, 18.69864], [-69.42888, 18.69842], [-69.42856, 18.69715], [-69.42614, 18.6973], [-69.42486, 18.69641], [-69.42518, 18.69461], [-69.42483, 18.69399], [-69.4229, 18.69335], [-69.42249, 18.69167], [-69.42358, 18.69034], [-69.42348, 18.68893], [-69.42407, 18.68767], [-69.42506, 18.68767], [-69.42539, 18.68684], [-69.4259, 18.68674], [-69.42704, 18.6876], [-69.42954, 18.68601], [-69.43166, 18.68571], [-69.43249, 18.6839], [-69.43143, 18.68318], [-69.43158, 18.68224], [-69.43317, 18.68036], [-69.43338, 18.67696], [-69.43532, 18.6761], [-69.43625, 18.67488], [-69.43778, 18.67414], [-69.43106, 18.66701], [-69.42717, 18.6649], [-69.42425, 18.66186], [-69.42327, 18.65975], [-69.42077, 18.65777], [-69.41937, 18.65552], [-69.41631, 18.65381], [-69.41617, 18.65262], [-69.41699, 18.6508], [-69.41681, 18.64713], [-69.41437, 18.64525], [-69.41315, 18.64515], [-69.41113, 18.64304], [-69.4085, 18.64169], [-69.40805, 18.63804], [-69.40651, 18.6369], [-69.4074, 18.63582], [-69.40711, 18.63517], [-69.4062, 18.63526], [-69.40591, 18.63451], [-69.4064, 18.63311], [-69.40449, 18.63279], [-69.40445, 18.63157], [-69.40388, 18.63109], [-69.40263, 18.63177], [-69.40147, 18.63386], [-69.40079, 18.6335], [-69.40079, 18.63119], [-69.40168, 18.63041], [-69.40348, 18.63001], [-69.40569, 18.62689], [-69.40477, 18.62494], [-69.40516, 18.62345], [-69.40459, 18.62235], [-69.40498, 18.62187], [-69.40599, 18.62178], [-69.40614, 18.62077], [-69.40402, 18.62027], [-69.40075, 18.61717], [-69.39984, 18.61717], [-69.39938, 18.61522], [-69.4009, 18.61449], [-69.40026, 18.61324], [-69.40061, 18.61225], [-69.40027, 18.61163], [-69.39799, 18.6106], [-69.39667, 18.60843], [-69.39405, 18.60635], [-69.38819, 18.60557], [-69.38169, 18.5993], [-69.3777, 18.59193], [-69.37673, 18.58873], [-69.37717, 18.58614], [-69.37896, 18.5841], [-69.37948, 18.58256], [-69.38058, 18.57678], [-69.38013, 18.5749], [-69.37707, 18.57165], [-69.37574, 18.56947], [-69.37201, 18.56588], [-69.36963, 18.55909], [-69.36799, 18.55716], [-69.3691, 18.54944], [-69.36872, 18.54831], [-69.36532, 18.54393], [-69.36203, 18.5433], [-69.35939, 18.54205], [-69.3573, 18.53788], [-69.35642, 18.53349], [-69.3518, 18.53015], [-69.34891, 18.52689], [-69.34523, 18.52985], [-69.34198, 18.53598], [-69.34192, 18.53745], [-69.34423, 18.54082], [-69.34394, 18.54156], [-69.33321, 18.54838], [-69.32806, 18.55257], [-69.32554, 18.55351], [-69.32302, 18.55509], [-69.32149, 18.55676], [-69.31908, 18.5576], [-69.31437, 18.56106], [-69.31229, 18.56159], [-69.30999, 18.5607], [-69.30807, 18.5673], [-69.30778, 18.57169], [-69.30711, 18.57315], [-69.3058, 18.57371], [-69.30009, 18.57329], [-69.29855, 18.57391], [-69.29672, 18.5755], [-69.29656, 18.57832], [-69.3006, 18.58245], [-69.30007, 18.58288], [-69.29879, 18.58245], [-69.29757, 18.58315], [-69.29583, 18.58719], [-69.29574, 18.58883], [-69.29831, 18.59167], [-69.29978, 18.59242], [-69.30042, 18.59405], [-69.29953, 18.59661], [-69.2985, 18.59771], [-69.2994, 18.60232], [-69.29574, 18.60296], [-69.29404, 18.60409], [-69.29317, 18.60566], [-69.29328, 18.60741], [-69.29127, 18.61075], [-69.29229, 18.61333], [-69.29183, 18.61624], [-69.29521, 18.61994], [-69.29497, 18.6206], [-69.29227, 18.62256], [-69.29188, 18.6254], [-69.29059, 18.62513], [-69.28924, 18.6264], [-69.28783, 18.62586], [-69.2866, 18.62679], [-69.28361, 18.62634], [-69.28279, 18.62574], [-69.28237, 18.62616], [-69.28251, 18.62754], [-69.28097, 18.62779], [-69.2808, 18.62673], [-69.27944, 18.62684], [-69.27698, 18.62519], [-69.27544, 18.62553], [-69.27284, 18.62449], [-69.27212, 18.62465], [-69.2706, 18.62686], [-69.26865, 18.62709], [-69.26793, 18.62597], [-69.26738, 18.62637], [-69.26732, 18.62718], [-69.26517, 18.62841], [-69.26303, 18.62866], [-69.26036, 18.62985], [-69.26015, 18.631], [-69.25705, 18.63117], [-69.25527, 18.63319], [-69.25296, 18.63244], [-69.25189, 18.63302], [-69.25124, 18.63379], [-69.25136, 18.63642], [-69.25059, 18.63704], [-69.24913, 18.63696], [-69.24788, 18.63793], [-69.2459, 18.64063], [-69.24567, 18.64371], [-69.24409, 18.64607], [-69.24389, 18.64742], [-69.24753, 18.64901], [-69.24707, 18.64995], [-69.24487, 18.65051], [-69.24432, 18.65371], [-69.24456, 18.65443], [-69.24544, 18.65389], [-69.24695, 18.65479], [-69.24793, 18.6565], [-69.2479, 18.65747], [-69.24659, 18.65811], [-69.24648, 18.65913], [-69.24593, 18.65961], [-69.24545, 18.65875], [-69.24324, 18.65891], [-69.24353, 18.6627], [-69.24205, 18.66332], [-69.24195, 18.66236], [-69.24114, 18.66207], [-69.23936, 18.66386], [-69.23871, 18.66271], [-69.23976, 18.66219], [-69.23951, 18.6614], [-69.23814, 18.66187], [-69.23783, 18.66353], [-69.23717, 18.66405], [-69.23531, 18.66371], [-69.23526, 18.66423], [-69.23612, 18.66469], [-69.23651, 18.66577], [-69.23419, 18.66826], [-69.23313, 18.66811], [-69.23206, 18.66665], [-69.23158, 18.6619], [-69.22793, 18.66272], [-69.22546, 18.66177], [-69.22503, 18.66223], [-69.22254, 18.66198], [-69.22014, 18.66044], [-69.21997, 18.65634], [-69.21932, 18.65419], [-69.21708, 18.6511], [-69.21718, 18.64709], [-69.2186, 18.63936], [-69.21835, 18.63658], [-69.215, 18.63867], [-69.21363, 18.63902], [-69.21144, 18.63859], [-69.21015, 18.6391], [-69.20764, 18.63906], [-69.20485, 18.63779], [-69.20291, 18.63752], [-69.20187, 18.63696], [-69.20127, 18.63582], [-69.19819, 18.63384], [-69.1966, 18.62922], [-69.1956, 18.62827], [-69.19194, 18.62824], [-69.18957, 18.62771], [-69.18894, 18.62806], [-69.18655, 18.62741], [-69.18521, 18.62641], [-69.18258, 18.62545], [-69.18064, 18.6236], [-69.17969, 18.62327], [-69.17962, 18.62253], [-69.17828, 18.62186], [-69.17731, 18.62015], [-69.17575, 18.62028], [-69.17439, 18.61931], [-69.17374, 18.61763], [-69.173, 18.61736], [-69.17251, 18.6163], [-69.17198, 18.61297], [-69.17097, 18.61302], [-69.17029, 18.61385], [-69.16933, 18.61383], [-69.16863, 18.6144], [-69.16807, 18.61346], [-69.16746, 18.61385], [-69.16689, 18.61333], [-69.16548, 18.61325], [-69.16479, 18.61259], [-69.16511, 18.61163], [-69.16393, 18.61239], [-69.16461, 18.6112], [-69.16332, 18.60919], [-69.16295, 18.60904], [-69.16265, 18.60978], [-69.16224, 18.60915], [-69.16065, 18.60865], [-69.16027, 18.60589], [-69.16167, 18.60414], [-69.16119, 18.60245], [-69.15861, 18.60181], [-69.15639, 18.60032], [-69.15634, 18.59854], [-69.15787, 18.59704], [-69.15777, 18.59645], [-69.15679, 18.59581], [-69.15665, 18.59462], [-69.15547, 18.59421], [-69.15409, 18.59496], [-69.15301, 18.59482], [-69.152, 18.59448], [-69.15157, 18.59372], [-69.15186, 18.59249], [-69.15293, 18.59112], [-69.15619, 18.58808], [-69.15678, 18.58549], [-69.15771, 18.58387], [-69.15599, 18.58444], [-69.15551, 18.58515], [-69.15511, 18.58381], [-69.15263, 18.58447], [-69.15171, 18.5852], [-69.15088, 18.58707], [-69.14953, 18.58818], [-69.14821, 18.58816], [-69.14745, 18.5891], [-69.14402, 18.58828], [-69.14317, 18.58711], [-69.14044, 18.58714], [-69.1391, 18.58947], [-69.13807, 18.59028], [-69.13859, 18.59159], [-69.13836, 18.59218], [-69.13658, 18.59218], [-69.13542, 18.59284], [-69.13294, 18.59595], [-69.13201, 18.59624], [-69.12775, 18.59625], [-69.11326, 18.59463], [-69.0968, 18.59447], [-69.06713, 18.59287], [-69.06711, 18.59107], [-69.06874, 18.58895], [-69.06941, 18.58669], [-69.07116, 18.58516], [-69.07164, 18.58233], [-69.07406, 18.57948], [-69.07375, 18.57764], [-69.07227, 18.57562], [-69.07259, 18.57437], [-69.0721, 18.57322], [-69.07268, 18.57308], [-69.07314, 18.57221], [-69.07782, 18.57086], [-69.07842, 18.57011], [-69.07927, 18.57014], [-69.0796, 18.56942], [-69.08459, 18.56714], [-69.08475, 18.56427], [-69.08392, 18.56336], [-69.08395, 18.56186], [-69.08295, 18.56186], [-69.08238, 18.56003], [-69.0828, 18.55873], [-69.08488, 18.55637], [-69.08503, 18.55542], [-69.08462, 18.55489], [-69.08529, 18.55448], [-69.08594, 18.55082], [-69.08427, 18.54733], [-69.08212, 18.54564], [-69.08276, 18.54262], [-69.08239, 18.54134], [-69.08384, 18.53832], [-69.08373, 18.53386], [-69.08472, 18.5266], [-69.08556, 18.52633], [-69.08633, 18.52413], [-69.0875, 18.52258], [-69.08966, 18.5222], [-69.09029, 18.52159], [-69.08944, 18.51961], [-69.08975, 18.51665], [-69.09088, 18.51742], [-69.09182, 18.51738], [-69.09219, 18.51677], [-69.09106, 18.51204], [-69.09142, 18.51041], [-69.09308, 18.50903], [-69.09507, 18.5089], [-69.09583, 18.50799], [-69.09701, 18.5043], [-69.10006, 18.50488], [-69.1007, 18.50466], [-69.10166, 18.50283], [-69.1032, 18.50268], [-69.10417, 18.50203], [-69.10441, 18.5006], [-69.10554, 18.49979], [-69.10615, 18.49683], [-69.10905, 18.49627], [-69.112, 18.49213], [-69.11105, 18.48884], [-69.11101, 18.48667], [-69.11134, 18.48631], [-69.11474, 18.48651], [-69.11568, 18.48538], [-69.11555, 18.48286], [-69.11785, 18.48282], [-69.11839, 18.48243], [-69.11795, 18.48143], [-69.11555, 18.48021], [-69.11534, 18.47807], [-69.11788, 18.47807], [-69.11957, 18.47642], [-69.11767, 18.46903], [-69.11642, 18.46922], [-69.11564, 18.4701], [-69.11413, 18.47021], [-69.11322, 18.47], [-69.11273, 18.46918], [-69.11305, 18.4666], [-69.11393, 18.46556], [-69.11368, 18.46058], [-69.1104, 18.4594], [-69.10786, 18.45934], [-69.10701, 18.4571], [-69.10525, 18.45688], [-69.10412, 18.45585], [-69.10403, 18.45331], [-69.10353, 18.45275], [-69.10055, 18.45236], [-69.09805, 18.45083], [-69.09692, 18.4487], [-69.0951, 18.4481], [-69.09459, 18.44662], [-69.09599, 18.44503], [-69.09626, 18.44361], [-69.09541, 18.44209], [-69.09361, 18.4407], [-69.09273, 18.43873], [-69.09178, 18.43889], [-69.09111, 18.44061], [-69.0899, 18.44138], [-69.08875, 18.44096], [-69.08794, 18.43977], [-69.08757, 18.43712], [-69.08581, 18.43463], [-69.08601, 18.43292], [-69.08936, 18.43153], [-69.08886, 18.42966], [-69.08653, 18.42753], [-69.08623, 18.42632], [-69.0874, 18.42288], [-69.08643, 18.42177], [-69.08312, 18.41991], [-69.08195, 18.41806], [-69.08564, 18.4156], [-69.0881, 18.41466], [-69.08903, 18.41356], [-69.08913, 18.41268], [-69.08865, 18.41095], [-69.08607, 18.40667], [-69.08426, 18.40145], [-69.08377, 18.39821], [-69.08431, 18.39299], [-69.08626, 18.3934], [-69.08745, 18.39422], [-69.08995, 18.39356], [-69.0933, 18.39445], [-69.09423, 18.39558], [-69.09562, 18.39509], [-69.10041, 18.39636], [-69.10339, 18.39788], [-69.10808, 18.39921], [-69.10911, 18.40029], [-69.114, 18.40191], [-69.1156, 18.40314], [-69.11653, 18.40313], [-69.11761, 18.40422], [-69.1189, 18.40426], [-69.11993, 18.4052], [-69.12024, 18.40475], [-69.11984, 18.40409], [-69.12324, 18.40409], [-69.12616, 18.40559], [-69.12785, 18.40566], [-69.1295, 18.40505], [-69.13932, 18.40553], [-69.14761, 18.40762], [-69.17182, 18.41519], [-69.17554, 18.41727], [-69.18318, 18.4204], [-69.19131, 18.42456], [-69.1962, 18.42858], [-69.19816, 18.43181], [-69.1957, 18.43294], [-69.19435, 18.43649], [-69.1975, 18.43951], [-69.19694, 18.44589], [-69.20217, 18.4498], [-69.20659, 18.45168], [-69.21136, 18.45236], [-69.21354, 18.45043], [-69.21946, 18.44917], [-69.22439, 18.4491], [-69.2263, 18.44849], [-69.23048, 18.44497], [-69.23797, 18.44302], [-69.24634, 18.44204], [-69.26652, 18.44186], [-69.26915, 18.44145], [-69.27873, 18.43793], [-69.28827, 18.43662], [-69.29247, 18.4346], [-69.29899, 18.43408], [-69.29969, 18.43445], [-69.29764, 18.43569], [-69.29861, 18.43786], [-69.29943, 18.43853], [-69.30374, 18.43896], [-69.3049, 18.44047], [-69.30638, 18.44022], [-69.30752, 18.43924], [-69.30869, 18.43923], [-69.3094, 18.4399], [-69.31082, 18.43956], [-69.3125, 18.44023], [-69.3125, 18.44141], [-69.3131, 18.44226], [-69.31198, 18.44271], [-69.31196, 18.44339], [-69.30955, 18.44683], [-69.31092, 18.44948], [-69.31053, 18.45038], [-69.31288, 18.45214], [-69.31549, 18.45577], [-69.31742, 18.45624], [-69.31882, 18.45724], [-69.32327, 18.46756], [-69.32385, 18.46724], [-69.32538, 18.46868], [-69.32579, 18.4682], [-69.32278, 18.4638], [-69.32124, 18.46056], [-69.32189, 18.46007], [-69.32159, 18.45773], [-69.31988, 18.45425], [-69.31935, 18.4538], [-69.318, 18.45379], [-69.31668, 18.45223], [-69.31503, 18.4517], [-69.31394, 18.45056], [-69.31407, 18.44849], [-69.31293, 18.44812], [-69.31341, 18.44737], [-69.31418, 18.44813], [-69.31565, 18.44765], [-69.31742, 18.44811], [-69.31815, 18.44669], [-69.31739, 18.44415], [-69.31824, 18.44142], [-69.3209, 18.43978], [-69.32099, 18.43869], [-69.32052, 18.43805], [-69.31918, 18.43751], [-69.31832, 18.43642], [-69.31851, 18.43379], [-69.31946, 18.43324], [-69.31994, 18.43478], [-69.32222, 18.43423], [-69.32308, 18.43169], [-69.3226, 18.43096], [-69.32136, 18.4306], [-69.32444, 18.42797], [-69.32696, 18.42751], [-69.33099, 18.4254], [-69.33653, 18.42575], [-69.34147, 18.42476], [-69.34792, 18.42439], [-69.34943, 18.42628], [-69.3502, 18.42628], [-69.35124, 18.42437], [-69.36123, 18.42408], [-69.3679, 18.42425], [-69.37678, 18.42541], [-69.38576, 18.42509], [-69.39556, 18.42668], [-69.4021, 18.42624], [-69.40932, 18.42644], [-69.41361, 18.42492], [-69.41795, 18.42447], [-69.41955, 18.4238], [-69.42385, 18.42357], [-69.42464, 18.42326], [-69.42519, 18.42227], [-69.43538, 18.42281], [-69.44016, 18.42168], [-69.44212, 18.42184], [-69.44229, 18.42267], [-69.44442, 18.4227], [-69.44826, 18.42174], [-69.44997, 18.4201], [-69.45255, 18.4204], [-69.4542, 18.4201], [-69.4561, 18.41906], [-69.45658, 18.41784], [-69.45981, 18.4172], [-69.46195, 18.41751], [-69.46642, 18.41666], [-69.47694, 18.41352], [-69.47794, 18.41374], [-69.47831, 18.41315], [-69.48188, 18.41189], [-69.48412, 18.41138], [-69.485, 18.41168], [-69.48556, 18.4109], [-69.48624, 18.41085], [-69.4865, 18.41142], [-69.48696, 18.41135], [-69.48699, 18.41086], [-69.48838, 18.41122], [-69.48872, 18.41046], [-69.48945, 18.41049], [-69.48987, 18.40992], [-69.49105, 18.41048], [-69.491, 18.40993], [-69.49631, 18.40828], [-69.49748, 18.4075], [-69.50226, 18.40663], [-69.50676, 18.40464], [-69.51577, 18.40363], [-69.52121, 18.4038], [-69.52122, 18.42317], [-69.52322, 18.46566], [-69.51489, 18.46578], [-69.51499, 18.4748], [-69.53623, 18.47447], [-69.54368, 18.47561], [-69.55946, 18.47642], [-69.56624, 18.48058], [-69.57401, 18.48293], [-69.58828, 18.48979], [-69.59075, 18.4916], [-69.5937, 18.495], [-69.59864, 18.49713], [-69.59845, 18.50025], [-69.59754, 18.50179], [-69.59798, 18.50305], [-69.59886, 18.50287], [-69.59864, 18.50458], [-69.5997, 18.50507], [-69.59849, 18.50638], [-69.59916, 18.50633], [-69.59942, 18.50764], [-69.5981, 18.50732], [-69.59735, 18.50822], [-69.59738, 18.50906], [-69.59896, 18.50935], [-69.59928, 18.51182], [-69.59871, 18.51232], [-69.59838, 18.51403], [-69.59971, 18.51644], [-69.60034, 18.51649], [-69.59998, 18.51736], [-69.60063, 18.51793], [-69.60086, 18.51909], [-69.60143, 18.51933], [-69.60136, 18.5199], [-69.60338, 18.52076], [-69.60411, 18.51987], [-69.60387, 18.51792], [-69.60449, 18.51734], [-69.60726, 18.51731], [-69.6075, 18.51914], [-69.60833, 18.51956], [-69.60836, 18.52015], [-69.60979, 18.52074], [-69.61015, 18.5216], [-69.61197, 18.52157], [-69.61407, 18.5227], [-69.61327, 18.52414], [-69.61413, 18.5257], [-69.61419, 18.52713], [-69.61057, 18.52907], [-69.60951, 18.53016], [-69.60806, 18.52994], [-69.60632, 18.53077], [-69.60484, 18.52985], [-69.60314, 18.53223], [-69.59946, 18.53334], [-69.59914, 18.53506], [-69.59675, 18.53731], [-69.59699, 18.5385], [-69.59574, 18.53903], [-69.59529, 18.53978], [-69.59617, 18.54109], [-69.59567, 18.54281], [-69.59484, 18.54378], [-69.59504, 18.54712], [-69.59439, 18.5476], [-69.59424, 18.55002], [-69.59465, 18.55082], [-69.59409, 18.55211], [-69.59294, 18.55179], [-69.59138, 18.55215], [-69.58956, 18.55404], [-69.58911, 18.55649], [-69.58833, 18.55811], [-69.58758, 18.55843], [-69.58768, 18.55934], [-69.58661, 18.56173], [-69.58543, 18.56233], [-69.5851, 18.56328], [-69.58438, 18.56302], [-69.5839, 18.56491], [-69.58328, 18.5653], [-69.58381, 18.56664], [-69.58217, 18.56758], [-69.58116, 18.56978], [-69.57969, 18.57111], [-69.57942, 18.57326], [-69.578, 18.57441], [-69.57778, 18.57793], [-69.57649, 18.57789], [-69.57524, 18.57688], [-69.57473, 18.57701], [-69.57469, 18.5782], [-69.57258, 18.5804], [-69.57208, 18.58287], [-69.57314, 18.58383], [-69.57236, 18.58546], [-69.57398, 18.58638], [-69.57528, 18.58914], [-69.57805, 18.58975], [-69.57875, 18.59186], [-69.58037, 18.59379], [-69.58272, 18.59391], [-69.58235, 18.59497], [-69.58277, 18.59567], [-69.58259, 18.59673], [-69.58409, 18.60279], [-69.58327, 18.60692], [-69.58102, 18.60807], [-69.57996, 18.61032], [-69.58002, 18.61199], [-69.57841, 18.61441], [-69.57708, 18.61547], [-69.5769, 18.61789], [-69.57607, 18.61908], [-69.57599, 18.62211], [-69.57716, 18.62585], [-69.57868, 18.62699], [-69.58127, 18.62737], [-69.58205, 18.62662], [-69.5825, 18.62381], [-69.58342, 18.62359], [-69.58351, 18.62231], [-69.58462, 18.6224], [-69.58568, 18.62362], [-69.58683, 18.62344], [-69.58867, 18.62229], [-69.58854, 18.62414], [-69.58743, 18.62419], [-69.58693, 18.6252], [-69.58763, 18.62661], [-69.58924, 18.62656], [-69.5904, 18.6277], [-69.59054, 18.62862], [-69.58976, 18.62884], [-69.58944, 18.63025], [-69.58773, 18.6299], [-69.5876, 18.63074], [-69.58686, 18.631], [-69.58667, 18.63224], [-69.58719, 18.63217], [-69.58743, 18.63306], [-69.58664, 18.63399], [-69.58539, 18.63393], [-69.58612, 18.63505], [-69.58543, 18.63525], [-69.58453, 18.63433], [-69.5835, 18.63565], [-69.58298, 18.63578], [-69.58287, 18.63516], [-69.58194, 18.63542], [-69.58187, 18.63588], [-69.58078, 18.63582], [-69.58104, 18.6381], [-69.57938, 18.63964], [-69.57905, 18.6415], [-69.5771, 18.64277], [-69.57706, 18.64565], [-69.57619, 18.64686], [-69.57482, 18.64761], [-69.57453, 18.64859], [-69.57234, 18.64883], [-69.57161, 18.65032], [-69.57064, 18.65107], [-69.57072, 18.65221], [-69.56816, 18.6533], [-69.56395, 18.65622], [-69.56258, 18.65846], [-69.5605, 18.6585], [-69.56016, 18.6589], [-69.55954, 18.66081], [-69.55675, 18.66415], [-69.5562, 18.6662], [-69.55704, 18.66781], [-69.55435, 18.66963], [-69.55387, 18.67164], [-69.55235, 18.67198], [-69.55018, 18.67538], [-69.5497, 18.67782], [-69.55012, 18.6798], [-69.54954, 18.68099], [-69.54596, 18.68519], [-69.54585, 18.68594], [-69.54426, 18.68671], [-69.54265, 18.68915], [-69.54185, 18.68915], [-69.54154, 18.69054], [-69.5402, 18.6919], [-69.5401, 18.69298], [-69.53924, 18.69351], [-69.53848, 18.69566], [-69.53869, 18.69625], [-69.53796, 18.69665], [-69.53783, 18.69761], [-69.53825, 18.69813], [-69.53745, 18.69893], [-69.53739, 18.70189], [-69.53592, 18.7052], [-69.53637, 18.7078], [-69.53544, 18.70727], [-69.53558, 18.70856], [-69.53506, 18.70965], [-69.53548, 18.71077], [-69.53465, 18.71103], [-69.53518, 18.71209], [-69.5337, 18.71549], [-69.53429, 18.71634], [-69.53332, 18.71704], [-69.53333, 18.71941], [-69.53141, 18.7238], [-69.53166, 18.72595], [-69.53107, 18.72749], [-69.53148, 18.7273], [-69.53214, 18.72856], [-69.53153, 18.73375], [-69.53207, 18.73934], [-69.5315, 18.7425], [-69.52964, 18.74486], [-69.52466, 18.7492], [-69.52234, 18.75006], [-69.52124, 18.75202], [-69.51775, 18.75601], [-69.51596, 18.75678], [-69.51439, 18.75834], [-69.51268, 18.75892], [-69.51256, 18.7597], [-69.5139, 18.76228], [-69.51338, 18.76413], [-69.50547, 18.7675], [-69.5038, 18.76781], [-69.50287, 18.76625], [-69.50242, 18.76625], [-69.50034, 18.76855], [-69.49627, 18.77167], [-69.49593, 18.77579], [-69.49432, 18.77634], [-69.49432, 18.7781], [-69.49306, 18.77992], [-69.49341, 18.78102], [-69.49249, 18.78179], [-69.49183, 18.78517], [-69.49081, 18.78518], [-69.49029, 18.78656], [-69.48853, 18.78846], [-69.49042, 18.79262], [-69.48866, 18.79828], [-69.48669, 18.79859], [-69.48429, 18.80028], [-69.48187, 18.80093], [-69.47862, 18.80401], [-69.47527, 18.80542], [-69.47453, 18.80626], [-69.47272, 18.81186], [-69.47164, 18.81305], [-69.46524, 18.81226], [-69.46409, 18.81358], [-69.46382, 18.81471], [-69.46066, 18.81759], [-69.45824, 18.82195], [-69.45509, 18.82049], [-69.45297, 18.81836], [-69.45207, 18.81593]]]}}, {"type": "Feature", "properties": {"COD_PROV": "24", "PROVINCIA": "SÁNCHEZ RAMÍREZ", "NOMBRE": "Sánchez Ramírez", "N_MUNICIPIOS": 4}, "geometry": {"type": "Polygon", "coordinates": [[[-70.2683, 19.16345], [-70.26619, 19.16265], [-70.2662, 19.16106], [-70.26724, 19.15977], [-70.26687, 19.1593], [-70.26139, 19.16082], [-70.25886, 19.16046], [-70.25819, 19.16095], [-70.25805, 19.1625], [-70.25622, 19.1626], [-70.25418, 19.16471], [-70.2539, 19.16402], [-70.25448, 19.16229], [-70.25599, 19.16034], [-70.25488, 19.15852], [-70.25399, 19.15821], [-70.24913, 19.16024], [-70.2467, 19.16186], [-70.24481, 19.16193], [-70.24392, 19.16064], [-70.24441, 19.15814], [-70.24516, 19.15776], [-70.24794, 19.15786], [-70.24944, 19.15681], [-70.24414, 19.15567], [-70.24119, 19.15381], [-70.23859, 19.15483], [-70.2349, 19.15747], [-70.23015, 19.15883], [-70.22951, 19.15488], [-70.22757, 19.15174], [-70.22819, 19.15026], [-70.22755, 19.14948], [-70.22151, 19.14675], [-70.21451, 19.14476], [-70.21192, 19.1431], [-70.20854, 19.14177], [-70.20778, 19.14204], [-70.20623, 19.14443], [-70.20537, 19.14901], [-70.20561, 19.15174], [-70.20437, 19.15649], [-70.20342, 19.15616], [-70.20171, 19.15447], [-70.20194, 19.15152], [-70.20022, 19.15117], [-70.19754, 19.15275], [-70.19294, 19.1573], [-70.18545, 19.16178], [-70.18375, 19.16475], [-70.18224, 19.16441], [-70.18069, 19.16252], [-70.18013, 19.16246], [-70.17945, 19.16398], [-70.17784, 19.1657], [-70.17571, 19.16452], [-70.17226, 19.16458], [-70.17072, 19.16269], [-70.1705, 19.16121], [-70.17163, 19.15936], [-70.16923, 19.15759], [-70.17076, 19.15642], [-70.17167, 19.15412], [-70.17317, 19.15276], [-70.17299, 19.15217], [-70.17218, 19.15194], [-70.1693, 19.15213], [-70.16661, 19.15393], [-70.16534, 19.1561], [-70.16414, 19.15585], [-70.16283, 19.15461], [-70.16197, 19.15478], [-70.1618, 19.15588], [-70.16242, 19.15737], [-70.16207, 19.15776], [-70.16046, 19.15684], [-70.16016, 19.15385], [-70.15872, 19.15164], [-70.15761, 19.15263], [-70.15562, 19.15286], [-70.15558, 19.15374], [-70.15724, 19.15462], [-70.15736, 19.15517], [-70.15568, 19.1564], [-70.15408, 19.15605], [-70.15343, 19.15362], [-70.15229, 19.15274], [-70.15158, 19.15309], [-70.15094, 19.15474], [-70.14777, 19.15415], [-70.14537, 19.15448], [-70.1449, 19.15479], [-70.14506, 19.15534], [-70.1479, 19.15741], [-70.14806, 19.15862], [-70.14592, 19.16043], [-70.14377, 19.15979], [-70.14148, 19.16003], [-70.14038, 19.15933], [-70.13978, 19.15752], [-70.13921, 19.15737], [-70.13835, 19.1587], [-70.13544, 19.16119], [-70.13566, 19.1621], [-70.13782, 19.16261], [-70.13772, 19.16305], [-70.13635, 19.16338], [-70.13454, 19.16227], [-70.13378, 19.15886], [-70.13121, 19.15947], [-70.13249, 19.15751], [-70.13467, 19.15621], [-70.13392, 19.15415], [-70.13703, 19.15394], [-70.13721, 19.15123], [-70.13603, 19.15039], [-70.1315, 19.15078], [-70.13045, 19.14943], [-70.12881, 19.1498], [-70.12726, 19.15231], [-70.12688, 19.15386], [-70.12708, 19.15452], [-70.12921, 19.15497], [-70.12929, 19.15766], [-70.12824, 19.15837], [-70.12073, 19.15758], [-70.11972, 19.15679], [-70.11971, 19.15601], [-70.12007, 19.15553], [-70.1214, 19.15531], [-70.12149, 19.15462], [-70.12039, 19.15412], [-70.11883, 19.15419], [-70.11838, 19.15482], [-70.11802, 19.15816], [-70.11916, 19.16018], [-70.11737, 19.16134], [-70.11591, 19.16066], [-70.11631, 19.15828], [-70.11583, 19.15759], [-70.11233, 19.15962], [-70.11034, 19.15991], [-70.10873, 19.15928], [-70.10833, 19.15709], [-70.10784, 19.15692], [-70.10702, 19.15757], [-70.10609, 19.15994], [-70.10515, 19.15995], [-70.10333, 19.1569], [-70.10324, 19.15577], [-70.10424, 19.15531], [-70.10796, 19.15645], [-70.10836, 19.15434], [-70.10279, 19.1538], [-70.10172, 19.15261], [-70.10133, 19.15074], [-70.10058, 19.15018], [-70.09941, 19.15037], [-70.09667, 19.15363], [-70.0898, 19.1547], [-70.08738, 19.15457], [-70.08456, 19.15316], [-70.07642, 19.15152], [-70.07377, 19.14963], [-70.07014, 19.14845], [-70.06932, 19.14658], [-70.0662, 19.14674], [-70.06505, 19.14628], [-70.06418, 19.14511], [-70.06177, 19.14389], [-70.06071, 19.14161], [-70.05915, 19.14181], [-70.05658, 19.14379], [-70.05493, 19.14389], [-70.0539, 19.14269], [-70.05324, 19.13987], [-70.05087, 19.13836], [-70.04967, 19.13681], [-70.04634, 19.13645], [-70.04308, 19.13494], [-70.04137, 19.13274], [-70.04141, 19.13029], [-70.04319, 19.1295], [-70.04337, 19.12902], [-70.04296, 19.12692], [-70.04348, 19.12531], [-70.04269, 19.123], [-70.04444, 19.12054], [-70.0443, 19.11918], [-70.04532, 19.11841], [-70.04549, 19.11683], [-70.0442, 19.11587], [-70.04397, 19.11395], [-70.04187, 19.11322], [-70.0409, 19.11234], [-70.04087, 19.11129], [-70.04132, 19.11096], [-70.04377, 19.11117], [-70.04416, 19.11036], [-70.03965, 19.10182], [-70.03446, 19.09646], [-70.02169, 19.08698], [-70.01867, 19.08544], [-70.01505, 19.08479], [-70.01094, 19.08498], [-70.00714, 19.08329], [-70.00423, 19.08135], [-70.00102, 19.08054], [-69.99997, 19.07928], [-69.99987, 19.07782], [-69.99907, 19.07613], [-69.99739, 19.07654], [-69.99645, 19.07491], [-69.99668, 19.07401], [-69.99631, 19.07316], [-69.99653, 19.07422], [-69.99546, 19.07453], [-69.99547, 19.07576], [-69.99324, 19.07617], [-69.99328, 19.07785], [-69.99071, 19.07861], [-69.99079, 19.07981], [-69.99, 19.08007], [-69.99054, 19.08071], [-69.98942, 19.08126], [-69.98838, 19.08057], [-69.98818, 19.08127], [-69.98649, 19.08125], [-69.98494, 19.08228], [-69.98527, 19.08316], [-69.98651, 19.08377], [-69.98695, 19.0866], [-69.98923, 19.08842], [-69.98777, 19.0912], [-69.9872, 19.09445], [-69.98843, 19.09966], [-69.97215, 19.09925], [-69.95582, 19.09784], [-69.94599, 19.09799], [-69.94614, 19.10704], [-69.94717, 19.10868], [-69.94748, 19.11084], [-69.95013, 19.11658], [-69.94989, 19.11898], [-69.95201, 19.12384], [-69.95218, 19.12602], [-69.95158, 19.12663], [-69.95012, 19.12632], [-69.94846, 19.12485], [-69.94676, 19.12432], [-69.94309, 19.12486], [-69.94205, 19.12574], [-69.93724, 19.12441], [-69.9352, 19.12428], [-69.93256, 19.12284], [-69.92958, 19.12231], [-69.92962, 19.11954], [-69.93089, 19.11684], [-69.93026, 19.11724], [-69.92967, 19.11647], [-69.93027, 19.1117], [-69.92995, 19.1105], [-69.9289, 19.10981], [-69.92817, 19.1082], [-69.92545, 19.10629], [-69.92362, 19.10582], [-69.91976, 19.10578], [-69.91869, 19.10472], [-69.91786, 19.10565], [-69.91668, 19.10538], [-69.91588, 19.10587], [-69.91534, 19.10511], [-69.91342, 19.10542], [-69.90689, 19.1019], [-69.90437, 19.10176], [-69.90124, 19.1], [-69.89768, 19.09972], [-69.89584, 19.09888], [-69.89459, 19.09617], [-69.89468, 19.09332], [-69.89521, 19.09173], [-69.89668, 19.08987], [-69.89749, 19.08673], [-69.89981, 19.0813], [-69.90247, 19.07918], [-69.90293, 19.07805], [-69.90268, 19.07736], [-69.90311, 19.07653], [-69.90356, 19.0766], [-69.90366, 19.0752], [-69.90483, 19.07468], [-69.90665, 19.07046], [-69.90657, 19.06965], [-69.90515, 19.06795], [-69.90504, 19.06673], [-69.90581, 19.06559], [-69.90507, 19.06351], [-69.90587, 19.06338], [-69.90597, 19.06142], [-69.90696, 19.06162], [-69.90703, 19.06074], [-69.90804, 19.06057], [-69.90813, 19.05999], [-69.90706, 19.05874], [-69.90729, 19.05843], [-69.90818, 19.05882], [-69.90763, 19.05745], [-69.90856, 19.05637], [-69.9076, 19.05584], [-69.90645, 19.05644], [-69.90629, 19.05464], [-69.90704, 19.05432], [-69.90794, 19.05487], [-69.90848, 19.05377], [-69.90916, 19.05441], [-69.91049, 19.05379], [-69.90978, 19.05301], [-69.90848, 19.05318], [-69.90908, 19.05211], [-69.90715, 19.05187], [-69.90579, 19.0495], [-69.90454, 19.04952], [-69.90426, 19.04948], [-69.904, 19.04943], [-69.90366, 19.04933], [-69.90527, 19.04934], [-69.90924, 19.04516], [-69.911, 19.04487], [-69.91081, 19.04367], [-69.91142, 19.04348], [-69.91171, 19.04062], [-69.9135, 19.04067], [-69.91429, 19.04016], [-69.91435, 19.0373], [-69.91506, 19.03417], [-69.91576, 19.03276], [-69.91632, 19.03298], [-69.91717, 19.03216], [-69.91635, 19.03125], [-69.91588, 19.02939], [-69.91707, 19.02937], [-69.9179, 19.02862], [-69.91806, 19.02806], [-69.91751, 19.02746], [-69.91838, 19.02721], [-69.91885, 19.02567], [-69.92056, 19.02489], [-69.92085, 19.0267], [-69.92128, 19.02638], [-69.92236, 19.02405], [-69.92212, 19.02165], [-69.92375, 19.02127], [-69.92451, 19.02054], [-69.92747, 19.01651], [-69.92702, 19.01518], [-69.92976, 19.01299], [-69.92958, 19.01201], [-69.93114, 19.01201], [-69.93069, 19.01095], [-69.93161, 19.01011], [-69.9313, 19.00935], [-69.93037, 19.00935], [-69.93018, 19.00855], [-69.92889, 19.00742], [-69.92887, 19.00676], [-69.92944, 19.00572], [-69.93003, 19.00564], [-69.9308, 19.00283], [-69.93276, 18.99987], [-69.93209, 18.99645], [-69.93095, 18.99485], [-69.92861, 18.9935], [-69.92756, 18.99231], [-69.9267, 18.99227], [-69.9258, 18.99124], [-69.92341, 18.99038], [-69.92163, 18.98744], [-69.92197, 18.98584], [-69.92352, 18.98499], [-69.92308, 18.9839], [-69.92407, 18.98317], [-69.92357, 18.98163], [-69.92512, 18.98129], [-69.926, 18.97925], [-69.92729, 18.97811], [-69.92617, 18.97678], [-69.92645, 18.97557], [-69.92554, 18.97359], [-69.92396, 18.9723], [-69.92378, 18.97103], [-69.92261, 18.97042], [-69.92277, 18.96918], [-69.92223, 18.96808], [-69.92427, 18.96708], [-69.92444, 18.96632], [-69.92318, 18.96644], [-69.92319, 18.9657], [-69.92523, 18.96452], [-69.92633, 18.9622], [-69.92596, 18.96008], [-69.9273, 18.95738], [-69.92643, 18.95604], [-69.92653, 18.95522], [-69.92716, 18.95448], [-69.92912, 18.95371], [-69.92963, 18.95301], [-69.92977, 18.95139], [-69.93056, 18.95155], [-69.93147, 18.95066], [-69.93159, 18.9487], [-69.93245, 18.94863], [-69.93302, 18.948], [-69.93189, 18.94599], [-69.93428, 18.94356], [-69.93321, 18.94296], [-69.9335, 18.94229], [-69.93478, 18.94214], [-69.9347, 18.93894], [-69.93629, 18.93931], [-69.93669, 18.93902], [-69.93616, 18.93698], [-69.93733, 18.93643], [-69.93785, 18.93522], [-69.93899, 18.92996], [-69.94044, 18.92795], [-69.94105, 18.92788], [-69.94202, 18.9289], [-69.9427, 18.92853], [-69.94272, 18.92647], [-69.94332, 18.9258], [-69.94374, 18.92341], [-69.94641, 18.92218], [-69.9469, 18.91944], [-69.94761, 18.91883], [-69.95152, 18.91777], [-69.95152, 18.91661], [-69.95231, 18.91546], [-69.95226, 18.91332], [-69.95346, 18.91202], [-69.95317, 18.9108], [-69.95355, 18.90733], [-69.9529, 18.90496], [-69.95318, 18.90412], [-69.95534, 18.90306], [-69.95537, 18.90252], [-69.95661, 18.90221], [-69.95709, 18.90023], [-69.95878, 18.89827], [-69.95993, 18.89832], [-69.96053, 18.89748], [-69.96377, 18.89724], [-69.96591, 18.89393], [-69.96913, 18.89387], [-69.97319, 18.89293], [-69.97724, 18.89404], [-69.97847, 18.8935], [-69.98124, 18.88962], [-69.98291, 18.88858], [-69.98732, 18.88908], [-69.99293, 18.88741], [-69.9973, 18.88789], [-69.99843, 18.88813], [-69.9986, 18.88951], [-69.99763, 18.89352], [-70.00328, 18.89763], [-70.00438, 18.89991], [-70.00445, 18.90216], [-70.00333, 18.90636], [-70.0035, 18.90843], [-70.00665, 18.91013], [-70.01242, 18.91213], [-70.0139, 18.91346], [-70.01475, 18.91521], [-70.01603, 18.91578], [-70.0168, 18.91563], [-70.01767, 18.91256], [-70.01752, 18.91125], [-70.01873, 18.90908], [-70.02262, 18.9083], [-70.02486, 18.90721], [-70.02566, 18.90616], [-70.02944, 18.88549], [-70.03006, 18.88685], [-70.03629, 18.8884], [-70.03532, 18.89003], [-70.03663, 18.89074], [-70.0375, 18.89347], [-70.03872, 18.89235], [-70.03922, 18.8903], [-70.04175, 18.88982], [-70.04622, 18.88563], [-70.049, 18.88084], [-70.05323, 18.88021], [-70.05649, 18.88106], [-70.05844, 18.87996], [-70.05965, 18.87851], [-70.06206, 18.87991], [-70.06679, 18.87971], [-70.071, 18.88157], [-70.07343, 18.8858], [-70.07525, 18.88734], [-70.07543, 18.88984], [-70.07818, 18.89134], [-70.08521, 18.89023], [-70.08474, 18.88852], [-70.0859, 18.88749], [-70.08602, 18.88672], [-70.08683, 18.88672], [-70.08757, 18.88754], [-70.09, 18.88637], [-70.09153, 18.88618], [-70.09206, 18.88484], [-70.09309, 18.88403], [-70.09497, 18.88409], [-70.09907, 18.8852], [-70.10229, 18.88803], [-70.10827, 18.89099], [-70.10968, 18.88843], [-70.11153, 18.88688], [-70.11285, 18.88697], [-70.11599, 18.88887], [-70.11726, 18.88861], [-70.11506, 18.88261], [-70.11403, 18.8749], [-70.11577, 18.87056], [-70.11772, 18.86749], [-70.11826, 18.86541], [-70.11886, 18.8651], [-70.12073, 18.86539], [-70.12207, 18.86642], [-70.12566, 18.86574], [-70.12717, 18.8672], [-70.13012, 18.86861], [-70.13447, 18.86943], [-70.1369, 18.86899], [-70.14097, 18.86691], [-70.14494, 18.86654], [-70.14697, 18.8677], [-70.14886, 18.87031], [-70.15108, 18.87099], [-70.15228, 18.87286], [-70.15449, 18.87386], [-70.1584, 18.87396], [-70.16014, 18.87354], [-70.16241, 18.87185], [-70.16604, 18.87038], [-70.16976, 18.86762], [-70.17083, 18.86944], [-70.17173, 18.87001], [-70.1732, 18.8699], [-70.17621, 18.8706], [-70.17948, 18.86932], [-70.18115, 18.86786], [-70.18271, 18.86753], [-70.18502, 18.86811], [-70.18585, 18.869], [-70.18748, 18.86955], [-70.18773, 18.87148], [-70.18874, 18.872], [-70.18889, 18.87296], [-70.19086, 18.87526], [-70.1917, 18.87426], [-70.19388, 18.87454], [-70.19406, 18.87314], [-70.19513, 18.87219], [-70.19483, 18.87125], [-70.1954, 18.87], [-70.19693, 18.86855], [-70.1982, 18.86814], [-70.20142, 18.86511], [-70.20418, 18.86348], [-70.20609, 18.86108], [-70.21067, 18.85903], [-70.21347, 18.85691], [-70.21751, 18.85638], [-70.219, 18.85156], [-70.22276, 18.84745], [-70.22314, 18.84628], [-70.22756, 18.84377], [-70.23058, 18.84372], [-70.23333, 18.84252], [-70.23541, 18.8423], [-70.2385, 18.84316], [-70.24175, 18.8417], [-70.24541, 18.84122], [-70.24522, 18.84288], [-70.23997, 18.84547], [-70.2376, 18.84797], [-70.23217, 18.84953], [-70.23217, 18.85139], [-70.23269, 18.85257], [-70.23188, 18.85423], [-70.23165, 18.85603], [-70.22979, 18.85668], [-70.22867, 18.85761], [-70.22863, 18.85906], [-70.22587, 18.86177], [-70.22638, 18.86328], [-70.22536, 18.86443], [-70.22562, 18.86604], [-70.22485, 18.86611], [-70.22404, 18.86748], [-70.22356, 18.86755], [-70.22354, 18.86882], [-70.22528, 18.86893], [-70.22614, 18.86971], [-70.22558, 18.87025], [-70.22469, 18.86977], [-70.2232, 18.87181], [-70.2231, 18.87246], [-70.22452, 18.87404], [-70.22234, 18.87375], [-70.22185, 18.87433], [-70.22248, 18.87499], [-70.22156, 18.87548], [-70.22167, 18.87635], [-70.22247, 18.87639], [-70.22285, 18.87723], [-70.22233, 18.87929], [-70.2215, 18.88047], [-70.22264, 18.88127], [-70.22267, 18.88075], [-70.22339, 18.88054], [-70.2302, 18.88584], [-70.23117, 18.88559], [-70.23188, 18.88709], [-70.23487, 18.88789], [-70.23483, 18.88864], [-70.23244, 18.88859], [-70.23364, 18.88946], [-70.23391, 18.89103], [-70.23241, 18.89264], [-70.23237, 18.89358], [-70.23298, 18.89401], [-70.23416, 18.89352], [-70.23506, 18.89506], [-70.2359, 18.89559], [-70.23539, 18.89644], [-70.23521, 18.89606], [-70.23408, 18.89624], [-70.23431, 18.89671], [-70.2348, 18.8966], [-70.2345, 18.89686], [-70.23541, 18.89835], [-70.23758, 18.89777], [-70.2374, 18.8985], [-70.23806, 18.89939], [-70.23701, 18.89929], [-70.23666, 18.90019], [-70.23765, 18.90155], [-70.23841, 18.90116], [-70.23877, 18.90155], [-70.23844, 18.90211], [-70.23891, 18.90242], [-70.24142, 18.90174], [-70.24233, 18.90236], [-70.24366, 18.90192], [-70.24373, 18.90115], [-70.24461, 18.90104], [-70.24558, 18.90272], [-70.24509, 18.90342], [-70.24609, 18.90529], [-70.24703, 18.90549], [-70.24887, 18.9049], [-70.24866, 18.90644], [-70.24959, 18.90906], [-70.25097, 18.90825], [-70.25153, 18.90983], [-70.25281, 18.90964], [-70.2536, 18.91047], [-70.25463, 18.91058], [-70.25626, 18.90967], [-70.25546, 18.90897], [-70.25582, 18.90836], [-70.25761, 18.90911], [-70.25758, 18.913], [-70.25616, 18.91222], [-70.25552, 18.91226], [-70.25542, 18.91283], [-70.25573, 18.91475], [-70.2579, 18.91604], [-70.25593, 18.91665], [-70.25771, 18.91991], [-70.25718, 18.92205], [-70.2548, 18.926], [-70.25605, 18.92738], [-70.256, 18.93008], [-70.25749, 18.93007], [-70.26317, 18.92786], [-70.26488, 18.92805], [-70.26591, 18.92976], [-70.26816, 18.92993], [-70.2719, 18.93251], [-70.27488, 18.93347], [-70.27684, 18.93325], [-70.27877, 18.93386], [-70.2817, 18.93207], [-70.28572, 18.93275], [-70.28863, 18.93149], [-70.29125, 18.93156], [-70.29258, 18.93309], [-70.29356, 18.93601], [-70.29432, 18.93687], [-70.29607, 18.93704], [-70.2974, 18.93826], [-70.29686, 18.93951], [-70.29684, 18.94174], [-70.29826, 18.94435], [-70.298, 18.94578], [-70.29956, 18.94709], [-70.29995, 18.94871], [-70.30124, 18.94987], [-70.3013, 18.95149], [-70.30378, 18.95361], [-70.30702, 18.95262], [-70.30944, 18.95372], [-70.31056, 18.95376], [-70.31245, 18.95685], [-70.31315, 18.95725], [-70.3147, 18.95744], [-70.31624, 18.95657], [-70.3172, 18.95656], [-70.31918, 18.95736], [-70.31956, 18.95812], [-70.31888, 18.9596], [-70.3213, 18.96207], [-70.3212, 18.96364], [-70.32324, 18.9651], [-70.32336, 18.96596], [-70.32443, 18.96687], [-70.32391, 18.96824], [-70.32589, 18.96914], [-70.32644, 18.97138], [-70.32811, 18.97289], [-70.32866, 18.97532], [-70.33022, 18.97632], [-70.33061, 18.97871], [-70.3296, 18.97973], [-70.32951, 18.98136], [-70.32808, 18.98335], [-70.32857, 18.98406], [-70.32714, 18.98589], [-70.3287, 18.98685], [-70.32844, 18.98756], [-70.32914, 18.98847], [-70.33058, 18.98876], [-70.33135, 18.99104], [-70.33333, 18.99123], [-70.33429, 18.99229], [-70.33525, 18.99203], [-70.33708, 18.99283], [-70.33899, 18.99175], [-70.34144, 18.99168], [-70.34291, 18.99254], [-70.34486, 18.99239], [-70.34629, 18.99317], [-70.34752, 18.99292], [-70.34801, 18.99369], [-70.35038, 18.99319], [-70.35192, 18.99466], [-70.35388, 18.99516], [-70.35482, 18.99399], [-70.35578, 18.99403], [-70.35981, 18.99612], [-70.36114, 18.99606], [-70.36173, 18.99706], [-70.36269, 18.99717], [-70.36301, 18.99851], [-70.36652, 19.00146], [-70.36733, 19.00389], [-70.36705, 19.00745], [-70.36781, 19.0085], [-70.36858, 19.0118], [-70.3693, 19.0131], [-70.3709, 19.01409], [-70.37135, 19.01491], [-70.37123, 19.01564], [-70.36971, 19.01683], [-70.36885, 19.01851], [-70.37031, 19.02219], [-70.37113, 19.02307], [-70.36966, 19.02794], [-70.37073, 19.03277], [-70.36722, 19.04215], [-70.36808, 19.04484], [-70.36933, 19.04486], [-70.37045, 19.04566], [-70.37179, 19.04751], [-70.37233, 19.05053], [-70.36344, 19.04934], [-70.36053, 19.04983], [-70.35811, 19.05219], [-70.3576, 19.05395], [-70.35792, 19.05737], [-70.35744, 19.05816], [-70.35549, 19.05885], [-70.35347, 19.06475], [-70.35229, 19.06586], [-70.35178, 19.06711], [-70.35228, 19.0677], [-70.35338, 19.06778], [-70.35277, 19.06872], [-70.35339, 19.06993], [-70.35459, 19.07088], [-70.35464, 19.07336], [-70.35392, 19.07396], [-70.35488, 19.07481], [-70.35464, 19.07571], [-70.35535, 19.07617], [-70.35476, 19.07784], [-70.35529, 19.07856], [-70.35504, 19.0794], [-70.35641, 19.08036], [-70.35687, 19.08107], [-70.35671, 19.0819], [-70.35486, 19.08257], [-70.35509, 19.08353], [-70.35406, 19.08305], [-70.35345, 19.08414], [-70.35166, 19.08383], [-70.35128, 19.08498], [-70.35228, 19.08506], [-70.35235, 19.08544], [-70.35054, 19.08727], [-70.34999, 19.08737], [-70.34943, 19.08633], [-70.34879, 19.08634], [-70.34692, 19.08739], [-70.3464, 19.08861], [-70.34713, 19.09114], [-70.3465, 19.09209], [-70.34759, 19.09219], [-70.34788, 19.09266], [-70.3463, 19.09282], [-70.34528, 19.09505], [-70.34403, 19.09616], [-70.34479, 19.09721], [-70.34342, 19.09688], [-70.34339, 19.09806], [-70.34152, 19.09883], [-70.34059, 19.10121], [-70.33913, 19.10332], [-70.33813, 19.10386], [-70.33809, 19.10469], [-70.33948, 19.10576], [-70.33908, 19.10863], [-70.33729, 19.10973], [-70.33663, 19.11089], [-70.33263, 19.11447], [-70.33151, 19.11474], [-70.33147, 19.11581], [-70.33095, 19.11574], [-70.33115, 19.11618], [-70.33008, 19.11707], [-70.3257, 19.11844], [-70.32829, 19.1192], [-70.32925, 19.12151], [-70.33192, 19.12138], [-70.33176, 19.12272], [-70.33222, 19.12303], [-70.33428, 19.12309], [-70.33551, 19.12213], [-70.33682, 19.12244], [-70.33616, 19.12369], [-70.33472, 19.12478], [-70.33466, 19.12663], [-70.33516, 19.12748], [-70.33421, 19.12875], [-70.33043, 19.1406], [-70.32737, 19.14297], [-70.32288, 19.15124], [-70.32258, 19.14975], [-70.32207, 19.14953], [-70.31864, 19.15051], [-70.31884, 19.15143], [-70.31969, 19.15181], [-70.32192, 19.1505], [-70.32123, 19.15317], [-70.32071, 19.15353], [-70.31969, 19.15268], [-70.31881, 19.15261], [-70.3159, 19.15483], [-70.31445, 19.15518], [-70.31396, 19.1549], [-70.31399, 19.15229], [-70.31355, 19.15121], [-70.31225, 19.15117], [-70.31234, 19.1534], [-70.30949, 19.15353], [-70.30676, 19.15112], [-70.30321, 19.15094], [-70.30088, 19.1496], [-70.29927, 19.14961], [-70.29711, 19.14886], [-70.2967, 19.14771], [-70.30144, 19.14579], [-70.30112, 19.14379], [-70.30021, 19.14351], [-70.2973, 19.1441], [-70.29198, 19.14177], [-70.29082, 19.14331], [-70.29096, 19.14493], [-70.28905, 19.14667], [-70.28957, 19.14828], [-70.29049, 19.14897], [-70.29009, 19.14957], [-70.28516, 19.14896], [-70.28375, 19.14471], [-70.28167, 19.14381], [-70.27998, 19.14381], [-70.27648, 19.14665], [-70.27393, 19.14612], [-70.27308, 19.14689], [-70.27299, 19.14893], [-70.27117, 19.15057], [-70.27211, 19.15179], [-70.27298, 19.15181], [-70.27455, 19.14929], [-70.276, 19.14948], [-70.27737, 19.15155], [-70.27942, 19.15294], [-70.27889, 19.15388], [-70.27624, 19.15416], [-70.27583, 19.15476], [-70.27602, 19.15587], [-70.27686, 19.1561], [-70.27872, 19.15537], [-70.2799, 19.15633], [-70.28236, 19.15639], [-70.28209, 19.1574], [-70.28063, 19.15921], [-70.27893, 19.16042], [-70.27674, 19.15981], [-70.27588, 19.16002], [-70.27528, 19.16323], [-70.27434, 19.16251], [-70.27357, 19.15937], [-70.27191, 19.15956], [-70.2712, 19.16082], [-70.27186, 19.16279], [-70.27113, 19.16393], [-70.2713, 19.16544], [-70.27075, 19.166], [-70.26904, 19.16575], [-70.2683, 19.16345]]]}}, {"type": "Feature", "properties": {"COD_PROV": "25", "PROVINCIA": "SANTIAGO", "NOMBRE": "Santiago", "N_MUNICIPIOS": 9}, "geometry": {"type": "Polygon", "coordinates": [[[-70.87844, 19.651], [-70.86754, 19.65016], [-70.86608, 19.64902], [-70.8646, 19.64868], [-70.86333, 19.64735], [-70.86081, 19.64642], [-70.85901, 19.64462], [-70.85673, 19.64505], [-70.85536, 19.64473], [-70.85474, 19.64297], [-70.85291, 19.64221], [-70.85139, 19.64185], [-70.84895, 19.64318], [-70.84641, 19.64301], [-70.84597, 19.64223], [-70.84261, 19.64074], [-70.84129, 19.63861], [-70.83921, 19.63909], [-70.83667, 19.63791], [-70.83387, 19.6377], [-70.83202, 19.63639], [-70.8279, 19.63581], [-70.82618, 19.63196], [-70.82426, 19.63167], [-70.81986, 19.62603], [-70.81912, 19.62608], [-70.81791, 19.62847], [-70.81643, 19.62946], [-70.81635, 19.63006], [-70.81876, 19.63454], [-70.81649, 19.6362], [-70.81573, 19.63638], [-70.81468, 19.63561], [-70.81281, 19.63541], [-70.81075, 19.63431], [-70.80832, 19.63379], [-70.80332, 19.6311], [-70.80175, 19.63111], [-70.79531, 19.62685], [-70.79443, 19.6269], [-70.79334, 19.62525], [-70.79197, 19.62466], [-70.79176, 19.62365], [-70.79128, 19.62434], [-70.78982, 19.62464], [-70.7897, 19.6227], [-70.78692, 19.62258], [-70.78642, 19.62185], [-70.78762, 19.61999], [-70.78405, 19.61933], [-70.78361, 19.61869], [-70.78461, 19.61706], [-70.78392, 19.61591], [-70.77682, 19.60997], [-70.77316, 19.60043], [-70.76925, 19.5995], [-70.7671, 19.59839], [-70.76534, 19.59815], [-70.76138, 19.59912], [-70.75844, 19.5985], [-70.75571, 19.59723], [-70.75376, 19.59338], [-70.75161, 19.58341], [-70.74977, 19.58096], [-70.7473, 19.58034], [-70.74375, 19.58123], [-70.73655, 19.58543], [-70.7347, 19.5859], [-70.73202, 19.58881], [-70.72558, 19.59076], [-70.71964, 19.59329], [-70.71067, 19.59792], [-70.70919, 19.60043], [-70.70779, 19.60833], [-70.70565, 19.61096], [-70.70525, 19.61236], [-70.70569, 19.61491], [-70.70807, 19.61967], [-70.70981, 19.62072], [-70.71172, 19.623], [-70.71296, 19.62555], [-70.71301, 19.62784], [-70.70953, 19.63505], [-70.71044, 19.63847], [-70.71163, 19.64071], [-70.71123, 19.64366], [-70.71028, 19.64503], [-70.70801, 19.64629], [-70.70697, 19.64821], [-70.70518, 19.64997], [-70.70285, 19.65092], [-70.70012, 19.65063], [-70.69713, 19.64951], [-70.69552, 19.64792], [-70.68836, 19.64656], [-70.6867, 19.64234], [-70.68497, 19.63952], [-70.68565, 19.63727], [-70.68457, 19.63238], [-70.68298, 19.62889], [-70.68137, 19.6274], [-70.67995, 19.62654], [-70.67188, 19.62617], [-70.66747, 19.62468], [-70.66621, 19.6239], [-70.66566, 19.62281], [-70.66247, 19.6225], [-70.6582, 19.62298], [-70.65754, 19.62252], [-70.654, 19.62258], [-70.64647, 19.62107], [-70.64073, 19.61811], [-70.64029, 19.61729], [-70.63641, 19.6158], [-70.63533, 19.61127], [-70.6321, 19.60953], [-70.63093, 19.60831], [-70.63105, 19.60785], [-70.63229, 19.60753], [-70.63481, 19.60566], [-70.63534, 19.60449], [-70.63487, 19.60048], [-70.63197, 19.59625], [-70.63259, 19.5946], [-70.63258, 19.59301], [-70.63077, 19.58957], [-70.63085, 19.58775], [-70.63017, 19.58568], [-70.63087, 19.58371], [-70.63042, 19.57923], [-70.63108, 19.57675], [-70.63468, 19.57198], [-70.63307, 19.57061], [-70.63307, 19.56746], [-70.63057, 19.5662], [-70.62909, 19.56402], [-70.62708, 19.5627], [-70.62719, 19.55614], [-70.62738, 19.55558], [-70.62885, 19.55503], [-70.62899, 19.55446], [-70.62678, 19.55067], [-70.61799, 19.54531], [-70.61686, 19.54514], [-70.6117, 19.5462], [-70.6039, 19.54567], [-70.59517, 19.54598], [-70.59189, 19.54481], [-70.58861, 19.54294], [-70.58538, 19.54218], [-70.58222, 19.54313], [-70.57796, 19.54542], [-70.57527, 19.54523], [-70.57409, 19.54445], [-70.57316, 19.54377], [-70.57252, 19.54214], [-70.57449, 19.54097], [-70.5754, 19.53972], [-70.57438, 19.53652], [-70.57555, 19.53422], [-70.57375, 19.53337], [-70.57124, 19.53295], [-70.56677, 19.53091], [-70.56101, 19.52616], [-70.55643, 19.52442], [-70.54951, 19.52012], [-70.54559, 19.51709], [-70.54664, 19.51238], [-70.54662, 19.51024], [-70.54764, 19.50847], [-70.54739, 19.50666], [-70.54861, 19.50638], [-70.54918, 19.50544], [-70.5491, 19.5028], [-70.54844, 19.50055], [-70.54865, 19.49857], [-70.55102, 19.49367], [-70.55234, 19.49384], [-70.55309, 19.49446], [-70.5562, 19.49427], [-70.55689, 19.49366], [-70.55789, 19.49464], [-70.55885, 19.49304], [-70.56022, 19.49338], [-70.56113, 19.49276], [-70.56297, 19.49342], [-70.5641, 19.49303], [-70.56365, 19.49206], [-70.56414, 19.49016], [-70.56468, 19.49016], [-70.56481, 19.49104], [-70.56542, 19.49125], [-70.56623, 19.49007], [-70.56817, 19.48982], [-70.56933, 19.48771], [-70.57012, 19.48718], [-70.57074, 19.48732], [-70.57108, 19.48908], [-70.57235, 19.48751], [-70.57353, 19.48734], [-70.57335, 19.48654], [-70.5724, 19.48581], [-70.57281, 19.48527], [-70.57573, 19.4849], [-70.57611, 19.48407], [-70.57754, 19.48358], [-70.57791, 19.48429], [-70.5773, 19.48614], [-70.57789, 19.48671], [-70.57875, 19.48614], [-70.57959, 19.4841], [-70.58095, 19.48502], [-70.58266, 19.48404], [-70.58191, 19.48288], [-70.58302, 19.48162], [-70.58276, 19.48054], [-70.58337, 19.47712], [-70.58381, 19.47679], [-70.58317, 19.47475], [-70.58237, 19.47468], [-70.58292, 19.47363], [-70.58263, 19.47298], [-70.58169, 19.47267], [-70.58175, 19.47186], [-70.58048, 19.47088], [-70.57949, 19.46849], [-70.57951, 19.46719], [-70.58026, 19.46595], [-70.57911, 19.46565], [-70.57881, 19.46498], [-70.58032, 19.46438], [-70.57882, 19.46321], [-70.57907, 19.46202], [-70.58042, 19.46181], [-70.57924, 19.46051], [-70.57965, 19.45935], [-70.57942, 19.45837], [-70.58013, 19.45848], [-70.58034, 19.45809], [-70.57887, 19.45635], [-70.57984, 19.4563], [-70.57993, 19.45469], [-70.58082, 19.45513], [-70.58201, 19.45452], [-70.58161, 19.45109], [-70.58223, 19.45024], [-70.58158, 19.4502], [-70.58137, 19.44957], [-70.58174, 19.44925], [-70.58136, 19.44892], [-70.58206, 19.4468], [-70.58308, 19.44604], [-70.58256, 19.44509], [-70.5844, 19.44489], [-70.58471, 19.44418], [-70.58551, 19.44461], [-70.58559, 19.44377], [-70.58614, 19.4441], [-70.58668, 19.44299], [-70.58768, 19.44291], [-70.58877, 19.44208], [-70.58936, 19.44124], [-70.58926, 19.43928], [-70.59026, 19.43853], [-70.59015, 19.43784], [-70.59162, 19.43767], [-70.59146, 19.43697], [-70.59216, 19.43626], [-70.59142, 19.43534], [-70.59205, 19.43518], [-70.59262, 19.43404], [-70.59224, 19.43183], [-70.59324, 19.43046], [-70.59413, 19.43037], [-70.59357, 19.42967], [-70.5942, 19.42919], [-70.59349, 19.42882], [-70.59342, 19.42819], [-70.59211, 19.42831], [-70.59166, 19.42729], [-70.59028, 19.42746], [-70.59044, 19.42588], [-70.59132, 19.42569], [-70.59137, 19.42485], [-70.59227, 19.42437], [-70.59248, 19.42346], [-70.58989, 19.42157], [-70.59127, 19.42097], [-70.59184, 19.41994], [-70.59246, 19.42025], [-70.59419, 19.41986], [-70.59373, 19.41861], [-70.59254, 19.41977], [-70.59244, 19.41848], [-70.59101, 19.4187], [-70.59164, 19.41784], [-70.59277, 19.41801], [-70.5935, 19.41663], [-70.59114, 19.41705], [-70.59151, 19.41575], [-70.59081, 19.41499], [-70.59176, 19.41426], [-70.59139, 19.41374], [-70.59113, 19.41432], [-70.59042, 19.41435], [-70.59008, 19.41218], [-70.59051, 19.41124], [-70.5894, 19.41043], [-70.59064, 19.41027], [-70.58992, 19.40932], [-70.58882, 19.40897], [-70.58846, 19.40944], [-70.5881, 19.40779], [-70.58728, 19.40715], [-70.58742, 19.40635], [-70.58824, 19.40614], [-70.58851, 19.40422], [-70.58783, 19.40447], [-70.5873, 19.40544], [-70.58656, 19.40449], [-70.58671, 19.40337], [-70.58607, 19.40268], [-70.5856, 19.40279], [-70.58592, 19.40113], [-70.58692, 19.40118], [-70.58601, 19.4002], [-70.58618, 19.39927], [-70.58755, 19.40037], [-70.58844, 19.39881], [-70.58811, 19.39841], [-70.58721, 19.39875], [-70.58762, 19.39823], [-70.58647, 19.39716], [-70.58632, 19.39574], [-70.58517, 19.39542], [-70.58539, 19.39441], [-70.58698, 19.39299], [-70.58567, 19.39284], [-70.58635, 19.39174], [-70.58562, 19.391], [-70.58522, 19.39165], [-70.58464, 19.39164], [-70.58521, 19.39214], [-70.58432, 19.39261], [-70.58428, 19.39337], [-70.58354, 19.39332], [-70.58339, 19.39143], [-70.5847, 19.39055], [-70.58464, 19.38967], [-70.5838, 19.38921], [-70.58318, 19.39025], [-70.58249, 19.38971], [-70.58033, 19.39075], [-70.58027, 19.38968], [-70.58075, 19.38956], [-70.58038, 19.38915], [-70.5805, 19.3879], [-70.57882, 19.38793], [-70.57962, 19.38735], [-70.57942, 19.38636], [-70.58221, 19.38554], [-70.58179, 19.38669], [-70.58265, 19.38703], [-70.58371, 19.38591], [-70.58543, 19.38558], [-70.58674, 19.38437], [-70.58854, 19.38536], [-70.58881, 19.38605], [-70.59092, 19.38617], [-70.59154, 19.38667], [-70.59253, 19.38875], [-70.59465, 19.38948], [-70.59449, 19.39091], [-70.59554, 19.39056], [-70.59711, 19.38871], [-70.59931, 19.38802], [-70.60037, 19.38801], [-70.60144, 19.38967], [-70.60276, 19.38949], [-70.60583, 19.38746], [-70.60819, 19.3827], [-70.60825, 19.38162], [-70.60943, 19.38049], [-70.60979, 19.37802], [-70.61068, 19.37726], [-70.61123, 19.37745], [-70.61275, 19.37524], [-70.61597, 19.37401], [-70.61646, 19.37487], [-70.61764, 19.37435], [-70.61839, 19.37495], [-70.62016, 19.37377], [-70.62073, 19.37454], [-70.62111, 19.37374], [-70.62337, 19.37387], [-70.62442, 19.37307], [-70.62582, 19.37295], [-70.62631, 19.37226], [-70.62898, 19.37346], [-70.62928, 19.37425], [-70.63377, 19.37342], [-70.63442, 19.37339], [-70.63492, 19.37409], [-70.63565, 19.37398], [-70.63548, 19.37014], [-70.63679, 19.36896], [-70.63748, 19.36661], [-70.63754, 19.36393], [-70.63945, 19.36149], [-70.64046, 19.35823], [-70.64605, 19.3541], [-70.6469, 19.35256], [-70.65278, 19.34867], [-70.65655, 19.34459], [-70.65765, 19.34212], [-70.66212, 19.33898], [-70.66453, 19.3379], [-70.66539, 19.33672], [-70.66546, 19.3357], [-70.66716, 19.33437], [-70.67087, 19.32602], [-70.67468, 19.32159], [-70.67404, 19.31801], [-70.67419, 19.31478], [-70.67166, 19.31172], [-70.67107, 19.30695], [-70.66822, 19.30437], [-70.66785, 19.30171], [-70.66732, 19.30093], [-70.66828, 19.29776], [-70.66782, 19.29316], [-70.66843, 19.2925], [-70.6729, 19.29078], [-70.67303, 19.28969], [-70.67219, 19.28799], [-70.6721, 19.28645], [-70.67387, 19.28488], [-70.67729, 19.28407], [-70.68068, 19.2842], [-70.68061, 19.28489], [-70.68347, 19.28829], [-70.69449, 19.29395], [-70.70349, 19.29472], [-70.70462, 19.2961], [-70.70643, 19.2964], [-70.70733, 19.29736], [-70.71263, 19.29901], [-70.71432, 19.29932], [-70.71575, 19.29886], [-70.71928, 19.29675], [-70.71881, 19.29401], [-70.71669, 19.29508], [-70.71591, 19.29495], [-70.71459, 19.29114], [-70.71598, 19.28949], [-70.71689, 19.28947], [-70.71819, 19.29069], [-70.72003, 19.28972], [-70.72297, 19.28455], [-70.7218, 19.28237], [-70.71956, 19.28146], [-70.71764, 19.27783], [-70.71477, 19.27645], [-70.7061, 19.27552], [-70.70061, 19.2736], [-70.69809, 19.27335], [-70.69512, 19.27146], [-70.69504, 19.27044], [-70.69417, 19.26929], [-70.6912, 19.26733], [-70.68926, 19.26721], [-70.6869, 19.26846], [-70.68048, 19.26641], [-70.67953, 19.26498], [-70.6795, 19.26273], [-70.68021, 19.26102], [-70.68127, 19.2595], [-70.68519, 19.25667], [-70.68568, 19.25516], [-70.6843, 19.25353], [-70.68359, 19.25139], [-70.68178, 19.24983], [-70.67943, 19.25336], [-70.67804, 19.25275], [-70.67716, 19.25106], [-70.67681, 19.245], [-70.67996, 19.24354], [-70.68066, 19.24176], [-70.68394, 19.2394], [-70.68392, 19.23849], [-70.68311, 19.23774], [-70.68172, 19.23765], [-70.67805, 19.24035], [-70.67625, 19.23954], [-70.67616, 19.23763], [-70.679, 19.2304], [-70.67821, 19.22764], [-70.67841, 19.22586], [-70.67905, 19.22524], [-70.68208, 19.22425], [-70.68296, 19.22291], [-70.68449, 19.22241], [-70.68453, 19.22179], [-70.68393, 19.22009], [-70.68325, 19.21976], [-70.68215, 19.22159], [-70.68036, 19.22255], [-70.67689, 19.22176], [-70.6776, 19.21838], [-70.67835, 19.2181], [-70.67954, 19.21863], [-70.68024, 19.21738], [-70.67837, 19.21513], [-70.67659, 19.21085], [-70.67836, 19.20842], [-70.68222, 19.20836], [-70.68264, 19.20764], [-70.67976, 19.20375], [-70.67696, 19.20116], [-70.67659, 19.19941], [-70.6756, 19.19938], [-70.67408, 19.20035], [-70.67327, 19.2019], [-70.67246, 19.2023], [-70.67149, 19.20164], [-70.66986, 19.19812], [-70.67161, 19.1959], [-70.67377, 19.19544], [-70.67515, 19.19437], [-70.67555, 19.19317], [-70.67457, 19.19206], [-70.67483, 19.19072], [-70.67742, 19.19023], [-70.67817, 19.18762], [-70.67875, 19.18747], [-70.68002, 19.18821], [-70.68269, 19.18575], [-70.68201, 19.18452], [-70.68358, 19.18293], [-70.68297, 19.18243], [-70.6834, 19.18157], [-70.68574, 19.18246], [-70.68779, 19.18227], [-70.6882, 19.18147], [-70.68931, 19.18119], [-70.69044, 19.17953], [-70.69193, 19.17937], [-70.69309, 19.18087], [-70.69455, 19.18177], [-70.69651, 19.18535], [-70.69623, 19.1859], [-70.69708, 19.18696], [-70.69686, 19.18763], [-70.7004, 19.18935], [-70.701, 19.19047], [-70.70152, 19.18991], [-70.70335, 19.19035], [-70.707, 19.19283], [-70.70829, 19.19292], [-70.70907, 19.19496], [-70.71226, 19.19697], [-70.71348, 19.19692], [-70.71439, 19.19815], [-70.71593, 19.19898], [-70.71615, 19.20056], [-70.71806, 19.20228], [-70.71785, 19.20272], [-70.71987, 19.20316], [-70.71991, 19.20393], [-70.72045, 19.20445], [-70.72097, 19.20432], [-70.72107, 19.20506], [-70.72174, 19.20498], [-70.72197, 19.20574], [-70.72472, 19.2085], [-70.72622, 19.20841], [-70.72662, 19.20677], [-70.72721, 19.20638], [-70.72961, 19.20863], [-70.73136, 19.20645], [-70.73093, 19.20615], [-70.72976, 19.2068], [-70.72794, 19.20577], [-70.72782, 19.20524], [-70.72933, 19.20546], [-70.72985, 19.20411], [-70.73189, 19.20492], [-70.7336, 19.20433], [-70.73406, 19.20381], [-70.73427, 19.20121], [-70.73311, 19.20053], [-70.73348, 19.19966], [-70.73201, 19.1987], [-70.73198, 19.19746], [-70.72863, 19.19629], [-70.7281, 19.19546], [-70.72842, 19.19483], [-70.7275, 19.19446], [-70.72824, 19.19328], [-70.72814, 19.19232], [-70.72899, 19.19148], [-70.72855, 19.19046], [-70.72936, 19.18785], [-70.73115, 19.18689], [-70.73173, 19.18785], [-70.7332, 19.18708], [-70.73297, 19.18589], [-70.73338, 19.18531], [-70.73244, 19.18422], [-70.73306, 19.18328], [-70.73453, 19.18264], [-70.73343, 19.18211], [-70.73358, 19.17972], [-70.73548, 19.17957], [-70.73479, 19.1767], [-70.73335, 19.17608], [-70.73667, 19.17424], [-70.73634, 19.17301], [-70.73743, 19.17197], [-70.73676, 19.1715], [-70.73462, 19.1721], [-70.73538, 19.16875], [-70.73339, 19.16789], [-70.73257, 19.1681], [-70.73228, 19.16744], [-70.73303, 19.16598], [-70.73209, 19.16512], [-70.73901, 19.16257], [-70.74059, 19.16292], [-70.7423, 19.16246], [-70.74349, 19.16133], [-70.74419, 19.16133], [-70.74479, 19.16196], [-70.7477, 19.16062], [-70.74845, 19.15848], [-70.75041, 19.15688], [-70.75131, 19.15709], [-70.75184, 19.15599], [-70.75289, 19.15548], [-70.75368, 19.1553], [-70.7552, 19.1568], [-70.75678, 19.15636], [-70.75764, 19.1546], [-70.75896, 19.15556], [-70.76099, 19.15593], [-70.76569, 19.15532], [-70.76701, 19.14973], [-70.76926, 19.14679], [-70.76952, 19.14561], [-70.77066, 19.14602], [-70.77121, 19.14736], [-70.77209, 19.1476], [-70.77323, 19.14717], [-70.7733, 19.14583], [-70.77602, 19.1443], [-70.77643, 19.14178], [-70.77712, 19.14077], [-70.7801, 19.13966], [-70.78141, 19.13839], [-70.78273, 19.13838], [-70.78398, 19.13962], [-70.78583, 19.13977], [-70.79003, 19.13789], [-70.79103, 19.13666], [-70.79424, 19.13656], [-70.79751, 19.13735], [-70.80441, 19.14006], [-70.80806, 19.14001], [-70.80999, 19.13776], [-70.8121, 19.13644], [-70.81279, 19.13491], [-70.81253, 19.13137], [-70.81271, 19.12892], [-70.81317, 19.12836], [-70.81481, 19.12725], [-70.81749, 19.12402], [-70.81894, 19.12413], [-70.82074, 19.12104], [-70.82267, 19.12047], [-70.82309, 19.11914], [-70.82543, 19.11696], [-70.82961, 19.11529], [-70.83067, 19.11409], [-70.83212, 19.11397], [-70.83428, 19.11253], [-70.83606, 19.10939], [-70.84096, 19.1045], [-70.8447, 19.10155], [-70.8478, 19.09588], [-70.84906, 19.0959], [-70.85479, 19.09838], [-70.85743, 19.09797], [-70.86064, 19.09628], [-70.86501, 19.09563], [-70.87805, 19.09824], [-70.87952, 19.09691], [-70.88212, 19.0925], [-70.88612, 19.09197], [-70.88862, 19.09032], [-70.89071, 19.08991], [-70.8929, 19.09038], [-70.89509, 19.09194], [-70.90208, 19.09144], [-70.90964, 19.09348], [-70.91513, 19.09322], [-70.9208, 19.09229], [-70.92416, 19.09427], [-70.93078, 19.09403], [-70.93263, 19.09515], [-70.93504, 19.09581], [-70.9387, 19.09427], [-70.942, 19.0964], [-70.94534, 19.09586], [-70.94801, 19.09474], [-70.95014, 19.09258], [-70.95367, 19.08718], [-70.95399, 19.08356], [-70.95336, 19.08114], [-70.95201, 19.07849], [-70.94901, 19.07567], [-70.94835, 19.07418], [-70.94955, 19.07213], [-70.95228, 19.06983], [-70.95586, 19.06433], [-70.95624, 19.05984], [-70.95566, 19.05513], [-70.95607, 19.05261], [-70.95797, 19.04809], [-70.96021, 19.0447], [-70.96167, 19.04492], [-70.96448, 19.04434], [-70.97282, 19.03852], [-70.97947, 19.03756], [-70.98444, 19.03541], [-70.99347, 19.02879], [-70.99629, 19.02546], [-70.99834, 19.02165], [-70.99878, 19.02169], [-70.99945, 19.0233], [-70.99971, 19.02881], [-71.00113, 19.0296], [-71.00578, 19.03078], [-71.00933, 19.03035], [-71.01429, 19.02776], [-71.01825, 19.02748], [-71.02493, 19.02559], [-71.02744, 19.0239], [-71.03033, 19.02083], [-71.03147, 19.02037], [-71.03405, 19.02109], [-71.03581, 19.02318], [-71.03741, 19.02394], [-71.04035, 19.02285], [-71.046, 19.02189], [-71.0472, 19.0226], [-71.04858, 19.02479], [-71.05019, 19.02627], [-71.0501, 19.02777], [-71.04854, 19.0325], [-71.05099, 19.0391], [-71.05447, 19.04429], [-71.05702, 19.0468], [-71.06287, 19.0493], [-71.06964, 19.05475], [-71.0713, 19.05489], [-71.07517, 19.05329], [-71.07647, 19.05317], [-71.08006, 19.05614], [-71.08547, 19.05797], [-71.08675, 19.05889], [-71.08701, 19.05993], [-71.08781, 19.06047], [-71.0916, 19.05971], [-71.09759, 19.05641], [-71.09952, 19.05629], [-71.10419, 19.06079], [-71.10688, 19.06075], [-71.10836, 19.06144], [-71.11017, 19.06324], [-71.1136, 19.06495], [-71.11708, 19.068], [-71.12079, 19.06965], [-71.1215, 19.07192], [-71.12282, 19.07366], [-71.12659, 19.07487], [-71.12789, 19.07681], [-71.13035, 19.07717], [-71.13171, 19.07797], [-71.13216, 19.081], [-71.13352, 19.08337], [-71.1334, 19.08445], [-71.12989, 19.08953], [-71.12999, 19.09179], [-71.12919, 19.09378], [-71.12836, 19.09869], [-71.12846, 19.10031], [-71.13155, 19.10668], [-71.13179, 19.10815], [-71.13097, 19.11395], [-71.13115, 19.1153], [-71.13235, 19.11719], [-71.13531, 19.11768], [-71.14087, 19.12189], [-71.14564, 19.1233], [-71.14926, 19.12526], [-71.15055, 19.12911], [-71.15381, 19.13281], [-71.15503, 19.13845], [-71.15748, 19.14053], [-71.16737, 19.14465], [-71.17086, 19.14534], [-71.17513, 19.14508], [-71.17632, 19.14547], [-71.17872, 19.14875], [-71.18442, 19.15038], [-71.18831, 19.15249], [-71.18909, 19.15404], [-71.189, 19.15677], [-71.1876, 19.16198], [-71.18851, 19.16456], [-71.20341, 19.17773], [-71.20621, 19.17871], [-71.21705, 19.17799], [-71.21899, 19.18292], [-71.22023, 19.18824], [-71.21949, 19.19077], [-71.21839, 19.19224], [-71.21853, 19.19387], [-71.2198, 19.19632], [-71.21994, 19.198], [-71.22097, 19.19967], [-71.22226, 19.20363], [-71.22412, 19.20529], [-71.22391, 19.20732], [-71.22534, 19.20876], [-71.22831, 19.21023], [-71.22982, 19.21218], [-71.22949, 19.21454], [-71.22765, 19.21349], [-71.22624, 19.21368], [-71.22662, 19.21569], [-71.22805, 19.21708], [-71.2275, 19.21989], [-71.22792, 19.22033], [-71.2288, 19.22027], [-71.2294, 19.22099], [-71.23027, 19.22429], [-71.22934, 19.22514], [-71.22957, 19.22929], [-71.22723, 19.23016], [-71.22694, 19.23094], [-71.23161, 19.23134], [-71.23317, 19.23345], [-71.23453, 19.23304], [-71.23484, 19.2354], [-71.23549, 19.23434], [-71.23745, 19.23536], [-71.2372, 19.23617], [-71.236, 19.23643], [-71.23621, 19.23837], [-71.23471, 19.23914], [-71.23477, 19.2399], [-71.23597, 19.24081], [-71.23686, 19.24088], [-71.23708, 19.24365], [-71.23793, 19.24436], [-71.23909, 19.24502], [-71.24035, 19.24349], [-71.24561, 19.24284], [-71.24593, 19.24355], [-71.24749, 19.24428], [-71.24781, 19.24508], [-71.24963, 19.24531], [-71.25072, 19.24706], [-71.24986, 19.24897], [-71.2512, 19.24983], [-71.25167, 19.25176], [-71.25318, 19.25208], [-71.25288, 19.2533], [-71.25414, 19.25472], [-71.25416, 19.25598], [-71.25625, 19.25671], [-71.25609, 19.25806], [-71.25656, 19.25937], [-71.25803, 19.26066], [-71.25813, 19.26136], [-71.25678, 19.26303], [-71.25593, 19.2632], [-71.25503, 19.26537], [-71.25442, 19.26538], [-71.25434, 19.26476], [-71.25298, 19.26419], [-71.25204, 19.26474], [-71.25015, 19.26245], [-71.24789, 19.26365], [-71.24641, 19.26356], [-71.24408, 19.26653], [-71.24527, 19.26858], [-71.24489, 19.27273], [-71.24658, 19.27295], [-71.24684, 19.27545], [-71.24983, 19.27921], [-71.24945, 19.27963], [-71.24826, 19.27923], [-71.24763, 19.27959], [-71.24805, 19.28145], [-71.24774, 19.28205], [-71.24674, 19.28083], [-71.24603, 19.28166], [-71.2463, 19.28228], [-71.24741, 19.28249], [-71.24748, 19.28343], [-71.24858, 19.28518], [-71.24847, 19.28591], [-71.24639, 19.28776], [-71.24625, 19.29203], [-71.24534, 19.29187], [-71.24481, 19.2923], [-71.24645, 19.29483], [-71.24657, 19.29699], [-71.2459, 19.29783], [-71.24321, 19.29694], [-71.24275, 19.29813], [-71.24272, 19.30064], [-71.24552, 19.30078], [-71.24656, 19.30131], [-71.24663, 19.30394], [-71.24636, 19.30443], [-71.24569, 19.30388], [-71.24441, 19.30405], [-71.24379, 19.30464], [-71.24315, 19.30715], [-71.24136, 19.308], [-71.24245, 19.30909], [-71.24436, 19.30875], [-71.24459, 19.30944], [-71.24369, 19.3112], [-71.2441, 19.31208], [-71.24718, 19.31235], [-71.24801, 19.31566], [-71.24664, 19.31795], [-71.2466, 19.319], [-71.24712, 19.31963], [-71.24917, 19.32027], [-71.24924, 19.32185], [-71.25064, 19.32452], [-71.25259, 19.32501], [-71.25305, 19.32651], [-71.2528, 19.32785], [-71.25211, 19.32903], [-71.25141, 19.32929], [-71.24875, 19.32871], [-71.2475, 19.32763], [-71.24567, 19.32874], [-71.24472, 19.33059], [-71.2422, 19.3328], [-71.24495, 19.33532], [-71.24451, 19.33624], [-71.24184, 19.33656], [-71.24031, 19.33527], [-71.23966, 19.33527], [-71.23867, 19.3365], [-71.23877, 19.34358], [-71.23741, 19.34359], [-71.23685, 19.34307], [-71.23612, 19.33759], [-71.23571, 19.33707], [-71.23436, 19.33785], [-71.23084, 19.33813], [-71.23243, 19.3405], [-71.23179, 19.34132], [-71.23119, 19.34138], [-71.22753, 19.33908], [-71.22481, 19.33946], [-71.22302, 19.34045], [-71.22197, 19.34279], [-71.22217, 19.34429], [-71.22278, 19.34505], [-71.2243, 19.34562], [-71.22416, 19.34725], [-71.22584, 19.34829], [-71.2246, 19.34976], [-71.22467, 19.35026], [-71.22662, 19.35293], [-71.22623, 19.35408], [-71.22376, 19.3564], [-71.22433, 19.35712], [-71.22547, 19.35711], [-71.22721, 19.358], [-71.22865, 19.35965], [-71.22861, 19.36082], [-71.22797, 19.36171], [-71.22619, 19.36226], [-71.22287, 19.36125], [-71.22148, 19.36153], [-71.22125, 19.3625], [-71.22163, 19.36355], [-71.22258, 19.36497], [-71.22423, 19.36621], [-71.22431, 19.36712], [-71.22339, 19.36754], [-71.22027, 19.36755], [-71.22037, 19.37054], [-71.21818, 19.37086], [-71.21757, 19.37166], [-71.21852, 19.37338], [-71.21829, 19.37406], [-71.2173, 19.37407], [-71.21518, 19.37241], [-71.21365, 19.37208], [-71.21303, 19.3722], [-71.21281, 19.3742], [-71.21192, 19.37495], [-71.20949, 19.37487], [-71.20895, 19.37464], [-71.20873, 19.37366], [-71.20803, 19.37357], [-71.20748, 19.37432], [-71.20746, 19.37549], [-71.20777, 19.37618], [-71.20917, 19.37663], [-71.20933, 19.3771], [-71.20602, 19.37811], [-71.20391, 19.38051], [-71.2032, 19.38037], [-71.20214, 19.37905], [-71.20131, 19.37901], [-71.1997, 19.38054], [-71.19829, 19.37997], [-71.19741, 19.38013], [-71.19546, 19.38148], [-71.19401, 19.38089], [-71.19193, 19.3789], [-71.19095, 19.37875], [-71.19076, 19.38003], [-71.18765, 19.38046], [-71.18724, 19.38219], [-71.18631, 19.38332], [-71.18308, 19.3826], [-71.18048, 19.38647], [-71.1778, 19.38824], [-71.17659, 19.3875], [-71.17579, 19.3877], [-71.17406, 19.38709], [-71.17405, 19.38658], [-71.17515, 19.38575], [-71.17542, 19.38411], [-71.1742, 19.38236], [-71.1743, 19.3804], [-71.1731, 19.37859], [-71.17295, 19.37577], [-71.17195, 19.37495], [-71.16615, 19.37251], [-71.16523, 19.37255], [-71.16499, 19.37358], [-71.16364, 19.37358], [-71.16272, 19.37163], [-71.16185, 19.37095], [-71.16011, 19.37211], [-71.15885, 19.37229], [-71.15868, 19.37413], [-71.15828, 19.3744], [-71.15784, 19.37444], [-71.15681, 19.37318], [-71.15549, 19.37381], [-71.15165, 19.37375], [-71.15127, 19.3742], [-71.15247, 19.37728], [-71.15175, 19.37797], [-71.14912, 19.3789], [-71.14854, 19.37981], [-71.14882, 19.38151], [-71.15038, 19.38441], [-71.15017, 19.38613], [-71.14842, 19.3866], [-71.14413, 19.38548], [-71.14177, 19.38664], [-71.14212, 19.38757], [-71.14448, 19.38904], [-71.1452, 19.39018], [-71.14554, 19.39288], [-71.1447, 19.39355], [-71.14475, 19.39439], [-71.14405, 19.39443], [-71.14134, 19.39281], [-71.14002, 19.39266], [-71.13839, 19.39395], [-71.13737, 19.39398], [-71.13809, 19.39535], [-71.14046, 19.39595], [-71.14024, 19.39653], [-71.13897, 19.39683], [-71.13735, 19.39615], [-71.13639, 19.39648], [-71.13596, 19.39581], [-71.13634, 19.39448], [-71.1356, 19.39447], [-71.13526, 19.39528], [-71.13457, 19.39415], [-71.13351, 19.39394], [-71.13243, 19.39467], [-71.132, 19.39399], [-71.13107, 19.39461], [-71.13083, 19.39402], [-71.13015, 19.39444], [-71.12956, 19.39391], [-71.12713, 19.39387], [-71.12422, 19.39534], [-71.12367, 19.39495], [-71.12139, 19.3952], [-71.12133, 19.39625], [-71.12065, 19.39673], [-71.1212, 19.39808], [-71.12115, 19.39947], [-71.12056, 19.40016], [-71.11864, 19.4007], [-71.11896, 19.40159], [-71.12037, 19.4019], [-71.12056, 19.40232], [-71.11941, 19.40524], [-71.11675, 19.40859], [-71.11062, 19.41297], [-71.1076, 19.41428], [-71.10446, 19.41418], [-71.10283, 19.41538], [-71.10173, 19.41558], [-71.10038, 19.41507], [-71.09635, 19.41574], [-71.0927, 19.41469], [-71.08877, 19.41511], [-71.08391, 19.41687], [-71.0776, 19.42221], [-71.07304, 19.42193], [-71.0724, 19.42244], [-71.07201, 19.42424], [-71.07261, 19.42547], [-71.07598, 19.42554], [-71.07923, 19.42472], [-71.08195, 19.4248], [-71.08676, 19.4271], [-71.08919, 19.42735], [-71.09009, 19.4283], [-71.09016, 19.42964], [-71.08877, 19.43162], [-71.08819, 19.43202], [-71.08676, 19.43181], [-71.0842, 19.43436], [-71.08409, 19.43515], [-71.08584, 19.43777], [-71.0857, 19.44011], [-71.09097, 19.45089], [-71.09204, 19.45147], [-71.09363, 19.45069], [-71.09581, 19.44756], [-71.09679, 19.44822], [-71.0974, 19.45055], [-71.09585, 19.45455], [-71.08565, 19.46157], [-71.07873, 19.46359], [-71.07823, 19.46425], [-71.07862, 19.46544], [-71.08023, 19.46695], [-71.08184, 19.46964], [-71.08558, 19.47192], [-71.08317, 19.4727], [-71.07707, 19.4689], [-71.07408, 19.46613], [-71.06222, 19.46087], [-71.05662, 19.45627], [-71.04852, 19.45063], [-71.04284, 19.44524], [-71.03878, 19.44366], [-71.03719, 19.44355], [-71.03557, 19.44405], [-71.02922, 19.44921], [-71.02125, 19.45022], [-71.02076, 19.45134], [-71.02093, 19.45466], [-71.01954, 19.45621], [-71.01515, 19.4555], [-71.01077, 19.45703], [-71.00852, 19.45668], [-71.0026, 19.45061], [-70.99925, 19.44826], [-70.99783, 19.44402], [-70.99768, 19.44137], [-70.99598, 19.43679], [-70.99419, 19.43393], [-70.99261, 19.43363], [-70.99114, 19.43381], [-70.98815, 19.43536], [-70.98229, 19.44157], [-70.97979, 19.44577], [-70.97781, 19.45411], [-70.97697, 19.45569], [-70.97523, 19.45698], [-70.97381, 19.45731], [-70.97311, 19.45676], [-70.97295, 19.45259], [-70.97213, 19.45162], [-70.96962, 19.45084], [-70.96819, 19.4497], [-70.9679, 19.4475], [-70.96714, 19.44727], [-70.96051, 19.44806], [-70.95516, 19.44971], [-70.95329, 19.45091], [-70.95392, 19.45212], [-70.95495, 19.45237], [-70.95929, 19.45104], [-70.96287, 19.45143], [-70.9634, 19.45372], [-70.96311, 19.45865], [-70.95727, 19.45607], [-70.95442, 19.45729], [-70.94816, 19.45804], [-70.9462, 19.4565], [-70.94155, 19.45545], [-70.93977, 19.45432], [-70.93599, 19.45407], [-70.93476, 19.45264], [-70.93491, 19.44957], [-70.93405, 19.44918], [-70.93281, 19.44723], [-70.93207, 19.44695], [-70.92934, 19.44738], [-70.92847, 19.44646], [-70.92759, 19.44428], [-70.92636, 19.44325], [-70.92459, 19.44292], [-70.92403, 19.44143], [-70.92159, 19.4395], [-70.91761, 19.4397], [-70.91567, 19.44065], [-70.91421, 19.44061], [-70.91287, 19.4396], [-70.91058, 19.43968], [-70.91021, 19.44196], [-70.91128, 19.44526], [-70.91095, 19.44804], [-70.90792, 19.44963], [-70.90482, 19.4496], [-70.90361, 19.44902], [-70.9035, 19.4517], [-70.90109, 19.45151], [-70.90134, 19.45325], [-70.90213, 19.4542], [-70.90202, 19.45558], [-70.90129, 19.45571], [-70.90044, 19.45496], [-70.89925, 19.45485], [-70.88709, 19.44864], [-70.88596, 19.44906], [-70.88507, 19.45179], [-70.88501, 19.45582], [-70.88567, 19.46154], [-70.88711, 19.46577], [-70.88894, 19.46801], [-70.89856, 19.47038], [-70.90243, 19.47297], [-70.9043, 19.47583], [-70.9034, 19.47926], [-70.90359, 19.48192], [-70.90455, 19.48334], [-70.90757, 19.4848], [-70.90852, 19.48617], [-70.90805, 19.4914], [-70.90663, 19.49235], [-70.90585, 19.49483], [-70.90474, 19.49539], [-70.90399, 19.49648], [-70.90434, 19.49873], [-70.90477, 19.49912], [-70.90438, 19.4998], [-70.90461, 19.50052], [-70.90368, 19.50277], [-70.90267, 19.50359], [-70.90247, 19.50523], [-70.90144, 19.50711], [-70.90149, 19.50854], [-70.9025, 19.50968], [-70.90076, 19.51223], [-70.89991, 19.51539], [-70.8976, 19.51735], [-70.89739, 19.51824], [-70.8961, 19.51876], [-70.89604, 19.51991], [-70.8953, 19.52061], [-70.89576, 19.5232], [-70.89506, 19.52322], [-70.8947, 19.52384], [-70.89495, 19.52511], [-70.89429, 19.52602], [-70.89423, 19.52712], [-70.89474, 19.52918], [-70.89399, 19.53197], [-70.89388, 19.53592], [-70.89317, 19.53683], [-70.89428, 19.53781], [-70.8951, 19.53979], [-70.89528, 19.54343], [-70.89889, 19.54536], [-70.89976, 19.54476], [-70.89979, 19.54325], [-70.90029, 19.54255], [-70.90107, 19.54229], [-70.90275, 19.54274], [-70.90345, 19.54334], [-70.90365, 19.54578], [-70.90437, 19.5464], [-70.90831, 19.54619], [-70.9088, 19.54784], [-70.90744, 19.55003], [-70.90894, 19.55101], [-70.91279, 19.54949], [-70.91265, 19.54835], [-70.91057, 19.5472], [-70.90936, 19.54553], [-70.91057, 19.54373], [-70.91137, 19.54334], [-70.91271, 19.54516], [-70.91345, 19.54724], [-70.91553, 19.54713], [-70.91815, 19.5489], [-70.91797, 19.55098], [-70.91657, 19.55282], [-70.9164, 19.55393], [-70.92097, 19.55444], [-70.92172, 19.55312], [-70.92083, 19.55101], [-70.92108, 19.55024], [-70.92376, 19.54886], [-70.92537, 19.54889], [-70.92714, 19.54941], [-70.92788, 19.55039], [-70.92712, 19.55228], [-70.92748, 19.55308], [-70.92853, 19.55314], [-70.9312, 19.55208], [-70.93278, 19.55482], [-70.93377, 19.55514], [-70.93504, 19.55481], [-70.93586, 19.55579], [-70.93735, 19.55615], [-70.93476, 19.55787], [-70.93412, 19.56096], [-70.9293, 19.56492], [-70.92523, 19.56992], [-70.9232, 19.57483], [-70.92322, 19.57652], [-70.9241, 19.5772], [-70.92683, 19.57769], [-70.92865, 19.57749], [-70.92993, 19.57654], [-70.93071, 19.57688], [-70.93057, 19.58284], [-70.9298, 19.58672], [-70.93015, 19.58924], [-70.92978, 19.592], [-70.92854, 19.59139], [-70.90739, 19.57353], [-70.89886, 19.56859], [-70.8947, 19.56389], [-70.89315, 19.56341], [-70.89345, 19.5646], [-70.89263, 19.56442], [-70.89222, 19.5651], [-70.89323, 19.56607], [-70.89257, 19.56688], [-70.89266, 19.56892], [-70.88999, 19.57013], [-70.89079, 19.57156], [-70.88999, 19.57163], [-70.88985, 19.57218], [-70.88903, 19.5721], [-70.88937, 19.57273], [-70.88769, 19.57467], [-70.88752, 19.57713], [-70.88609, 19.57968], [-70.88642, 19.58175], [-70.88766, 19.58339], [-70.88808, 19.58541], [-70.88761, 19.5862], [-70.88784, 19.5872], [-70.8858, 19.58853], [-70.88514, 19.59009], [-70.884, 19.58953], [-70.88296, 19.58987], [-70.88309, 19.59089], [-70.88395, 19.59156], [-70.88379, 19.59406], [-70.88112, 19.59573], [-70.88201, 19.5977], [-70.8822, 19.60004], [-70.88127, 19.60091], [-70.88138, 19.60297], [-70.88331, 19.60508], [-70.88413, 19.60845], [-70.88344, 19.61176], [-70.88397, 19.61353], [-70.88232, 19.61711], [-70.88455, 19.6197], [-70.88454, 19.62049], [-70.88221, 19.62168], [-70.88136, 19.62488], [-70.8802, 19.626], [-70.87804, 19.6271], [-70.87483, 19.62767], [-70.87444, 19.62872], [-70.87618, 19.63246], [-70.87578, 19.63473], [-70.87631, 19.63993], [-70.87578, 19.64166], [-70.87978, 19.64157], [-70.88122, 19.63957], [-70.883, 19.6393], [-70.88416, 19.64056], [-70.88484, 19.64395], [-70.88638, 19.64548], [-70.88353, 19.64852], [-70.8819, 19.64871], [-70.88205, 19.64927], [-70.88005, 19.65231], [-70.87844, 19.651]]]}}, {"type": "Feature", "properties": {"COD_PROV": "26", "PROVINCIA": "SANTIAGO RODRÍGUEZ", "NOMBRE": "Santiago Rodríguez", "N_MUNICIPIOS": 3}, "geometry": {"type": "Polygon", "coordinates": [[[-71.30987, 19.55965], [-71.30377, 19.56026], [-71.30175, 19.55857], [-71.29955, 19.55773], [-71.29552, 19.55517], [-71.29487, 19.55434], [-71.29642, 19.55439], [-71.29702, 19.55231], [-71.29475, 19.5519], [-71.29328, 19.55097], [-71.28999, 19.55062], [-71.28471, 19.54735], [-71.2791, 19.5447], [-71.2736, 19.53978], [-71.26143, 19.53166], [-71.25958, 19.53122], [-71.25684, 19.5319], [-71.24922, 19.53184], [-71.24081, 19.5246], [-71.23847, 19.52387], [-71.2354, 19.5236], [-71.23326, 19.52399], [-71.2304, 19.52699], [-71.22745, 19.53332], [-71.22718, 19.53732], [-71.22662, 19.53826], [-71.22481, 19.53947], [-71.21943, 19.54724], [-71.21754, 19.54783], [-71.21412, 19.54747], [-71.21029, 19.54604], [-71.20836, 19.54476], [-71.20522, 19.53977], [-71.19884, 19.53523], [-71.18953, 19.53011], [-71.1892, 19.53087], [-71.18812, 19.52937], [-71.18896, 19.52754], [-71.1899, 19.52246], [-71.19139, 19.52082], [-71.19153, 19.51996], [-71.19075, 19.5183], [-71.19195, 19.51723], [-71.19199, 19.51651], [-71.19168, 19.51594], [-71.18992, 19.51658], [-71.19005, 19.51501], [-71.18899, 19.51516], [-71.18863, 19.51474], [-71.1887, 19.51225], [-71.18778, 19.51135], [-71.186, 19.51085], [-71.1853, 19.51109], [-71.18497, 19.51291], [-71.18361, 19.51326], [-71.18292, 19.50984], [-71.18368, 19.50308], [-71.18087, 19.50042], [-71.18201, 19.49888], [-71.17954, 19.49881], [-71.17908, 19.49824], [-71.17946, 19.49676], [-71.1791, 19.49614], [-71.17758, 19.49573], [-71.17712, 19.49502], [-71.1788, 19.49251], [-71.17997, 19.48968], [-71.17925, 19.48839], [-71.17979, 19.48781], [-71.17991, 19.48537], [-71.18086, 19.48479], [-71.18084, 19.4835], [-71.18273, 19.48133], [-71.18233, 19.47808], [-71.18347, 19.47658], [-71.18214, 19.47469], [-71.17947, 19.47463], [-71.16958, 19.47608], [-71.14891, 19.47624], [-71.1307, 19.47564], [-71.1281, 19.47482], [-71.12689, 19.47352], [-71.12438, 19.46768], [-71.12221, 19.46484], [-71.11801, 19.46383], [-71.11419, 19.46433], [-71.1099, 19.46644], [-71.10608, 19.46632], [-71.09211, 19.46763], [-71.08677, 19.47029], [-71.08558, 19.47192], [-71.08184, 19.46964], [-71.08023, 19.46695], [-71.07862, 19.46544], [-71.07823, 19.46425], [-71.07873, 19.46359], [-71.08565, 19.46157], [-71.09585, 19.45455], [-71.0974, 19.45055], [-71.09679, 19.44822], [-71.09581, 19.44756], [-71.09363, 19.45069], [-71.09204, 19.45147], [-71.09097, 19.45089], [-71.0857, 19.44011], [-71.08584, 19.43777], [-71.08409, 19.43515], [-71.0842, 19.43436], [-71.08676, 19.43181], [-71.08819, 19.43202], [-71.08877, 19.43162], [-71.09016, 19.42964], [-71.09009, 19.4283], [-71.08919, 19.42735], [-71.08676, 19.4271], [-71.08195, 19.4248], [-71.07923, 19.42472], [-71.07598, 19.42554], [-71.07261, 19.42547], [-71.07201, 19.42424], [-71.07205, 19.42312], [-71.07304, 19.42193], [-71.0776, 19.42221], [-71.08391, 19.41687], [-71.08877, 19.41511], [-71.0927, 19.41469], [-71.09635, 19.41574], [-71.10038, 19.41507], [-71.10173, 19.41558], [-71.10283, 19.41538], [-71.10446, 19.41418], [-71.1076, 19.41428], [-71.11062, 19.41297], [-71.11675, 19.40859], [-71.11941, 19.40524], [-71.12056, 19.40232], [-71.12037, 19.4019], [-71.11896, 19.40159], [-71.11864, 19.4007], [-71.12056, 19.40016], [-71.12115, 19.39947], [-71.1212, 19.39808], [-71.12065, 19.39673], [-71.12133, 19.39625], [-71.12139, 19.3952], [-71.12367, 19.39495], [-71.12422, 19.39534], [-71.12713, 19.39387], [-71.12956, 19.39391], [-71.13015, 19.39444], [-71.13083, 19.39402], [-71.13107, 19.39461], [-71.132, 19.39399], [-71.13243, 19.39467], [-71.13351, 19.39394], [-71.13457, 19.39415], [-71.13526, 19.39528], [-71.1356, 19.39447], [-71.13634, 19.39448], [-71.13596, 19.39581], [-71.13639, 19.39648], [-71.13735, 19.39615], [-71.13897, 19.39683], [-71.14024, 19.39653], [-71.14046, 19.39595], [-71.13809, 19.39535], [-71.13737, 19.39398], [-71.13839, 19.39395], [-71.14002, 19.39266], [-71.14134, 19.39281], [-71.14405, 19.39443], [-71.14475, 19.39439], [-71.1447, 19.39355], [-71.14554, 19.39288], [-71.1452, 19.39018], [-71.14448, 19.38904], [-71.14212, 19.38757], [-71.14177, 19.38664], [-71.14413, 19.38548], [-71.14842, 19.3866], [-71.15017, 19.38613], [-71.15038, 19.38441], [-71.14882, 19.38151], [-71.14854, 19.37981], [-71.14912, 19.3789], [-71.15175, 19.37797], [-71.15247, 19.37728], [-71.15127, 19.3742], [-71.15165, 19.37375], [-71.15549, 19.37381], [-71.15681, 19.37318], [-71.15784, 19.37444], [-71.15828, 19.3744], [-71.15868, 19.37413], [-71.15885, 19.37229], [-71.16011, 19.37211], [-71.16185, 19.37095], [-71.16272, 19.37163], [-71.16364, 19.37358], [-71.16499, 19.37358], [-71.16523, 19.37255], [-71.16615, 19.37251], [-71.17195, 19.37495], [-71.17295, 19.37577], [-71.1731, 19.37859], [-71.1743, 19.3804], [-71.1742, 19.38236], [-71.17542, 19.38411], [-71.17515, 19.38575], [-71.17405, 19.38658], [-71.17406, 19.38709], [-71.17579, 19.3877], [-71.17659, 19.3875], [-71.1778, 19.38824], [-71.18048, 19.38647], [-71.18308, 19.3826], [-71.18631, 19.38332], [-71.18724, 19.38219], [-71.18765, 19.38046], [-71.19076, 19.38003], [-71.19095, 19.37875], [-71.19193, 19.3789], [-71.19401, 19.38089], [-71.19546, 19.38148], [-71.19741, 19.38013], [-71.19829, 19.37997], [-71.1997, 19.38054], [-71.20131, 19.37901], [-71.20214, 19.37905], [-71.2032, 19.38037], [-71.20391, 19.38051], [-71.20602, 19.37811], [-71.20933, 19.3771], [-71.20917, 19.37663], [-71.20777, 19.37618], [-71.20746, 19.37549], [-71.20748, 19.37432], [-71.20803, 19.37357], [-71.20873, 19.37366], [-71.20895, 19.37464], [-71.20949, 19.37487], [-71.21192, 19.37495], [-71.21281, 19.3742], [-71.21303, 19.3722], [-71.21365, 19.37208], [-71.21518, 19.37241], [-71.2173, 19.37407], [-71.21829, 19.37406], [-71.21852, 19.37338], [-71.21757, 19.37166], [-71.21818, 19.37086], [-71.22037, 19.37054], [-71.22027, 19.36755], [-71.22339, 19.36754], [-71.22431, 19.36712], [-71.22423, 19.36621], [-71.22258, 19.36497], [-71.22163, 19.36355], [-71.22125, 19.3625], [-71.22148, 19.36153], [-71.22287, 19.36125], [-71.22619, 19.36226], [-71.22797, 19.36171], [-71.22861, 19.36082], [-71.22865, 19.35965], [-71.22721, 19.358], [-71.22547, 19.35711], [-71.22433, 19.35712], [-71.22376, 19.3564], [-71.22623, 19.35408], [-71.22662, 19.35293], [-71.22467, 19.35026], [-71.2246, 19.34976], [-71.22584, 19.34829], [-71.22416, 19.34725], [-71.2243, 19.34562], [-71.22278, 19.34505], [-71.22217, 19.34429], [-71.22197, 19.34279], [-71.22302, 19.34045], [-71.22481, 19.33946], [-71.22753, 19.33908], [-71.23119, 19.34138], [-71.23179, 19.34132], [-71.23243, 19.3405], [-71.23084, 19.33813], [-71.23436, 19.33785], [-71.23571, 19.33707], [-71.23612, 19.33759], [-71.23685, 19.34307], [-71.23741, 19.34359], [-71.23877, 19.34358], [-71.23867, 19.3365], [-71.23966, 19.33527], [-71.24031, 19.33527], [-71.24184, 19.33656], [-71.24491, 19.33595], [-71.24495, 19.33532], [-71.2422, 19.3328], [-71.24472, 19.33059], [-71.24567, 19.32874], [-71.2468, 19.32789], [-71.2475, 19.32763], [-71.24875, 19.32871], [-71.2504, 19.32926], [-71.25141, 19.32929], [-71.25263, 19.32844], [-71.25305, 19.32651], [-71.25259, 19.32501], [-71.25064, 19.32452], [-71.24924, 19.32185], [-71.24917, 19.32027], [-71.24712, 19.31963], [-71.2466, 19.319], [-71.24664, 19.31795], [-71.24801, 19.31566], [-71.24718, 19.31235], [-71.2441, 19.31208], [-71.24369, 19.3112], [-71.24459, 19.30944], [-71.24436, 19.30875], [-71.24245, 19.30909], [-71.24136, 19.308], [-71.24315, 19.30715], [-71.24379, 19.30464], [-71.24441, 19.30405], [-71.24569, 19.30388], [-71.24636, 19.30443], [-71.24663, 19.30394], [-71.24656, 19.30131], [-71.24552, 19.30078], [-71.24272, 19.30064], [-71.24275, 19.29813], [-71.24321, 19.29694], [-71.2459, 19.29783], [-71.24657, 19.29699], [-71.24645, 19.29483], [-71.24481, 19.2923], [-71.24534, 19.29187], [-71.24625, 19.29203], [-71.24639, 19.28776], [-71.24847, 19.28591], [-71.24858, 19.28518], [-71.24748, 19.28343], [-71.24741, 19.28249], [-71.2463, 19.28228], [-71.24603, 19.28166], [-71.24674, 19.28083], [-71.24774, 19.28205], [-71.24805, 19.28145], [-71.24763, 19.27959], [-71.24826, 19.27923], [-71.24945, 19.27963], [-71.24983, 19.27921], [-71.24684, 19.27545], [-71.24658, 19.27295], [-71.24489, 19.27273], [-71.24527, 19.26858], [-71.24408, 19.26653], [-71.24641, 19.26356], [-71.24789, 19.26365], [-71.25015, 19.26245], [-71.25204, 19.26474], [-71.25298, 19.26419], [-71.25434, 19.26476], [-71.25442, 19.26538], [-71.25503, 19.26537], [-71.25593, 19.2632], [-71.25678, 19.26303], [-71.25813, 19.26136], [-71.25803, 19.26066], [-71.25656, 19.25937], [-71.25609, 19.25806], [-71.25625, 19.25671], [-71.25416, 19.25598], [-71.25414, 19.25472], [-71.25288, 19.2533], [-71.25318, 19.25208], [-71.25167, 19.25176], [-71.2512, 19.24983], [-71.24986, 19.24897], [-71.25072, 19.24706], [-71.24963, 19.24531], [-71.24781, 19.24508], [-71.24749, 19.24428], [-71.24593, 19.24355], [-71.24561, 19.24284], [-71.24035, 19.24349], [-71.23909, 19.24502], [-71.23793, 19.24436], [-71.23708, 19.24365], [-71.23686, 19.24088], [-71.23597, 19.24081], [-71.23477, 19.2399], [-71.23471, 19.23914], [-71.23621, 19.23837], [-71.236, 19.23643], [-71.2372, 19.23617], [-71.23745, 19.23536], [-71.23549, 19.23434], [-71.23484, 19.2354], [-71.23453, 19.23304], [-71.23317, 19.23345], [-71.23161, 19.23134], [-71.22694, 19.23094], [-71.22723, 19.23016], [-71.22957, 19.22929], [-71.22934, 19.22514], [-71.23027, 19.22429], [-71.2294, 19.22099], [-71.2288, 19.22027], [-71.22792, 19.22033], [-71.2275, 19.21989], [-71.22805, 19.21708], [-71.22662, 19.21569], [-71.22624, 19.21368], [-71.22765, 19.21349], [-71.22949, 19.21454], [-71.22982, 19.21218], [-71.22831, 19.21023], [-71.22534, 19.20876], [-71.22391, 19.20732], [-71.22412, 19.20529], [-71.22226, 19.20363], [-71.22097, 19.19967], [-71.21994, 19.198], [-71.2198, 19.19632], [-71.21853, 19.19387], [-71.21839, 19.19224], [-71.21949, 19.19077], [-71.22023, 19.18824], [-71.21899, 19.18292], [-71.21705, 19.17799], [-71.22216, 19.1763], [-71.2254, 19.17446], [-71.2284, 19.17348], [-71.23243, 19.17402], [-71.23538, 19.17343], [-71.23984, 19.17132], [-71.24177, 19.1712], [-71.24684, 19.17244], [-71.24816, 19.17211], [-71.25159, 19.17237], [-71.25673, 19.16939], [-71.26147, 19.17092], [-71.26372, 19.16924], [-71.26648, 19.16839], [-71.27169, 19.16972], [-71.27452, 19.16972], [-71.27971, 19.17164], [-71.28368, 19.17515], [-71.28759, 19.17651], [-71.28978, 19.17665], [-71.29289, 19.17606], [-71.29457, 19.17503], [-71.29874, 19.17491], [-71.3007, 19.17334], [-71.30239, 19.17285], [-71.31598, 19.17308], [-71.31779, 19.17213], [-71.31927, 19.17614], [-71.32388, 19.18071], [-71.32494, 19.18423], [-71.32574, 19.18527], [-71.3265, 19.18593], [-71.33219, 19.18782], [-71.33383, 19.18953], [-71.33978, 19.19289], [-71.34162, 19.19291], [-71.34641, 19.19002], [-71.34746, 19.19005], [-71.35196, 19.19249], [-71.35826, 19.19008], [-71.36002, 19.18973], [-71.36208, 19.18998], [-71.36251, 19.19069], [-71.36235, 19.19317], [-71.36481, 19.20062], [-71.36928, 19.20477], [-71.37795, 19.20806], [-71.38255, 19.21423], [-71.38479, 19.21587], [-71.38955, 19.21633], [-71.39132, 19.21567], [-71.3937, 19.21768], [-71.39552, 19.21814], [-71.39835, 19.21753], [-71.40193, 19.21778], [-71.40321, 19.2183], [-71.40659, 19.22149], [-71.41026, 19.22628], [-71.41152, 19.22709], [-71.41291, 19.22955], [-71.41569, 19.23163], [-71.41574, 19.23274], [-71.41716, 19.23496], [-71.42087, 19.23725], [-71.42691, 19.23769], [-71.42896, 19.2384], [-71.43314, 19.24404], [-71.43768, 19.23999], [-71.43947, 19.23973], [-71.44144, 19.24227], [-71.44232, 19.24217], [-71.44431, 19.24062], [-71.4465, 19.24069], [-71.44845, 19.24318], [-71.45147, 19.24507], [-71.4531, 19.24727], [-71.45514, 19.24803], [-71.45645, 19.24991], [-71.45808, 19.25023], [-71.4604, 19.24899], [-71.46232, 19.249], [-71.46322, 19.2495], [-71.46589, 19.2532], [-71.4678, 19.25391], [-71.46844, 19.25354], [-71.4703, 19.25563], [-71.47081, 19.25567], [-71.472, 19.25419], [-71.4747, 19.25509], [-71.47504, 19.25465], [-71.47542, 19.25508], [-71.4764, 19.25502], [-71.47586, 19.25386], [-71.47742, 19.25445], [-71.47774, 19.25385], [-71.47878, 19.25392], [-71.47891, 19.25519], [-71.48029, 19.2535], [-71.48213, 19.25512], [-71.48291, 19.25409], [-71.48481, 19.25335], [-71.48566, 19.25398], [-71.48554, 19.25543], [-71.48789, 19.25654], [-71.4885, 19.25658], [-71.48815, 19.25504], [-71.48888, 19.25418], [-71.48968, 19.25466], [-71.48988, 19.25563], [-71.49143, 19.25457], [-71.49117, 19.25644], [-71.49157, 19.25684], [-71.49325, 19.25513], [-71.49243, 19.25375], [-71.49357, 19.25253], [-71.49765, 19.25132], [-71.49827, 19.25189], [-71.4964, 19.25492], [-71.49816, 19.25702], [-71.49942, 19.25705], [-71.49999, 19.25774], [-71.49921, 19.25842], [-71.49887, 19.26176], [-71.49704, 19.26276], [-71.49719, 19.26417], [-71.49878, 19.26454], [-71.50001, 19.26572], [-71.49787, 19.26562], [-71.49686, 19.2667], [-71.49687, 19.2678], [-71.49867, 19.27178], [-71.50058, 19.27211], [-71.50118, 19.27352], [-71.50212, 19.27417], [-71.50262, 19.2741], [-71.5031, 19.27225], [-71.50394, 19.27234], [-71.5057, 19.27377], [-71.50781, 19.274], [-71.5096, 19.27499], [-71.51071, 19.27379], [-71.51348, 19.27396], [-71.51532, 19.27285], [-71.51655, 19.27479], [-71.51532, 19.27475], [-71.51489, 19.27574], [-71.51399, 19.27577], [-71.51353, 19.277], [-71.51176, 19.27787], [-71.51116, 19.27932], [-71.50886, 19.27935], [-71.5097, 19.28393], [-71.50887, 19.28336], [-71.50857, 19.28374], [-71.50908, 19.28514], [-71.50789, 19.28485], [-71.50676, 19.28533], [-71.50781, 19.2872], [-71.50985, 19.28881], [-71.51007, 19.2909], [-71.51139, 19.29199], [-71.50982, 19.29257], [-71.5113, 19.29384], [-71.50993, 19.29629], [-71.51011, 19.29961], [-71.50939, 19.30072], [-71.50266, 19.30567], [-71.50576, 19.30875], [-71.5126, 19.3114], [-71.51467, 19.31163], [-71.51707, 19.3134], [-71.51936, 19.31795], [-71.51942, 19.32156], [-71.51589, 19.32709], [-71.51046, 19.32867], [-71.50815, 19.33117], [-71.5058, 19.33115], [-71.50474, 19.3321], [-71.50042, 19.33152], [-71.49441, 19.33404], [-71.49417, 19.33466], [-71.48915, 19.33485], [-71.48814, 19.33553], [-71.48814, 19.33709], [-71.48519, 19.33786], [-71.48602, 19.33869], [-71.4859, 19.34254], [-71.48469, 19.34282], [-71.48327, 19.34247], [-71.48272, 19.34293], [-71.48263, 19.34553], [-71.48137, 19.34657], [-71.48107, 19.3474], [-71.48188, 19.34872], [-71.48152, 19.34979], [-71.48056, 19.3494], [-71.47937, 19.34993], [-71.47773, 19.35212], [-71.47865, 19.35487], [-71.48053, 19.35685], [-71.4831, 19.3574], [-71.48462, 19.35889], [-71.48393, 19.36015], [-71.48508, 19.36224], [-71.48486, 19.3634], [-71.4827, 19.36602], [-71.48403, 19.36676], [-71.48465, 19.36658], [-71.48477, 19.36884], [-71.48145, 19.37081], [-71.48175, 19.37298], [-71.4807, 19.37358], [-71.47735, 19.37362], [-71.47601, 19.3718], [-71.47459, 19.37157], [-71.474, 19.37367], [-71.47224, 19.37344], [-71.47111, 19.37379], [-71.47072, 19.37709], [-71.47163, 19.37917], [-71.47147, 19.37992], [-71.46893, 19.38113], [-71.46694, 19.38383], [-71.46732, 19.38517], [-71.46821, 19.38582], [-71.46958, 19.38371], [-71.47004, 19.38395], [-71.47004, 19.38496], [-71.47103, 19.38629], [-71.46916, 19.39066], [-71.46934, 19.39108], [-71.47084, 19.39089], [-71.4712, 19.3913], [-71.47112, 19.39189], [-71.46945, 19.39216], [-71.47014, 19.39439], [-71.46956, 19.39613], [-71.47052, 19.39664], [-71.46993, 19.39853], [-71.47094, 19.39957], [-71.47202, 19.39913], [-71.47275, 19.39966], [-71.47318, 19.40352], [-71.47425, 19.40486], [-71.47249, 19.40573], [-71.47364, 19.40714], [-71.47285, 19.40876], [-71.46886, 19.40841], [-71.46913, 19.40909], [-71.47063, 19.41007], [-71.46977, 19.4116], [-71.46903, 19.4118], [-71.46713, 19.41114], [-71.46625, 19.4142], [-71.46082, 19.41611], [-71.46102, 19.4177], [-71.46333, 19.41884], [-71.46379, 19.42017], [-71.46599, 19.41998], [-71.46795, 19.42145], [-71.46831, 19.4222], [-71.46666, 19.42348], [-71.46809, 19.42471], [-71.46819, 19.4253], [-71.46431, 19.42552], [-71.46231, 19.42747], [-71.462, 19.43015], [-71.45875, 19.43079], [-71.45929, 19.43226], [-71.46082, 19.43416], [-71.46077, 19.43709], [-71.46406, 19.43871], [-71.46468, 19.43879], [-71.4652, 19.4382], [-71.46611, 19.43889], [-71.46788, 19.4419], [-71.46781, 19.44288], [-71.46562, 19.44446], [-71.46566, 19.44567], [-71.46469, 19.44598], [-71.46746, 19.44838], [-71.46805, 19.44962], [-71.46669, 19.453], [-71.46722, 19.46032], [-71.46501, 19.46252], [-71.46367, 19.46278], [-71.46304, 19.46381], [-71.46255, 19.46672], [-71.46332, 19.46831], [-71.46339, 19.46995], [-71.46409, 19.47038], [-71.46439, 19.47152], [-71.46551, 19.47186], [-71.46451, 19.47346], [-71.46514, 19.475], [-71.46471, 19.47752], [-71.46232, 19.48024], [-71.4617, 19.4839], [-71.46107, 19.48502], [-71.46197, 19.48652], [-71.46579, 19.48822], [-71.46606, 19.4888], [-71.4657, 19.49408], [-71.46457, 19.49501], [-71.46424, 19.49644], [-71.46169, 19.49698], [-71.46013, 19.50156], [-71.45675, 19.50395], [-71.45566, 19.50521], [-71.45558, 19.50602], [-71.45436, 19.5058], [-71.452, 19.50626], [-71.44887, 19.50907], [-71.44665, 19.50896], [-71.44414, 19.50951], [-71.4433, 19.51062], [-71.44088, 19.51032], [-71.4371, 19.5108], [-71.43516, 19.51259], [-71.43479, 19.51432], [-71.43282, 19.51405], [-71.43296, 19.51462], [-71.43159, 19.51612], [-71.43228, 19.52152], [-71.43095, 19.52292], [-71.42783, 19.52334], [-71.42734, 19.5243], [-71.42777, 19.52621], [-71.42687, 19.52632], [-71.42673, 19.52742], [-71.42821, 19.52864], [-71.42855, 19.53089], [-71.42659, 19.53086], [-71.42564, 19.53154], [-71.42598, 19.53508], [-71.4219, 19.53367], [-71.42129, 19.53391], [-71.42081, 19.53502], [-71.42103, 19.53645], [-71.42044, 19.53727], [-71.41984, 19.53733], [-71.42086, 19.53851], [-71.42119, 19.54027], [-71.42195, 19.54017], [-71.4219, 19.54366], [-71.42094, 19.5431], [-71.42015, 19.54119], [-71.41859, 19.5415], [-71.41635, 19.54024], [-71.41575, 19.5402], [-71.41545, 19.54068], [-71.41539, 19.54293], [-71.41445, 19.54418], [-71.41412, 19.54567], [-71.41511, 19.54752], [-71.41507, 19.54833], [-71.41203, 19.55028], [-71.41254, 19.55109], [-71.41512, 19.55125], [-71.41599, 19.55219], [-71.41616, 19.55353], [-71.41708, 19.55409], [-71.41702, 19.55667], [-71.40743, 19.55577], [-71.40562, 19.5553], [-71.40454, 19.55437], [-71.39948, 19.55343], [-71.39116, 19.55406], [-71.38436, 19.55163], [-71.3816, 19.55283], [-71.37916, 19.55309], [-71.37823, 19.55417], [-71.37444, 19.55497], [-71.37317, 19.5563], [-71.37077, 19.55712], [-71.35941, 19.55276], [-71.35045, 19.55151], [-71.34778, 19.55022], [-71.34655, 19.55032], [-71.34526, 19.54954], [-71.34295, 19.54943], [-71.34021, 19.54818], [-71.33895, 19.54852], [-71.33684, 19.54827], [-71.33468, 19.54921], [-71.33377, 19.55013], [-71.33089, 19.55456], [-71.33169, 19.56258], [-71.33364, 19.56657], [-71.33354, 19.56987], [-71.31634, 19.56496], [-71.3134, 19.56147], [-71.31192, 19.56027], [-71.30987, 19.55965]]]}}, {"type": "Feature", "properties": {"COD_PROV": "27", "PROVINCIA": "VALVERDE", "NOMBRE": "Valverde", "N_MUNICIPIOS": 3}, "geometry": {"type": "Polygon", "coordinates": [[[-71.13874, 19.75691], [-71.13588, 19.75572], [-71.13272, 19.75754], [-71.13187, 19.75714], [-71.13187, 19.75568], [-71.12831, 19.75672], [-71.12479, 19.756], [-71.12116, 19.75653], [-71.11824, 19.75271], [-71.1136, 19.75295], [-71.11109, 19.75189], [-71.10583, 19.74864], [-71.10193, 19.7471], [-71.09692, 19.74428], [-71.09571, 19.74291], [-71.09215, 19.74217], [-71.08729, 19.74211], [-71.07669, 19.73808], [-71.07384, 19.73812], [-71.07146, 19.73713], [-71.07026, 19.73591], [-71.07019, 19.73041], [-71.07086, 19.72835], [-71.07026, 19.7266], [-71.06703, 19.72348], [-71.05735, 19.71954], [-71.04633, 19.71692], [-71.03828, 19.71377], [-71.03225, 19.7128], [-71.02679, 19.71088], [-71.02296, 19.71163], [-71.01966, 19.70963], [-71.01682, 19.71024], [-71.01396, 19.70978], [-71.01035, 19.71066], [-71.00845, 19.71011], [-71.00719, 19.71027], [-71.0009, 19.71306], [-70.99642, 19.7098], [-70.99616, 19.70845], [-70.99661, 19.70619], [-70.99627, 19.70574], [-70.99267, 19.70537], [-70.99059, 19.70593], [-70.9876, 19.70553], [-70.98444, 19.70587], [-70.98339, 19.70405], [-70.98422, 19.70197], [-70.98195, 19.69972], [-70.98155, 19.69833], [-70.98044, 19.69761], [-70.97845, 19.69479], [-70.97672, 19.69294], [-70.97276, 19.69019], [-70.96942, 19.68884], [-70.96833, 19.68725], [-70.96668, 19.68624], [-70.96288, 19.68233], [-70.9571, 19.67954], [-70.95564, 19.67796], [-70.95348, 19.67689], [-70.95279, 19.6754], [-70.9518, 19.67472], [-70.94958, 19.67602], [-70.94783, 19.67395], [-70.9435, 19.67238], [-70.94122, 19.67418], [-70.93886, 19.67407], [-70.9372, 19.6715], [-70.9347, 19.67109], [-70.93203, 19.66939], [-70.932, 19.66789], [-70.93037, 19.66733], [-70.92771, 19.66727], [-70.9255, 19.66584], [-70.92522, 19.66389], [-70.92365, 19.66362], [-70.92324, 19.66305], [-70.92263, 19.65986], [-70.92184, 19.65955], [-70.91999, 19.6565], [-70.91785, 19.65626], [-70.91664, 19.6566], [-70.91596, 19.65581], [-70.91422, 19.65547], [-70.91229, 19.65432], [-70.9115, 19.65274], [-70.90823, 19.65345], [-70.90566, 19.65225], [-70.90466, 19.65281], [-70.90392, 19.65263], [-70.9017, 19.65397], [-70.89934, 19.65289], [-70.89655, 19.65296], [-70.89424, 19.6539], [-70.89121, 19.65419], [-70.89008, 19.65515], [-70.88632, 19.65574], [-70.88574, 19.65707], [-70.88502, 19.65747], [-70.88135, 19.65603], [-70.88157, 19.65418], [-70.88005, 19.65231], [-70.88046, 19.65121], [-70.88205, 19.64927], [-70.8819, 19.64871], [-70.88289, 19.64884], [-70.88438, 19.64788], [-70.88639, 19.64525], [-70.8851, 19.6444], [-70.88436, 19.6428], [-70.88416, 19.64056], [-70.883, 19.6393], [-70.88122, 19.63957], [-70.87978, 19.64157], [-70.87578, 19.64166], [-70.87631, 19.63993], [-70.87578, 19.63473], [-70.87618, 19.63246], [-70.87448, 19.62829], [-70.87483, 19.62767], [-70.87804, 19.6271], [-70.8802, 19.626], [-70.88136, 19.62488], [-70.88221, 19.62168], [-70.88454, 19.62049], [-70.88455, 19.6197], [-70.88232, 19.61711], [-70.88397, 19.61353], [-70.88344, 19.61176], [-70.88413, 19.60845], [-70.88331, 19.60508], [-70.88138, 19.60297], [-70.88127, 19.60091], [-70.8822, 19.60004], [-70.88201, 19.5977], [-70.88112, 19.59573], [-70.88379, 19.59406], [-70.88395, 19.59156], [-70.88309, 19.59089], [-70.88296, 19.58987], [-70.884, 19.58953], [-70.88514, 19.59009], [-70.8858, 19.58853], [-70.88784, 19.5872], [-70.88761, 19.5862], [-70.88808, 19.58541], [-70.88766, 19.58339], [-70.88642, 19.58175], [-70.88609, 19.57968], [-70.88752, 19.57713], [-70.88769, 19.57467], [-70.88937, 19.57273], [-70.88903, 19.5721], [-70.88985, 19.57218], [-70.88999, 19.57163], [-70.89079, 19.57156], [-70.88999, 19.57013], [-70.89266, 19.56892], [-70.89257, 19.56688], [-70.89323, 19.56607], [-70.89222, 19.5651], [-70.89263, 19.56442], [-70.89345, 19.5646], [-70.89312, 19.56347], [-70.8947, 19.56389], [-70.89886, 19.56859], [-70.90739, 19.57353], [-70.92854, 19.59139], [-70.92978, 19.592], [-70.93015, 19.58924], [-70.9298, 19.58672], [-70.93057, 19.58284], [-70.93071, 19.57688], [-70.92993, 19.57654], [-70.92865, 19.57749], [-70.92683, 19.57769], [-70.9241, 19.5772], [-70.92322, 19.57652], [-70.9232, 19.57483], [-70.92523, 19.56992], [-70.9293, 19.56492], [-70.93412, 19.56096], [-70.93476, 19.55787], [-70.93735, 19.55615], [-70.93586, 19.55579], [-70.93504, 19.55481], [-70.93377, 19.55514], [-70.93278, 19.55482], [-70.9312, 19.55208], [-70.92853, 19.55314], [-70.92748, 19.55308], [-70.92712, 19.55228], [-70.92788, 19.55039], [-70.92714, 19.54941], [-70.92537, 19.54889], [-70.92376, 19.54886], [-70.92108, 19.55024], [-70.92083, 19.55101], [-70.92172, 19.55312], [-70.92097, 19.55444], [-70.9164, 19.55393], [-70.91657, 19.55282], [-70.91797, 19.55098], [-70.91815, 19.5489], [-70.91553, 19.54713], [-70.91345, 19.54724], [-70.91271, 19.54516], [-70.91137, 19.54334], [-70.91057, 19.54373], [-70.90936, 19.54553], [-70.91057, 19.5472], [-70.91265, 19.54835], [-70.91279, 19.54949], [-70.90894, 19.55101], [-70.90744, 19.55003], [-70.9088, 19.54784], [-70.90831, 19.54619], [-70.90437, 19.5464], [-70.90365, 19.54578], [-70.90345, 19.54334], [-70.90275, 19.54274], [-70.90107, 19.54229], [-70.90029, 19.54255], [-70.89979, 19.54325], [-70.89976, 19.54476], [-70.89889, 19.54536], [-70.89528, 19.54343], [-70.8951, 19.53979], [-70.89428, 19.53781], [-70.89317, 19.53683], [-70.89388, 19.53592], [-70.89399, 19.53197], [-70.89474, 19.52918], [-70.89423, 19.52712], [-70.89429, 19.52602], [-70.89495, 19.52511], [-70.8947, 19.52384], [-70.89506, 19.52322], [-70.89576, 19.5232], [-70.8953, 19.52061], [-70.89604, 19.51991], [-70.8961, 19.51876], [-70.89739, 19.51824], [-70.8976, 19.51735], [-70.89991, 19.51539], [-70.90076, 19.51223], [-70.9025, 19.50968], [-70.90149, 19.50854], [-70.90144, 19.50711], [-70.90247, 19.50523], [-70.90267, 19.50359], [-70.90368, 19.50277], [-70.90461, 19.50052], [-70.90438, 19.4998], [-70.90477, 19.49912], [-70.90434, 19.49873], [-70.90399, 19.49648], [-70.90474, 19.49539], [-70.90585, 19.49483], [-70.90663, 19.49235], [-70.90805, 19.4914], [-70.90852, 19.48617], [-70.90757, 19.4848], [-70.90455, 19.48334], [-70.90359, 19.48192], [-70.9034, 19.47926], [-70.9043, 19.47583], [-70.90243, 19.47297], [-70.89856, 19.47038], [-70.88894, 19.46801], [-70.88711, 19.46577], [-70.88567, 19.46154], [-70.88501, 19.45582], [-70.88507, 19.45179], [-70.88596, 19.44906], [-70.88709, 19.44864], [-70.89925, 19.45485], [-70.90044, 19.45496], [-70.90129, 19.45571], [-70.90202, 19.45558], [-70.90213, 19.4542], [-70.90134, 19.45325], [-70.90109, 19.45151], [-70.9035, 19.4517], [-70.90361, 19.44902], [-70.90482, 19.4496], [-70.90792, 19.44963], [-70.91095, 19.44804], [-70.91128, 19.44526], [-70.91021, 19.44196], [-70.91058, 19.43968], [-70.91287, 19.4396], [-70.91421, 19.44061], [-70.91567, 19.44065], [-70.91761, 19.4397], [-70.92159, 19.4395], [-70.92403, 19.44143], [-70.92459, 19.44292], [-70.92636, 19.44325], [-70.92759, 19.44428], [-70.92847, 19.44646], [-70.92934, 19.44738], [-70.93207, 19.44695], [-70.93281, 19.44723], [-70.93405, 19.44918], [-70.93491, 19.44957], [-70.93476, 19.45264], [-70.93599, 19.45407], [-70.93977, 19.45432], [-70.94155, 19.45545], [-70.9462, 19.4565], [-70.94816, 19.45804], [-70.95442, 19.45729], [-70.95727, 19.45607], [-70.96311, 19.45865], [-70.9634, 19.45372], [-70.96287, 19.45143], [-70.95929, 19.45104], [-70.95495, 19.45237], [-70.95392, 19.45212], [-70.95329, 19.45091], [-70.95516, 19.44971], [-70.96051, 19.44806], [-70.96714, 19.44727], [-70.9679, 19.4475], [-70.96819, 19.4497], [-70.96962, 19.45084], [-70.97213, 19.45162], [-70.97295, 19.45259], [-70.97311, 19.45676], [-70.97381, 19.45731], [-70.97523, 19.45698], [-70.97697, 19.45569], [-70.97781, 19.45411], [-70.97979, 19.44577], [-70.98229, 19.44157], [-70.98815, 19.43536], [-70.99114, 19.43381], [-70.99261, 19.43363], [-70.99419, 19.43393], [-70.99598, 19.43679], [-70.99768, 19.44137], [-70.99783, 19.44402], [-70.99925, 19.44826], [-71.0026, 19.45061], [-71.00852, 19.45668], [-71.01077, 19.45703], [-71.01515, 19.4555], [-71.01954, 19.45621], [-71.02093, 19.45466], [-71.02076, 19.45134], [-71.02125, 19.45022], [-71.02922, 19.44921], [-71.03557, 19.44405], [-71.03719, 19.44355], [-71.03878, 19.44366], [-71.04284, 19.44524], [-71.04852, 19.45063], [-71.05662, 19.45627], [-71.06222, 19.46087], [-71.07408, 19.46613], [-71.07707, 19.4689], [-71.08317, 19.4727], [-71.08558, 19.47192], [-71.08677, 19.47029], [-71.09211, 19.46763], [-71.10608, 19.46632], [-71.1099, 19.46644], [-71.11419, 19.46433], [-71.11801, 19.46383], [-71.12221, 19.46484], [-71.12438, 19.46768], [-71.12689, 19.47352], [-71.1281, 19.47482], [-71.1307, 19.47564], [-71.14891, 19.47624], [-71.16958, 19.47608], [-71.17947, 19.47463], [-71.18214, 19.47469], [-71.18347, 19.47658], [-71.18233, 19.47808], [-71.18273, 19.48133], [-71.18084, 19.4835], [-71.18086, 19.48479], [-71.17991, 19.48537], [-71.17979, 19.48781], [-71.17925, 19.48839], [-71.17997, 19.48968], [-71.1788, 19.49251], [-71.17712, 19.49502], [-71.17758, 19.49573], [-71.1791, 19.49614], [-71.17946, 19.49676], [-71.17908, 19.49824], [-71.17954, 19.49881], [-71.18201, 19.49888], [-71.18087, 19.50042], [-71.18368, 19.50308], [-71.18292, 19.50984], [-71.18361, 19.51326], [-71.18497, 19.51291], [-71.1853, 19.51109], [-71.186, 19.51085], [-71.18778, 19.51135], [-71.1887, 19.51225], [-71.18863, 19.51474], [-71.18899, 19.51516], [-71.19005, 19.51501], [-71.18992, 19.51658], [-71.19168, 19.51594], [-71.19199, 19.51651], [-71.19195, 19.51723], [-71.19075, 19.5183], [-71.19153, 19.51996], [-71.19139, 19.52082], [-71.1899, 19.52246], [-71.18896, 19.52754], [-71.18812, 19.52937], [-71.1892, 19.53087], [-71.18883, 19.53238], [-71.18953, 19.53458], [-71.18713, 19.53546], [-71.18723, 19.53626], [-71.18927, 19.53731], [-71.18957, 19.53872], [-71.18924, 19.53944], [-71.18772, 19.54007], [-71.18752, 19.54089], [-71.18617, 19.54178], [-71.18653, 19.54255], [-71.1889, 19.54185], [-71.18962, 19.54231], [-71.18902, 19.54326], [-71.18712, 19.54373], [-71.18651, 19.54443], [-71.18515, 19.54423], [-71.18414, 19.5447], [-71.18423, 19.54573], [-71.18532, 19.54608], [-71.18525, 19.54755], [-71.18334, 19.54906], [-71.18287, 19.55304], [-71.18099, 19.553], [-71.18027, 19.55486], [-71.17934, 19.55578], [-71.17849, 19.5558], [-71.17737, 19.55425], [-71.17643, 19.55435], [-71.17594, 19.55522], [-71.17519, 19.55537], [-71.17574, 19.55625], [-71.17675, 19.55592], [-71.17817, 19.55842], [-71.17731, 19.55936], [-71.17689, 19.56228], [-71.1765, 19.56245], [-71.17547, 19.56103], [-71.17481, 19.56134], [-71.17605, 19.56665], [-71.17744, 19.56838], [-71.17647, 19.56973], [-71.17528, 19.56943], [-71.17328, 19.57015], [-71.17273, 19.56914], [-71.1719, 19.57013], [-71.1729, 19.5709], [-71.17166, 19.57131], [-71.17205, 19.57241], [-71.17339, 19.5729], [-71.17187, 19.57355], [-71.17402, 19.57386], [-71.17414, 19.57428], [-71.17255, 19.57515], [-71.17256, 19.57671], [-71.17082, 19.5768], [-71.17063, 19.5778], [-71.17232, 19.57832], [-71.17191, 19.58434], [-71.17264, 19.58548], [-71.17195, 19.58678], [-71.17273, 19.58768], [-71.17199, 19.58801], [-71.17203, 19.58841], [-71.17281, 19.58908], [-71.17327, 19.5905], [-71.17728, 19.59316], [-71.17766, 19.59414], [-71.1797, 19.59456], [-71.17949, 19.59571], [-71.18021, 19.59627], [-71.18157, 19.60043], [-71.18147, 19.6034], [-71.18235, 19.60515], [-71.18195, 19.60713], [-71.18224, 19.60977], [-71.18441, 19.61082], [-71.18405, 19.61298], [-71.18513, 19.61494], [-71.18801, 19.61602], [-71.18827, 19.61716], [-71.18931, 19.61794], [-71.18793, 19.61944], [-71.1884, 19.62096], [-71.18613, 19.62125], [-71.18546, 19.62231], [-71.18485, 19.62611], [-71.18539, 19.62906], [-71.18485, 19.6304], [-71.18369, 19.63122], [-71.17986, 19.63108], [-71.17887, 19.63053], [-71.17714, 19.62757], [-71.17637, 19.62724], [-71.17516, 19.62897], [-71.17459, 19.62905], [-71.1697, 19.62707], [-71.16579, 19.62848], [-71.16472, 19.63036], [-71.16466, 19.63191], [-71.16373, 19.63312], [-71.16373, 19.63645], [-71.1611, 19.64315], [-71.16068, 19.64594], [-71.16248, 19.65035], [-71.16286, 19.65339], [-71.16228, 19.6573], [-71.16471, 19.65552], [-71.16615, 19.65537], [-71.16691, 19.65608], [-71.16799, 19.66009], [-71.16825, 19.66399], [-71.16776, 19.66854], [-71.16703, 19.66978], [-71.16672, 19.67182], [-71.16714, 19.67276], [-71.16656, 19.67324], [-71.16728, 19.67408], [-71.16718, 19.67615], [-71.16797, 19.67723], [-71.16746, 19.67837], [-71.16753, 19.68404], [-71.16579, 19.68679], [-71.16523, 19.68718], [-71.16419, 19.68671], [-71.16384, 19.68702], [-71.1636, 19.68833], [-71.16186, 19.69076], [-71.16133, 19.69797], [-71.16223, 19.70201], [-71.16283, 19.70308], [-71.16501, 19.70483], [-71.16621, 19.7072], [-71.16303, 19.71193], [-71.16215, 19.71478], [-71.16181, 19.71864], [-71.15666, 19.72975], [-71.15488, 19.7397], [-71.15126, 19.74739], [-71.14527, 19.75739], [-71.1429, 19.75765], [-71.13874, 19.75691]]]}}, {"type": "Feature", "properties": {"COD_PROV": "28", "PROVINCIA": "MONSEÑOR NOUEL", "NOMBRE": "Monseñor Nouel", "N_MUNICIPIOS": 3}, "geometry": {"type": "Polygon", "coordinates": [[[-70.4358, 19.13164], [-70.43482, 19.13088], [-70.43408, 19.13143], [-70.41866, 19.11525], [-70.40781, 19.10475], [-70.40851, 19.09481], [-70.40702, 19.0942], [-70.406, 19.09222], [-70.40431, 19.09144], [-70.4017, 19.08868], [-70.40073, 19.08828], [-70.40003, 19.08658], [-70.39879, 19.08708], [-70.39858, 19.08657], [-70.39756, 19.08641], [-70.39764, 19.08574], [-70.39598, 19.08437], [-70.39546, 19.08265], [-70.39355, 19.08202], [-70.39359, 19.08088], [-70.39178, 19.07955], [-70.39015, 19.07693], [-70.38827, 19.07609], [-70.38745, 19.07263], [-70.38793, 19.0713], [-70.38737, 19.06985], [-70.38408, 19.06807], [-70.38179, 19.0656], [-70.38075, 19.06561], [-70.38069, 19.06488], [-70.37958, 19.06525], [-70.37763, 19.06502], [-70.37707, 19.06191], [-70.37563, 19.05833], [-70.37631, 19.05585], [-70.37347, 19.05147], [-70.37233, 19.05053], [-70.37179, 19.04751], [-70.37045, 19.04566], [-70.36933, 19.04486], [-70.36808, 19.04484], [-70.36732, 19.04296], [-70.36722, 19.04215], [-70.37073, 19.03277], [-70.36966, 19.02794], [-70.37113, 19.02307], [-70.37031, 19.02219], [-70.36886, 19.01842], [-70.36971, 19.01683], [-70.37123, 19.01564], [-70.37135, 19.01491], [-70.3709, 19.01409], [-70.3693, 19.0131], [-70.36858, 19.0118], [-70.36781, 19.0085], [-70.36705, 19.00745], [-70.36733, 19.00389], [-70.3662, 19.00096], [-70.36301, 18.99851], [-70.36269, 18.99717], [-70.36173, 18.99706], [-70.36114, 18.99606], [-70.35981, 18.99612], [-70.35578, 18.99403], [-70.35482, 18.99399], [-70.35388, 18.99516], [-70.35192, 18.99466], [-70.35038, 18.99319], [-70.34801, 18.99369], [-70.34752, 18.99292], [-70.34629, 18.99317], [-70.34486, 18.99239], [-70.34291, 18.99254], [-70.34144, 18.99168], [-70.33899, 18.99175], [-70.33708, 18.99283], [-70.33525, 18.99203], [-70.33429, 18.99229], [-70.33333, 18.99123], [-70.33135, 18.99104], [-70.33058, 18.98876], [-70.32914, 18.98847], [-70.32844, 18.98756], [-70.3287, 18.98685], [-70.32714, 18.98589], [-70.32857, 18.98406], [-70.32808, 18.98335], [-70.32951, 18.98136], [-70.3296, 18.97973], [-70.33061, 18.97871], [-70.33022, 18.97632], [-70.32866, 18.97532], [-70.32811, 18.97289], [-70.32644, 18.97138], [-70.32589, 18.96914], [-70.32391, 18.96824], [-70.32443, 18.96687], [-70.32336, 18.96596], [-70.32324, 18.9651], [-70.3212, 18.96364], [-70.3213, 18.96207], [-70.31888, 18.9596], [-70.31956, 18.95812], [-70.31918, 18.95736], [-70.3172, 18.95656], [-70.31624, 18.95657], [-70.3147, 18.95744], [-70.31315, 18.95725], [-70.31245, 18.95685], [-70.31056, 18.95376], [-70.30944, 18.95372], [-70.30702, 18.95262], [-70.30378, 18.95361], [-70.3013, 18.95149], [-70.30124, 18.94987], [-70.29995, 18.94871], [-70.29956, 18.94709], [-70.298, 18.94578], [-70.29826, 18.94435], [-70.29684, 18.94174], [-70.29686, 18.93951], [-70.2974, 18.93826], [-70.29607, 18.93704], [-70.29432, 18.93687], [-70.29356, 18.93601], [-70.29258, 18.93309], [-70.29125, 18.93156], [-70.28863, 18.93149], [-70.28572, 18.93275], [-70.2817, 18.93207], [-70.27877, 18.93386], [-70.27684, 18.93325], [-70.27488, 18.93347], [-70.2719, 18.93251], [-70.26816, 18.92993], [-70.26591, 18.92976], [-70.26488, 18.92805], [-70.26317, 18.92786], [-70.25749, 18.93007], [-70.256, 18.93008], [-70.25605, 18.92738], [-70.2548, 18.926], [-70.25718, 18.92205], [-70.25771, 18.91991], [-70.25593, 18.91665], [-70.2579, 18.91604], [-70.25573, 18.91475], [-70.25542, 18.91283], [-70.25552, 18.91226], [-70.25616, 18.91222], [-70.25758, 18.913], [-70.25761, 18.90911], [-70.25582, 18.90836], [-70.25546, 18.90897], [-70.25626, 18.90967], [-70.25463, 18.91058], [-70.2536, 18.91047], [-70.25281, 18.90964], [-70.25153, 18.90983], [-70.25097, 18.90825], [-70.24959, 18.90906], [-70.24866, 18.90644], [-70.24887, 18.9049], [-70.24703, 18.90549], [-70.24609, 18.90529], [-70.24509, 18.90342], [-70.24558, 18.90272], [-70.24461, 18.90104], [-70.24373, 18.90115], [-70.24366, 18.90192], [-70.24233, 18.90236], [-70.24142, 18.90174], [-70.23891, 18.90242], [-70.23844, 18.90211], [-70.23877, 18.90155], [-70.23841, 18.90116], [-70.23765, 18.90155], [-70.23666, 18.90019], [-70.23701, 18.89929], [-70.23806, 18.89939], [-70.2374, 18.8985], [-70.23758, 18.89777], [-70.23541, 18.89835], [-70.2345, 18.89686], [-70.2348, 18.8966], [-70.23431, 18.89671], [-70.23408, 18.89624], [-70.23521, 18.89606], [-70.23539, 18.89644], [-70.2359, 18.89559], [-70.23506, 18.89506], [-70.23416, 18.89352], [-70.23298, 18.89401], [-70.23237, 18.89358], [-70.23241, 18.89264], [-70.23391, 18.89103], [-70.23364, 18.88946], [-70.23244, 18.88859], [-70.23483, 18.88864], [-70.23487, 18.88789], [-70.23188, 18.88709], [-70.23117, 18.88559], [-70.2302, 18.88584], [-70.22339, 18.88054], [-70.22267, 18.88075], [-70.22264, 18.88127], [-70.22154, 18.88076], [-70.22285, 18.87723], [-70.22247, 18.87639], [-70.22167, 18.87635], [-70.22156, 18.87548], [-70.22248, 18.87499], [-70.22185, 18.87433], [-70.22234, 18.87375], [-70.22452, 18.87404], [-70.2231, 18.87246], [-70.2232, 18.87181], [-70.22469, 18.86977], [-70.22558, 18.87025], [-70.22614, 18.86971], [-70.22528, 18.86893], [-70.22354, 18.86882], [-70.22356, 18.86755], [-70.22404, 18.86748], [-70.22485, 18.86611], [-70.22562, 18.86604], [-70.22536, 18.86443], [-70.22638, 18.86328], [-70.22587, 18.86177], [-70.22863, 18.85906], [-70.22867, 18.85761], [-70.22979, 18.85668], [-70.23165, 18.85603], [-70.23188, 18.85423], [-70.23269, 18.85257], [-70.23217, 18.85139], [-70.23217, 18.84953], [-70.2376, 18.84797], [-70.23997, 18.84547], [-70.24522, 18.84288], [-70.24541, 18.84122], [-70.2469, 18.84095], [-70.2478, 18.83983], [-70.24785, 18.8376], [-70.24662, 18.83563], [-70.247, 18.83297], [-70.24886, 18.83015], [-70.24834, 18.82678], [-70.24868, 18.82587], [-70.24789, 18.82494], [-70.24694, 18.82193], [-70.24658, 18.81802], [-70.24732, 18.81112], [-70.24867, 18.80906], [-70.24871, 18.80763], [-70.24981, 18.80586], [-70.2507, 18.80501], [-70.25817, 18.80178], [-70.26534, 18.80004], [-70.27202, 18.80013], [-70.27646, 18.79468], [-70.28903, 18.79028], [-70.29083, 18.78782], [-70.29137, 18.78497], [-70.29418, 18.78024], [-70.30051, 18.77812], [-70.30289, 18.77615], [-70.30341, 18.77016], [-70.30045, 18.76307], [-70.29492, 18.75369], [-70.29524, 18.75126], [-70.29771, 18.74799], [-70.29656, 18.74444], [-70.29718, 18.74162], [-70.2993, 18.7379], [-70.3021, 18.73607], [-70.30316, 18.73415], [-70.30549, 18.73369], [-70.30682, 18.73284], [-70.30974, 18.7288], [-70.31178, 18.72715], [-70.31445, 18.72239], [-70.3296, 18.71544], [-70.33173, 18.71743], [-70.33524, 18.71893], [-70.34054, 18.72275], [-70.34214, 18.72393], [-70.34349, 18.72588], [-70.34482, 18.72649], [-70.34835, 18.72692], [-70.34969, 18.72768], [-70.35514, 18.72906], [-70.3593, 18.72918], [-70.36374, 18.73123], [-70.36688, 18.731], [-70.37233, 18.73251], [-70.37452, 18.73387], [-70.37866, 18.73468], [-70.38008, 18.73653], [-70.38113, 18.73979], [-70.38243, 18.74135], [-70.38425, 18.74286], [-70.38837, 18.74496], [-70.389, 18.74585], [-70.38863, 18.7504], [-70.39561, 18.753], [-70.39763, 18.75556], [-70.40492, 18.75449], [-70.40828, 18.75472], [-70.40877, 18.75527], [-70.40945, 18.76065], [-70.41038, 18.76162], [-70.41276, 18.76139], [-70.41611, 18.76009], [-70.4207, 18.75553], [-70.42562, 18.75383], [-70.43161, 18.75374], [-70.43614, 18.75655], [-70.43628, 18.75784], [-70.43896, 18.76163], [-70.44194, 18.76357], [-70.44609, 18.76474], [-70.44766, 18.76632], [-70.44746, 18.76777], [-70.44946, 18.76862], [-70.4506, 18.77016], [-70.45489, 18.7704], [-70.45726, 18.76848], [-70.46015, 18.76751], [-70.46191, 18.76494], [-70.4645, 18.76442], [-70.46593, 18.76494], [-70.46626, 18.76555], [-70.46609, 18.76801], [-70.46727, 18.77064], [-70.4696, 18.77222], [-70.47323, 18.77372], [-70.48147, 18.77274], [-70.48779, 18.7733], [-70.49577, 18.77238], [-70.50198, 18.77226], [-70.50393, 18.77452], [-70.50573, 18.77779], [-70.51043, 18.78329], [-70.51475, 18.79236], [-70.51594, 18.79395], [-70.51914, 18.79455], [-70.52109, 18.79544], [-70.52382, 18.79389], [-70.52803, 18.79291], [-70.53416, 18.79585], [-70.53634, 18.79638], [-70.54089, 18.79694], [-70.54439, 18.79614], [-70.54573, 18.79688], [-70.54958, 18.80584], [-70.55082, 18.81244], [-70.553, 18.81641], [-70.56331, 18.82644], [-70.56615, 18.83096], [-70.56661, 18.83626], [-70.56269, 18.8461], [-70.56121, 18.85122], [-70.55629, 18.86012], [-70.55628, 18.86357], [-70.55714, 18.86466], [-70.55878, 18.86544], [-70.56539, 18.86782], [-70.56767, 18.86971], [-70.56799, 18.87051], [-70.56661, 18.87198], [-70.56588, 18.8742], [-70.56644, 18.87728], [-70.56611, 18.881], [-70.56313, 18.88501], [-70.56542, 18.88594], [-70.56668, 18.8837], [-70.56903, 18.88422], [-70.56932, 18.88476], [-70.56861, 18.88531], [-70.56869, 18.88591], [-70.57075, 18.88583], [-70.57208, 18.88892], [-70.57345, 18.88997], [-70.57444, 18.88993], [-70.57518, 18.89374], [-70.57633, 18.89466], [-70.57674, 18.8979], [-70.57939, 18.89923], [-70.58321, 18.90337], [-70.58456, 18.90599], [-70.58396, 18.90964], [-70.58279, 18.9118], [-70.58368, 18.91299], [-70.58425, 18.91585], [-70.58309, 18.91706], [-70.58249, 18.91882], [-70.58301, 18.92014], [-70.58104, 18.9218], [-70.5782, 18.92211], [-70.57331, 18.92434], [-70.57212, 18.92561], [-70.57053, 18.92805], [-70.57012, 18.93058], [-70.571, 18.93788], [-70.5705, 18.9384], [-70.56171, 18.94271], [-70.55936, 18.9449], [-70.55386, 18.9477], [-70.5526, 18.94894], [-70.55165, 18.95343], [-70.55223, 18.96227], [-70.55126, 18.96357], [-70.54921, 18.96462], [-70.54812, 18.97261], [-70.54448, 18.97724], [-70.54115, 18.98361], [-70.53778, 18.98799], [-70.53628, 18.99243], [-70.53448, 18.99354], [-70.52977, 18.99341], [-70.5259, 18.99421], [-70.52493, 18.99469], [-70.52319, 18.99671], [-70.51748, 18.99943], [-70.51578, 19.00174], [-70.51774, 19.0072], [-70.51638, 19.0098], [-70.51631, 19.01326], [-70.51444, 19.01653], [-70.51502, 19.01929], [-70.52062, 19.03144], [-70.5195, 19.03621], [-70.51927, 19.04355], [-70.52002, 19.04875], [-70.5233, 19.05466], [-70.5227, 19.06431], [-70.52415, 19.06763], [-70.52671, 19.07106], [-70.52775, 19.07432], [-70.52801, 19.07708], [-70.53206, 19.08085], [-70.53092, 19.08369], [-70.53103, 19.08504], [-70.53251, 19.08779], [-70.53813, 19.0952], [-70.54002, 19.0999], [-70.53975, 19.1024], [-70.53797, 19.10434], [-70.53016, 19.10439], [-70.52468, 19.10741], [-70.51857, 19.10624], [-70.51735, 19.10687], [-70.5124, 19.11238], [-70.50989, 19.11215], [-70.50714, 19.1127], [-70.49747, 19.10361], [-70.494, 19.09887], [-70.48988, 19.0944], [-70.48669, 19.09195], [-70.48572, 19.09145], [-70.48469, 19.09158], [-70.48327, 19.09252], [-70.48036, 19.09341], [-70.47745, 19.0962], [-70.47725, 19.09864], [-70.47601, 19.10172], [-70.47756, 19.1051], [-70.47569, 19.10497], [-70.47277, 19.10322], [-70.47162, 19.10224], [-70.47006, 19.09935], [-70.46905, 19.09866], [-70.46764, 19.09877], [-70.465, 19.10132], [-70.46309, 19.10231], [-70.45594, 19.10353], [-70.45234, 19.10544], [-70.44921, 19.10631], [-70.44582, 19.10951], [-70.44515, 19.11114], [-70.44543, 19.11231], [-70.44441, 19.11363], [-70.44494, 19.11459], [-70.44462, 19.12034], [-70.44315, 19.12121], [-70.44184, 19.12132], [-70.44023, 19.12251], [-70.43882, 19.12448], [-70.43902, 19.12525], [-70.44033, 19.12537], [-70.44039, 19.12633], [-70.44197, 19.12828], [-70.44196, 19.12905], [-70.44124, 19.13041], [-70.4406, 19.12986], [-70.4396, 19.13043], [-70.43789, 19.13041], [-70.4358, 19.13164]]]}}, {"type": "Feature", "properties": {"COD_PROV": "29", "PROVINCIA": "MONTE PLATA", "NOMBRE": "Monte Plata", "N_MUNICIPIOS": 5}, "geometry": {"type": "Polygon", "coordinates": [[[-69.75036, 19.09594], [-69.74333, 19.09615], [-69.73363, 19.09519], [-69.73312, 19.09373], [-69.73192, 19.09231], [-69.72844, 19.09013], [-69.72305, 19.08844], [-69.71903, 19.08816], [-69.71784, 19.08737], [-69.71672, 19.08561], [-69.71434, 19.08396], [-69.70885, 19.08217], [-69.70691, 19.08066], [-69.70484, 19.07748], [-69.70236, 19.072], [-69.70193, 19.06666], [-69.70097, 19.06246], [-69.70186, 19.05868], [-69.70191, 19.05218], [-69.70053, 19.04854], [-69.6962, 19.04254], [-69.69361, 19.03973], [-69.68974, 19.03668], [-69.68004, 19.03347], [-69.67572, 19.03114], [-69.67173, 19.02703], [-69.66477, 19.017], [-69.66345, 19.01314], [-69.66269, 19.01263], [-69.66054, 19.0126], [-69.65313, 19.00985], [-69.63344, 18.99634], [-69.62863, 18.99379], [-69.61997, 18.99091], [-69.61872, 18.9901], [-69.61744, 18.98994], [-69.61301, 18.99145], [-69.61017, 18.98914], [-69.6082, 18.98831], [-69.60388, 18.98898], [-69.59784, 18.98671], [-69.59368, 18.9863], [-69.58965, 18.98503], [-69.57724, 18.98444], [-69.57369, 18.98247], [-69.57157, 18.98009], [-69.56957, 18.97951], [-69.56507, 18.97538], [-69.56288, 18.9739], [-69.56213, 18.97391], [-69.55835, 18.97118], [-69.55681, 18.96841], [-69.55493, 18.968], [-69.55346, 18.96584], [-69.55207, 18.96608], [-69.54965, 18.96501], [-69.5483, 18.96491], [-69.54694, 18.96288], [-69.54711, 18.96028], [-69.54343, 18.95687], [-69.53953, 18.95229], [-69.53864, 18.95157], [-69.53502, 18.9517], [-69.53399, 18.95065], [-69.53325, 18.94853], [-69.53206, 18.94708], [-69.52805, 18.94655], [-69.5264, 18.94572], [-69.52414, 18.942], [-69.5177, 18.9363], [-69.5168, 18.93599], [-69.51548, 18.9369], [-69.5115, 18.94619], [-69.5093, 18.94982], [-69.50799, 18.95109], [-69.50616, 18.9509], [-69.5051, 18.95008], [-69.50401, 18.94571], [-69.50065, 18.94327], [-69.49551, 18.9364], [-69.49304, 18.93442], [-69.49068, 18.93106], [-69.48318, 18.92461], [-69.47866, 18.92202], [-69.47561, 18.91865], [-69.47421, 18.91777], [-69.46234, 18.91478], [-69.45923, 18.91269], [-69.4557, 18.91206], [-69.45504, 18.91036], [-69.44958, 18.90609], [-69.44828, 18.90582], [-69.44765, 18.90326], [-69.44563, 18.90305], [-69.44494, 18.90222], [-69.44425, 18.89956], [-69.44195, 18.89852], [-69.43878, 18.89407], [-69.43653, 18.89338], [-69.4334, 18.89098], [-69.43317, 18.88863], [-69.4311, 18.88828], [-69.4261, 18.8848], [-69.42275, 18.88455], [-69.42234, 18.88525], [-69.42239, 18.88621], [-69.4239, 18.88703], [-69.4251, 18.88843], [-69.42528, 18.88921], [-69.42473, 18.88948], [-69.4107, 18.89012], [-69.40955, 18.88947], [-69.40886, 18.88624], [-69.40368, 18.88616], [-69.40125, 18.88809], [-69.39996, 18.88696], [-69.39831, 18.88644], [-69.39558, 18.88767], [-69.39401, 18.88782], [-69.38684, 18.89201], [-69.38219, 18.89376], [-69.3771, 18.89282], [-69.37315, 18.89312], [-69.37042, 18.89164], [-69.36652, 18.89126], [-69.36479, 18.888], [-69.36609, 18.88603], [-69.36609, 18.88419], [-69.36663, 18.88307], [-69.37021, 18.87891], [-69.37328, 18.87425], [-69.37371, 18.87253], [-69.37561, 18.87141], [-69.37766, 18.86941], [-69.38057, 18.86858], [-69.3864, 18.86932], [-69.38906, 18.86897], [-69.38997, 18.86759], [-69.39282, 18.86776], [-69.39409, 18.86642], [-69.39517, 18.8662], [-69.39726, 18.86329], [-69.39592, 18.85951], [-69.39889, 18.85644], [-69.39881, 18.85554], [-69.40049, 18.8523], [-69.40184, 18.85156], [-69.40141, 18.84858], [-69.40221, 18.84779], [-69.4023, 18.84697], [-69.40434, 18.84633], [-69.40599, 18.84819], [-69.4099, 18.84717], [-69.41292, 18.84538], [-69.41465, 18.846], [-69.41668, 18.84524], [-69.41705, 18.84601], [-69.41794, 18.84631], [-69.41873, 18.84602], [-69.41883, 18.84506], [-69.41942, 18.84497], [-69.42044, 18.84592], [-69.42202, 18.8453], [-69.42124, 18.84492], [-69.42108, 18.84374], [-69.42438, 18.84218], [-69.42478, 18.84135], [-69.4242, 18.83987], [-69.42602, 18.83704], [-69.42513, 18.83573], [-69.42557, 18.83462], [-69.42596, 18.83436], [-69.4277, 18.83554], [-69.43249, 18.83129], [-69.4336, 18.82997], [-69.43377, 18.82777], [-69.43487, 18.82688], [-69.43506, 18.82488], [-69.43795, 18.82408], [-69.44033, 18.82247], [-69.44396, 18.82275], [-69.44392, 18.8209], [-69.44303, 18.81953], [-69.44195, 18.81885], [-69.44176, 18.81616], [-69.44286, 18.81521], [-69.44255, 18.81354], [-69.44287, 18.8118], [-69.44418, 18.81031], [-69.44365, 18.80862], [-69.44491, 18.80695], [-69.44689, 18.80799], [-69.44926, 18.80756], [-69.45124, 18.80847], [-69.45215, 18.81023], [-69.4518, 18.81164], [-69.45195, 18.81518], [-69.45297, 18.81836], [-69.45509, 18.82049], [-69.45824, 18.82195], [-69.46066, 18.81759], [-69.46382, 18.81471], [-69.46409, 18.81358], [-69.46524, 18.81226], [-69.47164, 18.81305], [-69.47272, 18.81186], [-69.47453, 18.80626], [-69.47527, 18.80542], [-69.47862, 18.80401], [-69.48187, 18.80093], [-69.48429, 18.80028], [-69.48669, 18.79859], [-69.48866, 18.79828], [-69.49042, 18.79262], [-69.48853, 18.78846], [-69.49029, 18.78656], [-69.49081, 18.78518], [-69.49183, 18.78517], [-69.49249, 18.78179], [-69.49341, 18.78102], [-69.49306, 18.77992], [-69.49432, 18.7781], [-69.49432, 18.77634], [-69.49593, 18.77579], [-69.49627, 18.77167], [-69.50034, 18.76855], [-69.50242, 18.76625], [-69.50287, 18.76625], [-69.5038, 18.76781], [-69.50547, 18.7675], [-69.51338, 18.76413], [-69.5139, 18.76228], [-69.51256, 18.7597], [-69.51268, 18.75892], [-69.51439, 18.75834], [-69.51596, 18.75678], [-69.51775, 18.75601], [-69.52124, 18.75202], [-69.52234, 18.75006], [-69.52449, 18.74932], [-69.52741, 18.74691], [-69.52985, 18.74464], [-69.53195, 18.74169], [-69.53199, 18.73637], [-69.53153, 18.73375], [-69.53214, 18.72856], [-69.53148, 18.7273], [-69.53107, 18.72749], [-69.53166, 18.72595], [-69.53141, 18.7238], [-69.53333, 18.71941], [-69.53332, 18.71704], [-69.53429, 18.71634], [-69.5337, 18.71549], [-69.53518, 18.71209], [-69.53465, 18.71103], [-69.53548, 18.71077], [-69.53506, 18.70965], [-69.53558, 18.70856], [-69.53544, 18.70727], [-69.53637, 18.7078], [-69.53592, 18.7052], [-69.53739, 18.70189], [-69.53745, 18.69893], [-69.53825, 18.69813], [-69.53783, 18.69761], [-69.53803, 18.69642], [-69.53869, 18.69625], [-69.53848, 18.69566], [-69.53924, 18.69351], [-69.5401, 18.69298], [-69.5402, 18.6919], [-69.54154, 18.69054], [-69.54185, 18.68915], [-69.54265, 18.68915], [-69.54426, 18.68671], [-69.54585, 18.68594], [-69.54596, 18.68519], [-69.54954, 18.68099], [-69.55012, 18.6798], [-69.5497, 18.67782], [-69.55018, 18.67538], [-69.55235, 18.67198], [-69.55387, 18.67164], [-69.55435, 18.66963], [-69.55704, 18.66781], [-69.5562, 18.6662], [-69.55675, 18.66415], [-69.55954, 18.66081], [-69.56016, 18.6589], [-69.5605, 18.6585], [-69.56258, 18.65846], [-69.56395, 18.65622], [-69.56816, 18.6533], [-69.57077, 18.65207], [-69.57613, 18.65292], [-69.58948, 18.65646], [-69.59607, 18.65983], [-69.60196, 18.6643], [-69.61649, 18.67728], [-69.61809, 18.67708], [-69.61909, 18.67627], [-69.62024, 18.67636], [-69.63068, 18.6717], [-69.63223, 18.67146], [-69.64142, 18.66565], [-69.64441, 18.66254], [-69.64607, 18.66273], [-69.64682, 18.66387], [-69.64987, 18.66333], [-69.65257, 18.66132], [-69.65336, 18.65974], [-69.65536, 18.6585], [-69.65716, 18.65768], [-69.65989, 18.65761], [-69.66148, 18.6557], [-69.66134, 18.65329], [-69.66613, 18.65226], [-69.66759, 18.65111], [-69.66826, 18.65124], [-69.67131, 18.64754], [-69.6725, 18.64716], [-69.67303, 18.64627], [-69.67636, 18.64664], [-69.67876, 18.64574], [-69.68909, 18.64023], [-69.69396, 18.64023], [-69.69714, 18.6425], [-69.69789, 18.64008], [-69.70049, 18.64174], [-69.70233, 18.64151], [-69.70306, 18.64061], [-69.70238, 18.63944], [-69.70287, 18.63858], [-69.70414, 18.63992], [-69.70621, 18.63937], [-69.70657, 18.64001], [-69.70625, 18.64066], [-69.70738, 18.64107], [-69.70745, 18.64233], [-69.70801, 18.64266], [-69.70872, 18.64187], [-69.71173, 18.64175], [-69.71351, 18.63971], [-69.71555, 18.64015], [-69.71385, 18.64171], [-69.71416, 18.64207], [-69.71597, 18.64199], [-69.71643, 18.64115], [-69.71851, 18.64023], [-69.71926, 18.64096], [-69.71913, 18.64194], [-69.72016, 18.6423], [-69.71936, 18.64298], [-69.71962, 18.64358], [-69.72117, 18.64241], [-69.72161, 18.64282], [-69.72106, 18.64569], [-69.72106, 18.64677], [-69.72145, 18.64673], [-69.7222, 18.64575], [-69.72318, 18.6455], [-69.72325, 18.64403], [-69.72396, 18.64302], [-69.72562, 18.6424], [-69.72715, 18.63941], [-69.72959, 18.6384], [-69.72955, 18.63728], [-69.72826, 18.63556], [-69.72848, 18.63463], [-69.7289, 18.63427], [-69.73336, 18.63436], [-69.73403, 18.63138], [-69.7349, 18.63119], [-69.73584, 18.63226], [-69.73769, 18.63188], [-69.73841, 18.63067], [-69.73841, 18.62871], [-69.74002, 18.62871], [-69.74066, 18.62769], [-69.74228, 18.62764], [-69.74382, 18.62577], [-69.74419, 18.6248], [-69.7438, 18.62232], [-69.74421, 18.6197], [-69.74541, 18.6179], [-69.74506, 18.61571], [-69.74633, 18.61455], [-69.74825, 18.61411], [-69.74858, 18.61185], [-69.75004, 18.61048], [-69.75029, 18.60706], [-69.7519, 18.60458], [-69.75167, 18.60278], [-69.75328, 18.60174], [-69.7529, 18.59955], [-69.75428, 18.59717], [-69.75541, 18.59645], [-69.75585, 18.59732], [-69.75794, 18.59823], [-69.75843, 18.59715], [-69.75937, 18.5978], [-69.76076, 18.5975], [-69.7617, 18.59621], [-69.76456, 18.59641], [-69.76505, 18.59501], [-69.7658, 18.59446], [-69.76708, 18.59467], [-69.76705, 18.59572], [-69.76739, 18.59582], [-69.76993, 18.59244], [-69.76959, 18.59172], [-69.76876, 18.59219], [-69.76827, 18.5919], [-69.76807, 18.58957], [-69.76908, 18.58727], [-69.77165, 18.58699], [-69.77174, 18.58562], [-69.77271, 18.5846], [-69.77289, 18.58306], [-69.77485, 18.58382], [-69.77601, 18.58331], [-69.77718, 18.58398], [-69.77807, 18.58381], [-69.77833, 18.58202], [-69.77993, 18.58169], [-69.78003, 18.58021], [-69.77914, 18.57774], [-69.78299, 18.57847], [-69.78381, 18.57614], [-69.78537, 18.57558], [-69.78639, 18.57452], [-69.78641, 18.57816], [-69.7869, 18.57979], [-69.7897, 18.58254], [-69.79077, 18.58932], [-69.79347, 18.59285], [-69.79325, 18.59416], [-69.79092, 18.5975], [-69.79109, 18.5998], [-69.79023, 18.60199], [-69.79023, 18.60329], [-69.79161, 18.60574], [-69.79102, 18.60876], [-69.7913, 18.6097], [-69.79306, 18.61115], [-69.79574, 18.61062], [-69.79607, 18.61135], [-69.79334, 18.6124], [-69.79291, 18.61423], [-69.7939, 18.61605], [-69.79665, 18.61885], [-69.79677, 18.62156], [-69.79991, 18.62588], [-69.80127, 18.62566], [-69.80204, 18.62467], [-69.80259, 18.62639], [-69.80303, 18.62654], [-69.80521, 18.6257], [-69.80752, 18.62845], [-69.81106, 18.62536], [-69.81325, 18.62483], [-69.81549, 18.62519], [-69.81758, 18.62684], [-69.81862, 18.62684], [-69.819, 18.62731], [-69.81841, 18.6296], [-69.81874, 18.63018], [-69.82181, 18.63178], [-69.82232, 18.63423], [-69.82107, 18.63616], [-69.8213, 18.63986], [-69.82044, 18.64258], [-69.82139, 18.64721], [-69.82135, 18.64977], [-69.81884, 18.65093], [-69.81847, 18.6527], [-69.81869, 18.65332], [-69.82116, 18.65457], [-69.82345, 18.65492], [-69.82373, 18.65554], [-69.82282, 18.65862], [-69.82134, 18.65894], [-69.82018, 18.65686], [-69.81887, 18.65744], [-69.81921, 18.65869], [-69.82052, 18.65952], [-69.82146, 18.66171], [-69.82331, 18.66202], [-69.82517, 18.66016], [-69.82887, 18.65973], [-69.83023, 18.65897], [-69.83063, 18.65849], [-69.83048, 18.65698], [-69.83171, 18.65613], [-69.83203, 18.65493], [-69.83277, 18.65415], [-69.83376, 18.65447], [-69.83389, 18.65649], [-69.83605, 18.65792], [-69.83717, 18.65955], [-69.83747, 18.66524], [-69.83923, 18.66479], [-69.84126, 18.66505], [-69.84169, 18.6664], [-69.84109, 18.6686], [-69.84217, 18.6693], [-69.84372, 18.6714], [-69.84683, 18.67755], [-69.84828, 18.67836], [-69.85069, 18.68078], [-69.85346, 18.68133], [-69.8547, 18.68211], [-69.85474, 18.68475], [-69.85309, 18.68678], [-69.85338, 18.68916], [-69.85372, 18.68954], [-69.85593, 18.68885], [-69.85812, 18.69052], [-69.85819, 18.69142], [-69.85693, 18.69158], [-69.85601, 18.69267], [-69.85589, 18.69404], [-69.85848, 18.69497], [-69.85932, 18.69588], [-69.86007, 18.69754], [-69.8594, 18.69919], [-69.85971, 18.70095], [-69.862, 18.70261], [-69.86464, 18.70198], [-69.86612, 18.70268], [-69.86702, 18.70373], [-69.86706, 18.70487], [-69.86595, 18.70541], [-69.86461, 18.707], [-69.86461, 18.70741], [-69.8659, 18.70787], [-69.86649, 18.70863], [-69.86923, 18.70897], [-69.8704, 18.70785], [-69.87215, 18.70819], [-69.87346, 18.70552], [-69.87639, 18.70536], [-69.8779, 18.70597], [-69.87861, 18.70752], [-69.8816, 18.7073], [-69.88287, 18.70882], [-69.88143, 18.71055], [-69.88309, 18.71058], [-69.88325, 18.71189], [-69.88575, 18.71203], [-69.8863, 18.71132], [-69.88506, 18.71127], [-69.88546, 18.71054], [-69.88512, 18.70942], [-69.8869, 18.70895], [-69.88861, 18.70571], [-69.89089, 18.70708], [-69.89224, 18.70684], [-69.89457, 18.70448], [-69.89522, 18.70503], [-69.89623, 18.70494], [-69.89694, 18.70397], [-69.89765, 18.70426], [-69.89866, 18.70341], [-69.90075, 18.7041], [-69.90075, 18.70269], [-69.90192, 18.70286], [-69.90314, 18.70071], [-69.90248, 18.69934], [-69.90294, 18.6989], [-69.90574, 18.6985], [-69.9089, 18.69623], [-69.9151, 18.6945], [-69.91791, 18.69604], [-69.9178, 18.69748], [-69.92092, 18.69981], [-69.92238, 18.70314], [-69.92518, 18.70219], [-69.9253, 18.70122], [-69.92726, 18.70022], [-69.92682, 18.69878], [-69.92772, 18.69858], [-69.9296, 18.70103], [-69.93117, 18.70105], [-69.93229, 18.70265], [-69.9329, 18.70239], [-69.93395, 18.70312], [-69.93385, 18.70162], [-69.93453, 18.70235], [-69.9361, 18.70135], [-69.93727, 18.70166], [-69.93835, 18.70303], [-69.93756, 18.70377], [-69.93769, 18.70459], [-69.9387, 18.70453], [-69.93944, 18.70526], [-69.94027, 18.70496], [-69.94011, 18.70358], [-69.94147, 18.70372], [-69.94343, 18.70497], [-69.94492, 18.7075], [-69.94702, 18.70846], [-69.94754, 18.70835], [-69.9478, 18.70702], [-69.94849, 18.70628], [-69.95017, 18.70706], [-69.95233, 18.70639], [-69.95318, 18.70673], [-69.95377, 18.7078], [-69.95363, 18.71044], [-69.95509, 18.7138], [-69.95605, 18.71456], [-69.95787, 18.71481], [-69.95854, 18.71452], [-69.95911, 18.71093], [-69.95998, 18.70995], [-69.96189, 18.71049], [-69.96212, 18.70905], [-69.96119, 18.70775], [-69.95918, 18.70695], [-69.95578, 18.70438], [-69.95236, 18.69868], [-69.95336, 18.69484], [-69.95482, 18.69295], [-69.95593, 18.69289], [-69.95821, 18.69402], [-69.9621, 18.69054], [-69.96201, 18.68698], [-69.96429, 18.68522], [-69.96568, 18.6829], [-69.96661, 18.6826], [-69.96976, 18.68295], [-69.97109, 18.68374], [-69.97199, 18.68371], [-69.97295, 18.68459], [-69.97506, 18.68327], [-69.9759, 18.68507], [-69.97699, 18.68501], [-69.97785, 18.68398], [-69.9766, 18.68131], [-69.97715, 18.67752], [-69.97895, 18.67566], [-69.98098, 18.67616], [-69.98225, 18.67539], [-69.98269, 18.67358], [-69.98532, 18.67227], [-69.98576, 18.6699], [-69.9864, 18.66928], [-69.99005, 18.6706], [-69.99153, 18.67061], [-69.99226, 18.66999], [-69.99222, 18.66858], [-69.99369, 18.66837], [-69.99456, 18.6696], [-69.9931, 18.67154], [-69.99387, 18.67235], [-69.99498, 18.67173], [-69.99571, 18.67012], [-69.99829, 18.67027], [-70.00126, 18.66855], [-70.00436, 18.66876], [-70.00769, 18.66795], [-70.0115, 18.66793], [-70.01519, 18.66621], [-70.01795, 18.66002], [-70.02028, 18.6601], [-70.02353, 18.66224], [-70.02822, 18.66222], [-70.0321, 18.66297], [-70.04411, 18.66876], [-70.05078, 18.67474], [-70.05349, 18.67639], [-70.05813, 18.67683], [-70.06009, 18.67808], [-70.06583, 18.68399], [-70.06795, 18.68522], [-70.06858, 18.68648], [-70.07178, 18.68615], [-70.0733, 18.68765], [-70.07621, 18.68842], [-70.07882, 18.68768], [-70.08506, 18.68388], [-70.09235, 18.68248], [-70.09519, 18.68269], [-70.09913, 18.68886], [-70.1061, 18.69593], [-70.10754, 18.69706], [-70.11049, 18.69813], [-70.1134, 18.69845], [-70.11649, 18.6999], [-70.11861, 18.70144], [-70.12101, 18.70461], [-70.12252, 18.70534], [-70.12368, 18.70813], [-70.12612, 18.7102], [-70.12638, 18.71159], [-70.12797, 18.71343], [-70.12951, 18.71353], [-70.13029, 18.71584], [-70.1326, 18.71756], [-70.1347, 18.72206], [-70.1369, 18.72517], [-70.13728, 18.72667], [-70.13947, 18.72769], [-70.14106, 18.72916], [-70.14204, 18.72864], [-70.14445, 18.72853], [-70.15542, 18.72855], [-70.15793, 18.72783], [-70.15951, 18.72782], [-70.16025, 18.72852], [-70.16267, 18.7286], [-70.1651, 18.72795], [-70.16371, 18.73435], [-70.16393, 18.735], [-70.16475, 18.73669], [-70.16752, 18.73929], [-70.16852, 18.7433], [-70.16982, 18.74483], [-70.17129, 18.7459], [-70.17469, 18.74711], [-70.17602, 18.75173], [-70.18121, 18.7537], [-70.18301, 18.75677], [-70.18626, 18.75875], [-70.19292, 18.76118], [-70.19715, 18.76562], [-70.20073, 18.76714], [-70.20283, 18.76697], [-70.20811, 18.76443], [-70.21509, 18.76593], [-70.21727, 18.7669], [-70.21807, 18.76843], [-70.21845, 18.77462], [-70.21915, 18.77658], [-70.2217, 18.78029], [-70.22315, 18.78181], [-70.22809, 18.78419], [-70.22796, 18.78723], [-70.22882, 18.78912], [-70.23007, 18.79039], [-70.23366, 18.79258], [-70.24049, 18.80148], [-70.24871, 18.80763], [-70.24867, 18.80906], [-70.24732, 18.81112], [-70.24658, 18.81802], [-70.24694, 18.82193], [-70.24789, 18.82494], [-70.24868, 18.82587], [-70.24834, 18.82678], [-70.24886, 18.83015], [-70.247, 18.83297], [-70.24662, 18.83563], [-70.24785, 18.8376], [-70.24749, 18.84044], [-70.24621, 18.84116], [-70.24175, 18.8417], [-70.2385, 18.84316], [-70.23541, 18.8423], [-70.23333, 18.84252], [-70.23058, 18.84372], [-70.22756, 18.84377], [-70.22314, 18.84628], [-70.22276, 18.84745], [-70.219, 18.85156], [-70.21751, 18.85638], [-70.21347, 18.85691], [-70.21067, 18.85903], [-70.20609, 18.86108], [-70.20418, 18.86348], [-70.20142, 18.86511], [-70.1982, 18.86814], [-70.19693, 18.86855], [-70.1954, 18.87], [-70.19483, 18.87125], [-70.19513, 18.87219], [-70.19406, 18.87314], [-70.19365, 18.87466], [-70.1917, 18.87426], [-70.19078, 18.87524], [-70.18889, 18.87296], [-70.18874, 18.872], [-70.18773, 18.87148], [-70.18748, 18.86955], [-70.18585, 18.869], [-70.18502, 18.86811], [-70.18271, 18.86753], [-70.18115, 18.86786], [-70.17948, 18.86932], [-70.17621, 18.8706], [-70.1732, 18.8699], [-70.17173, 18.87001], [-70.17083, 18.86944], [-70.16976, 18.86762], [-70.16604, 18.87038], [-70.16241, 18.87185], [-70.16014, 18.87354], [-70.1584, 18.87396], [-70.15449, 18.87386], [-70.15228, 18.87286], [-70.15108, 18.87099], [-70.14886, 18.87031], [-70.14697, 18.8677], [-70.14494, 18.86654], [-70.14097, 18.86691], [-70.1369, 18.86899], [-70.13447, 18.86943], [-70.13012, 18.86861], [-70.12717, 18.8672], [-70.12566, 18.86574], [-70.12207, 18.86642], [-70.12073, 18.86539], [-70.11886, 18.8651], [-70.11826, 18.86541], [-70.11772, 18.86749], [-70.11577, 18.87056], [-70.11403, 18.8749], [-70.11506, 18.88261], [-70.11726, 18.88861], [-70.11599, 18.88887], [-70.11285, 18.88697], [-70.11153, 18.88688], [-70.10968, 18.88843], [-70.10827, 18.89099], [-70.10229, 18.88803], [-70.09907, 18.8852], [-70.09497, 18.88409], [-70.09309, 18.88403], [-70.09206, 18.88484], [-70.09153, 18.88618], [-70.09, 18.88637], [-70.08757, 18.88754], [-70.08683, 18.88672], [-70.08602, 18.88672], [-70.0859, 18.88749], [-70.08474, 18.88852], [-70.08521, 18.89023], [-70.07997, 18.89076], [-70.07849, 18.89139], [-70.07543, 18.88984], [-70.07525, 18.88734], [-70.07343, 18.8858], [-70.07114, 18.88169], [-70.06704, 18.87979], [-70.06219, 18.87994], [-70.05965, 18.87851], [-70.05844, 18.87996], [-70.05649, 18.88106], [-70.05323, 18.88021], [-70.049, 18.88084], [-70.04622, 18.88563], [-70.04175, 18.88982], [-70.03922, 18.8903], [-70.03872, 18.89235], [-70.0375, 18.89347], [-70.03663, 18.89074], [-70.03532, 18.89003], [-70.03629, 18.8884], [-70.03006, 18.88685], [-70.02944, 18.88549], [-70.02566, 18.90616], [-70.02486, 18.90721], [-70.02262, 18.9083], [-70.01873, 18.90908], [-70.01752, 18.91125], [-70.01767, 18.91256], [-70.01708, 18.91511], [-70.01603, 18.91578], [-70.01475, 18.91521], [-70.0139, 18.91346], [-70.01242, 18.91213], [-70.00665, 18.91013], [-70.0035, 18.90843], [-70.00333, 18.90636], [-70.00445, 18.90216], [-70.00438, 18.89991], [-70.00328, 18.89763], [-69.99763, 18.89352], [-69.99864, 18.89024], [-69.99843, 18.88813], [-69.99293, 18.88741], [-69.98732, 18.88908], [-69.98291, 18.88858], [-69.98124, 18.88962], [-69.97847, 18.8935], [-69.97724, 18.89404], [-69.97319, 18.89293], [-69.96913, 18.89387], [-69.96591, 18.89393], [-69.96377, 18.89724], [-69.96053, 18.89748], [-69.95993, 18.89832], [-69.95878, 18.89827], [-69.95709, 18.90023], [-69.95661, 18.90221], [-69.95537, 18.90252], [-69.95534, 18.90306], [-69.95318, 18.90412], [-69.9529, 18.90496], [-69.95355, 18.90733], [-69.95317, 18.9108], [-69.95346, 18.91202], [-69.95226, 18.91332], [-69.95231, 18.91546], [-69.95152, 18.91661], [-69.95152, 18.91777], [-69.94761, 18.91883], [-69.9466, 18.91974], [-69.94641, 18.92218], [-69.94374, 18.92341], [-69.94332, 18.9258], [-69.94272, 18.92647], [-69.9427, 18.92853], [-69.94202, 18.9289], [-69.94105, 18.92788], [-69.94011, 18.92816], [-69.93868, 18.9308], [-69.93733, 18.93643], [-69.93616, 18.93698], [-69.93669, 18.93902], [-69.93629, 18.93931], [-69.9347, 18.93894], [-69.93478, 18.94214], [-69.9335, 18.94229], [-69.93321, 18.94296], [-69.93428, 18.94356], [-69.93189, 18.94599], [-69.93302, 18.948], [-69.93245, 18.94863], [-69.93159, 18.9487], [-69.93147, 18.95066], [-69.93056, 18.95155], [-69.92977, 18.95139], [-69.92963, 18.95301], [-69.92912, 18.95371], [-69.92716, 18.95448], [-69.92633, 18.95559], [-69.9273, 18.95738], [-69.92596, 18.96008], [-69.92633, 18.9622], [-69.92523, 18.96452], [-69.92319, 18.9657], [-69.92318, 18.96644], [-69.92444, 18.96632], [-69.92427, 18.96708], [-69.92223, 18.96808], [-69.92277, 18.96918], [-69.92261, 18.97042], [-69.92378, 18.97103], [-69.92396, 18.9723], [-69.92554, 18.97359], [-69.92645, 18.97557], [-69.92617, 18.97678], [-69.92729, 18.97811], [-69.926, 18.97925], [-69.92512, 18.98129], [-69.92357, 18.98163], [-69.92407, 18.98317], [-69.92308, 18.9839], [-69.92352, 18.98499], [-69.92197, 18.98584], [-69.92163, 18.98744], [-69.92341, 18.99038], [-69.9258, 18.99124], [-69.9267, 18.99227], [-69.92756, 18.99231], [-69.92861, 18.9935], [-69.93095, 18.99485], [-69.93209, 18.99645], [-69.93276, 18.99987], [-69.9308, 19.00283], [-69.93003, 19.00564], [-69.92944, 19.00572], [-69.92887, 19.00676], [-69.92889, 19.00742], [-69.93018, 19.00855], [-69.93037, 19.00935], [-69.9313, 19.00935], [-69.93161, 19.01011], [-69.93069, 19.01095], [-69.93114, 19.01201], [-69.92958, 19.01201], [-69.92976, 19.01299], [-69.92702, 19.01518], [-69.92747, 19.01651], [-69.92451, 19.02054], [-69.92375, 19.02127], [-69.92212, 19.02165], [-69.92236, 19.02405], [-69.92128, 19.02638], [-69.92085, 19.0267], [-69.92056, 19.02489], [-69.91885, 19.02567], [-69.91838, 19.02721], [-69.91751, 19.02746], [-69.91806, 19.02806], [-69.9179, 19.02862], [-69.91707, 19.02937], [-69.91588, 19.02939], [-69.91635, 19.03125], [-69.91717, 19.03216], [-69.91632, 19.03298], [-69.91576, 19.03276], [-69.91506, 19.03417], [-69.91435, 19.0373], [-69.91429, 19.04016], [-69.9135, 19.04067], [-69.91171, 19.04062], [-69.91142, 19.04348], [-69.91081, 19.04367], [-69.911, 19.04487], [-69.90924, 19.04516], [-69.90716, 19.04777], [-69.90481, 19.0495], [-69.90202, 19.04911], [-69.89896, 19.04966], [-69.89647, 19.04858], [-69.88697, 19.04912], [-69.88106, 19.04688], [-69.87912, 19.04738], [-69.87661, 19.04726], [-69.8758, 19.04531], [-69.87366, 19.04404], [-69.86994, 19.04445], [-69.86934, 19.04533], [-69.86958, 19.04678], [-69.86809, 19.04967], [-69.86785, 19.05341], [-69.87137, 19.06176], [-69.8753, 19.06628], [-69.87578, 19.06742], [-69.87527, 19.06821], [-69.87237, 19.06978], [-69.87162, 19.07804], [-69.872, 19.07907], [-69.87601, 19.08368], [-69.87655, 19.08496], [-69.87641, 19.08617], [-69.8752, 19.08639], [-69.86991, 19.08311], [-69.86927, 19.08317], [-69.86685, 19.08906], [-69.86557, 19.08977], [-69.86429, 19.08975], [-69.86193, 19.08796], [-69.85855, 19.0864], [-69.85608, 19.08169], [-69.85523, 19.0789], [-69.85433, 19.07756], [-69.85356, 19.07738], [-69.85197, 19.07806], [-69.85075, 19.08058], [-69.847, 19.08027], [-69.8452, 19.08057], [-69.8406, 19.08406], [-69.83832, 19.08363], [-69.83715, 19.08395], [-69.83634, 19.08479], [-69.83497, 19.08495], [-69.83058, 19.08228], [-69.82537, 19.08574], [-69.82491, 19.08564], [-69.82401, 19.08329], [-69.82, 19.08096], [-69.8179, 19.08125], [-69.81609, 19.08256], [-69.81392, 19.08258], [-69.8091, 19.07947], [-69.80496, 19.07956], [-69.80148, 19.08112], [-69.79825, 19.08358], [-69.79508, 19.08752], [-69.79504, 19.0897], [-69.79071, 19.09523], [-69.78557, 19.09797], [-69.78372, 19.09452], [-69.7821, 19.09388], [-69.78091, 19.09405], [-69.77845, 19.0964], [-69.77762, 19.09974], [-69.7751, 19.10142], [-69.76653, 19.09908], [-69.75592, 19.09759], [-69.75036, 19.09594]]]}}, {"type": "Feature", "properties": {"COD_PROV": "30", "PROVINCIA": "HATO MAYOR", "NOMBRE": "Hato Mayor", "N_MUNICIPIOS": 3}, "geometry": {"type": "MultiPolygon", "coordinates": [[[[-69.18466, 19.01192], [-69.18321, 19.01021], [-69.17777, 19.01253], [-69.17566, 19.01133], [-69.17382, 19.01138], [-69.17342, 19.01094], [-69.18458, 19.0087], [-69.18489, 19.00767], [-69.18547, 19.0074], [-69.18669, 19.00756], [-69.19045, 19.00983], [-69.18737, 19.01392], [-69.18302, 19.01723], [-69.1838, 19.0155], [-69.18528, 19.01433], [-69.18466, 19.01192]]], [[[-69.48995, 19.07916], [-69.4903, 19.07929], [-69.49041, 19.07953], [-69.49013, 19.07967], [-69.48995, 19.07916]]], [[[-69.46879, 19.08157], [-69.46981, 19.08104], [-69.47028, 19.08123], [-69.47005, 19.08179], [-69.46926, 19.08194], [-69.46879, 19.08157]]], [[[-69.46499, 19.08228], [-69.46632, 19.08117], [-69.46617, 19.08217], [-69.46499, 19.08228]]], [[[-69.60055, 19.08192], [-69.60047, 19.08125], [-69.59931, 19.08091], [-69.60012, 19.07975], [-69.60213, 19.0813], [-69.60109, 19.08211], [-69.60055, 19.08192]]], [[[-69.49225, 19.08263], [-69.49262, 19.08226], [-69.49268, 19.08273], [-69.49225, 19.08263]]], [[[-69.53355, 19.08112], [-69.53421, 19.08112], [-69.53465, 19.08182], [-69.53459, 19.08294], [-69.53373, 19.08343], [-69.53337, 19.08313], [-69.53381, 19.08238], [-69.53326, 19.08166], [-69.53355, 19.08112]]], [[[-69.53704, 19.08314], [-69.53742, 19.08286], [-69.53804, 19.08334], [-69.53723, 19.08368], [-69.53704, 19.08314]]], [[[-69.59063, 19.08241], [-69.59168, 19.0823], [-69.59251, 19.0833], [-69.59168, 19.08377], [-69.59119, 19.08355], [-69.59052, 19.08302], [-69.59063, 19.08241]]], [[[-69.52943, 19.08464], [-69.52837, 19.084], [-69.5283, 19.08322], [-69.5289, 19.08289], [-69.53007, 19.08435], [-69.52943, 19.08464]]], [[[-69.53843, 19.08457], [-69.53862, 19.08525], [-69.53813, 19.0854], [-69.53801, 19.08493], [-69.53843, 19.08457]]], [[[-69.55409, 19.08535], [-69.55405, 19.08453], [-69.55495, 19.0846], [-69.55544, 19.08534], [-69.55464, 19.0857], [-69.55409, 19.08535]]], [[[-69.54877, 19.08797], [-69.54722, 19.08705], [-69.54726, 19.0863], [-69.5491, 19.0859], [-69.54959, 19.08625], [-69.54895, 19.08643], [-69.54985, 19.08761], [-69.54877, 19.08797]]], [[[-69.54008, 19.08575], [-69.54023, 19.0851], [-69.54121, 19.08546], [-69.54196, 19.08431], [-69.54235, 19.08849], [-69.54122, 19.08867], [-69.54008, 19.08575]]], [[[-69.57581, 19.08742], [-69.57937, 19.08641], [-69.57758, 19.08831], [-69.57645, 19.08882], [-69.57581, 19.08742]]], [[[-69.50765, 19.08813], [-69.50808, 19.08775], [-69.50875, 19.08856], [-69.50839, 19.08907], [-69.50788, 19.08896], [-69.50765, 19.08813]]], [[[-69.51836, 19.08837], [-69.51906, 19.08842], [-69.51859, 19.08944], [-69.51811, 19.08912], [-69.51836, 19.08837]]], [[[-69.53596, 19.08901], [-69.5375, 19.08722], [-69.53738, 19.08608], [-69.53798, 19.08572], [-69.5387, 19.08793], [-69.53844, 19.08829], [-69.53757, 19.088], [-69.53686, 19.08933], [-69.53619, 19.08961], [-69.53596, 19.08901]]], [[[-69.53818, 19.08947], [-69.5387, 19.08911], [-69.53916, 19.09018], [-69.53867, 19.09018], [-69.53818, 19.08947]]], [[[-69.5089, 19.08893], [-69.51008, 19.0892], [-69.5098, 19.0903], [-69.50887, 19.08965], [-69.5089, 19.08893]]], [[[-69.51146, 19.08892], [-69.51188, 19.08855], [-69.51256, 19.08908], [-69.51208, 19.08935], [-69.51194, 19.09053], [-69.51138, 19.09045], [-69.51146, 19.08892]]], [[[-69.51323, 19.08763], [-69.51469, 19.08715], [-69.51402, 19.08841], [-69.51465, 19.0895], [-69.51383, 19.0906], [-69.51321, 19.08924], [-69.51323, 19.08763]]], [[[-69.52281, 19.08927], [-69.52349, 19.08927], [-69.52349, 19.08988], [-69.52228, 19.09061], [-69.52203, 19.09013], [-69.52281, 19.08927]]], [[[-69.49983, 19.09091], [-69.49963, 19.09051], [-69.49992, 19.09062], [-69.49983, 19.09091]]], [[[-69.5677, 19.08928], [-69.56867, 19.08979], [-69.56853, 19.09119], [-69.56794, 19.09129], [-69.56717, 19.09061], [-69.56704, 19.08947], [-69.5677, 19.08928]]], [[[-69.55996, 19.08954], [-69.56071, 19.08929], [-69.56144, 19.09136], [-69.55955, 19.09054], [-69.55996, 19.08954]]], [[[-69.51639, 19.08936], [-69.5169, 19.08901], [-69.51743, 19.08942], [-69.51702, 19.09151], [-69.51603, 19.09183], [-69.51639, 19.08936]]], [[[-69.50138, 19.09115], [-69.50209, 19.09115], [-69.50189, 19.0919], [-69.50133, 19.09182], [-69.50138, 19.09115]]], [[[-69.56384, 19.091], [-69.56436, 19.09092], [-69.56463, 19.09174], [-69.56395, 19.09196], [-69.56384, 19.091]]], [[[-69.51814, 19.09121], [-69.52053, 19.08968], [-69.52085, 19.09034], [-69.51916, 19.09217], [-69.51815, 19.09193], [-69.51814, 19.09121]]], [[[-69.56906, 19.0908], [-69.56985, 19.09041], [-69.57094, 19.09076], [-69.56948, 19.0923], [-69.56895, 19.09209], [-69.56906, 19.0908]]], [[[-69.50015, 19.09278], [-69.50023, 19.09179], [-69.50102, 19.09211], [-69.50015, 19.09278]]], [[[-69.54349, 19.09263], [-69.54296, 19.09213], [-69.54348, 19.09216], [-69.54349, 19.09263]]], [[[-69.54751, 19.09358], [-69.54814, 19.09261], [-69.54859, 19.09294], [-69.54751, 19.09358]]], [[[-69.54505, 19.08991], [-69.5443, 19.08902], [-69.54299, 19.08977], [-69.54373, 19.08849], [-69.54328, 19.08602], [-69.54373, 19.08574], [-69.54497, 19.08848], [-69.54599, 19.08912], [-69.54592, 19.0913], [-69.54732, 19.09287], [-69.54631, 19.09362], [-69.54502, 19.0912], [-69.54505, 19.08991]]], [[[-69.54176, 19.09406], [-69.5424, 19.09392], [-69.54248, 19.09456], [-69.54184, 19.09456], [-69.54176, 19.09406]]], [[[-69.54432, 19.09552], [-69.54368, 19.09456], [-69.54427, 19.09181], [-69.54491, 19.09237], [-69.54481, 19.09459], [-69.54687, 19.09487], [-69.54733, 19.09562], [-69.54432, 19.09552]]], [[[-69.40852, 19.10099], [-69.40177, 19.09731], [-69.3956, 19.09037], [-69.38958, 19.08596], [-69.38466, 19.0857], [-69.38323, 19.08399], [-69.38302, 19.08255], [-69.38499, 19.08134], [-69.38549, 19.08035], [-69.38669, 19.07999], [-69.38565, 19.07992], [-69.38336, 19.07854], [-69.38194, 19.077], [-69.382, 19.07553], [-69.38329, 19.07516], [-69.38328, 19.07436], [-69.38539, 19.07191], [-69.38527, 19.06887], [-69.38411, 19.06737], [-69.38358, 19.06504], [-69.38263, 19.06435], [-69.37869, 19.05809], [-69.37461, 19.05746], [-69.37195, 19.05629], [-69.36616, 19.05495], [-69.36264, 19.0546], [-69.36075, 19.05215], [-69.36001, 19.05191], [-69.35882, 19.05184], [-69.35784, 19.05239], [-69.35731, 19.05203], [-69.35353, 19.05216], [-69.35267, 19.04955], [-69.34822, 19.04958], [-69.34744, 19.04894], [-69.34692, 19.04757], [-69.34606, 19.04738], [-69.34549, 19.04602], [-69.34261, 19.04349], [-69.3415, 19.04306], [-69.33867, 19.04398], [-69.3372, 19.04297], [-69.33516, 19.04368], [-69.33477, 19.04318], [-69.33298, 19.04323], [-69.33015, 19.04464], [-69.32901, 19.04476], [-69.32508, 19.0475], [-69.32245, 19.04723], [-69.3183, 19.04854], [-69.31598, 19.04804], [-69.31536, 19.04855], [-69.31309, 19.04812], [-69.31104, 19.04855], [-69.30805, 19.04785], [-69.3053, 19.04493], [-69.30406, 19.04201], [-69.3032, 19.04127], [-69.30058, 19.04167], [-69.2989, 19.04074], [-69.29849, 19.04019], [-69.29902, 19.0386], [-69.29881, 19.03739], [-69.29578, 19.03399], [-69.29389, 19.03425], [-69.2919, 19.03271], [-69.29127, 19.03308], [-69.28992, 19.03277], [-69.28893, 19.03334], [-69.28773, 19.03246], [-69.28701, 19.03277], [-69.28634, 19.03212], [-69.28511, 19.03263], [-69.28232, 19.03215], [-69.27995, 19.0307], [-69.27988, 19.02993], [-69.28063, 19.02903], [-69.28033, 19.02801], [-69.27874, 19.02725], [-69.2773, 19.02773], [-69.27562, 19.02679], [-69.27264, 19.02317], [-69.26855, 19.02072], [-69.26441, 19.01736], [-69.26118, 19.01569], [-69.25875, 19.01599], [-69.25362, 19.01837], [-69.24925, 19.0214], [-69.24627, 19.02164], [-69.24162, 19.02406], [-69.24015, 19.02424], [-69.23931, 19.02376], [-69.23892, 19.02422], [-69.23501, 19.02485], [-69.23297, 19.02677], [-69.23028, 19.02775], [-69.22892, 19.02767], [-69.22694, 19.02569], [-69.22374, 19.02772], [-69.22304, 19.02721], [-69.22266, 19.02506], [-69.22155, 19.024], [-69.22004, 19.02432], [-69.21796, 19.02218], [-69.21707, 19.02203], [-69.21666, 19.01945], [-69.21576, 19.01805], [-69.21417, 19.01694], [-69.21288, 19.0174], [-69.20939, 19.015], [-69.20693, 19.01477], [-69.2055, 19.01374], [-69.20631, 19.00966], [-69.20393, 19.00735], [-69.20141, 19.00717], [-69.199, 19.01032], [-69.19583, 19.00968], [-69.19388, 19.0108], [-69.18551, 19.00654], [-69.18433, 19.00657], [-69.18346, 19.00745], [-69.18215, 19.00723], [-69.18115, 19.00646], [-69.18078, 19.00451], [-69.18217, 19.00063], [-69.18094, 18.99664], [-69.18167, 18.99435], [-69.18579, 18.98681], [-69.18571, 18.98193], [-69.18628, 18.98049], [-69.18576, 18.97955], [-69.18421, 18.97872], [-69.18454, 18.97774], [-69.1828, 18.97606], [-69.18415, 18.97361], [-69.18361, 18.9708], [-69.18206, 18.96836], [-69.1774, 18.96397], [-69.17606, 18.96196], [-69.17354, 18.96072], [-69.16802, 18.95238], [-69.16116, 18.94605], [-69.13569, 18.93115], [-69.1292, 18.92637], [-69.12673, 18.92344], [-69.12214, 18.92044], [-69.13397, 18.9118], [-69.13721, 18.91315], [-69.13895, 18.91278], [-69.14156, 18.91347], [-69.14609, 18.91356], [-69.14763, 18.91431], [-69.16109, 18.91466], [-69.16315, 18.91639], [-69.16722, 18.91585], [-69.1682, 18.91705], [-69.1711, 18.91705], [-69.17441, 18.91789], [-69.17591, 18.91896], [-69.18381, 18.92049], [-69.18583, 18.92145], [-69.18827, 18.92146], [-69.19021, 18.92319], [-69.19844, 18.92834], [-69.19965, 18.92974], [-69.20049, 18.93179], [-69.20239, 18.93389], [-69.20718, 18.93459], [-69.21418, 18.93468], [-69.21965, 18.93583], [-69.22233, 18.93422], [-69.22602, 18.93382], [-69.22843, 18.93151], [-69.23075, 18.93171], [-69.23175, 18.93251], [-69.23491, 18.93329], [-69.23953, 18.93556], [-69.24059, 18.93748], [-69.24072, 18.93902], [-69.24214, 18.94048], [-69.24313, 18.94262], [-69.24333, 18.94412], [-69.24535, 18.94769], [-69.24678, 18.94918], [-69.24992, 18.9494], [-69.25193, 18.95157], [-69.25414, 18.95256], [-69.2553, 18.95256], [-69.25581, 18.95124], [-69.25662, 18.95083], [-69.25848, 18.95164], [-69.26153, 18.94975], [-69.2632, 18.94971], [-69.26553, 18.95225], [-69.26607, 18.95373], [-69.26654, 18.95402], [-69.26762, 18.95354], [-69.26894, 18.95497], [-69.27219, 18.95456], [-69.27168, 18.95335], [-69.27312, 18.95237], [-69.27323, 18.95058], [-69.27451, 18.95018], [-69.27509, 18.95047], [-69.27567, 18.95224], [-69.27645, 18.95264], [-69.2785, 18.95183], [-69.27919, 18.95198], [-69.2833, 18.95492], [-69.28487, 18.9536], [-69.28554, 18.95366], [-69.29046, 18.95616], [-69.29167, 18.95604], [-69.29398, 18.95418], [-69.29636, 18.95119], [-69.29664, 18.94756], [-69.29935, 18.94629], [-69.30055, 18.94492], [-69.30188, 18.94474], [-69.30264, 18.94339], [-69.3057, 18.94396], [-69.30723, 18.94518], [-69.30756, 18.94655], [-69.30992, 18.94695], [-69.31471, 18.94042], [-69.31735, 18.93894], [-69.3201, 18.93834], [-69.32173, 18.93686], [-69.32321, 18.9335], [-69.32291, 18.93116], [-69.32349, 18.92887], [-69.32339, 18.92408], [-69.3245, 18.92036], [-69.32309, 18.91505], [-69.32323, 18.91342], [-69.32505, 18.90786], [-69.32524, 18.906], [-69.32335, 18.90313], [-69.32038, 18.90127], [-69.32014, 18.89885], [-69.32091, 18.89782], [-69.32323, 18.8967], [-69.32376, 18.8931], [-69.32453, 18.89193], [-69.32783, 18.88993], [-69.32837, 18.88931], [-69.32839, 18.88835], [-69.32572, 18.88707], [-69.32602, 18.88656], [-69.32491, 18.88405], [-69.31835, 18.87788], [-69.3179, 18.87695], [-69.30439, 18.87253], [-69.29342, 18.87204], [-69.29117, 18.87042], [-69.28955, 18.8686], [-69.28876, 18.8667], [-69.28873, 18.86386], [-69.28967, 18.85983], [-69.28645, 18.85272], [-69.28465, 18.84577], [-69.28341, 18.84345], [-69.28271, 18.83986], [-69.28196, 18.83862], [-69.27837, 18.83956], [-69.27425, 18.84161], [-69.27159, 18.8452], [-69.26954, 18.84917], [-69.26831, 18.84933], [-69.26411, 18.84753], [-69.26347, 18.84628], [-69.26333, 18.84436], [-69.26094, 18.84054], [-69.26006, 18.83544], [-69.25806, 18.83442], [-69.25685, 18.83186], [-69.25759, 18.8303], [-69.25757, 18.82857], [-69.25497, 18.82543], [-69.25495, 18.82142], [-69.25564, 18.8189], [-69.25654, 18.81752], [-69.25014, 18.8131], [-69.24674, 18.81143], [-69.24416, 18.81088], [-69.24251, 18.80943], [-69.24005, 18.80854], [-69.23291, 18.80922], [-69.23115, 18.80866], [-69.22751, 18.80387], [-69.2261, 18.80264], [-69.22176, 18.80041], [-69.22129, 18.79919], [-69.22185, 18.79787], [-69.22117, 18.79673], [-69.21941, 18.79484], [-69.21308, 18.79072], [-69.21297, 18.78931], [-69.2141, 18.78651], [-69.21272, 18.78436], [-69.21225, 18.78056], [-69.2099, 18.77856], [-69.21028, 18.77687], [-69.20898, 18.77491], [-69.20809, 18.77437], [-69.2089, 18.77304], [-69.20718, 18.77079], [-69.20685, 18.76884], [-69.20458, 18.76775], [-69.20431, 18.76375], [-69.20386, 18.76319], [-69.2023, 18.76288], [-69.20105, 18.76053], [-69.20208, 18.75737], [-69.20389, 18.75411], [-69.20816, 18.75085], [-69.2078, 18.74826], [-69.20695, 18.74721], [-69.20569, 18.74668], [-69.20523, 18.74472], [-69.20614, 18.74314], [-69.20533, 18.74304], [-69.20739, 18.74112], [-69.208, 18.74194], [-69.2094, 18.74131], [-69.2103, 18.7382], [-69.21206, 18.73791], [-69.21171, 18.73552], [-69.21327, 18.73518], [-69.21397, 18.73379], [-69.21377, 18.73274], [-69.21196, 18.7324], [-69.21175, 18.73183], [-69.21321, 18.72914], [-69.2129, 18.72728], [-69.2119, 18.72637], [-69.2121, 18.72517], [-69.21347, 18.72475], [-69.21386, 18.72536], [-69.21496, 18.72526], [-69.21435, 18.7237], [-69.21534, 18.72286], [-69.21693, 18.71999], [-69.2175, 18.71978], [-69.21817, 18.72029], [-69.21863, 18.71978], [-69.21831, 18.71887], [-69.21556, 18.71654], [-69.21709, 18.71454], [-69.22046, 18.71254], [-69.22019, 18.71066], [-69.22155, 18.71002], [-69.22227, 18.70926], [-69.22227, 18.70842], [-69.22294, 18.70817], [-69.22329, 18.70618], [-69.22282, 18.70455], [-69.22157, 18.70361], [-69.22159, 18.70224], [-69.22405, 18.69993], [-69.22442, 18.69791], [-69.22384, 18.69713], [-69.22564, 18.69637], [-69.22575, 18.69492], [-69.22548, 18.69458], [-69.22411, 18.6949], [-69.22496, 18.69369], [-69.22512, 18.69229], [-69.22468, 18.69182], [-69.22313, 18.6917], [-69.22262, 18.69065], [-69.22304, 18.68984], [-69.22105, 18.68912], [-69.22109, 18.68827], [-69.22211, 18.68799], [-69.22291, 18.68606], [-69.22403, 18.68498], [-69.22356, 18.68339], [-69.22487, 18.68258], [-69.22519, 18.68336], [-69.22574, 18.68306], [-69.22508, 18.68002], [-69.2275, 18.67964], [-69.22728, 18.67762], [-69.22878, 18.67673], [-69.22853, 18.67545], [-69.2275, 18.67507], [-69.22739, 18.67267], [-69.22845, 18.67224], [-69.22922, 18.67375], [-69.22959, 18.67355], [-69.22906, 18.67123], [-69.22966, 18.67034], [-69.22836, 18.6703], [-69.2284, 18.66957], [-69.22743, 18.66856], [-69.22946, 18.6674], [-69.23165, 18.66852], [-69.2323, 18.66801], [-69.23419, 18.66826], [-69.23651, 18.66577], [-69.23612, 18.66469], [-69.23526, 18.66423], [-69.23531, 18.66371], [-69.23717, 18.66405], [-69.23783, 18.66353], [-69.23814, 18.66187], [-69.23951, 18.6614], [-69.23976, 18.66219], [-69.23871, 18.66271], [-69.23936, 18.66386], [-69.24114, 18.66207], [-69.24195, 18.66236], [-69.24205, 18.66332], [-69.24353, 18.6627], [-69.24324, 18.65891], [-69.24545, 18.65875], [-69.24593, 18.65961], [-69.24648, 18.65913], [-69.24659, 18.65811], [-69.2479, 18.65747], [-69.24793, 18.6565], [-69.24695, 18.65479], [-69.24544, 18.65389], [-69.24456, 18.65443], [-69.24432, 18.65371], [-69.24487, 18.65051], [-69.24707, 18.64995], [-69.24753, 18.64901], [-69.24389, 18.64742], [-69.24409, 18.64607], [-69.24567, 18.64371], [-69.2459, 18.64063], [-69.24869, 18.63716], [-69.25103, 18.63692], [-69.25152, 18.63573], [-69.25124, 18.63379], [-69.25258, 18.63251], [-69.25527, 18.63319], [-69.25705, 18.63117], [-69.26015, 18.631], [-69.26036, 18.62985], [-69.26303, 18.62866], [-69.26517, 18.62841], [-69.26732, 18.62718], [-69.26738, 18.62637], [-69.26793, 18.62597], [-69.26865, 18.62709], [-69.2706, 18.62686], [-69.27212, 18.62465], [-69.27284, 18.62449], [-69.27544, 18.62553], [-69.27698, 18.62519], [-69.27944, 18.62684], [-69.2808, 18.62673], [-69.28097, 18.62779], [-69.28251, 18.62754], [-69.28237, 18.62616], [-69.28279, 18.62574], [-69.28361, 18.62634], [-69.2866, 18.62679], [-69.28783, 18.62586], [-69.28924, 18.6264], [-69.29059, 18.62513], [-69.29188, 18.6254], [-69.29227, 18.62256], [-69.29497, 18.6206], [-69.29521, 18.61994], [-69.29183, 18.61624], [-69.29229, 18.61333], [-69.29127, 18.61075], [-69.29328, 18.60741], [-69.29317, 18.60566], [-69.29404, 18.60409], [-69.29574, 18.60296], [-69.2994, 18.60232], [-69.2985, 18.59771], [-69.29953, 18.59661], [-69.30042, 18.59405], [-69.29978, 18.59242], [-69.29831, 18.59167], [-69.29574, 18.58883], [-69.29583, 18.58719], [-69.29757, 18.58315], [-69.29879, 18.58245], [-69.30007, 18.58288], [-69.3006, 18.58245], [-69.29656, 18.57832], [-69.29672, 18.5755], [-69.29855, 18.57391], [-69.30009, 18.57329], [-69.3058, 18.57371], [-69.30711, 18.57315], [-69.30778, 18.57169], [-69.30807, 18.5673], [-69.30999, 18.5607], [-69.31229, 18.56159], [-69.31437, 18.56106], [-69.31908, 18.5576], [-69.32149, 18.55676], [-69.32302, 18.55509], [-69.32554, 18.55351], [-69.32806, 18.55257], [-69.33321, 18.54838], [-69.34394, 18.54156], [-69.34423, 18.54082], [-69.34192, 18.53745], [-69.34198, 18.53598], [-69.34523, 18.52985], [-69.34891, 18.52689], [-69.3518, 18.53015], [-69.35642, 18.53349], [-69.3573, 18.53788], [-69.35939, 18.54205], [-69.36203, 18.5433], [-69.36532, 18.54393], [-69.36872, 18.54831], [-69.3691, 18.54944], [-69.36799, 18.55716], [-69.36963, 18.55909], [-69.37201, 18.56588], [-69.37574, 18.56947], [-69.37707, 18.57165], [-69.38013, 18.5749], [-69.38058, 18.57678], [-69.37948, 18.58256], [-69.37896, 18.5841], [-69.37717, 18.58614], [-69.37673, 18.58873], [-69.3777, 18.59193], [-69.38169, 18.5993], [-69.38819, 18.60557], [-69.39405, 18.60635], [-69.39667, 18.60843], [-69.39799, 18.6106], [-69.40027, 18.61163], [-69.40061, 18.61225], [-69.40026, 18.61324], [-69.4009, 18.61449], [-69.39938, 18.61522], [-69.39984, 18.61717], [-69.40075, 18.61717], [-69.40402, 18.62027], [-69.40614, 18.62077], [-69.40599, 18.62178], [-69.40498, 18.62187], [-69.40459, 18.62235], [-69.40516, 18.62345], [-69.40477, 18.62494], [-69.40569, 18.62689], [-69.40348, 18.63001], [-69.40168, 18.63041], [-69.40079, 18.63119], [-69.40079, 18.6335], [-69.40147, 18.63386], [-69.40263, 18.63177], [-69.40388, 18.63109], [-69.40445, 18.63157], [-69.40449, 18.63279], [-69.4064, 18.63311], [-69.40591, 18.63451], [-69.4062, 18.63526], [-69.40711, 18.63517], [-69.4074, 18.63582], [-69.40651, 18.6369], [-69.40805, 18.63804], [-69.4085, 18.64169], [-69.41113, 18.64304], [-69.41315, 18.64515], [-69.41437, 18.64525], [-69.41681, 18.64713], [-69.41699, 18.6508], [-69.41617, 18.65262], [-69.41631, 18.65381], [-69.41937, 18.65552], [-69.42077, 18.65777], [-69.42327, 18.65975], [-69.42425, 18.66186], [-69.42717, 18.6649], [-69.43106, 18.66701], [-69.43778, 18.67414], [-69.43625, 18.67488], [-69.43532, 18.6761], [-69.43338, 18.67696], [-69.43317, 18.68036], [-69.43158, 18.68224], [-69.43143, 18.68318], [-69.43249, 18.6839], [-69.43166, 18.68571], [-69.42954, 18.68601], [-69.42704, 18.6876], [-69.4259, 18.68674], [-69.42539, 18.68684], [-69.42506, 18.68767], [-69.42407, 18.68767], [-69.42348, 18.68893], [-69.42358, 18.69034], [-69.42249, 18.69167], [-69.4229, 18.69335], [-69.42483, 18.69399], [-69.42518, 18.69461], [-69.42486, 18.69641], [-69.42614, 18.6973], [-69.42856, 18.69715], [-69.42888, 18.69842], [-69.43013, 18.69864], [-69.43107, 18.70042], [-69.43091, 18.70124], [-69.42901, 18.70223], [-69.42947, 18.70336], [-69.42839, 18.70419], [-69.42935, 18.70435], [-69.42942, 18.70516], [-69.42766, 18.70689], [-69.42954, 18.70817], [-69.42873, 18.70915], [-69.42953, 18.71035], [-69.42871, 18.71161], [-69.42935, 18.71237], [-69.4285, 18.71298], [-69.4285, 18.71359], [-69.42997, 18.71454], [-69.42997, 18.71565], [-69.43126, 18.71666], [-69.4307, 18.71701], [-69.42869, 18.71585], [-69.42775, 18.71607], [-69.42728, 18.71696], [-69.42776, 18.71992], [-69.42867, 18.72128], [-69.42805, 18.72159], [-69.43019, 18.72569], [-69.42912, 18.72791], [-69.43117, 18.72963], [-69.43154, 18.73185], [-69.43063, 18.73397], [-69.43163, 18.73426], [-69.43208, 18.7354], [-69.43252, 18.73537], [-69.43302, 18.73746], [-69.43513, 18.73792], [-69.4356, 18.73856], [-69.43497, 18.73992], [-69.43513, 18.74059], [-69.4363, 18.74118], [-69.43771, 18.74118], [-69.43958, 18.74595], [-69.43858, 18.74646], [-69.43902, 18.74714], [-69.43851, 18.74743], [-69.43851, 18.74892], [-69.43675, 18.75056], [-69.43874, 18.75192], [-69.43849, 18.75357], [-69.43945, 18.75613], [-69.43811, 18.76069], [-69.43915, 18.76159], [-69.44207, 18.76198], [-69.44332, 18.76287], [-69.44603, 18.76355], [-69.44656, 18.76445], [-69.45074, 18.7639], [-69.45287, 18.76409], [-69.45324, 18.76449], [-69.45294, 18.76569], [-69.45484, 18.76642], [-69.45632, 18.76912], [-69.45724, 18.76954], [-69.45755, 18.77118], [-69.45669, 18.77465], [-69.45786, 18.77841], [-69.45786, 18.77907], [-69.4567, 18.77969], [-69.45694, 18.78101], [-69.45773, 18.78136], [-69.4575, 18.78393], [-69.45681, 18.78481], [-69.45445, 18.78557], [-69.45445, 18.78618], [-69.4557, 18.78781], [-69.45432, 18.78897], [-69.45418, 18.78963], [-69.45502, 18.79099], [-69.45293, 18.7914], [-69.45252, 18.79202], [-69.45257, 18.79374], [-69.45433, 18.7947], [-69.45642, 18.79466], [-69.45721, 18.79558], [-69.45684, 18.79607], [-69.45508, 18.79594], [-69.45499, 18.79823], [-69.45732, 18.80141], [-69.45732, 18.8022], [-69.457, 18.80286], [-69.45584, 18.80296], [-69.45352, 18.80133], [-69.45324, 18.80195], [-69.45482, 18.80344], [-69.45352, 18.80429], [-69.45121, 18.80478], [-69.45116, 18.80535], [-69.45218, 18.80592], [-69.45177, 18.80694], [-69.45009, 18.80778], [-69.44926, 18.80756], [-69.44764, 18.80807], [-69.44491, 18.80695], [-69.44365, 18.80862], [-69.44418, 18.81031], [-69.44304, 18.81132], [-69.44255, 18.81354], [-69.44299, 18.81481], [-69.44176, 18.81616], [-69.44171, 18.81718], [-69.44195, 18.81885], [-69.44303, 18.81953], [-69.44392, 18.8209], [-69.44396, 18.82275], [-69.44033, 18.82247], [-69.43795, 18.82408], [-69.43506, 18.82488], [-69.43487, 18.82688], [-69.43377, 18.82777], [-69.4336, 18.82997], [-69.43249, 18.83129], [-69.4277, 18.83554], [-69.42596, 18.83436], [-69.42557, 18.83462], [-69.42513, 18.83573], [-69.42593, 18.83665], [-69.42595, 18.83745], [-69.4242, 18.83987], [-69.42478, 18.84135], [-69.42389, 18.84265], [-69.42127, 18.8434], [-69.42124, 18.84492], [-69.42202, 18.8453], [-69.42128, 18.84581], [-69.42044, 18.84592], [-69.41942, 18.84497], [-69.41883, 18.84506], [-69.41873, 18.84602], [-69.41794, 18.84631], [-69.41705, 18.84601], [-69.41668, 18.84524], [-69.41465, 18.846], [-69.41292, 18.84538], [-69.4099, 18.84717], [-69.40599, 18.84819], [-69.40434, 18.84633], [-69.4023, 18.84697], [-69.40221, 18.84779], [-69.40141, 18.84858], [-69.40184, 18.85156], [-69.40049, 18.8523], [-69.39881, 18.85554], [-69.39889, 18.85644], [-69.39592, 18.85951], [-69.39709, 18.86201], [-69.39715, 18.86389], [-69.39517, 18.8662], [-69.39409, 18.86642], [-69.39282, 18.86776], [-69.38997, 18.86759], [-69.38906, 18.86897], [-69.38689, 18.86929], [-69.3821, 18.86853], [-69.37962, 18.86866], [-69.37766, 18.86941], [-69.37561, 18.87141], [-69.37405, 18.87206], [-69.37328, 18.87425], [-69.36609, 18.88419], [-69.36609, 18.88603], [-69.36479, 18.888], [-69.36605, 18.89099], [-69.37042, 18.89164], [-69.37315, 18.89312], [-69.3771, 18.89282], [-69.38219, 18.89376], [-69.38684, 18.89201], [-69.39221, 18.88873], [-69.39663, 18.88693], [-69.39831, 18.88644], [-69.39996, 18.88696], [-69.40125, 18.88809], [-69.40368, 18.88616], [-69.40491, 18.88607], [-69.40918, 18.88646], [-69.40955, 18.88947], [-69.4107, 18.89012], [-69.42473, 18.88948], [-69.42528, 18.88921], [-69.4251, 18.88843], [-69.4239, 18.88703], [-69.42239, 18.88621], [-69.42234, 18.88525], [-69.42275, 18.88455], [-69.4261, 18.8848], [-69.4311, 18.88828], [-69.43317, 18.88863], [-69.4334, 18.89098], [-69.43653, 18.89338], [-69.43878, 18.89407], [-69.44195, 18.89852], [-69.44425, 18.89956], [-69.44494, 18.90222], [-69.44563, 18.90305], [-69.44765, 18.90326], [-69.44828, 18.90582], [-69.44958, 18.90609], [-69.45504, 18.91036], [-69.4557, 18.91206], [-69.45923, 18.91269], [-69.46234, 18.91478], [-69.47421, 18.91777], [-69.47561, 18.91865], [-69.47866, 18.92202], [-69.48318, 18.92461], [-69.49068, 18.93106], [-69.49304, 18.93442], [-69.49551, 18.9364], [-69.50065, 18.94327], [-69.50401, 18.94571], [-69.5051, 18.95008], [-69.50616, 18.9509], [-69.50799, 18.95109], [-69.5093, 18.94982], [-69.5115, 18.94619], [-69.51548, 18.9369], [-69.5168, 18.93599], [-69.5177, 18.9363], [-69.52414, 18.942], [-69.5264, 18.94572], [-69.52805, 18.94655], [-69.53206, 18.94708], [-69.53325, 18.94853], [-69.53399, 18.95065], [-69.53502, 18.9517], [-69.53864, 18.95157], [-69.53953, 18.95229], [-69.54343, 18.95687], [-69.54711, 18.96028], [-69.54694, 18.96288], [-69.5483, 18.96491], [-69.54965, 18.96501], [-69.55207, 18.96608], [-69.55346, 18.96584], [-69.55493, 18.968], [-69.55681, 18.96841], [-69.55835, 18.97118], [-69.56213, 18.97391], [-69.56288, 18.9739], [-69.56507, 18.97538], [-69.56957, 18.97951], [-69.57157, 18.98009], [-69.57369, 18.98247], [-69.57724, 18.98444], [-69.58965, 18.98503], [-69.59368, 18.9863], [-69.59784, 18.98671], [-69.60388, 18.98898], [-69.6082, 18.98831], [-69.61017, 18.98914], [-69.61301, 18.99145], [-69.61744, 18.98994], [-69.6243, 18.9922], [-69.60409, 19.07942], [-69.60312, 19.07966], [-69.60271, 19.08095], [-69.60018, 19.07939], [-69.59848, 19.08102], [-69.59807, 19.08091], [-69.59689, 19.07857], [-69.59654, 19.07868], [-69.59684, 19.08024], [-69.59584, 19.08002], [-69.59513, 19.08069], [-69.59419, 19.0807], [-69.59479, 19.08187], [-69.59449, 19.08259], [-69.59361, 19.0822], [-69.59314, 19.08087], [-69.59214, 19.08126], [-69.59161, 19.08065], [-69.59132, 19.08182], [-69.59085, 19.08199], [-69.58979, 19.08099], [-69.5898, 19.08345], [-69.58898, 19.0839], [-69.58814, 19.08082], [-69.58762, 19.08182], [-69.58763, 19.08334], [-69.58675, 19.08346], [-69.58645, 19.08279], [-69.58551, 19.08306], [-69.58531, 19.0823], [-69.58488, 19.08237], [-69.58393, 19.08391], [-69.58287, 19.08313], [-69.58287, 19.0838], [-69.58352, 19.08436], [-69.58276, 19.08492], [-69.58157, 19.08408], [-69.58084, 19.08436], [-69.5811, 19.08285], [-69.58075, 19.08263], [-69.58022, 19.08291], [-69.58002, 19.08457], [-69.57916, 19.08564], [-69.57828, 19.08581], [-69.57814, 19.08539], [-69.57898, 19.08455], [-69.57858, 19.08401], [-69.5777, 19.08589], [-69.57656, 19.08682], [-69.57606, 19.08664], [-69.57676, 19.08537], [-69.57641, 19.08498], [-69.57501, 19.08605], [-69.57551, 19.08799], [-69.57476, 19.089], [-69.5741, 19.08812], [-69.57357, 19.08896], [-69.57291, 19.08875], [-69.57265, 19.08838], [-69.57308, 19.0872], [-69.57154, 19.08842], [-69.57084, 19.08822], [-69.57093, 19.08672], [-69.57009, 19.08761], [-69.56907, 19.08743], [-69.56879, 19.08908], [-69.56738, 19.08909], [-69.56697, 19.08881], [-69.56673, 19.08702], [-69.56591, 19.08725], [-69.56508, 19.08625], [-69.56479, 19.08692], [-69.56627, 19.09155], [-69.56569, 19.09217], [-69.56333, 19.08893], [-69.56385, 19.08843], [-69.56309, 19.08709], [-69.56267, 19.08693], [-69.56244, 19.08749], [-69.56304, 19.09], [-69.56263, 19.09011], [-69.56157, 19.08888], [-69.56004, 19.08861], [-69.56109, 19.08738], [-69.56144, 19.08592], [-69.55968, 19.08666], [-69.55862, 19.0856], [-69.55845, 19.0866], [-69.55809, 19.08655], [-69.55762, 19.08532], [-69.55432, 19.08338], [-69.55327, 19.08472], [-69.55398, 19.08717], [-69.55281, 19.08712], [-69.55228, 19.08645], [-69.55087, 19.0873], [-69.5491, 19.08484], [-69.55027, 19.08339], [-69.54974, 19.08328], [-69.54945, 19.08406], [-69.54821, 19.08261], [-69.54739, 19.08278], [-69.54686, 19.08223], [-69.54639, 19.08262], [-69.5471, 19.08379], [-69.54687, 19.08418], [-69.54593, 19.08385], [-69.54498, 19.0824], [-69.54405, 19.08369], [-69.5427, 19.08386], [-69.54228, 19.08302], [-69.54152, 19.0833], [-69.54117, 19.08297], [-69.5411, 19.0813], [-69.54063, 19.08135], [-69.54046, 19.08247], [-69.53982, 19.08309], [-69.53917, 19.08303], [-69.53858, 19.08192], [-69.53817, 19.08242], [-69.53749, 19.08229], [-69.53669, 19.08103], [-69.53625, 19.08104], [-69.53656, 19.08296], [-69.53612, 19.08317], [-69.53524, 19.08183], [-69.53545, 19.07991], [-69.53448, 19.08], [-69.53404, 19.07912], [-69.5325, 19.07849], [-69.53197, 19.07967], [-69.5326, 19.08209], [-69.53152, 19.0806], [-69.53099, 19.081], [-69.5296, 19.08079], [-69.53172, 19.08238], [-69.53149, 19.08349], [-69.53103, 19.08367], [-69.53024, 19.0828], [-69.52941, 19.08315], [-69.52842, 19.08173], [-69.52753, 19.08284], [-69.52799, 19.08359], [-69.52763, 19.08482], [-69.52658, 19.08485], [-69.52707, 19.08343], [-69.52588, 19.08473], [-69.52558, 19.08388], [-69.52749, 19.08086], [-69.52644, 19.08183], [-69.52577, 19.08068], [-69.52518, 19.08328], [-69.52433, 19.08382], [-69.52403, 19.08332], [-69.52475, 19.08153], [-69.52415, 19.0814], [-69.52403, 19.08219], [-69.52341, 19.08219], [-69.52292, 19.08056], [-69.52244, 19.08048], [-69.5224, 19.08211], [-69.52337, 19.08312], [-69.52117, 19.08291], [-69.51941, 19.08342], [-69.51782, 19.08234], [-69.51694, 19.08246], [-69.51747, 19.08347], [-69.52003, 19.08425], [-69.51941, 19.08488], [-69.51907, 19.08652], [-69.51743, 19.08502], [-69.51828, 19.0882], [-69.5174, 19.08845], [-69.51682, 19.08695], [-69.51528, 19.08653], [-69.51497, 19.08586], [-69.51585, 19.08481], [-69.51523, 19.08356], [-69.51374, 19.08612], [-69.5125, 19.08637], [-69.51181, 19.08585], [-69.51097, 19.08857], [-69.51049, 19.08866], [-69.50969, 19.08686], [-69.50942, 19.08661], [-69.50889, 19.08707], [-69.50832, 19.08615], [-69.50758, 19.0863], [-69.50709, 19.08846], [-69.50665, 19.08863], [-69.50603, 19.08733], [-69.50546, 19.08846], [-69.50419, 19.08822], [-69.50409, 19.08746], [-69.50519, 19.08591], [-69.50431, 19.08482], [-69.50329, 19.08499], [-69.50264, 19.08638], [-69.50189, 19.08672], [-69.50181, 19.08785], [-69.50026, 19.08718], [-69.5, 19.08768], [-69.50194, 19.08948], [-69.50128, 19.08998], [-69.49925, 19.08881], [-69.49899, 19.0881], [-69.4996, 19.08706], [-69.49898, 19.08714], [-69.49859, 19.08651], [-69.49788, 19.08735], [-69.49674, 19.0869], [-69.49634, 19.08589], [-69.49726, 19.08484], [-69.49651, 19.08459], [-69.49651, 19.08346], [-69.49506, 19.0846], [-69.49448, 19.08439], [-69.49588, 19.08104], [-69.49394, 19.08087], [-69.49302, 19.08192], [-69.49327, 19.07744], [-69.49213, 19.07728], [-69.49121, 19.07887], [-69.49054, 19.07824], [-69.49006, 19.07661], [-69.48776, 19.07628], [-69.48684, 19.07788], [-69.48596, 19.07792], [-69.48622, 19.07708], [-69.4857, 19.07692], [-69.48526, 19.07809], [-69.48486, 19.07809], [-69.48473, 19.07696], [-69.48354, 19.0765], [-69.48292, 19.075], [-69.48217, 19.07454], [-69.48137, 19.07504], [-69.48031, 19.07408], [-69.47904, 19.07538], [-69.48032, 19.0763], [-69.47931, 19.07761], [-69.47786, 19.07732], [-69.47772, 19.07694], [-69.4786, 19.07652], [-69.47741, 19.07556], [-69.47667, 19.07627], [-69.47702, 19.07698], [-69.47676, 19.0779], [-69.47588, 19.07887], [-69.47544, 19.07887], [-69.47517, 19.07787], [-69.47464, 19.07795], [-69.47425, 19.07921], [-69.47341, 19.07917], [-69.47196, 19.07792], [-69.47214, 19.0793], [-69.47143, 19.07951], [-69.46993, 19.07922], [-69.46927, 19.07826], [-69.4687, 19.08006], [-69.46695, 19.08157], [-69.46659, 19.08069], [-69.46545, 19.08061], [-69.46474, 19.07986], [-69.46298, 19.08003], [-69.46469, 19.07877], [-69.46707, 19.07969], [-69.46637, 19.07902], [-69.46614, 19.07793], [-69.46425, 19.07777], [-69.46363, 19.07865], [-69.46209, 19.0792], [-69.46161, 19.07878], [-69.46235, 19.07731], [-69.46182, 19.0769], [-69.4609, 19.0769], [-69.45967, 19.07791], [-69.45918, 19.07753], [-69.45927, 19.07686], [-69.45777, 19.07753], [-69.45729, 19.07695], [-69.45623, 19.07683], [-69.45684, 19.07561], [-69.45579, 19.07603], [-69.45557, 19.07536], [-69.45732, 19.07456], [-69.4578, 19.07189], [-69.45694, 19.07104], [-69.45498, 19.0704], [-69.45329, 19.07077], [-69.45241, 19.07147], [-69.44732, 19.07216], [-69.44498, 19.07314], [-69.44225, 19.07761], [-69.44132, 19.08394], [-69.43961, 19.08782], [-69.43812, 19.08752], [-69.43781, 19.08596], [-69.43656, 19.08671], [-69.43648, 19.08753], [-69.43703, 19.08775], [-69.43703, 19.08834], [-69.43656, 19.08894], [-69.43735, 19.09028], [-69.43719, 19.09095], [-69.43645, 19.09074], [-69.43782, 19.09209], [-69.4393, 19.09664], [-69.43874, 19.09686], [-69.43886, 19.09739], [-69.44042, 19.09764], [-69.44159, 19.09667], [-69.44606, 19.09904], [-69.4481, 19.09896], [-69.44873, 19.09941], [-69.45037, 19.09866], [-69.4524, 19.09471], [-69.45294, 19.09486], [-69.45483, 19.09805], [-69.45632, 19.09879], [-69.45906, 19.09633], [-69.45968, 19.09499], [-69.45889, 19.09387], [-69.45936, 19.09305], [-69.46085, 19.0932], [-69.46211, 19.09454], [-69.46312, 19.09208], [-69.46414, 19.09259], [-69.46422, 19.0949], [-69.46548, 19.09572], [-69.46563, 19.0952], [-69.46668, 19.09554], [-69.46744, 19.09492], [-69.46932, 19.09492], [-69.47055, 19.09363], [-69.47213, 19.09324], [-69.47261, 19.09351], [-69.47301, 19.09279], [-69.4746, 19.0934], [-69.47648, 19.09155], [-69.47829, 19.09059], [-69.479, 19.0916], [-69.47859, 19.09277], [-69.47948, 19.09422], [-69.47883, 19.09461], [-69.47372, 19.09412], [-69.47202, 19.09513], [-69.46275, 19.09773], [-69.46234, 19.09773], [-69.46263, 19.09689], [-69.4621, 19.09644], [-69.46099, 19.09684], [-69.46163, 19.09751], [-69.46164, 19.09823], [-69.44972, 19.10139], [-69.44725, 19.10117], [-69.44426, 19.10012], [-69.43973, 19.10013], [-69.43591, 19.09947], [-69.43227, 19.10065], [-69.43022, 19.10009], [-69.42793, 19.10038], [-69.42713, 19.10104], [-69.4221, 19.10223], [-69.41897, 19.10242], [-69.41726, 19.10323], [-69.41394, 19.10324], [-69.40852, 19.10099]]]]}}, {"type": "Feature", "properties": {"COD_PROV": "31", "PROVINCIA": "SAN JOSÉ DE OCOA", "NOMBRE": "San José de Ocoa", "N_MUNICIPIOS": 3}, "geometry": {"type": "Polygon", "coordinates": [[[-70.52866, 18.79297], [-70.5247, 18.79358], [-70.52109, 18.79544], [-70.51914, 18.79455], [-70.51594, 18.79395], [-70.51475, 18.79236], [-70.51043, 18.78329], [-70.50573, 18.77779], [-70.50393, 18.77452], [-70.50198, 18.77226], [-70.49577, 18.77238], [-70.48779, 18.7733], [-70.48147, 18.77274], [-70.47323, 18.77372], [-70.4696, 18.77222], [-70.46727, 18.77064], [-70.46609, 18.76801], [-70.46626, 18.76555], [-70.46593, 18.76494], [-70.4645, 18.76442], [-70.46191, 18.76494], [-70.46015, 18.76751], [-70.45726, 18.76848], [-70.45489, 18.7704], [-70.4506, 18.77016], [-70.44946, 18.76862], [-70.44746, 18.76777], [-70.44766, 18.76632], [-70.44609, 18.76474], [-70.44194, 18.76357], [-70.43896, 18.76163], [-70.43628, 18.75784], [-70.43614, 18.75655], [-70.43161, 18.75374], [-70.42562, 18.75383], [-70.4207, 18.75553], [-70.41611, 18.76009], [-70.41276, 18.76139], [-70.41038, 18.76162], [-70.40945, 18.76065], [-70.40877, 18.75527], [-70.40828, 18.75472], [-70.40492, 18.75449], [-70.39763, 18.75556], [-70.39561, 18.753], [-70.38863, 18.7504], [-70.389, 18.74585], [-70.38837, 18.74496], [-70.38425, 18.74286], [-70.38243, 18.74135], [-70.38113, 18.73979], [-70.38008, 18.73653], [-70.37866, 18.73468], [-70.37452, 18.73387], [-70.37233, 18.73251], [-70.36688, 18.731], [-70.36374, 18.73123], [-70.3593, 18.72918], [-70.35514, 18.72906], [-70.34364, 18.72594], [-70.34477, 18.72553], [-70.34837, 18.72204], [-70.35293, 18.71494], [-70.3589, 18.70806], [-70.35771, 18.70616], [-70.35786, 18.70345], [-70.35878, 18.70255], [-70.35906, 18.69964], [-70.35839, 18.69853], [-70.35869, 18.69761], [-70.35766, 18.69406], [-70.3579, 18.69342], [-70.36029, 18.6919], [-70.36067, 18.69023], [-70.36006, 18.68817], [-70.36053, 18.68613], [-70.35824, 18.68439], [-70.35779, 18.68244], [-70.35972, 18.68112], [-70.36162, 18.67868], [-70.36299, 18.67118], [-70.36394, 18.67129], [-70.36567, 18.67279], [-70.36643, 18.67277], [-70.36737, 18.672], [-70.3658, 18.67008], [-70.36635, 18.66847], [-70.36611, 18.66646], [-70.36844, 18.66437], [-70.37135, 18.66295], [-70.37345, 18.66055], [-70.37475, 18.65975], [-70.37552, 18.65835], [-70.37453, 18.65323], [-70.3748, 18.65208], [-70.37706, 18.64926], [-70.37542, 18.64664], [-70.37756, 18.64311], [-70.37609, 18.64119], [-70.37333, 18.64023], [-70.37345, 18.63946], [-70.37516, 18.63852], [-70.37534, 18.63795], [-70.37317, 18.63697], [-70.37371, 18.63661], [-70.37519, 18.63678], [-70.37561, 18.63602], [-70.37232, 18.63448], [-70.37422, 18.63294], [-70.37359, 18.63177], [-70.37153, 18.63236], [-70.37207, 18.62895], [-70.37027, 18.63098], [-70.36893, 18.63176], [-70.36802, 18.6321], [-70.36671, 18.63153], [-70.36661, 18.63043], [-70.36751, 18.62928], [-70.36902, 18.62882], [-70.36985, 18.62795], [-70.36943, 18.62508], [-70.36818, 18.62316], [-70.3651, 18.62258], [-70.36378, 18.62126], [-70.364, 18.61962], [-70.36481, 18.61892], [-70.36522, 18.61735], [-70.36504, 18.61693], [-70.36381, 18.61695], [-70.36336, 18.6165], [-70.36612, 18.61568], [-70.36554, 18.61459], [-70.36279, 18.61224], [-70.36279, 18.61134], [-70.36425, 18.61111], [-70.36496, 18.60981], [-70.36312, 18.60941], [-70.35991, 18.61054], [-70.35887, 18.60692], [-70.36081, 18.60593], [-70.3616, 18.60521], [-70.36175, 18.60434], [-70.36412, 18.6042], [-70.36526, 18.605], [-70.36595, 18.60476], [-70.3662, 18.60133], [-70.36503, 18.59966], [-70.36681, 18.59876], [-70.36595, 18.59707], [-70.36609, 18.59643], [-70.36884, 18.59605], [-70.36868, 18.59503], [-70.36469, 18.59284], [-70.36499, 18.59089], [-70.3662, 18.59029], [-70.36875, 18.59198], [-70.36973, 18.59187], [-70.36849, 18.58792], [-70.36977, 18.58642], [-70.3698, 18.58548], [-70.36705, 18.5848], [-70.36664, 18.58633], [-70.36545, 18.5854], [-70.36552, 18.58406], [-70.36696, 18.58327], [-70.3682, 18.58176], [-70.3678, 18.58087], [-70.36672, 18.58192], [-70.3655, 18.58092], [-70.36561, 18.58033], [-70.36678, 18.57968], [-70.36672, 18.57771], [-70.36742, 18.57725], [-70.36675, 18.57565], [-70.36701, 18.57487], [-70.37052, 18.57283], [-70.37058, 18.571], [-70.37247, 18.57207], [-70.37364, 18.5721], [-70.37447, 18.56783], [-70.3752, 18.56808], [-70.37534, 18.5691], [-70.3764, 18.56961], [-70.37706, 18.56912], [-70.37693, 18.56751], [-70.37535, 18.56618], [-70.37386, 18.56575], [-70.37366, 18.56454], [-70.37017, 18.56357], [-70.36918, 18.5625], [-70.37113, 18.56148], [-70.37377, 18.55892], [-70.37581, 18.55891], [-70.37642, 18.55681], [-70.37716, 18.55688], [-70.378, 18.55874], [-70.37921, 18.55914], [-70.37992, 18.55884], [-70.38215, 18.55552], [-70.38192, 18.55312], [-70.38091, 18.55227], [-70.37964, 18.55208], [-70.37916, 18.55142], [-70.38019, 18.54851], [-70.37838, 18.54746], [-70.37722, 18.54582], [-70.37499, 18.54445], [-70.37353, 18.54423], [-70.37291, 18.54352], [-70.37286, 18.54244], [-70.37361, 18.54167], [-70.37607, 18.54173], [-70.37741, 18.54128], [-70.37745, 18.54022], [-70.37595, 18.53783], [-70.37332, 18.53707], [-70.37151, 18.53587], [-70.37047, 18.53211], [-70.36999, 18.53179], [-70.36692, 18.53176], [-70.36507, 18.5326], [-70.36372, 18.53226], [-70.364, 18.53026], [-70.3656, 18.52894], [-70.36525, 18.5277], [-70.36384, 18.52781], [-70.36264, 18.52929], [-70.36103, 18.52958], [-70.36055, 18.52923], [-70.36009, 18.52819], [-70.36053, 18.52723], [-70.36206, 18.52649], [-70.36206, 18.52591], [-70.35812, 18.52424], [-70.3552, 18.52363], [-70.35509, 18.52305], [-70.35789, 18.52101], [-70.35798, 18.5197], [-70.35761, 18.51927], [-70.35525, 18.51982], [-70.35401, 18.51952], [-70.3542, 18.51732], [-70.35124, 18.51441], [-70.3515, 18.5132], [-70.35326, 18.51246], [-70.35392, 18.51162], [-70.35182, 18.51044], [-70.34866, 18.51055], [-70.34819, 18.50939], [-70.35197, 18.50773], [-70.35208, 18.50724], [-70.35503, 18.50755], [-70.35758, 18.50676], [-70.35695, 18.50486], [-70.35723, 18.50364], [-70.36131, 18.50243], [-70.3615, 18.50003], [-70.36343, 18.49873], [-70.36482, 18.49846], [-70.36517, 18.49715], [-70.36695, 18.49716], [-70.36833, 18.49598], [-70.37037, 18.4937], [-70.37041, 18.49254], [-70.37255, 18.48952], [-70.37202, 18.48833], [-70.37065, 18.48786], [-70.37093, 18.48717], [-70.37186, 18.48613], [-70.37352, 18.48563], [-70.374, 18.48336], [-70.37638, 18.48327], [-70.37681, 18.48265], [-70.37898, 18.48312], [-70.37918, 18.4816], [-70.37976, 18.48118], [-70.38142, 18.48138], [-70.38299, 18.47938], [-70.38656, 18.47823], [-70.38748, 18.47852], [-70.38725, 18.47935], [-70.38857, 18.47968], [-70.38968, 18.47867], [-70.39368, 18.4776], [-70.39564, 18.47606], [-70.39659, 18.47398], [-70.39965, 18.47237], [-70.40445, 18.47217], [-70.42141, 18.46595], [-70.42208, 18.46662], [-70.42396, 18.46676], [-70.42649, 18.46598], [-70.42884, 18.46768], [-70.42935, 18.46761], [-70.43059, 18.46467], [-70.43186, 18.46456], [-70.43702, 18.46178], [-70.43833, 18.45906], [-70.43989, 18.45842], [-70.44143, 18.4552], [-70.44224, 18.45486], [-70.44364, 18.45537], [-70.44472, 18.4566], [-70.44503, 18.45791], [-70.44576, 18.45762], [-70.44583, 18.45684], [-70.44837, 18.4565], [-70.44881, 18.45576], [-70.45006, 18.4575], [-70.45117, 18.45717], [-70.45066, 18.45477], [-70.45174, 18.45351], [-70.4528, 18.45357], [-70.45298, 18.45436], [-70.45384, 18.45371], [-70.45544, 18.45396], [-70.45767, 18.45582], [-70.45782, 18.45678], [-70.45865, 18.45599], [-70.45938, 18.45622], [-70.46035, 18.45534], [-70.4621, 18.4547], [-70.46313, 18.45483], [-70.46391, 18.45402], [-70.46532, 18.45365], [-70.46499, 18.45284], [-70.46551, 18.45235], [-70.46782, 18.45261], [-70.46949, 18.45055], [-70.46948, 18.44976], [-70.47062, 18.44779], [-70.47032, 18.4471], [-70.46896, 18.44632], [-70.46839, 18.44437], [-70.4691, 18.44341], [-70.46922, 18.44227], [-70.47011, 18.44165], [-70.46983, 18.43945], [-70.47086, 18.43782], [-70.47293, 18.43696], [-70.47363, 18.43466], [-70.47547, 18.43182], [-70.47533, 18.42997], [-70.47703, 18.4289], [-70.47623, 18.42796], [-70.47718, 18.42672], [-70.47693, 18.42534], [-70.47802, 18.42389], [-70.47759, 18.42174], [-70.47814, 18.41995], [-70.48178, 18.42177], [-70.48718, 18.42349], [-70.4944, 18.42763], [-70.49376, 18.42792], [-70.49593, 18.43329], [-70.49638, 18.43553], [-70.49607, 18.43971], [-70.49445, 18.44333], [-70.4945, 18.44449], [-70.49494, 18.44581], [-70.49824, 18.447], [-70.49845, 18.44801], [-70.49692, 18.45071], [-70.4963, 18.45328], [-70.49713, 18.45407], [-70.4982, 18.45298], [-70.49869, 18.45303], [-70.49855, 18.45469], [-70.49981, 18.45531], [-70.50136, 18.45532], [-70.50256, 18.45456], [-70.50335, 18.45462], [-70.50387, 18.45609], [-70.50361, 18.45811], [-70.50143, 18.45995], [-70.5023, 18.46475], [-70.501, 18.46868], [-70.50154, 18.4695], [-70.50301, 18.46969], [-70.50484, 18.46709], [-70.50591, 18.46919], [-70.50754, 18.47051], [-70.50884, 18.47326], [-70.50924, 18.47346], [-70.51062, 18.47256], [-70.51089, 18.47159], [-70.51205, 18.47203], [-70.51275, 18.4776], [-70.51152, 18.47923], [-70.51144, 18.48043], [-70.51214, 18.48239], [-70.51186, 18.48322], [-70.51044, 18.48397], [-70.50793, 18.48382], [-70.50659, 18.48434], [-70.50576, 18.48596], [-70.50667, 18.48797], [-70.50546, 18.48954], [-70.50503, 18.49115], [-70.50759, 18.49277], [-70.51018, 18.49335], [-70.51297, 18.49621], [-70.51746, 18.49413], [-70.52211, 18.49451], [-70.52321, 18.49356], [-70.52476, 18.49367], [-70.52662, 18.4954], [-70.52687, 18.49617], [-70.52629, 18.49799], [-70.52758, 18.50019], [-70.52888, 18.49952], [-70.5308, 18.49648], [-70.53265, 18.49762], [-70.53454, 18.49735], [-70.53551, 18.49825], [-70.53816, 18.50275], [-70.54058, 18.5032], [-70.54158, 18.50409], [-70.54302, 18.50438], [-70.54387, 18.50708], [-70.54572, 18.50761], [-70.54922, 18.51458], [-70.55201, 18.51568], [-70.55122, 18.51835], [-70.55274, 18.51831], [-70.55354, 18.51756], [-70.5543, 18.516], [-70.55464, 18.51303], [-70.55503, 18.51248], [-70.55599, 18.51246], [-70.55787, 18.51377], [-70.55994, 18.51669], [-70.5604, 18.51948], [-70.5611, 18.5206], [-70.56395, 18.5208], [-70.56571, 18.52196], [-70.56646, 18.52169], [-70.5698, 18.52354], [-70.57216, 18.52395], [-70.574, 18.52312], [-70.57689, 18.52322], [-70.57801, 18.52261], [-70.58074, 18.52344], [-70.58185, 18.52236], [-70.58414, 18.52208], [-70.58432, 18.52373], [-70.58649, 18.52579], [-70.58486, 18.52712], [-70.58594, 18.52873], [-70.58543, 18.53178], [-70.591, 18.53379], [-70.5926, 18.53543], [-70.59517, 18.53592], [-70.59708, 18.53572], [-70.59883, 18.53431], [-70.60214, 18.53361], [-70.60617, 18.53085], [-70.60769, 18.53085], [-70.60879, 18.52999], [-70.60984, 18.53061], [-70.61149, 18.53199], [-70.61366, 18.53493], [-70.6142, 18.53698], [-70.61542, 18.53816], [-70.61499, 18.53894], [-70.61693, 18.5409], [-70.61738, 18.54341], [-70.61846, 18.54462], [-70.61897, 18.54739], [-70.62064, 18.54794], [-70.6237, 18.54615], [-70.62566, 18.55011], [-70.6272, 18.55099], [-70.62708, 18.55363], [-70.62563, 18.55599], [-70.62584, 18.55716], [-70.62516, 18.5588], [-70.6277, 18.56229], [-70.62904, 18.56331], [-70.62906, 18.56566], [-70.63267, 18.56719], [-70.63336, 18.56784], [-70.63367, 18.56955], [-70.63529, 18.56977], [-70.63613, 18.57037], [-70.63659, 18.57252], [-70.63982, 18.57436], [-70.64001, 18.57605], [-70.6432, 18.57504], [-70.64438, 18.57531], [-70.64997, 18.58066], [-70.65467, 18.58092], [-70.65625, 18.5824], [-70.65751, 18.58245], [-70.65808, 18.58352], [-70.6587, 18.58304], [-70.65954, 18.58542], [-70.66136, 18.58558], [-70.66192, 18.5848], [-70.66261, 18.58575], [-70.66303, 18.58945], [-70.66528, 18.58926], [-70.66743, 18.59091], [-70.6694, 18.5934], [-70.67103, 18.59376], [-70.67149, 18.59614], [-70.67366, 18.59904], [-70.6734, 18.60006], [-70.66921, 18.60342], [-70.66873, 18.60464], [-70.66916, 18.60548], [-70.66771, 18.60586], [-70.66765, 18.60656], [-70.66992, 18.60907], [-70.67003, 18.61023], [-70.66805, 18.61452], [-70.66759, 18.61491], [-70.6667, 18.61462], [-70.66617, 18.61514], [-70.66615, 18.6162], [-70.66553, 18.61624], [-70.66561, 18.61749], [-70.66508, 18.61834], [-70.6616, 18.62158], [-70.66268, 18.6226], [-70.66261, 18.62524], [-70.66135, 18.62611], [-70.66241, 18.62777], [-70.66126, 18.63156], [-70.65994, 18.63266], [-70.66256, 18.63585], [-70.66269, 18.63666], [-70.66187, 18.63809], [-70.66247, 18.63882], [-70.66226, 18.64033], [-70.66356, 18.64064], [-70.66428, 18.64218], [-70.66288, 18.64307], [-70.66375, 18.64377], [-70.66188, 18.64666], [-70.6633, 18.6484], [-70.66338, 18.64918], [-70.66173, 18.65154], [-70.66147, 18.65426], [-70.66452, 18.65985], [-70.66832, 18.6643], [-70.67326, 18.66707], [-70.67374, 18.66919], [-70.67665, 18.67166], [-70.67516, 18.67264], [-70.67775, 18.67611], [-70.67864, 18.67975], [-70.68335, 18.68359], [-70.68608, 18.68413], [-70.68664, 18.68465], [-70.6845, 18.68628], [-70.6825, 18.68663], [-70.68015, 18.68781], [-70.67831, 18.68758], [-70.67629, 18.68627], [-70.67525, 18.68694], [-70.67271, 18.68671], [-70.67028, 18.68782], [-70.66959, 18.68924], [-70.66863, 18.6895], [-70.66724, 18.68959], [-70.66671, 18.68902], [-70.66652, 18.68752], [-70.66564, 18.68711], [-70.66286, 18.68872], [-70.66068, 18.68932], [-70.66017, 18.69099], [-70.65922, 18.6915], [-70.65782, 18.69134], [-70.65696, 18.68984], [-70.65342, 18.69041], [-70.65043, 18.69251], [-70.64631, 18.69252], [-70.64544, 18.69282], [-70.64584, 18.69361], [-70.64536, 18.69391], [-70.64286, 18.69313], [-70.64068, 18.69466], [-70.63994, 18.69433], [-70.6398, 18.69329], [-70.63918, 18.69288], [-70.63633, 18.6924], [-70.63513, 18.69066], [-70.63425, 18.69016], [-70.63114, 18.69036], [-70.63054, 18.69095], [-70.62975, 18.6907], [-70.62897, 18.68729], [-70.62796, 18.68659], [-70.62437, 18.68646], [-70.62288, 18.68776], [-70.6215, 18.68677], [-70.62026, 18.68725], [-70.61911, 18.68678], [-70.61748, 18.68719], [-70.61575, 18.68642], [-70.60652, 18.68862], [-70.60545, 18.68755], [-70.60364, 18.68698], [-70.60003, 18.68671], [-70.59842, 18.68777], [-70.59736, 18.6875], [-70.59688, 18.68787], [-70.59375, 18.68655], [-70.59211, 18.68644], [-70.59107, 18.68764], [-70.5907, 18.68926], [-70.58985, 18.68989], [-70.58878, 18.69402], [-70.59075, 18.6945], [-70.59039, 18.6985], [-70.59141, 18.70084], [-70.59474, 18.70213], [-70.59887, 18.7064], [-70.59969, 18.70898], [-70.5993, 18.71052], [-70.59765, 18.7107], [-70.59398, 18.70977], [-70.59026, 18.71116], [-70.58854, 18.71029], [-70.58757, 18.71202], [-70.58564, 18.71342], [-70.58616, 18.71526], [-70.58554, 18.71562], [-70.58478, 18.71726], [-70.58301, 18.71809], [-70.5807, 18.72005], [-70.58015, 18.72183], [-70.57914, 18.72312], [-70.57795, 18.72301], [-70.57466, 18.72509], [-70.57105, 18.72492], [-70.57004, 18.72353], [-70.56685, 18.72202], [-70.56588, 18.72309], [-70.56553, 18.72486], [-70.56472, 18.72421], [-70.56325, 18.72422], [-70.5617, 18.72322], [-70.56093, 18.72694], [-70.56349, 18.73164], [-70.56394, 18.73383], [-70.56086, 18.73928], [-70.55793, 18.74239], [-70.55602, 18.7455], [-70.55479, 18.74689], [-70.55146, 18.7487], [-70.54375, 18.75049], [-70.54295, 18.75172], [-70.54272, 18.75345], [-70.54156, 18.75468], [-70.54133, 18.75604], [-70.53993, 18.756], [-70.53972, 18.75419], [-70.53739, 18.75554], [-70.53573, 18.75492], [-70.53485, 18.75588], [-70.53391, 18.75576], [-70.53306, 18.75627], [-70.53248, 18.7585], [-70.53116, 18.75883], [-70.52994, 18.76024], [-70.53058, 18.76138], [-70.53222, 18.76233], [-70.53253, 18.76343], [-70.53182, 18.764], [-70.53043, 18.76392], [-70.52809, 18.76728], [-70.52852, 18.76811], [-70.5301, 18.76845], [-70.53249, 18.76721], [-70.53371, 18.76713], [-70.53404, 18.76788], [-70.53321, 18.76941], [-70.53358, 18.77035], [-70.53491, 18.77039], [-70.53666, 18.77204], [-70.53794, 18.77211], [-70.53823, 18.77466], [-70.5374, 18.77541], [-70.53787, 18.77662], [-70.53726, 18.7772], [-70.53818, 18.77876], [-70.53952, 18.77925], [-70.53959, 18.78327], [-70.5415, 18.78682], [-70.54503, 18.79174], [-70.5452, 18.79438], [-70.54439, 18.79614], [-70.54016, 18.7969], [-70.53416, 18.79585], [-70.52866, 18.79297]]]}}, {"type": "Feature", "properties": {"COD_PROV": "32", "PROVINCIA": "SANTO DOMINGO", "NOMBRE": "Santo Domingo", "N_MUNICIPIOS": 7}, "geometry": {"type": "MultiPolygon", "coordinates": [[[[-69.62661, 18.44108], [-69.62424, 18.44122], [-69.62418, 18.44025], [-69.62574, 18.43837], [-69.6292, 18.43696], [-69.63024, 18.43721], [-69.63016, 18.4379], [-69.62884, 18.43813], [-69.62872, 18.4387], [-69.62797, 18.43894], [-69.62661, 18.44108]]], [[[-69.613, 18.4437], [-69.61473, 18.44265], [-69.61548, 18.44342], [-69.6152, 18.44393], [-69.61417, 18.44407], [-69.613, 18.4437]]], [[[-70.14089, 18.72891], [-70.13728, 18.72667], [-70.1369, 18.72517], [-70.1347, 18.72206], [-70.1326, 18.71756], [-70.13029, 18.71584], [-70.12951, 18.71353], [-70.12797, 18.71343], [-70.12638, 18.71159], [-70.12612, 18.7102], [-70.12368, 18.70813], [-70.12252, 18.70534], [-70.12101, 18.70461], [-70.11861, 18.70144], [-70.11649, 18.6999], [-70.1134, 18.69845], [-70.11049, 18.69813], [-70.10754, 18.69706], [-70.1061, 18.69593], [-70.09913, 18.68886], [-70.09519, 18.68269], [-70.09235, 18.68248], [-70.08506, 18.68388], [-70.07882, 18.68768], [-70.07621, 18.68842], [-70.0733, 18.68765], [-70.07178, 18.68615], [-70.06858, 18.68648], [-70.06795, 18.68522], [-70.06583, 18.68399], [-70.06009, 18.67808], [-70.05813, 18.67683], [-70.05349, 18.67639], [-70.05236, 18.67575], [-70.04411, 18.66876], [-70.0321, 18.66297], [-70.02822, 18.66222], [-70.02353, 18.66224], [-70.02028, 18.6601], [-70.01795, 18.66002], [-70.01519, 18.66621], [-70.0115, 18.66793], [-70.00769, 18.66795], [-70.00436, 18.66876], [-70.00126, 18.66855], [-69.99829, 18.67027], [-69.99571, 18.67012], [-69.99498, 18.67173], [-69.99387, 18.67235], [-69.9931, 18.67154], [-69.99456, 18.6696], [-69.99369, 18.66837], [-69.99222, 18.66858], [-69.99226, 18.66999], [-69.99153, 18.67061], [-69.99005, 18.6706], [-69.9864, 18.66928], [-69.98576, 18.6699], [-69.98532, 18.67227], [-69.98269, 18.67358], [-69.98225, 18.67539], [-69.98098, 18.67616], [-69.9793, 18.67554], [-69.97816, 18.67684], [-69.97745, 18.67702], [-69.97672, 18.67887], [-69.9766, 18.68131], [-69.97785, 18.68398], [-69.97677, 18.68513], [-69.9759, 18.68507], [-69.97506, 18.68327], [-69.97295, 18.68459], [-69.97199, 18.68371], [-69.97109, 18.68374], [-69.96976, 18.68295], [-69.96661, 18.6826], [-69.96568, 18.6829], [-69.96429, 18.68522], [-69.96201, 18.68698], [-69.9621, 18.69054], [-69.95821, 18.69402], [-69.95593, 18.69289], [-69.95482, 18.69295], [-69.95336, 18.69484], [-69.95236, 18.69868], [-69.95578, 18.70438], [-69.95918, 18.70695], [-69.96119, 18.70775], [-69.96212, 18.70905], [-69.96189, 18.71049], [-69.95998, 18.70995], [-69.95911, 18.71093], [-69.95827, 18.71469], [-69.95605, 18.71456], [-69.95509, 18.7138], [-69.95363, 18.71044], [-69.95377, 18.7078], [-69.95318, 18.70673], [-69.95233, 18.70639], [-69.95017, 18.70706], [-69.94849, 18.70628], [-69.9478, 18.70702], [-69.94754, 18.70835], [-69.94702, 18.70846], [-69.94492, 18.7075], [-69.94343, 18.70497], [-69.94147, 18.70372], [-69.94011, 18.70358], [-69.94027, 18.70496], [-69.93944, 18.70526], [-69.9387, 18.70453], [-69.93769, 18.70459], [-69.93756, 18.70377], [-69.93835, 18.70303], [-69.93727, 18.70166], [-69.9361, 18.70135], [-69.93453, 18.70235], [-69.93385, 18.70162], [-69.93395, 18.70312], [-69.9329, 18.70239], [-69.93229, 18.70265], [-69.93117, 18.70105], [-69.9296, 18.70103], [-69.92772, 18.69858], [-69.92682, 18.69878], [-69.92726, 18.70022], [-69.9253, 18.70122], [-69.92518, 18.70219], [-69.92238, 18.70314], [-69.92092, 18.69981], [-69.9178, 18.69748], [-69.91791, 18.69604], [-69.9151, 18.6945], [-69.9089, 18.69623], [-69.90574, 18.6985], [-69.90294, 18.6989], [-69.90248, 18.69934], [-69.90314, 18.70071], [-69.90192, 18.70286], [-69.90075, 18.70269], [-69.90075, 18.7041], [-69.89866, 18.70341], [-69.89765, 18.70426], [-69.89694, 18.70397], [-69.89623, 18.70494], [-69.89522, 18.70503], [-69.89457, 18.70448], [-69.89224, 18.70684], [-69.89089, 18.70708], [-69.88861, 18.70571], [-69.8869, 18.70895], [-69.88512, 18.70942], [-69.88546, 18.71054], [-69.88506, 18.71127], [-69.8863, 18.71132], [-69.88575, 18.71203], [-69.88325, 18.71189], [-69.88309, 18.71058], [-69.88143, 18.71055], [-69.88287, 18.70882], [-69.8816, 18.7073], [-69.87861, 18.70752], [-69.8779, 18.70597], [-69.87639, 18.70536], [-69.87346, 18.70552], [-69.87215, 18.70819], [-69.8704, 18.70785], [-69.86923, 18.70897], [-69.86649, 18.70863], [-69.8659, 18.70787], [-69.86461, 18.70741], [-69.86461, 18.707], [-69.86595, 18.70541], [-69.86706, 18.70487], [-69.86702, 18.70373], [-69.86612, 18.70268], [-69.86464, 18.70198], [-69.862, 18.70261], [-69.85971, 18.70095], [-69.8594, 18.69919], [-69.86007, 18.69754], [-69.85932, 18.69588], [-69.85848, 18.69497], [-69.85589, 18.69404], [-69.85601, 18.69267], [-69.85693, 18.69158], [-69.85819, 18.69142], [-69.85812, 18.69052], [-69.85593, 18.68885], [-69.85372, 18.68954], [-69.85338, 18.68916], [-69.85309, 18.68678], [-69.85474, 18.68475], [-69.8547, 18.68211], [-69.85346, 18.68133], [-69.85069, 18.68078], [-69.84828, 18.67836], [-69.84683, 18.67755], [-69.84372, 18.6714], [-69.84217, 18.6693], [-69.84109, 18.6686], [-69.84169, 18.6664], [-69.84126, 18.66505], [-69.83923, 18.66479], [-69.83747, 18.66524], [-69.83717, 18.65955], [-69.83605, 18.65792], [-69.83389, 18.65649], [-69.83376, 18.65447], [-69.83277, 18.65415], [-69.83203, 18.65493], [-69.83171, 18.65613], [-69.83048, 18.65698], [-69.83063, 18.65849], [-69.83023, 18.65897], [-69.82887, 18.65973], [-69.82517, 18.66016], [-69.82331, 18.66202], [-69.82146, 18.66171], [-69.82052, 18.65952], [-69.81921, 18.65869], [-69.81887, 18.65744], [-69.82018, 18.65686], [-69.82134, 18.65894], [-69.82282, 18.65862], [-69.82373, 18.65554], [-69.82345, 18.65492], [-69.82116, 18.65457], [-69.81869, 18.65332], [-69.81847, 18.6527], [-69.81884, 18.65093], [-69.82135, 18.64977], [-69.82139, 18.64721], [-69.82044, 18.64258], [-69.8213, 18.63986], [-69.82107, 18.63616], [-69.82232, 18.63423], [-69.82181, 18.63178], [-69.81874, 18.63018], [-69.81841, 18.6296], [-69.819, 18.62731], [-69.81862, 18.62684], [-69.81758, 18.62684], [-69.81549, 18.62519], [-69.81325, 18.62483], [-69.81106, 18.62536], [-69.80752, 18.62845], [-69.80521, 18.6257], [-69.80303, 18.62654], [-69.80259, 18.62639], [-69.80204, 18.62467], [-69.80127, 18.62566], [-69.79991, 18.62588], [-69.79677, 18.62156], [-69.79665, 18.61885], [-69.7939, 18.61605], [-69.79291, 18.61423], [-69.79334, 18.6124], [-69.79607, 18.61135], [-69.79574, 18.61062], [-69.79306, 18.61115], [-69.7913, 18.6097], [-69.79102, 18.60876], [-69.79161, 18.60574], [-69.79023, 18.60329], [-69.79023, 18.60199], [-69.79109, 18.5998], [-69.79092, 18.5975], [-69.79325, 18.59416], [-69.79347, 18.59285], [-69.79077, 18.58932], [-69.7897, 18.58254], [-69.7869, 18.57979], [-69.78641, 18.57816], [-69.78639, 18.57452], [-69.78537, 18.57558], [-69.78381, 18.57614], [-69.78299, 18.57847], [-69.77914, 18.57774], [-69.78003, 18.58021], [-69.77993, 18.58169], [-69.77833, 18.58202], [-69.77807, 18.58381], [-69.77718, 18.58398], [-69.77601, 18.58331], [-69.77485, 18.58382], [-69.77289, 18.58306], [-69.77271, 18.5846], [-69.77174, 18.58562], [-69.77165, 18.58699], [-69.76908, 18.58727], [-69.76807, 18.58957], [-69.76827, 18.5919], [-69.76876, 18.59219], [-69.76959, 18.59172], [-69.76993, 18.59244], [-69.76739, 18.59582], [-69.76705, 18.59572], [-69.76708, 18.59467], [-69.7658, 18.59446], [-69.76505, 18.59501], [-69.76456, 18.59641], [-69.7617, 18.59621], [-69.76076, 18.5975], [-69.75937, 18.5978], [-69.75843, 18.59715], [-69.75794, 18.59823], [-69.75585, 18.59732], [-69.75541, 18.59645], [-69.75428, 18.59717], [-69.7529, 18.59955], [-69.75328, 18.60174], [-69.75167, 18.60278], [-69.7519, 18.60458], [-69.75029, 18.60706], [-69.75004, 18.61048], [-69.74858, 18.61185], [-69.74825, 18.61411], [-69.74633, 18.61455], [-69.74506, 18.61571], [-69.74541, 18.6179], [-69.74421, 18.6197], [-69.7438, 18.62232], [-69.74419, 18.6248], [-69.74382, 18.62577], [-69.74228, 18.62764], [-69.74066, 18.62769], [-69.74002, 18.62871], [-69.73841, 18.62871], [-69.73841, 18.63067], [-69.73769, 18.63188], [-69.73584, 18.63226], [-69.7349, 18.63119], [-69.73403, 18.63138], [-69.73336, 18.63436], [-69.7289, 18.63427], [-69.72848, 18.63463], [-69.72826, 18.63556], [-69.72955, 18.63728], [-69.72959, 18.6384], [-69.72715, 18.63941], [-69.72562, 18.6424], [-69.72396, 18.64302], [-69.72325, 18.64403], [-69.72318, 18.6455], [-69.7222, 18.64575], [-69.72145, 18.64673], [-69.72106, 18.64677], [-69.72106, 18.64569], [-69.72161, 18.64282], [-69.72117, 18.64241], [-69.71962, 18.64358], [-69.71936, 18.64298], [-69.72016, 18.6423], [-69.71913, 18.64194], [-69.71926, 18.64096], [-69.71851, 18.64023], [-69.71643, 18.64115], [-69.71597, 18.64199], [-69.71416, 18.64207], [-69.71385, 18.64171], [-69.71555, 18.64015], [-69.71351, 18.63971], [-69.71173, 18.64175], [-69.70872, 18.64187], [-69.70801, 18.64266], [-69.70745, 18.64233], [-69.70738, 18.64107], [-69.70625, 18.64066], [-69.70657, 18.64001], [-69.70621, 18.63937], [-69.70414, 18.63992], [-69.70287, 18.63858], [-69.70238, 18.63944], [-69.70306, 18.64061], [-69.70233, 18.64151], [-69.70049, 18.64174], [-69.69789, 18.64008], [-69.69714, 18.6425], [-69.69396, 18.64023], [-69.68909, 18.64023], [-69.67876, 18.64574], [-69.67636, 18.64664], [-69.67303, 18.64627], [-69.6725, 18.64716], [-69.67131, 18.64754], [-69.66826, 18.65124], [-69.66759, 18.65111], [-69.66613, 18.65226], [-69.66134, 18.65329], [-69.66148, 18.6557], [-69.65989, 18.65761], [-69.65716, 18.65768], [-69.65536, 18.6585], [-69.65336, 18.65974], [-69.65257, 18.66132], [-69.64987, 18.66333], [-69.64682, 18.66387], [-69.64607, 18.66273], [-69.64441, 18.66254], [-69.64142, 18.66565], [-69.63223, 18.67146], [-69.63068, 18.6717], [-69.62024, 18.67636], [-69.61909, 18.67627], [-69.61809, 18.67708], [-69.61649, 18.67728], [-69.60196, 18.6643], [-69.59607, 18.65983], [-69.58948, 18.65646], [-69.58609, 18.65528], [-69.57613, 18.65292], [-69.57134, 18.65226], [-69.57077, 18.65207], [-69.57064, 18.65107], [-69.57161, 18.65032], [-69.57234, 18.64883], [-69.57453, 18.64859], [-69.57482, 18.64761], [-69.57619, 18.64686], [-69.57706, 18.64565], [-69.5771, 18.64277], [-69.57905, 18.6415], [-69.57938, 18.63964], [-69.58104, 18.6381], [-69.58078, 18.63582], [-69.58187, 18.63588], [-69.58194, 18.63542], [-69.58287, 18.63516], [-69.58298, 18.63578], [-69.5835, 18.63565], [-69.58453, 18.63433], [-69.58543, 18.63525], [-69.58612, 18.63505], [-69.58539, 18.63393], [-69.58664, 18.63399], [-69.58743, 18.63306], [-69.58719, 18.63217], [-69.58667, 18.63224], [-69.58686, 18.631], [-69.5876, 18.63074], [-69.58773, 18.6299], [-69.58944, 18.63025], [-69.58976, 18.62884], [-69.59054, 18.62862], [-69.5904, 18.6277], [-69.58924, 18.62656], [-69.58763, 18.62661], [-69.58693, 18.6252], [-69.58743, 18.62419], [-69.58854, 18.62414], [-69.58867, 18.62229], [-69.58683, 18.62344], [-69.58568, 18.62362], [-69.58462, 18.6224], [-69.58351, 18.62231], [-69.58342, 18.62359], [-69.5825, 18.62381], [-69.58205, 18.62662], [-69.58127, 18.62737], [-69.57868, 18.62699], [-69.57716, 18.62585], [-69.57599, 18.62211], [-69.57607, 18.61908], [-69.5769, 18.61789], [-69.57708, 18.61547], [-69.57841, 18.61441], [-69.58002, 18.61199], [-69.57996, 18.61032], [-69.58102, 18.60807], [-69.58327, 18.60692], [-69.58409, 18.60279], [-69.58259, 18.59673], [-69.58277, 18.59567], [-69.58235, 18.59497], [-69.58272, 18.59391], [-69.58037, 18.59379], [-69.57875, 18.59186], [-69.57805, 18.58975], [-69.57528, 18.58914], [-69.57398, 18.58638], [-69.57236, 18.58546], [-69.57314, 18.58383], [-69.57208, 18.58287], [-69.57258, 18.5804], [-69.57469, 18.5782], [-69.57473, 18.57701], [-69.57524, 18.57688], [-69.57649, 18.57789], [-69.57778, 18.57793], [-69.578, 18.57441], [-69.57942, 18.57326], [-69.57969, 18.57111], [-69.58116, 18.56978], [-69.58217, 18.56758], [-69.58381, 18.56664], [-69.58328, 18.5653], [-69.5839, 18.56491], [-69.58438, 18.56302], [-69.5851, 18.56328], [-69.58543, 18.56233], [-69.58661, 18.56173], [-69.58768, 18.55934], [-69.58758, 18.55843], [-69.58833, 18.55811], [-69.58911, 18.55649], [-69.58956, 18.55404], [-69.59138, 18.55215], [-69.59294, 18.55179], [-69.59409, 18.55211], [-69.59465, 18.55082], [-69.59424, 18.55002], [-69.59439, 18.5476], [-69.59504, 18.54712], [-69.59484, 18.54378], [-69.59567, 18.54281], [-69.59617, 18.54109], [-69.59529, 18.53978], [-69.59574, 18.53903], [-69.59699, 18.5385], [-69.59675, 18.53731], [-69.59914, 18.53506], [-69.59946, 18.53334], [-69.60314, 18.53223], [-69.60484, 18.52985], [-69.60632, 18.53077], [-69.60806, 18.52994], [-69.60951, 18.53016], [-69.61057, 18.52907], [-69.6137, 18.52765], [-69.61419, 18.52713], [-69.61413, 18.5257], [-69.6133, 18.52461], [-69.61327, 18.52382], [-69.61387, 18.5236], [-69.61407, 18.5227], [-69.61197, 18.52157], [-69.61015, 18.5216], [-69.60979, 18.52074], [-69.60836, 18.52015], [-69.60833, 18.51956], [-69.6075, 18.51914], [-69.60768, 18.51845], [-69.607, 18.51724], [-69.60612, 18.51754], [-69.60482, 18.51715], [-69.60387, 18.51792], [-69.60411, 18.51987], [-69.60338, 18.52076], [-69.60136, 18.5199], [-69.60143, 18.51933], [-69.60086, 18.51909], [-69.60063, 18.51793], [-69.59998, 18.51736], [-69.60034, 18.51649], [-69.59971, 18.51644], [-69.59838, 18.51403], [-69.59871, 18.51232], [-69.59928, 18.51182], [-69.59896, 18.50935], [-69.59738, 18.50906], [-69.59735, 18.50822], [-69.5981, 18.50732], [-69.59942, 18.50764], [-69.59916, 18.50633], [-69.59849, 18.50638], [-69.5997, 18.50507], [-69.59864, 18.50458], [-69.59886, 18.50287], [-69.59798, 18.50305], [-69.59754, 18.50179], [-69.59845, 18.50025], [-69.59864, 18.49713], [-69.5937, 18.495], [-69.59063, 18.49149], [-69.58686, 18.48908], [-69.57401, 18.48293], [-69.56624, 18.48058], [-69.55946, 18.47642], [-69.54368, 18.47561], [-69.53623, 18.47447], [-69.51499, 18.4748], [-69.51489, 18.46578], [-69.52322, 18.46566], [-69.52122, 18.42317], [-69.52121, 18.4038], [-69.52475, 18.40392], [-69.53821, 18.40625], [-69.54693, 18.40905], [-69.55001, 18.41192], [-69.55652, 18.41667], [-69.55895, 18.41748], [-69.55973, 18.41822], [-69.55967, 18.41902], [-69.56057, 18.41884], [-69.56331, 18.42003], [-69.56403, 18.42168], [-69.56463, 18.42191], [-69.56374, 18.42236], [-69.56404, 18.4227], [-69.56493, 18.42276], [-69.56487, 18.42333], [-69.56577, 18.42395], [-69.56619, 18.42372], [-69.5677, 18.42435], [-69.56736, 18.4249], [-69.56767, 18.42602], [-69.56704, 18.4273], [-69.56925, 18.42694], [-69.57006, 18.42742], [-69.56932, 18.42816], [-69.56972, 18.42832], [-69.57009, 18.43006], [-69.56989, 18.43168], [-69.57118, 18.43213], [-69.57308, 18.43387], [-69.57443, 18.43373], [-69.57512, 18.43664], [-69.57566, 18.43689], [-69.57627, 18.43676], [-69.57647, 18.43618], [-69.57748, 18.43618], [-69.57858, 18.43806], [-69.57985, 18.43917], [-69.58934, 18.44534], [-69.59286, 18.44671], [-69.59707, 18.44736], [-69.59756, 18.44799], [-69.59866, 18.4477], [-69.60315, 18.44814], [-69.6041, 18.448], [-69.60506, 18.44702], [-69.60593, 18.44727], [-69.6105, 18.44631], [-69.61481, 18.44677], [-69.61527, 18.44768], [-69.62111, 18.44764], [-69.6274, 18.44426], [-69.62824, 18.44149], [-69.62965, 18.44225], [-69.63145, 18.43974], [-69.63267, 18.43883], [-69.63276, 18.43444], [-69.62715, 18.40971], [-69.62703, 18.40615], [-69.62761, 18.40423], [-69.62964, 18.40167], [-69.63229, 18.4005], [-69.63436, 18.40024], [-69.63825, 18.40077], [-69.64705, 18.40462], [-69.66342, 18.40767], [-69.66729, 18.4094], [-69.67171, 18.41392], [-69.67403, 18.41767], [-69.67584, 18.41967], [-69.67863, 18.42592], [-69.67894, 18.42775], [-69.68044, 18.42956], [-69.68158, 18.43283], [-69.68222, 18.43826], [-69.68234, 18.44383], [-69.68183, 18.4453], [-69.68319, 18.44736], [-69.68566, 18.44917], [-69.69812, 18.45367], [-69.71383, 18.45535], [-69.72835, 18.45971], [-69.7409, 18.4623], [-69.7677, 18.46366], [-69.77893, 18.46455], [-69.77976, 18.46515], [-69.78568, 18.46564], [-69.7867, 18.46483], [-69.79041, 18.46579], [-69.79131, 18.46518], [-69.7926, 18.46562], [-69.7939, 18.46513], [-69.79466, 18.4655], [-69.7952, 18.46506], [-69.79878, 18.46498], [-69.80132, 18.46404], [-69.80318, 18.4644], [-69.80456, 18.46383], [-69.80638, 18.46448], [-69.80791, 18.46383], [-69.81348, 18.46401], [-69.8198, 18.46458], [-69.82461, 18.4657], [-69.82593, 18.46675], [-69.82757, 18.46699], [-69.82858, 18.46818], [-69.83274, 18.46871], [-69.83768, 18.46745], [-69.84224, 18.46751], [-69.84344, 18.468], [-69.84371, 18.46766], [-69.84512, 18.46782], [-69.84552, 18.46822], [-69.84626, 18.46773], [-69.8487, 18.46763], [-69.84954, 18.46806], [-69.85024, 18.46755], [-69.85138, 18.46771], [-69.85196, 18.4683], [-69.85483, 18.4682], [-69.85705, 18.46867], [-69.8577, 18.46819], [-69.86023, 18.46837], [-69.8643, 18.46732], [-69.86614, 18.46811], [-69.8691, 18.46688], [-69.87203, 18.46666], [-69.87311, 18.4658], [-69.87404, 18.46577], [-69.87467, 18.46482], [-69.87661, 18.46371], [-69.87663, 18.46658], [-69.87839, 18.46711], [-69.88273, 18.46593], [-69.88537, 18.4636], [-69.88531, 18.46409], [-69.88058, 18.46807], [-69.87668, 18.46732], [-69.87614, 18.4691], [-69.87724, 18.47212], [-69.87805, 18.47247], [-69.87847, 18.47215], [-69.8782, 18.47255], [-69.88048, 18.47489], [-69.88007, 18.4776], [-69.8823, 18.48031], [-69.88288, 18.48413], [-69.88279, 18.4864], [-69.88181, 18.49005], [-69.8767, 18.49514], [-69.87472, 18.49874], [-69.87495, 18.50216], [-69.87648, 18.50569], [-69.87787, 18.5073], [-69.8878, 18.5122], [-69.8912, 18.51249], [-69.89755, 18.51443], [-69.90247, 18.51087], [-69.90648, 18.50968], [-69.90899, 18.50963], [-69.91313, 18.51131], [-69.91535, 18.5113], [-69.91746, 18.51034], [-69.92145, 18.50958], [-69.92666, 18.51179], [-69.93056, 18.51418], [-69.9324, 18.51654], [-69.93246, 18.5186], [-69.93476, 18.52028], [-69.9363, 18.52078], [-69.93916, 18.52039], [-69.94089, 18.51931], [-69.9457, 18.51403], [-69.94816, 18.51416], [-69.95696, 18.51902], [-69.95983, 18.52196], [-69.96049, 18.52337], [-69.96062, 18.52891], [-69.95911, 18.53201], [-69.95998, 18.53576], [-69.96208, 18.53668], [-69.96145, 18.53807], [-69.96187, 18.53948], [-69.96382, 18.54102], [-69.96608, 18.54131], [-69.96836, 18.54449], [-69.97194, 18.54432], [-69.97197, 18.54576], [-69.9749, 18.54529], [-69.98041, 18.54759], [-69.98094, 18.54731], [-69.98108, 18.5455], [-69.98207, 18.5429], [-69.98667, 18.54416], [-69.98679, 18.54259], [-69.98937, 18.54314], [-69.99192, 18.54136], [-69.99107, 18.54006], [-69.9898, 18.53602], [-69.99214, 18.53506], [-69.99032, 18.53331], [-69.99014, 18.53052], [-69.99208, 18.53031], [-69.99527, 18.52725], [-69.99283, 18.52331], [-69.98962, 18.52347], [-69.98959, 18.51206], [-69.99141, 18.51027], [-69.9923, 18.50745], [-69.99701, 18.50768], [-69.99903, 18.50588], [-69.99924, 18.50465], [-69.99866, 18.50381], [-69.99886, 18.50277], [-69.98231, 18.49026], [-69.9718, 18.4802], [-69.96992, 18.4792], [-69.96764, 18.47899], [-69.96907, 18.46202], [-69.97212, 18.45392], [-69.97395, 18.45125], [-69.97386, 18.45036], [-69.97311, 18.44982], [-69.97567, 18.44777], [-69.97845, 18.44116], [-69.98437, 18.43404], [-69.99014, 18.4291], [-69.99031, 18.42785], [-69.98902, 18.42553], [-69.98872, 18.4227], [-69.99329, 18.42116], [-69.99602, 18.42176], [-69.99712, 18.42142], [-70.00126, 18.42371], [-70.00391, 18.423], [-70.00563, 18.42489], [-70.01024, 18.4222], [-70.01543, 18.41806], [-70.01578, 18.41414], [-70.01662, 18.41311], [-70.01621, 18.41681], [-70.0168, 18.41781], [-70.01731, 18.4177], [-70.01743, 18.41836], [-70.01483, 18.42114], [-70.01626, 18.42244], [-70.0178, 18.42106], [-70.01864, 18.42135], [-70.01925, 18.42085], [-70.01848, 18.4261], [-70.01775, 18.42716], [-70.01625, 18.42787], [-70.00823, 18.42899], [-70.00649, 18.43057], [-70.00606, 18.43311], [-70.00723, 18.43745], [-70.00664, 18.44307], [-70.00587, 18.44466], [-70.00254, 18.44579], [-70.00205, 18.44763], [-70.00274, 18.44931], [-70.00667, 18.45056], [-70.01064, 18.45339], [-70.01008, 18.4548], [-70.00763, 18.45744], [-70.00931, 18.46036], [-70.01035, 18.46121], [-70.01194, 18.45971], [-70.01379, 18.45908], [-70.01484, 18.45934], [-70.01558, 18.46035], [-70.01528, 18.4624], [-70.01315, 18.46489], [-70.01293, 18.47103], [-70.01348, 18.47644], [-70.01916, 18.47638], [-70.02104, 18.46908], [-70.02221, 18.46646], [-70.02422, 18.46524], [-70.02575, 18.46296], [-70.02872, 18.46124], [-70.03071, 18.46225], [-70.03357, 18.46195], [-70.03705, 18.46615], [-70.03902, 18.46659], [-70.04154, 18.46832], [-70.04344, 18.47061], [-70.04392, 18.47507], [-70.04826, 18.47717], [-70.05154, 18.47652], [-70.05597, 18.47256], [-70.05913, 18.47242], [-70.06205, 18.46961], [-70.06253, 18.4669], [-70.06209, 18.46653], [-70.06227, 18.46594], [-70.06327, 18.46482], [-70.06463, 18.46431], [-70.06592, 18.46462], [-70.06841, 18.4698], [-70.06712, 18.47447], [-70.06508, 18.47541], [-70.06392, 18.47667], [-70.06357, 18.47862], [-70.06415, 18.47998], [-70.06485, 18.4813], [-70.06538, 18.48137], [-70.06858, 18.48006], [-70.07212, 18.4799], [-70.07297, 18.48029], [-70.0736, 18.48131], [-70.07344, 18.48327], [-70.07264, 18.4843], [-70.06571, 18.48743], [-70.06392, 18.49114], [-70.06425, 18.49322], [-70.065, 18.49406], [-70.06782, 18.49506], [-70.07025, 18.49697], [-70.07067, 18.49986], [-70.07228, 18.5022], [-70.07189, 18.5045], [-70.07223, 18.50614], [-70.07109, 18.50838], [-70.07102, 18.5099], [-70.07125, 18.51376], [-70.07233, 18.51575], [-70.07463, 18.51742], [-70.0807, 18.51836], [-70.0827, 18.52022], [-70.08435, 18.52227], [-70.08458, 18.52392], [-70.08598, 18.5252], [-70.08611, 18.527], [-70.08757, 18.53066], [-70.09215, 18.53496], [-70.09414, 18.53475], [-70.09643, 18.53182], [-70.09672, 18.53026], [-70.09388, 18.52659], [-70.09604, 18.5243], [-70.09735, 18.5239], [-70.09988, 18.52437], [-70.10399, 18.52661], [-70.10753, 18.52773], [-70.11256, 18.52575], [-70.11393, 18.52315], [-70.11582, 18.52323], [-70.1172, 18.52401], [-70.12112, 18.52426], [-70.12476, 18.52632], [-70.12515, 18.52915], [-70.1233, 18.53127], [-70.11969, 18.54053], [-70.11885, 18.54144], [-70.1191, 18.5424], [-70.1219, 18.54411], [-70.12324, 18.54357], [-70.1239, 18.5449], [-70.12581, 18.54596], [-70.1258, 18.5468], [-70.12491, 18.54745], [-70.1252, 18.54791], [-70.12402, 18.54912], [-70.12387, 18.55074], [-70.12839, 18.5546], [-70.13081, 18.5579], [-70.13282, 18.55941], [-70.13278, 18.56005], [-70.1289, 18.56339], [-70.12797, 18.56572], [-70.13001, 18.56615], [-70.13246, 18.56475], [-70.13426, 18.56433], [-70.13743, 18.56611], [-70.13915, 18.56917], [-70.13891, 18.57063], [-70.13742, 18.57318], [-70.13742, 18.57489], [-70.13816, 18.57645], [-70.14485, 18.58335], [-70.14721, 18.58465], [-70.14791, 18.58573], [-70.14911, 18.58806], [-70.14874, 18.59144], [-70.14912, 18.59405], [-70.15287, 18.59458], [-70.15203, 18.59664], [-70.14747, 18.60006], [-70.14684, 18.6027], [-70.14813, 18.6041], [-70.1464, 18.60569], [-70.14596, 18.60804], [-70.14671, 18.61647], [-70.14742, 18.61805], [-70.14968, 18.62071], [-70.15103, 18.62369], [-70.15118, 18.62507], [-70.1503, 18.62828], [-70.14856, 18.63047], [-70.14691, 18.63101], [-70.14613, 18.63099], [-70.1416, 18.62864], [-70.13572, 18.62806], [-70.13306, 18.6283], [-70.13052, 18.63015], [-70.12857, 18.63042], [-70.12696, 18.62989], [-70.12583, 18.63075], [-70.1268, 18.63149], [-70.12831, 18.63152], [-70.12975, 18.6322], [-70.13184, 18.63369], [-70.13454, 18.63358], [-70.13474, 18.63287], [-70.13555, 18.63278], [-70.13676, 18.63419], [-70.13838, 18.63406], [-70.13856, 18.63474], [-70.13758, 18.6353], [-70.13739, 18.63641], [-70.13945, 18.63643], [-70.13803, 18.63856], [-70.13856, 18.63932], [-70.13713, 18.6395], [-70.13704, 18.64043], [-70.13843, 18.64098], [-70.13898, 18.64243], [-70.14272, 18.64514], [-70.14037, 18.64704], [-70.14261, 18.64738], [-70.14356, 18.64864], [-70.14309, 18.6506], [-70.14431, 18.65069], [-70.14485, 18.65146], [-70.14393, 18.65344], [-70.14482, 18.65383], [-70.1456, 18.65285], [-70.14915, 18.65474], [-70.14962, 18.65583], [-70.1507, 18.65559], [-70.15076, 18.65671], [-70.15148, 18.65688], [-70.15202, 18.65819], [-70.15298, 18.65858], [-70.15247, 18.66044], [-70.15536, 18.66053], [-70.15478, 18.66123], [-70.15534, 18.6632], [-70.15434, 18.66408], [-70.15336, 18.66356], [-70.15247, 18.66386], [-70.15248, 18.66463], [-70.15405, 18.66592], [-70.15337, 18.66741], [-70.15351, 18.6688], [-70.15531, 18.66933], [-70.15445, 18.67165], [-70.15581, 18.67264], [-70.15553, 18.67341], [-70.15411, 18.67341], [-70.15303, 18.67559], [-70.1527, 18.67981], [-70.15368, 18.68045], [-70.15488, 18.67997], [-70.15546, 18.68087], [-70.15524, 18.68323], [-70.15686, 18.68626], [-70.15602, 18.68957], [-70.15775, 18.68953], [-70.15789, 18.69082], [-70.16035, 18.69329], [-70.15977, 18.6936], [-70.15973, 18.6942], [-70.16041, 18.69493], [-70.15918, 18.69529], [-70.1593, 18.69628], [-70.15789, 18.69785], [-70.15961, 18.6991], [-70.1615, 18.70188], [-70.16247, 18.70236], [-70.1644, 18.70846], [-70.16577, 18.70989], [-70.16791, 18.71082], [-70.16806, 18.71153], [-70.1687, 18.71131], [-70.16973, 18.71266], [-70.17189, 18.71322], [-70.17545, 18.72027], [-70.17485, 18.72143], [-70.17508, 18.72282], [-70.17356, 18.72459], [-70.17074, 18.72529], [-70.16379, 18.7285], [-70.16025, 18.72852], [-70.15951, 18.72782], [-70.15793, 18.72783], [-70.15542, 18.72855], [-70.15114, 18.72831], [-70.14966, 18.72877], [-70.14445, 18.72853], [-70.14089, 18.72891]]]]}}]}
