{"type": "FeatureCollection", "name": "regiones_salud_rd", "crs": {"type": "name", "properties": {"name": "urn:ogc:def:crs:OGC:1.3:CRS84"}}, "features": [{"type": "Feature", "properties": {"COD_REGION": "0", "REGION": "Región 0", "NOMBRE_REGION": "Metropolitana", "N_PROVINCIAS": 3}, "geometry": {"type": "MultiPolygon", "coordinates": [[[[-70.24885928975074, 18.830149844906142], [-70.2470116097254, 18.832974402926123], [-70.24664581301334, 18.835449308906497], [-70.24784939083361, 18.83760013368271], [-70.24748939222371, 18.840439591078653], [-70.24620981131018, 18.84115942374688], [-70.24172749562604, 18.841712879592148], [-70.23849995166805, 18.843159360065293], [-70.23536219756825, 18.842307285456716], [-70.23330702833131, 18.84253286084924], [-70.23057986922225, 18.84371939826253], [-70.22758849081247, 18.843779492683563], [-70.22326959141284, 18.846208868610514], [-70.22275937701097, 18.84744963707199], [-70.21901077123033, 18.851566172669138], [-70.21750957993544, 18.856379502004366], [-70.21345285722109, 18.856936373846857], [-70.21066958859977, 18.859029304971276], [-70.2061181731712, 18.861077361814672], [-70.20417965497762, 18.863479603455797], [-70.20142185182613, 18.865112465326142], [-70.19819973845, 18.868139578663598], [-70.1969175543385, 18.86857274204948], [-70.19543738896093, 18.869967744575757], [-70.19487074030044, 18.87120636089421], [-70.19512935495442, 18.872189822934622], [-70.19407861185492, 18.87315151629502], [-70.19364956403345, 18.874659292900162], [-70.19177129749542, 18.87431646396077], [-70.19078002745759, 18.87523911003711], [-70.18889067288767, 18.872959696620576], [-70.1886613856176, 18.871998840649855], [-70.18773052681252, 18.871479630169482], [-70.18735823106296, 18.86955181388067], [-70.1858503383506, 18.868999475419812], [-70.18496683751945, 18.868106068130018], [-70.18277761175673, 18.867549104113017], [-70.18118055570487, 18.867864131243117], [-70.17947975623892, 18.869319598601095], [-70.17620995315426, 18.87059935322231], [-70.17173012300007, 18.87000947505757], [-70.1694904174531, 18.867867891358937], [-70.16603976503679, 18.870379620017253], [-70.16243076038351, 18.87184354342375], [-70.16013972748405, 18.873539418740947], [-70.15839992877417, 18.87395952672915], [-70.15450247825305, 18.873860319136906], [-70.15228038672485, 18.87285955242888], [-70.15103994406049, 18.87100128812299], [-70.14886031452474, 18.870309545836232], [-70.14696231708156, 18.86770855746907], [-70.14493484688344, 18.866563813629785], [-70.14097254937258, 18.86691877667664], [-70.1368998078871, 18.868989431331315], [-70.13447000189296, 18.86942947346763], [-70.1301201261549, 18.868609549144885], [-70.12717041491995, 18.867199402805355], [-70.12564192047212, 18.8658004348065], [-70.12207013647303, 18.866419427640416], [-70.12070035910946, 18.865395548738274], [-70.11891639789572, 18.865119888305216], [-70.11823561882453, 18.865538469897093], [-70.11771937727448, 18.867489729383458], [-70.11577190184609, 18.870560974685688], [-70.11404432686938, 18.874927682927524], [-70.11506291503655, 18.882609280071158], [-70.11725927520727, 18.888609595808727], [-70.11599009770661, 18.88886943457357], [-70.11291195465488, 18.887010135655768], [-70.11158820075526, 18.88690447413024], [-70.10968670173393, 18.888435513451558], [-70.10826977432181, 18.890989280304865], [-70.10229024690175, 18.888029594348463], [-70.0990433435275, 18.8852013999719], [-70.09327194067974, 18.884035806617437], [-70.09209069484152, 18.884829982297], [-70.0915295900219, 18.88617947049654], [-70.08997610997355, 18.886384759286422], [-70.08757014200593, 18.887539277048628], [-70.08683184274388, 18.88677304380248], [-70.08616293458554, 18.88680930172314], [-70.08481859956511, 18.88856967431006], [-70.08520929483429, 18.89022951665666], [-70.07999592157529, 18.890759916334986], [-70.07849002100153, 18.89138936784588], [-70.07543061716706, 18.889839589533228], [-70.07521213878444, 18.887359242099393], [-70.07343039491664, 18.88579967509666], [-70.07112248359167, 18.881708870323997], [-70.0671043610643, 18.879822205967294], [-70.06219012563194, 18.879939488666693], [-70.05972626326924, 18.878651516861197], [-70.05648992121826, 18.8810593939831], [-70.05322944705392, 18.880220305491928], [-70.04918915624442, 18.880814336927124], [-70.04621953490398, 18.88562963016703], [-70.04174974124166, 18.889819490959457], [-70.0392851885718, 18.89036865156832], [-70.03871946578018, 18.892349684352634], [-70.0375002782567, 18.893468953166114], [-70.03662864126287, 18.8908031414171], [-70.03532083867434, 18.890029769097325], [-70.03600149148215, 18.88884278294892], [-70.03581320169319, 18.88832052991138], [-70.02929131695076, 18.886781905935784], [-70.02565948542966, 18.90615977268619], [-70.02485964869142, 18.90720957112042], [-70.02261983749598, 18.908299578379285], [-70.01870487651705, 18.909167364662938], [-70.01755755358404, 18.911204686976735], [-70.01707949149323, 18.91510964071824], [-70.01602994982923, 18.915779327866577], [-70.01475045434819, 18.915209530309095], [-70.01389242095867, 18.91346570728834], [-70.01241487565935, 18.91213868869092], [-70.00665016359898, 18.91012962794929], [-70.00350057314029, 18.908429625376296], [-70.00333081668508, 18.906360073149397], [-70.00444130043282, 18.90218345722559], [-70.00436917524807, 18.899912652527856], [-70.00321672326277, 18.89758696592763], [-69.99763064237105, 18.893519785990314], [-69.99862998823859, 18.890238997931654], [-69.99817453889112, 18.88811724772634], [-69.9929308906746, 18.887421168512272], [-69.98731994369405, 18.889079363386134], [-69.9829399329569, 18.888603989074127], [-69.98121257121616, 18.889662587181835], [-69.9784695346743, 18.893499427201792], [-69.9772399548768, 18.89403938375193], [-69.97316493742947, 18.892945831048543], [-69.96912991620685, 18.89386932261031], [-69.96594229093868, 18.89398803467928], [-69.96376963442597, 18.89723938372369], [-69.96071539921714, 18.89746864307521], [-69.95992969996715, 18.898319384470284], [-69.95873551951786, 18.898355987669486], [-69.95711409461875, 18.900215761203857], [-69.95660950716201, 18.90220951066973], [-69.95318094776178, 18.90418652556233], [-69.95345935975297, 18.912019832404177], [-69.95229682108815, 18.913333902862412], [-69.95230932686104, 18.915459799655164], [-69.9515424736923, 18.916616975551815], [-69.9515193918842, 18.917769534793642], [-69.94768060108545, 18.918813133765607], [-69.94668419727279, 18.919676241647004], [-69.9464094611047, 18.922179624632566], [-69.9437398701727, 18.92353098867588], [-69.9433195033788, 18.925799758788855], [-69.94272972369045, 18.926556258019506], [-69.94269943542393, 18.928529660735876], [-69.9420201196461, 18.92889923977155], [-69.9409540751681, 18.927949758311335], [-69.94003687269233, 18.928300052521166], [-69.93867666706018, 18.93082201448418], [-69.93732947893807, 18.93642957573863], [-69.9362768499176, 18.93708937758032], [-69.93668931326097, 18.939019753474764], [-69.9347900279703, 18.93931160364517], [-69.93477940476491, 18.942139483626597], [-69.9333625128921, 18.942701063231425], [-69.93427910323622, 18.943560127580845], [-69.93204579070101, 18.945886974639315], [-69.93301931811537, 18.947999923554292], [-69.93165930790616, 18.94886759801002], [-69.93146934037104, 18.950659698415077], [-69.9298313377922, 18.95167659996042], [-69.92911964933963, 18.953709546067085], [-69.92721001186057, 18.95446949953374], [-69.92645366411489, 18.955458219447067], [-69.92729936989174, 18.957380011318744], [-69.92599621616873, 18.960032007839743], [-69.92632932631159, 18.962199908510314], [-69.92522951977722, 18.964519557476013], [-69.92342892066867, 18.965689566130703], [-69.92362008175554, 18.966286990792778], [-69.92443926357659, 18.966320649607024], [-69.92426947364822, 18.96707958509723], [-69.92240030497217, 18.968340486750126], [-69.92270725902651, 18.970369249762868], [-69.92377949469316, 18.97103035731966], [-69.92401683136484, 18.972321353052006], [-69.92553959223555, 18.973590330396696], [-69.92644942774018, 18.975570058401132], [-69.92625118617445, 18.976839621477527], [-69.92728922163282, 18.97810994262593], [-69.92600998931957, 18.979257239877956], [-69.92511960782218, 18.981289524572528], [-69.92379481745117, 18.981730584480054], [-69.9240693445031, 18.98316978948884], [-69.92319258890365, 18.984010660930164], [-69.92351929109245, 18.98498974702715], [-69.9220248690182, 18.985851042434767], [-69.921661559034, 18.987386952988174], [-69.92341084898366, 18.99034057888845], [-69.92755971134598, 18.992310601937064], [-69.92863560123772, 18.9935113955506], [-69.93094951163367, 18.994850537538454], [-69.9320893417901, 18.996450283157525], [-69.93275938445922, 18.9998698779701], [-69.93081736143199, 19.002808845342223], [-69.93002954613141, 19.005639481529247], [-69.92940236340579, 19.005829299361622], [-69.92887533880516, 19.006842947307497], [-69.9303862706635, 19.00917625801198], [-69.93129960412743, 19.009350589012698], [-69.93160925944451, 19.01010983302526], [-69.93080567033897, 19.01095097457266], [-69.931139144539, 19.012009433810594], [-69.92986521892135, 19.012121687704184], [-69.92975936262349, 19.012989761960966], [-69.92719071018625, 19.01507323086985], [-69.92746937366925, 19.016509903016917], [-69.92450965194786, 19.020539695032756], [-69.92224107731364, 19.02176615765145], [-69.92235928167779, 19.024049878775397], [-69.92127951131563, 19.026379602768298], [-69.92085040142291, 19.02669901243506], [-69.92034007907237, 19.025147135976532], [-69.91901314919262, 19.025598010861682], [-69.91795016687207, 19.027558829364025], [-69.91789952912697, 19.028619706656592], [-69.91609392788351, 19.029616636236394], [-69.91635242640044, 19.031221172550694], [-69.91716923343371, 19.032159973182853], [-69.91567645659208, 19.03301522000739], [-69.9150633478459, 19.03417119154831], [-69.9143525442756, 19.037300312000234], [-69.91428942505925, 19.040159678961025], [-69.91349982561884, 19.040669376383132], [-69.91181220280478, 19.04077411477301], [-69.9114194671757, 19.043479564746498], [-69.91088386058429, 19.043908135339514], [-69.91099934791987, 19.04486952930565], [-69.90919360664655, 19.04523582178655], [-69.90715965087662, 19.04776966774437], [-69.90480984808403, 19.04949939967511], [-69.90199376049637, 19.049117544789706], [-69.89896007118602, 19.04965938750059], [-69.89639811251047, 19.04858625997838], [-69.88697010566273, 19.049119313670698], [-69.88110954884206, 19.046909959227175], [-69.87911993590104, 19.04737937520975], [-69.87661036611438, 19.04725947887774], [-69.87576429772034, 19.045310647818642], [-69.87367665841299, 19.04407198387447], [-69.8700750318945, 19.044444331086808], [-69.86940701928607, 19.045247780312497], [-69.86957946482885, 19.046779923927012], [-69.86808924546318, 19.0497231261379], [-69.86787980087642, 19.053475177003673], [-69.87136201456167, 19.061733889934057], [-69.87529940386861, 19.066280371345055], [-69.87577935108392, 19.067419943162122], [-69.8752695644892, 19.068209529568726], [-69.87238046202637, 19.069903976349405], [-69.87163586730514, 19.078060287591356], [-69.87203198394462, 19.07910364384495], [-69.87600940585978, 19.083680370481666], [-69.87654933114814, 19.084960095630976], [-69.87640947203509, 19.08616950511693], [-69.87520013507208, 19.08638928840687], [-69.86947406236635, 19.08316065375232], [-69.86684954774798, 19.089059597627692], [-69.86556983082534, 19.089769324527083], [-69.86429023519416, 19.08974931838772], [-69.861928484857, 19.087962523889242], [-69.85855039282376, 19.086399586786612], [-69.85608050738182, 19.081689791819013], [-69.85521389795973, 19.078880378943587], [-69.85438047365375, 19.077650855166514], [-69.85366769789991, 19.077408038050958], [-69.8519753180889, 19.078102584928153], [-69.85074963491066, 19.080579360467436], [-69.8470207891527, 19.08027342673018], [-69.84522837973516, 19.080574735784538], [-69.84059986752298, 19.084059437546387], [-69.83825297187208, 19.083650462069013], [-69.83633972055759, 19.08478943586749], [-69.83497012451762, 19.084949430026374], [-69.83053477041679, 19.082375648173077], [-69.82536987683548, 19.085739345781523], [-69.82491044313448, 19.085639483980295], [-69.82393599173844, 19.083257835487377], [-69.82006297041224, 19.081006951514272], [-69.81792863295368, 19.081255681215954], [-69.81608978627374, 19.08255935039601], [-69.81392016862176, 19.082579417764585], [-69.80914069855902, 19.079507915141413], [-69.8050114373645, 19.079561376354928], [-69.80148169045484, 19.081122844855788], [-69.79825257741557, 19.083582646983302], [-69.79513542013139, 19.08746522235287], [-69.79503947819464, 19.089699823368854], [-69.79070955862507, 19.09522947398897], [-69.78557023488702, 19.09796922537612], [-69.78367924531445, 19.09452807047484], [-69.78212362139051, 19.09390083700459], [-69.78096856453442, 19.094052403471583], [-69.77846782843466, 19.096410348413773], [-69.77761953979254, 19.099739676168102], [-69.77509990292361, 19.101419401227606], [-69.76656067657042, 19.09908837609974], [-69.75592007367602, 19.097589660995197], [-69.75038537887541, 19.09595046522907], [-69.74331400873055, 19.0961484173589], [-69.7336303992681, 19.095189492593658], [-69.73193508028072, 19.092331964782648], [-69.72845744147632, 19.090143069411603], [-69.72304935954453, 19.088443390682674], [-69.7190302193611, 19.088159354950754], [-69.71784049320432, 19.08736951623917], [-69.71667655703826, 19.085582889179246], [-69.71435907930143, 19.083976087662112], [-69.7088502214879, 19.082169583036844], [-69.70691056814887, 19.0806594778675], [-69.70484518539705, 19.077487965972274], [-69.70236045290999, 19.071999883067157], [-69.70193290179233, 19.066696036211713], [-69.70097052624537, 19.06245998985133], [-69.70185688273658, 19.058679625813852], [-69.70190749713979, 19.05222737749697], [-69.70049133865597, 19.0484864276988], [-69.69617971827181, 19.04251799549952], [-69.69360892839568, 19.039731157731698], [-69.68977372255358, 19.03670898312411], [-69.68004018972447, 19.033469560005052], [-69.67571112918287, 19.03113086239138], [-69.67173032452472, 19.027029732916322], [-69.66477658421596, 19.017009488460637], [-69.66331004473506, 19.013046082651165], [-69.66052665970673, 19.012595049148924], [-69.65313017811565, 19.009849619055732], [-69.63341481726087, 18.996326649483414], [-69.62862931720704, 18.993791595946178], [-69.61998004050456, 18.99091333910544], [-69.61869422450728, 18.99010494121647], [-69.61737443603909, 18.98996451321222], [-69.61301012540918, 18.991449299573926], [-69.61018738125071, 18.989157025375533], [-69.60824297546925, 18.988337285482693], [-69.60388006905661, 18.988979330708016], [-69.59786011462366, 18.986719583794184], [-69.59368013437643, 18.986299343049836], [-69.58962804346544, 18.98503080290962], [-69.57722996213569, 18.984434429692193], [-69.57369049424926, 18.982469382346707], [-69.57159746738506, 18.98013393441173], [-69.56957025234836, 18.979509526494294], [-69.56506914671336, 18.975381080529445], [-69.5629665662073, 18.973961593309266], [-69.56213015462698, 18.97390948429424], [-69.55836109656943, 18.97118801418903], [-69.55683457654904, 18.968495105435576], [-69.5549303325392, 18.967999507595515], [-69.55350673572849, 18.96597253219999], [-69.55207007550027, 18.96607938758945], [-69.54830034678636, 18.96490940435576], [-69.5469405508962, 18.96287985197966], [-69.54700073275819, 18.960192001096246], [-69.54342042789021, 18.956858758906957], [-69.539528497734, 18.952291540581687], [-69.53855492886153, 18.95158349042529], [-69.53502026721529, 18.951699330121194], [-69.53208169320452, 18.94713757716143], [-69.52805023027933, 18.94654925222938], [-69.52640037784086, 18.945719590709608], [-69.5241191097106, 18.94198485357736], [-69.51760594067672, 18.936267601788643], [-69.51671720484225, 18.936070828180522], [-69.51546787254355, 18.936950557863305], [-69.51150689934283, 18.946173895755052], [-69.5092996319287, 18.949819731515603], [-69.50798979206687, 18.951089399258016], [-69.50616020420107, 18.950899490138482], [-69.50510049659916, 18.95007967577439], [-69.50393706814337, 18.94566929437755], [-69.50065044199478, 18.94326955166262], [-69.49552142979404, 18.93641823677077], [-69.49304040654566, 18.93441961844753], [-69.4906629240512, 18.93104757042466], [-69.48321610998715, 18.92464105458895], [-69.47866043399895, 18.922019460856152], [-69.47562411083959, 18.91866869784976], [-69.47423135689279, 18.917786664535555], [-69.46234019075929, 18.914779571955133], [-69.45922589033532, 18.91270016636919], [-69.45570046467458, 18.912059435312223], [-69.45493168027366, 18.910275288419143], [-69.449634599362, 18.90613537125945], [-69.44828051988604, 18.905819460773532], [-69.44757691141152, 18.90334391632153], [-69.4456302918054, 18.90304945346909], [-69.44494068128505, 18.90221965077193], [-69.44422399204149, 18.89961429877202], [-69.44195045118451, 18.898519451370444], [-69.43881742916051, 18.894137555426607], [-69.43653022954925, 18.893379554580093], [-69.43340061144052, 18.890979660306385], [-69.43305774308902, 18.88870035070883], [-69.43110029053845, 18.888279288675594], [-69.42616681977073, 18.88484997162991], [-69.42295982977583, 18.884575934862468], [-69.42237505144766, 18.88520870728612], [-69.42248123418801, 18.886212726469306], [-69.42509947226822, 18.888430266552856], [-69.42527936234096, 18.88920969681791], [-69.42472983439677, 18.889479354050916], [-69.41070012998631, 18.89011945572458], [-69.4095504783287, 18.889469648744953], [-69.40860369893556, 18.886256664443117], [-69.40371338130791, 18.88618201295816], [-69.40125001858499, 18.888089228355238], [-69.39995465115422, 18.886969510191083], [-69.39828614619711, 18.886477267475332], [-69.39557980727936, 18.88766927344416], [-69.39396309894391, 18.887850807180133], [-69.3868398082134, 18.892009597229748], [-69.38218995357121, 18.89375947773088], [-69.37712124870298, 18.892825809379794], [-69.37315012236562, 18.893119427264043], [-69.37041702967886, 18.891649706905984], [-69.36652037405364, 18.891259441364856], [-69.36479066972787, 18.888000031975974], [-69.36605266938412, 18.88606946474944], [-69.36609050039478, 18.88419010268977], [-69.36663040801929, 18.88307024257218], [-69.3702276379169, 18.878883227135923], [-69.37326137312441, 18.8742725268054], [-69.37371052330883, 18.872530390901364], [-69.37766031358919, 18.869410540838455], [-69.38057004885171, 18.86858064328429], [-69.38637857255756, 18.86931543075975], [-69.38888038596562, 18.868991348797056], [-69.38997028534563, 18.867590570011693], [-69.3927317815089, 18.867733737117717], [-69.39409032515199, 18.86642058598497], [-69.39525534067135, 18.866077442560652], [-69.39719641900162, 18.863280969696653], [-69.39592070955625, 18.859510154268552], [-69.39876252875564, 18.856568501693687], [-69.3988105631361, 18.855540111136147], [-69.40049044713646, 18.852300436939085], [-69.40174295535886, 18.85151155198008], [-69.4014105673051, 18.84858019064102], [-69.40230052066957, 18.84697042802931], [-69.40433982281716, 18.846330638772958], [-69.40618807376465, 18.848128022004563], [-69.40987637369048, 18.847173916549707], [-69.41292006146898, 18.845380641953902], [-69.41467483918662, 18.845966695751553], [-69.4166797050263, 18.845240733590654], [-69.41707821255255, 18.845978090571098], [-69.4179154260883, 18.84627966709232], [-69.41867461994467, 18.84594479251429], [-69.41883056399072, 18.84506053777309], [-69.419419799391, 18.84497065023599], [-69.42043201788003, 18.845825338814233], [-69.42119132389563, 18.84558399704226], [-69.42108062208244, 18.84374033760011], [-69.42426291086791, 18.842232742862063], [-69.42470522232236, 18.841499080863926], [-69.42420060961591, 18.83987006055576], [-69.42590126652121, 18.837185477125033], [-69.4251306509845, 18.835729928311338], [-69.4255705107881, 18.834620413134722], [-69.42595999718898, 18.834360710261365], [-69.42786313790693, 18.83536440360886], [-69.43246267354847, 18.83131424580772], [-69.43357667393397, 18.829960461948044], [-69.43377061007874, 18.827770320587955], [-69.4348539710968, 18.826815038081257], [-69.43506056829156, 18.82488047646328], [-69.43792234492047, 18.82408461950946], [-69.44033015364101, 18.822470580146128], [-69.44386978863368, 18.822477832881145], [-69.44386583234615, 18.820820534994674], [-69.44195051747027, 18.81884969002763], [-69.44176067110641, 18.816160278974802], [-69.44279513828288, 18.815162154631572], [-69.44287066966264, 18.811800324755342], [-69.4441159047141, 18.810244129410037], [-69.44365061103835, 18.808620105667146], [-69.4449101740757, 18.806950777019182], [-69.4468710472456, 18.807957390146996], [-69.44925991628438, 18.807560662688985], [-69.45123959699956, 18.80847042214125], [-69.45214930988402, 18.810230081072625], [-69.45195102734668, 18.815157135841716], [-69.45297040678696, 18.818332097210217], [-69.45509454498739, 18.820483509345937], [-69.45811068757963, 18.821794043768048], [-69.4606605785956, 18.817590457656674], [-69.46374130969721, 18.814778369683264], [-69.46409052630496, 18.81358027107046], [-69.46524023564561, 18.812260615476674], [-69.47170395976175, 18.81294909677587], [-69.47273416830662, 18.811807023823732], [-69.4745305761673, 18.806260327907996], [-69.47527030874434, 18.80542040972273], [-69.47861550677153, 18.80400311890928], [-69.4818703066382, 18.80093054758518], [-69.48428668982596, 18.800272931359334], [-69.48669020993776, 18.798590486458817], [-69.48865532012178, 18.79815894964923], [-69.49038596780694, 18.792648165604], [-69.48853068704952, 18.788460111129147], [-69.49025454582815, 18.786594836894274], [-69.49081042048323, 18.78518060146456], [-69.49188018378479, 18.784863324247638], [-69.49249053188699, 18.781790314062597], [-69.49331193417751, 18.780991488819247], [-69.49306069313825, 18.77992010386869], [-69.49429725676941, 18.778092895549744], [-69.49432055180122, 18.776340394607256], [-69.49593975249263, 18.775558700028437], [-69.49627063882079, 18.771670348617413], [-69.500338598793, 18.768548480161325], [-69.5024202345374, 18.76625052832421], [-69.50286969463158, 18.76625053756142], [-69.50384506118282, 18.76771039182824], [-69.50541590014433, 18.767510042488176], [-69.51328591324388, 18.76414612946191], [-69.51386253409004, 18.76228385414201], [-69.51256070775487, 18.759699883464553], [-69.5126805354902, 18.758920449410763], [-69.51436341538725, 18.75834028913658], [-69.51596031216572, 18.75678046199755], [-69.51779381960995, 18.75595688447077], [-69.52123779791869, 18.75201844435768], [-69.52234045484924, 18.750060545050715], [-69.52452408185171, 18.749289268489967], [-69.52739855975388, 18.746919442120944], [-69.52984805867247, 18.74463829711739], [-69.53188590479971, 18.741775570152026], [-69.53198794525775, 18.736370171228554], [-69.53153058966296, 18.733749983247883], [-69.53212530646694, 18.728663651297257], [-69.53161400582684, 18.72760224330766], [-69.53107096626236, 18.7274890084019], [-69.5316476866611, 18.72592419058513], [-69.53141070495118, 18.723800105292874], [-69.53330600475749, 18.719458105632604], [-69.533320552206, 18.717040281012064], [-69.53409801566413, 18.71625800918846], [-69.5337007174734, 18.715489929385676], [-69.53511665731065, 18.712211951781153], [-69.53465077730007, 18.711030330277605], [-69.53530235618265, 18.71060370386443], [-69.53544068499018, 18.707271044477217], [-69.53619273040901, 18.706902257705387], [-69.53592061675853, 18.70520007642308], [-69.53738019061473, 18.701887815639907], [-69.53803049133568, 18.69642045098675], [-69.53848797678022, 18.69611502125397], [-69.53924047714914, 18.693510385170715], [-69.54003586669144, 18.692970465149223], [-69.54020056801072, 18.691900264057583], [-69.54152230091852, 18.6905303605561], [-69.54185044980414, 18.689150561170738], [-69.54269964103656, 18.689035216498656], [-69.54426048518343, 18.686710554010233], [-69.54576626489275, 18.68593890394559], [-69.54954779391964, 18.680969973595865], [-69.5500937955879, 18.67977294958848], [-69.54970064242126, 18.67781999525172], [-69.55018051161656, 18.67538020502907], [-69.55235036447881, 18.67198051993891], [-69.55385713309956, 18.671518944847268], [-69.55435046585107, 18.669630322267146], [-69.55683146865917, 18.667881294086687], [-69.55620056541319, 18.666199937905166], [-69.55675066090346, 18.66415034324856], [-69.5595068337914, 18.660846149787044], [-69.5605002550236, 18.658500537839295], [-69.56258727487568, 18.65837206099847], [-69.5639504962124, 18.65622046847095], [-69.5705610320682, 18.652145288952948], [-69.57064058223321, 18.65107024046702], [-69.57161368904666, 18.65029353103792], [-69.57234040419122, 18.648830575615346], [-69.5743848414989, 18.64856788630225], [-69.57482049358211, 18.647610398172134], [-69.57622862410624, 18.646802867908566], [-69.57705050094978, 18.64559347638348], [-69.57710058071915, 18.642770320047056], [-69.57898218432054, 18.64151631836182], [-69.57938048964661, 18.639640257586468], [-69.58098345135302, 18.638079058478034], [-69.58078062309497, 18.63582058763806], [-69.58286960233717, 18.635160707197173], [-69.58350921746579, 18.635501644942728], [-69.5845300504893, 18.634330902307656], [-69.58672610682818, 18.63387273798574], [-69.58737866187663, 18.63294996001407], [-69.5866706677781, 18.632239344287374], [-69.58686052666003, 18.631000436872487], [-69.58755148827441, 18.63066781761362], [-69.5877305035749, 18.629900724075313], [-69.58937111100873, 18.630054005832037], [-69.58976048778192, 18.628840463175255], [-69.59045206853881, 18.628421280221218], [-69.59034046831741, 18.627653294690383], [-69.58931375865326, 18.626646732116193], [-69.58763033499798, 18.626609440468858], [-69.58693071242547, 18.625199999598426], [-69.58743036244744, 18.624190555553806], [-69.58852085595257, 18.623881775440474], [-69.58817280009268, 18.62273935027909], [-69.58568024372035, 18.623619332528985], [-69.58464402948847, 18.62245958900906], [-69.583686476504, 18.622439671124447], [-69.5834194581486, 18.623589540692997], [-69.58249138322535, 18.62399977426852], [-69.5820495076705, 18.626619751788393], [-69.58126978723335, 18.627369335914363], [-69.57868024293154, 18.626989416633805], [-69.57716057131566, 18.62584959622226], [-69.57599036254554, 18.622096268587832], [-69.57607057665086, 18.61908018963429], [-69.57689092208871, 18.61785840603543], [-69.57708062582893, 18.615470330655246], [-69.57842251683248, 18.614386344640472], [-69.5799572937368, 18.61207939305082], [-69.57996056545119, 18.6103201159059], [-69.58102041301795, 18.608070399917843], [-69.5832663122271, 18.60682331976222], [-69.58407345304721, 18.60273565022298], [-69.58259066667587, 18.596729975174583], [-69.58247919676117, 18.594159871351508], [-69.58037031357827, 18.5937893698732], [-69.57875049206051, 18.59185972520619], [-69.57801677404936, 18.58982193367771], [-69.57528043751499, 18.589139451916186], [-69.57399480328459, 18.58643592844711], [-69.57236078038731, 18.585459755177393], [-69.57302741040519, 18.58397643845278], [-69.57208058908945, 18.582869806371843], [-69.57257766504888, 18.58041153465853], [-69.57462147914872, 18.57825574939678], [-69.5747305765046, 18.57701046372795], [-69.57523984485354, 18.57688071043588], [-69.57656618564502, 18.577883797369044], [-69.57771233998824, 18.57771369438938], [-69.57800063559843, 18.57441032787236], [-69.57938594774646, 18.573241064186867], [-69.5796905983705, 18.571110311626168], [-69.5811515915426, 18.56977383220056], [-69.58217050937206, 18.567580465441505], [-69.5836294636297, 18.56665211814759], [-69.58328072748799, 18.565300238123225], [-69.5839172041144, 18.564805648039847], [-69.58438039894698, 18.56302075197551], [-69.58505250728086, 18.56306566236157], [-69.58666026054867, 18.561611976006215], [-69.58764357833485, 18.559414475006804], [-69.58758062613916, 18.558430366051827], [-69.58835779453543, 18.558028052692137], [-69.58909836197756, 18.55650960701757], [-69.58956054438268, 18.554040279335144], [-69.59138029382186, 18.5521505185305], [-69.59424225570872, 18.551753545565372], [-69.59459716121347, 18.55084622729889], [-69.59424071801168, 18.550019850076186], [-69.59439055766562, 18.547600303433338], [-69.59502428001122, 18.5468988105433], [-69.59484057760402, 18.54378019396906], [-69.59612268239292, 18.54121906240674], [-69.59529064004967, 18.5397799836438], [-69.59686146054844, 18.53843219935719], [-69.5967506828266, 18.53731021743026], [-69.5990895618217, 18.535092319971618], [-69.59946052351336, 18.53334046934474], [-69.60310411158083, 18.53222022180214], [-69.60484016192446, 18.52985081048737], [-69.60632388253195, 18.530700165469028], [-69.60806009322017, 18.529940628464956], [-69.60944449427426, 18.530113990832447], [-69.6105703162941, 18.529070450024374], [-69.61369440748501, 18.527642174604107], [-69.6141651621998, 18.527067622515922], [-69.61413189247502, 18.525806462682652], [-69.61327058049267, 18.523820389258876], [-69.61398037545779, 18.522822931227598], [-69.6119906689688, 18.52159290196663], [-69.61015039391907, 18.521599397354308], [-69.60976113047512, 18.520769018035896], [-69.60836061667082, 18.520149564257547], [-69.60750066299653, 18.519139701073044], [-69.60761984091822, 18.518361665840068], [-69.60689925849468, 18.517365000912974], [-69.60488078502098, 18.51720724250576], [-69.60404763459434, 18.51777931628972], [-69.60410934501137, 18.51986981006178], [-69.60337982406439, 18.52075928315218], [-69.6013606443984, 18.51989962842703], [-69.59838063627878, 18.51402989939379], [-69.59924310352295, 18.51170203783401], [-69.59898518745027, 18.5096173537581], [-69.59738054642602, 18.509059527964304], [-69.59735067665935, 18.50822023140947], [-69.59810022985666, 18.507320695685454], [-69.59890734441049, 18.507452456767993], [-69.59927446741433, 18.50702197174265], [-69.59849135428638, 18.50637934618198], [-69.5993370440187, 18.50506655230186], [-69.5986406215315, 18.504579656475162], [-69.59874058808003, 18.503318223825804], [-69.59798036125662, 18.503049363948552], [-69.59754062687706, 18.501790062182256], [-69.59844270669903, 18.500223046093552], [-69.59856993436105, 18.49723289419694], [-69.59370028616364, 18.494999588469472], [-69.59064423016024, 18.491509655453566], [-69.5868323626303, 18.489066772776376], [-69.57400947179298, 18.482931361677892], [-69.56624016946162, 18.480579574791168], [-69.55938237839172, 18.47641850735375], [-69.54369255568338, 18.47561064449325], [-69.53622988040965, 18.474471752005115], [-69.51499057135852, 18.474799413224947], [-69.51489057876897, 18.46578056420059], [-69.52275344822213, 18.46566421215422], [-69.5231955573203, 18.465194069898942], [-69.52122027341476, 18.42317580869638], [-69.52121059894182, 18.403800619269], [-69.5247669449604, 18.403922933265807], [-69.5381928364166, 18.406247028889354], [-69.54692961329306, 18.40905065938301], [-69.55003421748718, 18.411937670209536], [-69.55645717778427, 18.416624161977765], [-69.55894961047551, 18.41748064920749], [-69.55998625559644, 18.418843647096864], [-69.56330959055975, 18.420030410148907], [-69.56399462542547, 18.42157442834315], [-69.56462901002878, 18.421910195786644], [-69.56504030283158, 18.423435813861996], [-69.56769919814475, 18.424350257676004], [-69.56754667472826, 18.426986588366553], [-69.56924987985688, 18.426940635879525], [-69.57005912414371, 18.427420110252957], [-69.56963913803902, 18.428037717569655], [-69.57003858878781, 18.431644651878322], [-69.57303003925283, 18.433797541616425], [-69.57442957303962, 18.433730601456865], [-69.57525406135909, 18.436690975127338], [-69.57747968694446, 18.43618054587633], [-69.57982326598423, 18.439146634049216], [-69.58929681379124, 18.44531192213824], [-69.59286077352694, 18.44670711749055], [-69.59706970050433, 18.447360509439974], [-69.59763854969654, 18.447909304193242], [-69.60321064915014, 18.448131062230505], [-69.60410790632213, 18.44796443524126], [-69.60506017260607, 18.447020654251276], [-69.60600346943723, 18.447252146326967], [-69.61050003451432, 18.446310684710788], [-69.61480960867276, 18.446770566460348], [-69.61552949377145, 18.44767568086041], [-69.62112965323465, 18.447618736880333], [-69.62729928516104, 18.444303272348527], [-69.62824034381882, 18.44149083406082], [-69.62976725164908, 18.442023755989847], [-69.63258007499101, 18.438868633264576], [-69.63274646165225, 18.434380320260253], [-69.62715261900443, 18.409721545094424], [-69.62703074080794, 18.40615009672769], [-69.62761049702021, 18.404230259957423], [-69.62964036581876, 18.40167047324087], [-69.63229015757513, 18.400500568563626], [-69.63437075081508, 18.400241464764008], [-69.63824987958965, 18.400770519533015], [-69.64705096183434, 18.404616871906825], [-69.66340548452456, 18.407667295528398], [-69.66728968086773, 18.409400458088143], [-69.67170940275108, 18.41392046748561], [-69.67403165187582, 18.417668757733843], [-69.6758394170499, 18.419670380028283], [-69.67862958316437, 18.4259201455017], [-69.67896761514461, 18.427766159188742], [-69.68043956364477, 18.429560246221406], [-69.68157927464999, 18.432830167072577], [-69.68221859828311, 18.43824810730833], [-69.68233950809258, 18.44382992253184], [-69.68189101811873, 18.445318019692337], [-69.68314059824523, 18.44728517087145], [-69.6856837013378, 18.44917614899714], [-69.69806328440933, 18.453649516841246], [-69.71382989392274, 18.455350525667008], [-69.72832886970158, 18.459703655089456], [-69.7409001854713, 18.46229854872718], [-69.7677035369601, 18.463660280311174], [-69.77891864118371, 18.46454909979105], [-69.77985391091931, 18.46515571727855], [-69.78548278453333, 18.465623676422524], [-69.78670014914798, 18.464830703313957], [-69.79028424763592, 18.465748298643526], [-69.7913100956795, 18.46518071258748], [-69.79262409480933, 18.465587780316323], [-69.79389996808992, 18.46513068863226], [-69.79460202778243, 18.46541055298447], [-69.79875137859422, 18.464977578205072], [-69.80132004325205, 18.46404052866189], [-69.80317779671779, 18.464378097500784], [-69.80456001761856, 18.46383072376849], [-69.80637892024639, 18.464443226886328], [-69.80791013693424, 18.463830732881597], [-69.8134871765928, 18.464010647255993], [-69.81978271004284, 18.464578440620954], [-69.82459920712631, 18.465697486898428], [-69.82591321520975, 18.46672252431432], [-69.82756966190561, 18.46699060989989], [-69.82868227117545, 18.468184421636813], [-69.83269241251824, 18.468701706544934], [-69.83769095468523, 18.467450144140596], [-69.84223988986487, 18.467510542162582], [-69.8455834397431, 18.46807752325741], [-69.8486871557841, 18.467630526402292], [-69.8495581256506, 18.467970688949404], [-69.85024014846321, 18.467550593540324], [-69.85207662797116, 18.468285235868553], [-69.85692327540119, 18.46863419307098], [-69.85770018624027, 18.468190641567347], [-69.86025616999889, 18.468360249124437], [-69.86429995604333, 18.46732057322172], [-69.86619014244316, 18.468065017973256], [-69.86910016489868, 18.466880690597886], [-69.87202153882714, 18.466638423042923], [-69.87660943912267, 18.463710974921916], [-69.87668765647452, 18.466445541309405], [-69.8784367272966, 18.467088359094994], [-69.88270326783164, 18.46592861118966], [-69.88536931982408, 18.463601291428102], [-69.88530949068932, 18.46408972402748], [-69.88057983332641, 18.46806935996982], [-69.87707380362657, 18.467398162026946], [-69.87656573252855, 18.467704881207307], [-69.87617369857006, 18.46916786812527], [-69.87721052595737, 18.472008961577316], [-69.87846807384314, 18.472152039868256], [-69.87845165838705, 18.472804872406712], [-69.88050274705887, 18.47469988816864], [-69.88100567473295, 18.474195745383998], [-69.88047061590775, 18.47159008374416], [-69.8815704215285, 18.469460402512336], [-69.8835646365634, 18.46826354477246], [-69.88394040187023, 18.466880885246983], [-69.88632752463624, 18.468055490083554], [-69.88931015203637, 18.466571104851308], [-69.88992351537232, 18.466803011536605], [-69.89191039825897, 18.465306831340794], [-69.8911613949532, 18.463950860161116], [-69.89342388125876, 18.46443436551425], [-69.89508269295496, 18.463707201451907], [-69.89624180437794, 18.462917586537603], [-69.89694043877861, 18.46164048505383], [-69.90046494201414, 18.460207398375076], [-69.90265028573674, 18.458420530739744], [-69.90837015436965, 18.456660840423215], [-69.91252964833572, 18.456387805809452], [-69.915735360881, 18.455550552054195], [-69.91806022102973, 18.45376041775219], [-69.91951169541106, 18.453253216044462], [-69.92206173786438, 18.45052873290896], [-69.92302052022384, 18.44716037031654], [-69.92746032855673, 18.442580469755132], [-69.92980733800405, 18.441523092985417], [-69.93031048102321, 18.440720455924705], [-69.93475472760068, 18.437949519567294], [-69.93964003119748, 18.436538603641203], [-69.94150022259339, 18.43522047403603], [-69.9432185204615, 18.434743743290905], [-69.94377036036907, 18.433830453194982], [-69.95187003257452, 18.431730658692135], [-69.95398279750643, 18.43200653178015], [-69.95578020156366, 18.43105055615764], [-69.9589665290555, 18.430386932078292], [-69.95954027847223, 18.42976067882443], [-69.96089205988001, 18.429872868354092], [-69.96339017259145, 18.428400569941914], [-69.96619236363115, 18.428068422426026], [-69.96755006673193, 18.427100648900126], [-69.96841760909022, 18.427405283350463], [-69.9713521419454, 18.426369371649702], [-69.9779098406077, 18.426030722398043], [-69.9789706961182, 18.426527805649112], [-69.98039010053253, 18.42588051950604], [-69.98208139619106, 18.425996996953916], [-69.98290039107651, 18.425030539294422], [-69.99329002835152, 18.421160521187936], [-69.99594199493986, 18.42174013111104], [-69.99711993086382, 18.421420670571496], [-70.00121752370018, 18.423663030316277], [-70.00390980195347, 18.42300067513413], [-70.00584468635718, 18.424740294248856], [-70.01026841179983, 18.422177336252155], [-70.01530063913928, 18.418159926763078], [-70.01578058728641, 18.414140239072946], [-70.01661928537331, 18.41311170329053], [-70.0162321331502, 18.416781758566056], [-70.01670673931343, 18.417611263739598], [-70.01730952268258, 18.417700714036307], [-70.01742929807166, 18.418359793551623], [-70.01504643673046, 18.4211807153506], [-70.01628508776797, 18.422265946120163], [-70.01780013037322, 18.42106064608391], [-70.01862718287809, 18.42127838501691], [-70.01924924230731, 18.42085133912531], [-70.01847950256182, 18.42609981743997], [-70.01774954248891, 18.42715946219218], [-70.01624981612773, 18.427869384776685], [-70.00833380270429, 18.428978013343574], [-70.00655406860577, 18.430524007805328], [-70.00607182699889, 18.43310943409679], [-70.00722946791858, 18.437450042316453], [-70.00663954551202, 18.443069870394584], [-70.00586956818785, 18.444659511102767], [-70.00258907432588, 18.445835897194627], [-70.00207790248722, 18.447558630929027], [-70.00283196927538, 18.449317186303144], [-70.00666969740078, 18.450560605237563], [-70.0106393370813, 18.45339019545849], [-70.01007954341323, 18.454799711784844], [-70.00775367723614, 18.457429461531863], [-70.00934732082403, 18.460387838041974], [-70.01046250609086, 18.461026026814842], [-70.01194037409739, 18.459710620914354], [-70.0137900248799, 18.459080581723672], [-70.01483964038479, 18.45934053639115], [-70.01557939216028, 18.46035015100835], [-70.0152794862539, 18.462399766575665], [-70.01314776422362, 18.46501665808565], [-70.01293347287323, 18.47106416044399], [-70.01358004731698, 18.476291085982282], [-70.01913546898054, 18.47622679481114], [-70.02104041632748, 18.469080145411105], [-70.02221049255556, 18.46646043430396], [-70.02421169533608, 18.465231308542297], [-70.02575036640944, 18.4629603742309], [-70.02872001894546, 18.46124068539922], [-70.03071387391527, 18.46222901787585], [-70.0335697475129, 18.461950619199957], [-70.03700741578555, 18.466084749476554], [-70.03901977027877, 18.46659052756342], [-70.04153965995498, 18.46832040882328], [-70.04343943543132, 18.470610238628435], [-70.04397868081249, 18.475028665240554], [-70.04828642498069, 18.477145334928103], [-70.05155536680007, 18.47649103379242], [-70.05597023596421, 18.472560579217205], [-70.05922707261554, 18.472322897136728], [-70.06202722273783, 18.469597852390063], [-70.0622790088025, 18.465929910141192], [-70.06327033590671, 18.46482049061845], [-70.06461839867652, 18.46431435049631], [-70.06591958714495, 18.464620511299156], [-70.06840931374629, 18.46980006143691], [-70.06711952012776, 18.47446959230162], [-70.06508583121274, 18.475418010418785], [-70.06391961800065, 18.476722439297284], [-70.06359170457105, 18.478617542173108], [-70.06414171003223, 18.47996056145488], [-70.06510551352592, 18.48133374706946], [-70.0685801773117, 18.480060804757134], [-70.07210812652608, 18.47990053665419], [-70.0729695912769, 18.480290462421646], [-70.07359929555628, 18.481310169346774], [-70.07343944165548, 18.483269782853146], [-70.07263962730805, 18.48429952699053], [-70.06578948653565, 18.48740494300036], [-70.06393885964087, 18.49119380551044], [-70.06425075101636, 18.493167006229594], [-70.06494995687659, 18.494000183667808], [-70.06781964328405, 18.495060647623017], [-70.07024948309298, 18.496970299045344], [-70.07067462788832, 18.49983358166857], [-70.07227940004402, 18.502200132487886], [-70.07189879261372, 18.504499839720836], [-70.07222939879013, 18.50613991945904], [-70.0711173738374, 18.508332421866157], [-70.07102121488526, 18.509873619634373], [-70.07124961853725, 18.513703317293807], [-70.07235458185542, 18.5157580617782], [-70.07465762313562, 18.517415196236872], [-70.08069972300488, 18.51836057139122], [-70.08268681859967, 18.520207741297693], [-70.08434931717461, 18.522270295239988], [-70.08461988189059, 18.523926917710895], [-70.08597946596575, 18.525200258706523], [-70.08612219012429, 18.527023477593165], [-70.08758007946486, 18.530653130255626], [-70.09223517061713, 18.53493054133459], [-70.09416165431284, 18.534685825949193], [-70.09640619570338, 18.531835561698756], [-70.09663295089828, 18.530161783556455], [-70.09388080484877, 18.526590039310566], [-70.09604036176067, 18.524300582857634], [-70.09733852020892, 18.523903505279723], [-70.09987976762437, 18.524370654124652], [-70.10399091201813, 18.526607859084358], [-70.10745606356642, 18.527696699602362], [-70.1124773863461, 18.525771475860743], [-70.11393037593706, 18.52315065390072], [-70.11581984411012, 18.5232305454548], [-70.1172696110994, 18.524012404869712], [-70.12111986396987, 18.524260497271996], [-70.12475941282564, 18.52632039858998], [-70.12514941894885, 18.529149826434125], [-70.1232857043893, 18.53131180941731], [-70.11969424247428, 18.540519117642155], [-70.11890346237952, 18.541605732888264], [-70.11919574516672, 18.54244771354395], [-70.12173103546364, 18.544003676847073], [-70.12323971286312, 18.543570754725764], [-70.12395361457251, 18.544918222805794], [-70.12580941422719, 18.54596034016743], [-70.12519930536531, 18.54790992667171], [-70.12403795937637, 18.54915505247464], [-70.12394860375615, 18.550759603487016], [-70.12838938686244, 18.554600569334898], [-70.13079709397778, 18.55787835088766], [-70.13281938517031, 18.55941028349364], [-70.13277940805506, 18.56004970581048], [-70.12892643855741, 18.563379378391524], [-70.12819317414238, 18.56554565979263], [-70.13003011145813, 18.56611078943643], [-70.13246021430461, 18.564750545734512], [-70.13425992043221, 18.56433055974444], [-70.13742962297422, 18.56611037719122], [-70.13914940297238, 18.569170105298817], [-70.13890950346544, 18.570629821073346], [-70.13742279374829, 18.573262588707884], [-70.13743755277258, 18.574908741145023], [-70.13812464527764, 18.576375468423144], [-70.14479786816996, 18.5832962317448], [-70.14720957924038, 18.584650452008788], [-70.14790323527508, 18.585719562995845], [-70.14910939892785, 18.588060111414553], [-70.14874411743683, 18.59141879549357], [-70.14915951228424, 18.59390557934257], [-70.15286923923625, 18.594580437206496], [-70.15202958874353, 18.596639682636923], [-70.14746042665674, 18.600142208047664], [-70.1468943276053, 18.60263533452764], [-70.14812918610515, 18.604099966198614], [-70.14641290936373, 18.605723385827645], [-70.14596633623925, 18.608017468147043], [-70.14672457879237, 18.61649490899859], [-70.14743724415369, 18.618066888299264], [-70.14967954178232, 18.620710290365], [-70.15102932283948, 18.623690185091057], [-70.15117944456242, 18.625069955665865], [-70.15029214810237, 18.628289882560814], [-70.14855965273074, 18.630469500847063], [-70.14690988169274, 18.63100919165362], [-70.14159739051627, 18.628648794797652], [-70.1357199907251, 18.628062224329454], [-70.13304162368568, 18.62832773254192], [-70.13051976921835, 18.63014942808757], [-70.128570035545, 18.63041947566263], [-70.12692345375746, 18.629964382952718], [-70.12616019688724, 18.630822541693348], [-70.12680857780435, 18.631465421575893], [-70.1283098396108, 18.631520683396353], [-70.12973992928853, 18.63219524438625], [-70.13187088154531, 18.633668852638984], [-70.13427298222418, 18.633581572607067], [-70.1347404609175, 18.63287054341655], [-70.13554976087543, 18.632780606663868], [-70.13678325182347, 18.634133555084894], [-70.13837955284896, 18.634060631703058], [-70.13855928801985, 18.63473970196316], [-70.13763788848519, 18.635310614779822], [-70.1375227898319, 18.636113808769178], [-70.13944898342314, 18.636430537723744], [-70.13815585386276, 18.63841127616655], [-70.13855902122042, 18.6393195648846], [-70.13730394094117, 18.639535478927172], [-70.13709634852798, 18.640251594595796], [-70.1384294856675, 18.64098050706238], [-70.13906330479368, 18.642487467885168], [-70.14271909780423, 18.64514002385221], [-70.14107326781581, 18.64679961350749], [-70.14260968228213, 18.64738053281109], [-70.14355936520792, 18.64864013221297], [-70.14326065551457, 18.650356874438867], [-70.14430967654575, 18.65069056964674], [-70.14484936618481, 18.6514600561214], [-70.14417532009601, 18.653452985564098], [-70.14486033659453, 18.65367931549185], [-70.14560015608164, 18.652850751955036], [-70.14914955482914, 18.654740410035565], [-70.14968778359636, 18.65569738472052], [-70.15069948504049, 18.655590678376235], [-70.15084024471348, 18.65661072250561], [-70.15147959991002, 18.656880469417025], [-70.15204973411298, 18.658160113608417], [-70.15297932548563, 18.658580333052853], [-70.15274963131988, 18.660295825040073], [-70.15535888872907, 18.660530501432415], [-70.15483294165853, 18.661339537815447], [-70.155339279392, 18.663199788025025], [-70.15433991291424, 18.664079258496006], [-70.15330563127185, 18.66360265626367], [-70.15248282216326, 18.66412768607956], [-70.15259120793289, 18.664709318037282], [-70.15404924704373, 18.66592017425414], [-70.15339273877296, 18.66738698755407], [-70.15349578331198, 18.66856200835188], [-70.15530927530581, 18.669330363327106], [-70.15455562069427, 18.671540256435534], [-70.15580928879284, 18.67264021719681], [-70.155529561188, 18.67340937350813], [-70.1540588791882, 18.673564481231132], [-70.15307290979035, 18.675503385793554], [-70.1527249811966, 18.679611599689217], [-70.15363886615448, 18.680379733382193], [-70.15487977022308, 18.679970720006697], [-70.15545942841133, 18.680870139728306], [-70.15527358413402, 18.68327278941171], [-70.15685944094433, 18.686260068106815], [-70.15619408053823, 18.68921849585212], [-70.15774947447835, 18.689530599436996], [-70.15795279299148, 18.690869901949274], [-70.16034906415366, 18.6932898601996], [-70.15974359442335, 18.69403520114709], [-70.16040899873002, 18.69492972498382], [-70.15933961009401, 18.695335125898346], [-70.15929942466195, 18.69627981851138], [-70.15816308676018, 18.697943673752196], [-70.15960966283207, 18.699100326752728], [-70.16149221798021, 18.701849808490863], [-70.16246948850086, 18.702360438630343], [-70.16448054192556, 18.70854406930915], [-70.16577572009858, 18.709881787662482], [-70.16869980021104, 18.711310659915483], [-70.16976614926976, 18.71264851261469], [-70.17188962413265, 18.713220466297795], [-70.17544938747135, 18.7202699970188], [-70.17487347202145, 18.72145688851321], [-70.17507938751191, 18.7228198286497], [-70.17355964044312, 18.72458941653053], [-70.17074074601568, 18.725292122480223], [-70.16514345432992, 18.727945902244006], [-70.16373938234626, 18.734214714376904], [-70.1639199373582, 18.73497026946742], [-70.16478551664241, 18.736720479210398], [-70.16751949476783, 18.739290296511893], [-70.16852199576013, 18.743273134723527], [-70.16978140697474, 18.74478457897796], [-70.17131386182066, 18.74590606026241], [-70.17468954996505, 18.747110423130326], [-70.17608139610479, 18.751708484147535], [-70.18120960539919, 18.753700466933342], [-70.18303884781811, 18.756776213149788], [-70.1862177344038, 18.758724250498307], [-70.19291971702039, 18.761180454377556], [-70.19719937834522, 18.765638140453667], [-70.20070867596165, 18.76712086940618], [-70.20273735263814, 18.766977500024534], [-70.20811006831921, 18.764430574563196], [-70.21507735031238, 18.765927281585757], [-70.2172695909889, 18.76690043568291], [-70.21806932650503, 18.768430187516934], [-70.21847384537084, 18.774686767038325], [-70.2191640061825, 18.77659708625188], [-70.22170124012662, 18.780288993042053], [-70.22319236003217, 18.781828162078533], [-70.22808941350266, 18.78419035120219], [-70.22796991456454, 18.787204151459413], [-70.2288527703434, 18.78915056098508], [-70.23365964216346, 18.792580398247548], [-70.2405099204415, 18.801492302978073], [-70.24870943370959, 18.807630273723856], [-70.24866948140426, 18.809059837279722], [-70.24731440682419, 18.8111931427641], [-70.24658247649246, 18.81802001860537], [-70.24695615708045, 18.821981192433853], [-70.24787694482163, 18.824890400056923], [-70.24867935260491, 18.825870113335725], [-70.24835470416248, 18.826858208924282], [-70.24885928975074, 18.830149844906142]], [[-69.88010334243221, 18.477379614655426], [-69.88107200875139, 18.478802467943634], [-69.88177721151422, 18.47872976393676], [-69.88107105608943, 18.475374119717202], [-69.88039443644557, 18.47560325944955], [-69.88010334243221, 18.477379614655426]]], [[[-69.61547928486024, 18.443420097189605], [-69.61519966222903, 18.44392950828919], [-69.61418367099009, 18.444068141807172], [-69.61300134279382, 18.443699838620585], [-69.61472991044477, 18.44265070402245], [-69.61547928486024, 18.443420097189605]]], [[[-69.63023938568676, 18.437210429108745], [-69.63015946686735, 18.43789949646392], [-69.62903296359596, 18.438118701703544], [-69.62793406299802, 18.439014864624763], [-69.62660968885852, 18.441079471196925], [-69.62424053649204, 18.44121939445641], [-69.62418055843028, 18.440250182231356], [-69.62574036351856, 18.43837049590245], [-69.62920005257511, 18.43696069476348], [-69.63023938568676, 18.437210429108745]]]]}}, {"type": "Feature", "properties": {"COD_REGION": "I", "REGION": "Región I", "NOMBRE_REGION": "Valdesia", "N_PROVINCIAS": 3}, "geometry": {"type": "Polygon", "coordinates": [[[-70.686639140344, 18.68464995808347], [-70.68449976732077, 18.68627946769845], [-70.68247877248119, 18.686643308951723], [-70.6801498944129, 18.687809386721025], [-70.67831016561094, 18.68757951258695], [-70.67633759787091, 18.686367712879502], [-70.67524986078566, 18.686939433578996], [-70.67268746748778, 18.686732085989707], [-70.6703583844642, 18.68779484202467], [-70.66958961373327, 18.689239533400798], [-70.66862989767259, 18.689499383849057], [-70.66724024259173, 18.689589390052134], [-70.66646254582106, 18.68756192533058], [-70.6655478376111, 18.687187218285942], [-70.6628598056724, 18.688719586670135], [-70.66080791150534, 18.689308225630274], [-70.66016951044874, 18.690989598211857], [-70.65921987583017, 18.691499352425353], [-70.65782033008612, 18.69133949837687], [-70.65676934749962, 18.689893688149745], [-70.65353367067557, 18.69039169709461], [-70.65042979820007, 18.69250936425052], [-70.6462841965275, 18.69253208720664], [-70.64535992124735, 18.69390938851928], [-70.64284383602653, 18.69319109706561], [-70.64067994082086, 18.69465938698384], [-70.63994057738807, 18.69432956780293], [-70.63922338648112, 18.692911951969677], [-70.63633035743582, 18.69239943859017], [-70.63429167378979, 18.69019442604889], [-70.63127520470101, 18.690353900355667], [-70.630539839631, 18.690949330941606], [-70.62975046079688, 18.69069957535547], [-70.62898441569091, 18.687391271638585], [-70.62786094984051, 18.686588668176757], [-70.62442767061188, 18.686481934447563], [-70.6228799665335, 18.687759296713146], [-70.62154016008594, 18.686846587574507], [-70.6174800506047, 18.68718941418445], [-70.61563116491449, 18.686450557877954], [-70.6065201971444, 18.688619303155953], [-70.60542151346665, 18.687550674161425], [-70.60363937017912, 18.68698327717051], [-70.6001062345106, 18.686724506949577], [-70.59841988030087, 18.68776928738012], [-70.59687991664025, 18.68786935640008], [-70.59377512750997, 18.686563918841948], [-70.59202168390291, 18.686557929591128], [-70.59107316895326, 18.687669040795253], [-70.59069943855371, 18.689259633156436], [-70.58983896300396, 18.689970049808192], [-70.58892003873927, 18.69382151343508], [-70.59074933674286, 18.694500474527448], [-70.5904025043605, 18.69847261647816], [-70.59140499789893, 18.70077399563813], [-70.59473959078362, 18.702130616730397], [-70.59886954428113, 18.70640028636264], [-70.59968944939716, 18.708980016440567], [-70.59929950572405, 18.710519431547233], [-70.59765003497827, 18.71069949940707], [-70.59403176306964, 18.709793596956807], [-70.59026003938283, 18.711159289178923], [-70.58850794349401, 18.71051048038543], [-70.58756944771856, 18.71201950860594], [-70.58578643691956, 18.71336404369052], [-70.58615927161974, 18.715259705139424], [-70.58477953871419, 18.717259540798153], [-70.58299407332385, 18.718106072692784], [-70.58077662026106, 18.719987919762367], [-70.5791397259584, 18.723119364594623], [-70.5778896183341, 18.723058532752987], [-70.57465982902768, 18.725089353026036], [-70.57105031853845, 18.72491940956192], [-70.57001009792693, 18.723526886855915], [-70.56704482274074, 18.72213604805136], [-70.56589686972104, 18.723098480713745], [-70.56552963471927, 18.724858998267273], [-70.56468670517738, 18.724231497818085], [-70.56176326702928, 18.723620298284438], [-70.56096650208902, 18.726959949475166], [-70.56348942555785, 18.731640210146477], [-70.56393932043913, 18.733829893213315], [-70.56085926697027, 18.73927945990503], [-70.55793209195075, 18.742391600837724], [-70.55601280670554, 18.74550812900756], [-70.55478970207268, 18.746889625592456], [-70.55145979935874, 18.748699535771888], [-70.5437724106495, 18.750521987695873], [-70.5429545767249, 18.751745382985725], [-70.54271936861478, 18.753449699552437], [-70.5415801088249, 18.754690008644623], [-70.54132953976261, 18.75603943934399], [-70.53993048573959, 18.75599947008087], [-70.53939478606748, 18.754511777556942], [-70.53738994553981, 18.755539351966874], [-70.53570663930047, 18.755034052118695], [-70.53484978407306, 18.755879410183912], [-70.53315739461287, 18.7562224994324], [-70.5324795279654, 18.75849952347231], [-70.53117278107821, 18.758850788227992], [-70.5300888047265, 18.76010356681107], [-70.53057484270931, 18.761347584187273], [-70.53221951410731, 18.762330377280502], [-70.5325293431389, 18.76342978971744], [-70.53181977998932, 18.763999311944946], [-70.53033656628969, 18.764072301749028], [-70.5282083467746, 18.76750314065926], [-70.52861340653371, 18.768108212605256], [-70.53007131675454, 18.768421592540545], [-70.53249018125982, 18.767210649784282], [-70.53370960340071, 18.76713065359115], [-70.5340393031079, 18.767879971220356], [-70.53327119205169, 18.769341189279455], [-70.53353150240861, 18.770169225895653], [-70.53490972964926, 18.770390652073075], [-70.53665001437611, 18.771999773548394], [-70.53793945866, 18.77211057403308], [-70.53822942133301, 18.774659781279595], [-70.53751830594265, 18.77538646762276], [-70.53786931070215, 18.77661984581961], [-70.5374075498134, 18.77740968756477], [-70.53818139756645, 18.778719967182365], [-70.53951939967186, 18.77925042751118], [-70.53962696353122, 18.78333391950306], [-70.54151879069445, 18.786846189863088], [-70.54502947689765, 18.791740187004724], [-70.54519938424774, 18.79437988571721], [-70.544389610373, 18.796139496539517], [-70.54015999890133, 18.796899514575788], [-70.53417269048171, 18.795852220834302], [-70.52860310274251, 18.792990062701847], [-70.52467668121292, 18.793595270034565], [-70.5210899837051, 18.795439315320902], [-70.51913888029367, 18.79455353488786], [-70.51594030056879, 18.793949517186103], [-70.51474467781763, 18.792348825880975], [-70.51043786972633, 18.78331097527914], [-70.5057382820879, 18.777799691805], [-70.50392775469516, 18.77452156109829], [-70.50188986923375, 18.772283017290583], [-70.49574627396369, 18.772382735332506], [-70.48778999147693, 18.773299354467394], [-70.4814700402517, 18.772742683315872], [-70.47323009057793, 18.773719341717428], [-70.46960030866958, 18.772219426656836], [-70.467270417861, 18.7706396492322], [-70.4660906042152, 18.76800989231234], [-70.46621137595464, 18.765464772947052], [-70.46449854813606, 18.76443924036717], [-70.46193191425034, 18.764973141389994], [-70.46014966075752, 18.76750956470338], [-70.45726388825857, 18.768487077737714], [-70.45488982820517, 18.77039946826893], [-70.4506003050614, 18.770159434515318], [-70.44942742552351, 18.76861839612797], [-70.44746066590618, 18.76776962231814], [-70.44757533596847, 18.766267841225797], [-70.44610319784749, 18.764768209131912], [-70.4419402634686, 18.763569419308144], [-70.4389603913266, 18.761629593346882], [-70.43628061442038, 18.757839767468575], [-70.43604740038647, 18.75651927381846], [-70.43160438719337, 18.753760272857747], [-70.42564728431333, 18.753832390778587], [-70.42080802211545, 18.75549267528531], [-70.41610963458484, 18.76008943753974], [-70.41275985652545, 18.761389498966032], [-70.41038023743529, 18.761619359609913], [-70.40945048216439, 18.760649761229956], [-70.40878068930299, 18.755374627151483], [-70.40826239454847, 18.754755923081007], [-70.40492011134312, 18.754492876016943], [-70.39763023611118, 18.755559406291372], [-70.39556071314877, 18.75299045957868], [-70.38863063334942, 18.750399597125423], [-70.38889502035634, 18.745701695424053], [-70.38830211959255, 18.74492802180795], [-70.38425042073223, 18.742859360589133], [-70.38243037189335, 18.74134962730038], [-70.3811305074977, 18.73978972066283], [-70.38008595522737, 18.73655914118268], [-70.37861951805053, 18.734696338187103], [-70.37452018948065, 18.73386951787346], [-70.37230593346575, 18.732505678683527], [-70.36696355646201, 18.731023150505994], [-70.36374011661964, 18.731229358091948], [-70.35929763061463, 18.729190087817116], [-70.35514012764686, 18.729059137219025], [-70.34364023714883, 18.725939455571638], [-70.34207087948258, 18.723879912668536], [-70.33528537479056, 18.718962880283012], [-70.33173025984388, 18.717429601349135], [-70.32948556476758, 18.715534612175784], [-70.31446751076638, 18.722408991538014], [-70.3117795657339, 18.727149633520657], [-70.30972838745582, 18.72881939084892], [-70.30681961652124, 18.73283959394482], [-70.3054897947128, 18.733689488694516], [-70.30321027413049, 18.73417782437214], [-70.3020995562618, 18.736069588122714], [-70.29929634233149, 18.737932058598336], [-70.29672250903991, 18.743049613738744], [-70.2965791277898, 18.74449025465714], [-70.29770937437763, 18.747989894654253], [-70.29526623042943, 18.751242880140772], [-70.2949440904996, 18.75366091581819], [-70.30044128610528, 18.763055219469734], [-70.30340929607651, 18.770160093426913], [-70.30288946828988, 18.776149650620546], [-70.30050974022434, 18.778119532622725], [-70.29414551880437, 18.78031820334295], [-70.29139438735031, 18.78493266898987], [-70.2908295372712, 18.787819811153064], [-70.28902961276948, 18.790279477631167], [-70.27650993595769, 18.794671412979152], [-70.27201971252495, 18.80012938433728], [-70.26531967121241, 18.800046740975915], [-70.258170575518, 18.8017817188359], [-70.25077442299967, 18.8049806855227], [-70.24870988840637, 18.80762920490677], [-70.2404903491634, 18.801479612680186], [-70.23368704280863, 18.79261872109719], [-70.23007024677487, 18.790389661270478], [-70.22882039868563, 18.789119725929147], [-70.22796055114259, 18.787229892778228], [-70.22794776179306, 18.784162766665396], [-70.22315044385164, 18.781809431060488], [-70.22030954738963, 18.77840145686757], [-70.21845059522163, 18.7746198424529], [-70.21807056833028, 18.76848429897873], [-70.21723199253181, 18.766905519324453], [-70.21508916639668, 18.765932556813915], [-70.20818394970875, 18.764454959307976], [-70.20281854777372, 18.766970927084987], [-70.20073009459479, 18.767139415210973], [-70.19715037461779, 18.76561945890928], [-70.19293153574252, 18.76120433171829], [-70.1862494657719, 18.758743582224106], [-70.1830104423192, 18.75676956508473], [-70.18113187751223, 18.753680341401825], [-70.17602053311529, 18.751729509135984], [-70.17467560259577, 18.74718854049287], [-70.17129026868348, 18.745899490830432], [-70.16981039424115, 18.74481869476075], [-70.16852047082568, 18.743299744565626], [-70.167501698949, 18.73930074056504], [-70.16475042374404, 18.73668968818093], [-70.16393684408274, 18.735014105487604], [-70.1637105188746, 18.734349970784354], [-70.16510049114837, 18.727950410215293], [-70.17403789344093, 18.72422465940415], [-70.17502550920364, 18.72285788543544], [-70.1748506012199, 18.72143007684222], [-70.17539378471614, 18.720056784701335], [-70.17191188222326, 18.713304283538463], [-70.16973032555703, 18.712659509924595], [-70.16881613472567, 18.711496281215823], [-70.16806043771717, 18.711529227914625], [-70.16779460121002, 18.71079196276286], [-70.16577035550061, 18.709889489608262], [-70.16440044972556, 18.7084597194064], [-70.16249443888253, 18.702470682882808], [-70.16150044342757, 18.70187949095667], [-70.15960458238337, 18.699105250265198], [-70.15789085430725, 18.69784990971291], [-70.15922705424602, 18.696331221320555], [-70.15918066323748, 18.695290437116302], [-70.1599496013482, 18.694878685929925], [-70.16000208645774, 18.693028607551902], [-70.15789054744825, 18.69081973842485], [-70.15761306023785, 18.689648651330266], [-70.15602071504628, 18.689569430361907], [-70.15682748649412, 18.686310456028338], [-70.15524059778946, 18.683229879434105], [-70.15539021783275, 18.680765884461994], [-70.15483500661838, 18.68011098689272], [-70.15368006254475, 18.68044937035729], [-70.15270060054189, 18.679809704616346], [-70.1530305548939, 18.675590152977588], [-70.15411038391301, 18.673410618638567], [-70.15533017441707, 18.673386847391313], [-70.15570587055315, 18.672897622303015], [-70.15445072015468, 18.67164978251513], [-70.15509067976193, 18.669412997574764], [-70.15351054685148, 18.66879954644135], [-70.15337070451294, 18.66741011650131], [-70.15390005971157, 18.66587735451654], [-70.15248056825091, 18.664629726912413], [-70.15247057178533, 18.66386040505697], [-70.1533599440583, 18.663560686069314], [-70.15437709731819, 18.663964552945753], [-70.1552010917985, 18.66329107470451], [-70.15480760665078, 18.66082880199669], [-70.15247077085797, 18.66043943081225], [-70.15281744781953, 18.658633274275726], [-70.15202046161788, 18.658189536018], [-70.15143981666634, 18.656927146247078], [-70.15076056535277, 18.656709527445773], [-70.15057154974585, 18.655838841116697], [-70.14962034615364, 18.655829322767378], [-70.14903662073515, 18.654682264860337], [-70.14582751869378, 18.652995992477305], [-70.14481981406496, 18.653829249231457], [-70.14393078914175, 18.653439701689425], [-70.14477039577457, 18.651443178984906], [-70.14426196911614, 18.65072479020229], [-70.14309068383169, 18.650599500461205], [-70.14344555242438, 18.64849218585849], [-70.14254685363787, 18.647391575405173], [-70.14037125108474, 18.647039660965678], [-70.1422482345833, 18.6455184321753], [-70.14234566710756, 18.64493933567703], [-70.1389804796578, 18.642429632973986], [-70.13835850690093, 18.640977638940797], [-70.13704063462731, 18.640429611978632], [-70.13713051368772, 18.6395004991316], [-70.13807064635887, 18.63923496156607], [-70.1380307285944, 18.638559992365852], [-70.13901203767523, 18.637019002324724], [-70.13871665132363, 18.63646056886219], [-70.13739064796778, 18.636409458882277], [-70.13813485046607, 18.634257319601886], [-70.1367602315278, 18.634189437955165], [-70.1353844700711, 18.63280787302962], [-70.13453956829551, 18.633579453376882], [-70.13184016507392, 18.633689445436247], [-70.12970961693574, 18.632180930219654], [-70.12830741741786, 18.63153100402735], [-70.12680023646838, 18.631489322435012], [-70.1258309095576, 18.63075000052499], [-70.12696010702076, 18.62989063774527], [-70.12859392121022, 18.63040832872081], [-70.13044398308377, 18.630158084534692], [-70.13306026219064, 18.628300697118792], [-70.13571999768772, 18.62806055454067], [-70.14159983774616, 18.628640546847507], [-70.14688063342534, 18.63100600194923], [-70.14858589684819, 18.630422270027992], [-70.15023633057375, 18.628360135657186], [-70.15116513713306, 18.625115873790914], [-70.15103016448049, 18.623717335950026], [-70.14968783983997, 18.620732538586278], [-70.14742046873705, 18.61804970396508], [-70.14671075216737, 18.616469803502437], [-70.14596052114729, 18.608040001324053], [-70.14640048026773, 18.605690257074986], [-70.14791817632255, 18.60414029335428], [-70.14684064038188, 18.602699832975066], [-70.1474705355286, 18.600060351455106], [-70.15195401693356, 18.596694456717298], [-70.1526647578777, 18.59498756372796], [-70.15228170248331, 18.5944991627281], [-70.14912052032672, 18.594049477496558], [-70.148740446185, 18.591439973178435], [-70.1490882213605, 18.588064036882464], [-70.1478964621733, 18.585709113067416], [-70.1471809952829, 18.58464505186686], [-70.14484137371169, 18.583341102931335], [-70.13815415870715, 18.576437685923192], [-70.13742048171889, 18.57488988038894], [-70.13742069001579, 18.57318018681589], [-70.1388845679698, 18.570669381478712], [-70.13912793606943, 18.569247073912436], [-70.13744708157319, 18.566157309398548], [-70.13420879991747, 18.564361634871418], [-70.13243967134422, 18.564764303309], [-70.13000989023018, 18.566149300704392], [-70.12797075941688, 18.565719593331497], [-70.1289004780871, 18.56339034124487], [-70.13265641511191, 18.56015310844724], [-70.13277666740555, 18.55948434072029], [-70.13081042812676, 18.557899576788746], [-70.12838753714814, 18.55460228690546], [-70.12387058259603, 18.550739763354215], [-70.12402055981609, 18.54912025849901], [-70.12573504539797, 18.546795508613396], [-70.12569750709471, 18.545940790082106], [-70.12390047204103, 18.544899549196614], [-70.12324310923637, 18.543771016197162], [-70.12190006029392, 18.544109271636493], [-70.1191102401891, 18.54240625382977], [-70.11885067344134, 18.541440168612187], [-70.1197243341122, 18.54044192967343], [-70.12330040276929, 18.531270243962098], [-70.12509535811269, 18.52915843929844], [-70.12472593061743, 18.526373962826085], [-70.12113776389494, 18.52427938904374], [-70.11720013557729, 18.524009503905503], [-70.11579323708146, 18.523237765635358], [-70.11419478113314, 18.523163837287452], [-70.1125595493431, 18.525749496858353], [-70.10752997879793, 18.527729382020304], [-70.10399022734327, 18.526609466323283], [-70.09990241679104, 18.524385360112145], [-70.09723296817535, 18.523935734908292], [-70.09598650344867, 18.524360627079524], [-70.09404266274103, 18.526547442803874], [-70.09671942831098, 18.530260138323438], [-70.09642946608537, 18.53181975925892], [-70.094139675496, 18.534749414746457], [-70.09215019550741, 18.534959418557687], [-70.08757062566266, 18.530659573574344], [-70.08611064306389, 18.52699985225642], [-70.08594562347365, 18.525216653297203], [-70.08458056449949, 18.523919703006733], [-70.08432143872966, 18.522252990976227], [-70.08267360298623, 18.520195450777194], [-70.0806475363727, 18.518359368749184], [-70.07414023533745, 18.517149473552397], [-70.07233051911898, 18.515749558444806], [-70.07125048944118, 18.513759851439254], [-70.07102054296668, 18.508951378693002], [-70.0721979788889, 18.506187934271786], [-70.07189054682834, 18.504499990031906], [-70.07222873842015, 18.50216207232251], [-70.07067049073386, 18.49985979474713], [-70.0701910107351, 18.496949309684847], [-70.06784015592774, 18.49507957956319], [-70.06500035713653, 18.49405946817109], [-70.064250527074, 18.493219749865755], [-70.0639206532335, 18.491140096119285], [-70.06571045257537, 18.487430464173052], [-70.07268442113033, 18.48423895723523], [-70.07343506407334, 18.483216397382435], [-70.07358406744348, 18.48136813124317], [-70.07299021881062, 18.480340911888856], [-70.07209380632257, 18.47991020360784], [-70.06860971238126, 18.48006193239313], [-70.06537991144269, 18.481369315299716], [-70.06485035517103, 18.481299488849093], [-70.06414585686555, 18.479970285064056], [-70.06357059908207, 18.47861993215993], [-70.06392051317452, 18.47667025479376], [-70.06508036242668, 18.475410497870566], [-70.06712367425484, 18.474378375712675], [-70.06837708238726, 18.469879835797375], [-70.06578201429038, 18.464596795235444], [-70.06448656131045, 18.464363789508585], [-70.06325885160501, 18.464846463551552], [-70.06234319871484, 18.46585801743937], [-70.06204937204788, 18.469609665099465], [-70.05912972491794, 18.47241935875699], [-70.05595921114357, 18.472598350346885], [-70.05153967482175, 18.476519347833428], [-70.04826006195853, 18.477169451976497], [-70.04392058374124, 18.47506958881272], [-70.04343631518893, 18.47066443335404], [-70.04151937529942, 18.46830841689503], [-70.0390163052892, 18.466598485042102], [-70.03705030120567, 18.466149507958676], [-70.03358917362448, 18.462032991357496], [-70.03071010694245, 18.4622494207721], [-70.02862340994542, 18.461321467499747], [-70.0257759811376, 18.46295448982578], [-70.02421948445338, 18.465239460441598], [-70.02216919669951, 18.46655760567335], [-70.02104166898958, 18.469080582929813], [-70.01915954739053, 18.47637944416195], [-70.01348052479864, 18.476439525499536], [-70.01309998819673, 18.475088527223868], [-70.01309051730544, 18.465380046732825], [-70.01340058593392, 18.464270343468076], [-70.01526575869917, 18.462367129934183], [-70.01552686861493, 18.460313199262234], [-70.01481980562197, 18.45937218100419], [-70.01343238672547, 18.459101842814174], [-70.01194575231806, 18.45971840503637], [-70.01061977466674, 18.46106941054222], [-70.01004109020596, 18.46102161431148], [-70.00886039563882, 18.45990970613037], [-70.00763073986863, 18.457440106551186], [-70.01007265887195, 18.45479536599689], [-70.01045116419755, 18.453299162717265], [-70.00669015844703, 18.450577673738504], [-70.00274038013154, 18.44930950101227], [-70.00207059066761, 18.448279883289384], [-70.0025404913455, 18.445790426706335], [-70.00580349209166, 18.444659413827473], [-70.00663269707952, 18.443067917440562], [-70.00722297952387, 18.43749662906404], [-70.00606073428469, 18.43310996486565], [-70.00649051692237, 18.430570282817268], [-70.00823028040695, 18.428990608890203], [-70.01539142545109, 18.428080560166833], [-70.01821148330487, 18.426618417132403], [-70.01928240506722, 18.422421902057117], [-70.01925058819741, 18.420850410942478], [-70.02005953734721, 18.420513425690256], [-70.020457306751, 18.41953931728511], [-70.02059266529209, 18.418342301789846], [-70.01959071004511, 18.41668996340696], [-70.02068091031764, 18.414320475045272], [-70.01992472699942, 18.413698660082314], [-70.0187130967709, 18.41450724700938], [-70.01945811929801, 18.41337889571059], [-70.01838596525637, 18.41273197115699], [-70.02023061791037, 18.413236311578782], [-70.02117204436412, 18.412959718091436], [-70.02433741556123, 18.409800119991623], [-70.02546792849846, 18.407385236756575], [-70.02494192489479, 18.406739943804915], [-70.02573242177083, 18.406309145284716], [-70.02597049182151, 18.40458055748855], [-70.02643013692281, 18.40429085102186], [-70.02778070802063, 18.4004903445203], [-70.03164189119113, 18.39439856337895], [-70.03404059023289, 18.38918044504438], [-70.0349497670155, 18.388400963737478], [-70.03561748759931, 18.389720316380195], [-70.03692574842917, 18.389527954246443], [-70.03789767239665, 18.38397055158562], [-70.04113027723686, 18.379990263630066], [-70.04459878479976, 18.376868852376536], [-70.04934038452298, 18.37095045525359], [-70.05069007647641, 18.370200573739993], [-70.0516197763154, 18.370267821024388], [-70.05426163162402, 18.367674625889144], [-70.0542905411647, 18.36586015887736], [-70.06105878989415, 18.35620545557083], [-70.06800925806398, 18.344701327485808], [-70.07093553083881, 18.338793969238278], [-70.07119051187965, 18.335420202617488], [-70.07283798755893, 18.333504292090925], [-70.07693032264432, 18.32389016730333], [-70.08057186895068, 18.31801595547792], [-70.08544868746272, 18.312245219112352], [-70.08793038206835, 18.308380295062687], [-70.09099028321273, 18.30560052369685], [-70.09205873804738, 18.30527797334883], [-70.09334017493832, 18.303740652652397], [-70.09449962217832, 18.304111521630613], [-70.09549028841283, 18.30323057563034], [-70.09786991311049, 18.302950641159335], [-70.10044957635796, 18.304000405610278], [-70.10116401952375, 18.30485814320283], [-70.10245714629288, 18.304446290027624], [-70.10410465881239, 18.30307981168729], [-70.10497047908896, 18.30118033533914], [-70.10897811115504, 18.297308396682528], [-70.11029739593931, 18.29538681664709], [-70.1106957541673, 18.292379938191292], [-70.10998188676487, 18.291328549288984], [-70.11027055724165, 18.289580440128184], [-70.11159061945764, 18.288008340141197], [-70.1117205867896, 18.285220309250857], [-70.11538363421178, 18.282473909390117], [-70.12255038327322, 18.27179060227698], [-70.12380300316876, 18.271585151166665], [-70.12768636429564, 18.269601124907997], [-70.13446133533408, 18.26313483495042], [-70.13805656446064, 18.257008514852796], [-70.1401663972323, 18.249858279879728], [-70.14147038069062, 18.247470460382928], [-70.1425002416258, 18.247010893244752], [-70.14261052584483, 18.245730198797833], [-70.14595961157244, 18.241636742613164], [-70.1487842010957, 18.236841533141934], [-70.14923053309087, 18.234920301824573], [-70.15311037840678, 18.23121061868579], [-70.15636262791112, 18.23006769112937], [-70.15679048642744, 18.228940344373306], [-70.15875020411195, 18.227670495745887], [-70.16070995549612, 18.227260573117377], [-70.16160945197859, 18.227600463430086], [-70.16197948441398, 18.229479995349912], [-70.16162770406589, 18.231054175225918], [-70.16350897736892, 18.234414084311258], [-70.16429526395977, 18.234392926188672], [-70.1668495982958, 18.231970626119104], [-70.16721935081877, 18.23326995324868], [-70.16671709989433, 18.235387844217446], [-70.16817679274072, 18.23674699069321], [-70.16921783332405, 18.23705403887906], [-70.17344906578508, 18.23560797593805], [-70.18057015935501, 18.231470525755665], [-70.18431651750775, 18.231202692254726], [-70.18786136276294, 18.228650226721086], [-70.1932697461048, 18.22867066036705], [-70.19439020977386, 18.22964744916241], [-70.20075102747701, 18.23240717103939], [-70.2046494378669, 18.233360435611402], [-70.20497817219284, 18.23544947224663], [-70.20629005348711, 18.2349306686449], [-70.20768882521932, 18.235374748421904], [-70.21046029995446, 18.23520132036117], [-70.21609178405996, 18.233334198897083], [-70.23177677354491, 18.225536575389626], [-70.2342976478018, 18.224090181642566], [-70.23635017765938, 18.221960601946623], [-70.23773973862876, 18.222290469797105], [-70.2426062583401, 18.227123925667588], [-70.24597270463363, 18.22911280532415], [-70.25300982046832, 18.230440471006872], [-70.25702097637259, 18.232857969583808], [-70.26656070393621, 18.236377199522988], [-70.27829125269479, 18.238021778366953], [-70.28224950839208, 18.23764753847136], [-70.28582483142685, 18.236554409001513], [-70.29408179626262, 18.233439266035212], [-70.30269010092069, 18.22920061839273], [-70.30575223355049, 18.229592223466433], [-70.3110300924846, 18.22770063865784], [-70.31816029483113, 18.22811388224164], [-70.32032023527574, 18.227250826705127], [-70.32415999936302, 18.22663072363375], [-70.3261769203694, 18.226946275016008], [-70.33482997123548, 18.226380704532527], [-70.33786988434036, 18.226830481153378], [-70.34466440769886, 18.22911558073535], [-70.35225028166619, 18.230847889097237], [-70.35668995398055, 18.23102862740687], [-70.36234000971298, 18.230420473969215], [-70.37163984795001, 18.231040824703296], [-70.37495983173012, 18.232060417735816], [-70.38270733438976, 18.23596131363891], [-70.38531947530892, 18.236360485333524], [-70.38573017236281, 18.23681073391471], [-70.3920299273828, 18.237307234294377], [-70.39543958179237, 18.236858119634558], [-70.39936100137005, 18.23561917678163], [-70.41092003172037, 18.23035057124431], [-70.41229315830374, 18.23074511425646], [-70.4175400139433, 18.229470771504378], [-70.41972725716238, 18.229894882439297], [-70.42301954853028, 18.22845081388851], [-70.4232121659721, 18.229397561028765], [-70.42378786699852, 18.229570637052717], [-70.42456054239388, 18.227220440199627], [-70.43185601843064, 18.22384385936294], [-70.45441762171896, 18.20984767891594], [-70.45751894722545, 18.20838820267415], [-70.46388026388775, 18.203840593736018], [-70.4691800198461, 18.202680475088645], [-70.47148616885326, 18.20294273711923], [-70.47359032831028, 18.201820833760436], [-70.4805465342757, 18.19999973404593], [-70.49166010257238, 18.195700338881345], [-70.4978693939184, 18.1943180945143], [-70.50135013281663, 18.192860722506193], [-70.50550984166615, 18.193000564338966], [-70.50874827096096, 18.194786201254267], [-70.51313994250191, 18.194180583152132], [-70.5140496422251, 18.19450045353188], [-70.51609100167522, 18.197644498619226], [-70.51882184140636, 18.199953284266808], [-70.52351873545825, 18.20521853109208], [-70.52787583030978, 18.20674894119665], [-70.53377414984503, 18.206870357683123], [-70.54224010437837, 18.20442055046784], [-70.54911964879842, 18.20377808048227], [-70.55230996431453, 18.202900579750256], [-70.5536895221762, 18.203432080531197], [-70.55694991291989, 18.20286066708192], [-70.55873548211927, 18.203670834371426], [-70.56219992586655, 18.20359060475697], [-70.56389961730326, 18.204060639132873], [-70.56736937243372, 18.207700268509445], [-70.56745319694885, 18.20961965084], [-70.56702974781172, 18.210219346763655], [-70.56555424567303, 18.209318927044386], [-70.56475195082967, 18.20926148442811], [-70.56404381319317, 18.209811435544395], [-70.56440931776189, 18.21187989771031], [-70.56042969221899, 18.21828946620618], [-70.56047939619607, 18.219339740855155], [-70.55962152334604, 18.219966631553852], [-70.55949947276808, 18.220779678763495], [-70.55186669802121, 18.225453653561424], [-70.5476498252281, 18.228819414847877], [-70.54574039561835, 18.228639491727314], [-70.54553071488326, 18.22805015586138], [-70.54936732622339, 18.224069027181937], [-70.5501130100208, 18.22127982875868], [-70.55014795527246, 18.218571627758433], [-70.54902433666624, 18.214114052341337], [-70.54666521621347, 18.212637111965833], [-70.54584767662897, 18.212641505447156], [-70.54481996962791, 18.213559191090795], [-70.5440353094875, 18.21303892005567], [-70.54130462125866, 18.213284896975836], [-70.53854998847234, 18.21415938608171], [-70.53639722007199, 18.2136185868173], [-70.53601489154225, 18.21403663850147], [-70.53625927703021, 18.215099616730818], [-70.53437998957529, 18.21574926972516], [-70.5300982584217, 18.21440776858515], [-70.52743005302521, 18.214639437787056], [-70.52276079509541, 18.213345521480438], [-70.518074952425, 18.214897295984343], [-70.51666993777486, 18.21601927169897], [-70.51565569957114, 18.215652270138843], [-70.51176175618532, 18.218043682860998], [-70.51129414486964, 18.218663784060116], [-70.51188208962608, 18.221343174152192], [-70.51395947460843, 18.22363032444341], [-70.51461795259303, 18.225299553566142], [-70.51852948151084, 18.22772053800717], [-70.51966998468616, 18.229336805785575], [-70.52128983726641, 18.22946050072229], [-70.52248397677869, 18.230240074174713], [-70.52406317302584, 18.230523422736166], [-70.52729951539722, 18.2293208165725], [-70.52762295401453, 18.231428522766894], [-70.52957940916123, 18.23229038512785], [-70.52954103369612, 18.233415139114616], [-70.52995994962484, 18.233818787098535], [-70.53060057858394, 18.233536345988238], [-70.53179038085783, 18.229640534013683], [-70.53346967633925, 18.229560562871725], [-70.53465552669898, 18.231824702078686], [-70.53766185230812, 18.235177951967998], [-70.54055710396084, 18.23729085957174], [-70.54204973795528, 18.237510654339253], [-70.54300936966526, 18.2382302873264], [-70.542853993103, 18.240535324082643], [-70.54338683276436, 18.241519435266266], [-70.54541961986226, 18.242930419510028], [-70.54731725155064, 18.245200728787065], [-70.54921943422208, 18.246130439538927], [-70.5496989681471, 18.248456265325785], [-70.55114243728502, 18.250595484150985], [-70.55379257352368, 18.25183860518403], [-70.55627973945617, 18.25187055649368], [-70.55769791673933, 18.253411249321843], [-70.55885969043, 18.25312074851575], [-70.55918928142769, 18.253770074135033], [-70.55893985084396, 18.255052613822983], [-70.5603660061454, 18.256765991368706], [-70.56361028708939, 18.25749774504094], [-70.56932974274244, 18.25768062941776], [-70.57135281890125, 18.259422420703785], [-70.57476974753416, 18.259210625360065], [-70.57830933403545, 18.263100260681238], [-70.57834359065116, 18.26441699423098], [-70.58041177756766, 18.26901076876402], [-70.58493030194629, 18.271844945348196], [-70.58798873212967, 18.272700217980997], [-70.58471908422811, 18.274988927386495], [-70.58179962034986, 18.278429572118572], [-70.58009983585474, 18.279549480863448], [-70.5734200708053, 18.279749171957725], [-70.56790973669212, 18.27863273748381], [-70.56342304216447, 18.27867209405963], [-70.55851978481988, 18.281559489979724], [-70.55713008082664, 18.28192733578153], [-70.54855028345187, 18.282002573268063], [-70.54424561249934, 18.282919727681378], [-70.54109017281623, 18.28285944811069], [-70.53947368800756, 18.281804985265556], [-70.5370110256812, 18.281474062886822], [-70.52357589332773, 18.28140876595395], [-70.51814279146585, 18.28408112287975], [-70.51470966083691, 18.28776953935039], [-70.5120112070265, 18.289054665289967], [-70.50494646869248, 18.28798686164731], [-70.50254739122347, 18.28837701023352], [-70.49827671235515, 18.291959366209806], [-70.49503678830422, 18.300062902749307], [-70.49323628566886, 18.30319347485262], [-70.49110965500653, 18.31160988433671], [-70.488232945433, 18.31841936098209], [-70.48683091281251, 18.323542412593255], [-70.48718250921446, 18.328339553546467], [-70.48794935319202, 18.33105008064009], [-70.48775070753246, 18.337975413247303], [-70.48817039520381, 18.344007220853683], [-70.49051940254917, 18.350750084759525], [-70.49019651783598, 18.35662276793471], [-70.48842942494252, 18.363099779957373], [-70.48650748107003, 18.366956654238084], [-70.48676931728383, 18.368019874783073], [-70.47944963001633, 18.37704579677822], [-70.47772933843726, 18.379799472390737], [-70.47407996547882, 18.38342371411903], [-70.47338872803088, 18.384704283922765], [-70.47385938995718, 18.38820997437182], [-70.47350274894427, 18.389678698784696], [-70.47147243702922, 18.39259134855336], [-70.47041997787407, 18.395122429681788], [-70.47123950323358, 18.40038997929633], [-70.46968092575389, 18.40573108939219], [-70.46949750143118, 18.411109625396623], [-70.47069738134523, 18.41383715984678], [-70.47378218368371, 18.417117419394405], [-70.47816523338703, 18.41996261669352], [-70.48178056886086, 18.421768600210363], [-70.48717971610772, 18.423490645226256], [-70.49439875535008, 18.42762994071812], [-70.49392396630627, 18.42831966794454], [-70.4963794876918, 18.43553005528293], [-70.49606954080612, 18.439709884016615], [-70.49448127925221, 18.443265368164234], [-70.4945095535292, 18.444511843837436], [-70.49499780693591, 18.445788616047395], [-70.49823945271456, 18.447000475044277], [-70.49844931340017, 18.448009892523416], [-70.49691652626254, 18.450733601149974], [-70.4963813985994, 18.453280797505244], [-70.4971750582347, 18.453865130245727], [-70.49868939279685, 18.45303050368824], [-70.49864168338567, 18.454638150088233], [-70.49983502954697, 18.455302053529348], [-70.50334959235528, 18.454620532575476], [-70.50386944590082, 18.456090058954125], [-70.50360950227684, 18.45810972880838], [-70.50148376383606, 18.46004508967723], [-70.50229936719394, 18.464749955581734], [-70.50108676093741, 18.468793553700966], [-70.50162980823332, 18.469491038545932], [-70.5029985075079, 18.469602612573446], [-70.50483992365643, 18.46709107296109], [-70.505918680265, 18.469182971007875], [-70.50753960673, 18.470510323280635], [-70.50892015642063, 18.47328516855436], [-70.51050365813629, 18.472632707831686], [-70.51089037997919, 18.47159075103885], [-70.51205153520911, 18.472042215878194], [-70.51274940498148, 18.477599841259337], [-70.51151561472975, 18.479330855597475], [-70.51213940611237, 18.482390005245158], [-70.51186379410343, 18.4832087531934], [-70.51043988781602, 18.483969481602642], [-70.50793182067139, 18.483831633709194], [-70.5065598476307, 18.484422431502374], [-70.50581509601322, 18.48598629025928], [-70.50666931906689, 18.48796992083111], [-70.50544924109866, 18.4895897536062], [-70.50526371367891, 18.491286681232264], [-70.50759286075069, 18.49276308476629], [-70.51017970952859, 18.49335052045931], [-70.51301374904186, 18.49610307873532], [-70.51746011884103, 18.494130667704482], [-70.52195066893253, 18.49449451121523], [-70.52321020048247, 18.493560603450657], [-70.52475975582472, 18.4936705617594], [-70.52661944552374, 18.495400353656855], [-70.52686930425095, 18.49617000188962], [-70.526349719007, 18.498053455589165], [-70.52765698003172, 18.500015273344808], [-70.52888681891781, 18.4994881142626], [-70.53080018000104, 18.49648077712313], [-70.53263232363247, 18.4975833093125], [-70.53453980244137, 18.497350631837282], [-70.53813312879343, 18.50266464696929], [-70.54057976857716, 18.503200472362074], [-70.54161197652115, 18.504085083923606], [-70.5430195556137, 18.504380494306837], [-70.54388366921137, 18.506995384736094], [-70.54571954499424, 18.507610548810113], [-70.54919040956906, 18.51449693365474], [-70.55200928708467, 18.515680347711776], [-70.55139666283056, 18.517787494120366], [-70.55171363746965, 18.51829814815737], [-70.55270246816119, 18.51828691626414], [-70.55353323084385, 18.517555007341024], [-70.5543001489675, 18.51597060222609], [-70.55464060235953, 18.513030230445175], [-70.55503027909543, 18.512480526526268], [-70.55598979377095, 18.512460681437933], [-70.55786966882181, 18.513770333870283], [-70.5599395235132, 18.516690208489624], [-70.56039414406156, 18.519429493909836], [-70.56109230556264, 18.520521487582435], [-70.56394978484883, 18.520800635587666], [-70.56982882178642, 18.52354186871282], [-70.57215710820525, 18.52392714750576], [-70.57400011466, 18.52312051945821], [-70.5768596851057, 18.523207610588116], [-70.57801006649451, 18.522610651021072], [-70.5806492769413, 18.52337358238299], [-70.58185024211039, 18.522360505479902], [-70.58413948383553, 18.522080651200426], [-70.58438752610566, 18.523780253401462], [-70.58648910700667, 18.52578996649366], [-70.58503853663096, 18.527121693785325], [-70.58593942238899, 18.528730124679313], [-70.58556036350744, 18.531703723032773], [-70.59099973051818, 18.53379043982872], [-70.59265729833602, 18.535430460987698], [-70.59514588895853, 18.53591298166058], [-70.59702685784958, 18.535716394217726], [-70.59883024088066, 18.534310507294837], [-70.60218019730863, 18.533579561288906], [-70.60617019106371, 18.53085061711618], [-70.60765802543176, 18.530829917749042], [-70.60879004738754, 18.529990727067272], [-70.60983121907292, 18.530604815071626], [-70.61148935215633, 18.531990609675304], [-70.61365949087421, 18.534930243867635], [-70.61421649869955, 18.536970337263043], [-70.61541924308283, 18.5381601137142], [-70.61516578176138, 18.539086615135247], [-70.61692942194531, 18.54090030008549], [-70.61736521493265, 18.54331558056148], [-70.618459521868, 18.544620234147015], [-70.61901572887814, 18.54731782970951], [-70.62070435801714, 18.547879394434524], [-70.62369976703341, 18.546150777981108], [-70.62564454138658, 18.55005688839517], [-70.62719937996022, 18.550990341240173], [-70.62707937674271, 18.55362980844308], [-70.62568490525553, 18.555921254324424], [-70.62583942175667, 18.55715993746319], [-70.62523274784427, 18.5587913727777], [-70.62768727984579, 18.56226852716422], [-70.62903937621992, 18.56331031243007], [-70.62920271390257, 18.56568029595959], [-70.63266972908266, 18.567190415122816], [-70.63335936083878, 18.567840346929145], [-70.63376942405972, 18.56948100652802], [-70.63612952877283, 18.57037030917872], [-70.63664287592134, 18.572510276975244], [-70.63981949311518, 18.574360333887565], [-70.64016653782605, 18.575809030513], [-70.64320002950234, 18.575040721919436], [-70.64437964805238, 18.57531065320822], [-70.64996022509906, 18.580619010490487], [-70.65466974482469, 18.580920596884496], [-70.6562397153365, 18.58235862331703], [-70.65750966528692, 18.582450533291315], [-70.65809106281118, 18.583238259201668], [-70.6586997205687, 18.583040949023665], [-70.65972187914414, 18.58541560752662], [-70.66126247297252, 18.585536240362572], [-70.66192000272224, 18.58480099002436], [-70.6626093683909, 18.585750245413895], [-70.66311926233517, 18.589265246740084], [-70.66527984188261, 18.589260539368734], [-70.66742971534347, 18.590910313717895], [-70.66935726193998, 18.59333063672928], [-70.67102951227106, 18.593760474997946], [-70.67151150050199, 18.59615516172704], [-70.67365934739597, 18.59904012984857], [-70.67339953343128, 18.600059709218385], [-70.66927497017419, 18.60337136341265], [-70.66878003271705, 18.60456702525753], [-70.66915915322356, 18.605479621159354], [-70.66773083063634, 18.60603061546302], [-70.66776351605967, 18.60668159835186], [-70.66991950758951, 18.60907022565031], [-70.6700293003579, 18.61022988067114], [-70.66804940335206, 18.61451954643806], [-70.66628296360332, 18.615032461027702], [-70.66507961433902, 18.618339709612627], [-70.66183641642118, 18.62150895802886], [-70.66267945946598, 18.622600224547394], [-70.66260946761784, 18.625239711573215], [-70.66153099777287, 18.626243778511757], [-70.66240938638859, 18.62777008449658], [-70.66125949612581, 18.631559666026053], [-70.66014403211142, 18.632776822917517], [-70.6625593491087, 18.635850293305563], [-70.66268939478579, 18.636659889395983], [-70.66197555810214, 18.638030698493935], [-70.66246931433837, 18.63882019337587], [-70.66233398297618, 18.640075174287794], [-70.66355957207561, 18.640640525110445], [-70.66427929118244, 18.64217979341408], [-70.66329935934313, 18.64287577193426], [-70.66374923751121, 18.643770122640646], [-70.6620062935676, 18.646532995895207], [-70.66337934325617, 18.649179829522083], [-70.6617554995918, 18.651521967317443], [-70.66149248749382, 18.654255392686185], [-70.66452222192486, 18.659848469692776], [-70.66826209258801, 18.664232187372804], [-70.67325953497595, 18.667070347104122], [-70.67377556862799, 18.66919534338376], [-70.67664906683102, 18.671659942999643], [-70.67539458436102, 18.672893544467026], [-70.67774942433417, 18.676110271361278], [-70.67870408298116, 18.679791254771203], [-70.68329270006473, 18.683540205012566], [-70.6860797520929, 18.684130485835308], [-70.686639140344, 18.68464995808347]], [[-70.20574660502508, 18.24006209028406], [-70.20551807580341, 18.238410906394773], [-70.20484548581162, 18.238209150933866], [-70.20457825415949, 18.239335466825885], [-70.20529522886848, 18.240925061774835], [-70.20658418104344, 18.241360341104315], [-70.2067456711994, 18.24067415070896], [-70.20574660502508, 18.24006209028406]]]}}, {"type": "Feature", "properties": {"COD_REGION": "II", "REGION": "Región II", "NOMBRE_REGION": "Norcentral", "N_PROVINCIAS": 3}, "geometry": {"type": "MultiPolygon", "coordinates": [[[[-71.25812932102977, 19.26135981284406], [-71.25677966784424, 19.26302945109646], [-71.25590314708293, 19.26332077336644], [-71.25502961821732, 19.265369438362278], [-71.25442049756761, 19.265379424663895], [-71.25419617391377, 19.26472161370575], [-71.2531119431051, 19.264256744288858], [-71.25204013971579, 19.2647392130161], [-71.24997567827334, 19.262585311483935], [-71.24788988614581, 19.263649475336763], [-71.24635272337893, 19.26366680933482], [-71.24418374446425, 19.266537236287803], [-71.2452693322614, 19.268580147440403], [-71.24496890184112, 19.272485316000743], [-71.24657949757798, 19.272950489613084], [-71.24687927801787, 19.275485028030864], [-71.2498292052777, 19.27920997470948], [-71.2494498288944, 19.27962934506376], [-71.2482880326041, 19.27927605060432], [-71.24773226227055, 19.279661782922368], [-71.24804935320635, 19.281449917146496], [-71.247439429101, 19.282359334985426], [-71.24747077880836, 19.283306172569457], [-71.24857933901006, 19.285180137986575], [-71.24846943471582, 19.285909693596025], [-71.24641080994598, 19.287825643164954], [-71.24624942322231, 19.292029289642958], [-71.2449845667755, 19.29230294091471], [-71.24644934428393, 19.294830213890453], [-71.2465693219437, 19.29698978362615], [-71.24589978410481, 19.297829273859765], [-71.24336224810084, 19.297084927791026], [-71.2427514435613, 19.298175652906934], [-71.24289581658228, 19.300540381457736], [-71.2455198190756, 19.300780678379372], [-71.24655943099118, 19.301310359160382], [-71.2466293015307, 19.303939830176773], [-71.24635983420374, 19.30442913748876], [-71.24562775170963, 19.303911891917405], [-71.2442922611592, 19.304162041800097], [-71.24314950371108, 19.30714959159396], [-71.24172293451511, 19.308237801895462], [-71.24251566143184, 19.30904120684549], [-71.24435963358998, 19.308750616228252], [-71.24458934644558, 19.30943995058025], [-71.24374754477704, 19.311175820593157], [-71.24412523411715, 19.31200251149751], [-71.24717956303316, 19.312350512229408], [-71.24800936819098, 19.315659906628515], [-71.24666317489577, 19.317930757725932], [-71.24664218567176, 19.319013176824754], [-71.24717329322047, 19.319636940955245], [-71.24916939177947, 19.320270468381477], [-71.24926900664751, 19.32189885189702], [-71.25061768237416, 19.324435338580354], [-71.2525894928461, 19.325010533902855], [-71.25304940926506, 19.326510033446166], [-71.25279956155394, 19.327849836573982], [-71.25210959665974, 19.329029519825667], [-71.25140995909352, 19.3292894205257], [-71.2487502826617, 19.32870943464521], [-71.24751415940918, 19.327750483493197], [-71.24568434620822, 19.328753364462163], [-71.24471955928415, 19.330589656103065], [-71.24245531905132, 19.332728942226023], [-71.24494929042443, 19.335320137535724], [-71.24450959079901, 19.336239429216867], [-71.2418402007826, 19.336559328653703], [-71.24036721344021, 19.335331293736786], [-71.23954286885478, 19.335419449527055], [-71.2386742879892, 19.336630819844387], [-71.23876941238878, 19.343579424874818], [-71.23741021348023, 19.34358945043484], [-71.2368505637024, 19.34306970837282], [-71.23612821204144, 19.337673321064496], [-71.23570283757655, 19.33723346893036], [-71.23435984098283, 19.337849525940815], [-71.23138173060873, 19.338202962200885], [-71.23126909031963, 19.338751996575947], [-71.23242930635439, 19.340499975083443], [-71.23178967161147, 19.34131940437589], [-71.23119013257455, 19.341379435547427], [-71.22744901894173, 19.339101372993664], [-71.2248126928631, 19.339468071787838], [-71.22299686977962, 19.340522151523757], [-71.22199839126505, 19.342747518920802], [-71.2221716089589, 19.344240085791622], [-71.22281294663027, 19.34505014307877], [-71.22429936253361, 19.34562040248276], [-71.2242494404825, 19.347233102022408], [-71.22583908860007, 19.34829014509878], [-71.22465260476389, 19.350135748313498], [-71.2266193763712, 19.35293009547695], [-71.2262294860399, 19.354079669238484], [-71.22395576621868, 19.356584832823728], [-71.22720964847959, 19.35800045010866], [-71.22864945072514, 19.35965019533967], [-71.22860941195522, 19.360819799366343], [-71.22796966984731, 19.36170955516681], [-71.22618999861754, 19.36225936611187], [-71.22289388126791, 19.361267439165804], [-71.22151263397413, 19.36163196183853], [-71.22163329653235, 19.363548331965827], [-71.22260505739311, 19.364984895923037], [-71.22422949070196, 19.36621028288198], [-71.22430942645066, 19.36711966593031], [-71.22039411087418, 19.367739023751145], [-71.220369416058, 19.370539511997055], [-71.21828788990015, 19.370853671849982], [-71.2176978634213, 19.37152651234944], [-71.21851928189525, 19.373380064251098], [-71.21828960712598, 19.374059458175953], [-71.21730019442091, 19.374069426973318], [-71.21519469909789, 19.372431854767047], [-71.21364988996811, 19.37209035674292], [-71.21302670570162, 19.372424953722387], [-71.21280947212331, 19.374199718397133], [-71.21191976395735, 19.374949319024672], [-71.20949011648203, 19.37486947362743], [-71.20865560251002, 19.37374165599396], [-71.20803970527018, 19.37365407938525], [-71.20750337193287, 19.37432787305382], [-71.20748603802153, 19.37554060362115], [-71.2093292363175, 19.377099608940807], [-71.20603071901877, 19.37812661737861], [-71.20390979633453, 19.38050940044177], [-71.20142283670516, 19.379025618118785], [-71.19969987744163, 19.380539355364906], [-71.19751631654647, 19.380110669718828], [-71.19545992546769, 19.381479322396498], [-71.19401030461131, 19.380889529812784], [-71.19196374445453, 19.378946605438877], [-71.19120389988323, 19.37884892648955], [-71.19075948096902, 19.3800294757689], [-71.18772127074473, 19.3805384090177], [-71.18723952344445, 19.382189776744408], [-71.18630976758563, 19.383319324616657], [-71.18303067943147, 19.38274401916165], [-71.1804795648769, 19.386469561431454], [-71.17779998884542, 19.388239359018073], [-71.1766322115213, 19.3875515950981], [-71.17406060833889, 19.387089560439836], [-71.17405054969215, 19.38658026715621], [-71.1751396620833, 19.385688238170143], [-71.17538965036894, 19.384166271394406], [-71.1742005557593, 19.382359840841776], [-71.1742857776704, 19.380458777983574], [-71.17310068795003, 19.378589772558904], [-71.17292953480028, 19.375838454184635], [-71.17192640118593, 19.374942580355146], [-71.166147804134, 19.3725222492253], [-71.1652927369567, 19.3726646882081], [-71.1649895605252, 19.373579446350668], [-71.1636403414272, 19.37357946139758], [-71.16272325565896, 19.371657245918964], [-71.16186961142617, 19.371068271470033], [-71.15898382428288, 19.37235152684348], [-71.15827978334465, 19.37439939179252], [-71.15673359200193, 19.373304161338798], [-71.1554898733471, 19.3738094770754], [-71.15174122393213, 19.373773034700324], [-71.15135157013754, 19.374383246902692], [-71.15246931425949, 19.377279848398913], [-71.15174962670515, 19.37796939387395], [-71.14915683248067, 19.378908270780528], [-71.14857004275152, 19.379842781457338], [-71.14883611741344, 19.381533571708133], [-71.15037933300233, 19.384410125525534], [-71.15016946048763, 19.38612953160633], [-71.1484199976011, 19.386599315355898], [-71.14415872741772, 19.3855113865505], [-71.14192441719406, 19.386727549735326], [-71.1421568396165, 19.387569975191038], [-71.14447964626396, 19.389040372177433], [-71.14519928497822, 19.39018025638728], [-71.14553932414466, 19.392879725245976], [-71.14477931191647, 19.39353302621136], [-71.14474939029185, 19.39438945750369], [-71.14405015165808, 19.394429382556627], [-71.14133630433233, 19.392820932997846], [-71.13998492434811, 19.3927150241367], [-71.13770567686267, 19.394314389532724], [-71.13817713274547, 19.39535202144689], [-71.14045922361855, 19.395950404339278], [-71.14023956601707, 19.39652950529884], [-71.13897005882494, 19.396829290531887], [-71.13737480584162, 19.39618662859366], [-71.1363902276646, 19.39647934508839], [-71.13458446108977, 19.394219454366052], [-71.13366564569748, 19.393973318509325], [-71.13243017529831, 19.394669162241506], [-71.13190594114457, 19.394193160525912], [-71.13107026583651, 19.394609135198614], [-71.12947443778395, 19.393919002040064], [-71.12720508239717, 19.393873579121333], [-71.12422005133865, 19.395339312343875], [-71.12358474048015, 19.394970131426575], [-71.12166566334399, 19.395192383004055], [-71.12076511627326, 19.396863018445792], [-71.12114944129746, 19.399469782210573], [-71.11880580160093, 19.40091990519124], [-71.1190069979319, 19.401536525582166], [-71.1205593349827, 19.40232001651283], [-71.11940947078925, 19.405239694786815], [-71.11674962520942, 19.408589605714475], [-71.11061965666644, 19.412969393116683], [-71.1075998554677, 19.414279243264268], [-71.10449152773444, 19.414201270627768], [-71.10282978187949, 19.415379524046465], [-71.10173004720785, 19.41557948080142], [-71.10029945822863, 19.415086191937696], [-71.09635001785807, 19.4157394995866], [-71.09265091014399, 19.414697592706187], [-71.0887708216664, 19.415113557979467], [-71.08391399680669, 19.416876902101777], [-71.07759981011841, 19.4222094279731], [-71.0731794783211, 19.421941317059613], [-71.07246927698213, 19.422396986110055], [-71.07203667048823, 19.42421278442784], [-71.07276840509478, 19.425451107301505], [-71.07595725692046, 19.425537534597147], [-71.07923008204884, 19.424720525221307], [-71.08194983839836, 19.424800666951345], [-71.08673470331142, 19.42708427459128], [-71.08918970248546, 19.427350604334897], [-71.09008132537707, 19.42829084345357], [-71.09015943650282, 19.429639837997776], [-71.08876965038439, 19.43161964745944], [-71.08818986847984, 19.432019435672256], [-71.08666257383837, 19.431922039161194], [-71.08419800669554, 19.43443646799787], [-71.08416912311333, 19.435263604934182], [-71.08583946590726, 19.4377701533181], [-71.08573758755351, 19.440180865948605], [-71.09106662749139, 19.450939349979592], [-71.0920888773288, 19.451406062765937], [-71.09359965545242, 19.450693501329845], [-71.09581014548353, 19.44756077797452], [-71.09679326625303, 19.448232476015704], [-71.09739929774122, 19.45054996005873], [-71.09584949694627, 19.45454960239676], [-71.08564969561765, 19.461569359117235], [-71.07884550997619, 19.463558446736428], [-71.07833764138273, 19.46412328785026], [-71.07864754447961, 19.46545212905308], [-71.0802295975027, 19.466950356402847], [-71.08183403487405, 19.469611844304115], [-71.08557867764904, 19.471919844269785], [-71.08317007678664, 19.47269937401902], [-71.07707034301362, 19.468899550817145], [-71.07405286295318, 19.466121265947933], [-71.06222024666947, 19.460869556433714], [-71.05660369412945, 19.456258646282738], [-71.04852022509475, 19.450629723754176], [-71.0428745215066, 19.44527600050335], [-71.03875405099775, 19.44366074309348], [-71.03557438903235, 19.44405821135759], [-71.02921978290634, 19.44920949249924], [-71.02131397316265, 19.450266369573367], [-71.02076581238552, 19.451411519328108], [-71.0209294021549, 19.454659788563884], [-71.01953976870762, 19.4562093455457], [-71.01517615552757, 19.45551418229029], [-71.01076994438785, 19.45702938970789], [-71.00852024333216, 19.456679510391687], [-71.00259859127598, 19.450611656236724], [-70.99925058284147, 19.448259565036068], [-70.99783048056824, 19.44401988530075], [-70.99766878495146, 19.441346909876174], [-70.99597766048238, 19.436791151318683], [-70.99424269881584, 19.434034123221846], [-70.99263554404087, 19.433637555801983], [-70.99110045955054, 19.43383273176397], [-70.98813242624149, 19.43538319155235], [-70.98229241537096, 19.44157182347735], [-70.97978648814417, 19.44579588296989], [-70.97780956894661, 19.45410985797707], [-70.97697521376776, 19.455680193151107], [-70.97522972168034, 19.456979398150235], [-70.97381014525635, 19.457309346793792], [-70.97311055675057, 19.45675971607599], [-70.97286764759201, 19.4524960590587], [-70.97211848833524, 19.45163737472095], [-70.96962025512083, 19.450839518414146], [-70.96819052915494, 19.449699700939192], [-70.96790348930585, 19.44768238274504], [-70.96713905257084, 19.44728078319711], [-70.96046674744555, 19.44807333957287], [-70.95518267200488, 19.44970514693008], [-70.95346814354166, 19.450931891693497], [-70.95389766634949, 19.452033670279235], [-70.95492268218219, 19.45235161199574], [-70.95929006136981, 19.45104064798364], [-70.96286955545136, 19.451430500830003], [-70.96339943074852, 19.453720048125025], [-70.96310950330934, 19.458649186267984], [-70.95726973920299, 19.45611523892929], [-70.9544198531102, 19.457289451919717], [-70.94816017260364, 19.458039384402465], [-70.94617435189389, 19.45650226715968], [-70.94155031653573, 19.455449238317176], [-70.93974109708687, 19.45432806085684], [-70.93599029284113, 19.454069413725072], [-70.93476056299521, 19.452639806678718], [-70.93484453441197, 19.449668153541612], [-70.93284322741727, 19.447297917132797], [-70.9319906400191, 19.446965213343425], [-70.92934020912736, 19.447379386551592], [-70.9275301230673, 19.444232988280117], [-70.92632933071755, 19.443254944676713], [-70.92459047306777, 19.442919435848307], [-70.92398645452295, 19.441405934938746], [-70.92145356386347, 19.43950949778943], [-70.91766220281494, 19.439699942665047], [-70.91566987395377, 19.44064941998405], [-70.91421022681176, 19.44060935188915], [-70.91278992902515, 19.439612232300238], [-70.91067717551954, 19.439790256686035], [-70.9102231156757, 19.44193521528229], [-70.91127926606754, 19.445260071932143], [-70.91094946632381, 19.448039632657018], [-70.90791985471742, 19.44962939795451], [-70.9037416452799, 19.449429471471046], [-70.90349942519872, 19.45169935192371], [-70.9016137275551, 19.451561200894613], [-70.90119004843366, 19.45193118469739], [-70.90135790567172, 19.453242042407123], [-70.90212941009531, 19.454200187065204], [-70.90201942362208, 19.455579476823033], [-70.90129018281425, 19.45570934800516], [-70.90042971619101, 19.454983818690792], [-70.89923942261649, 19.454844598227666], [-70.88723844160492, 19.44871881231207], [-70.88588515755619, 19.44928957288944], [-70.88507211969406, 19.451815708268164], [-70.88501372374287, 19.455852272438335], [-70.88567278580506, 19.46153937265588], [-70.88711705410734, 19.465766086022658], [-70.88901518990149, 19.46801982480937], [-70.89855980710227, 19.470380437023778], [-70.9024295463441, 19.472970448820824], [-70.90429942931323, 19.475830092819905], [-70.90341003760784, 19.479233502478078], [-70.90361583213698, 19.48193873354353], [-70.90458198245517, 19.483343214229897], [-70.90756956132412, 19.484800513056353], [-70.90851937529102, 19.486170165075432], [-70.90804942832455, 19.491399660887232], [-70.9066689789637, 19.492349026063543], [-70.90584949457907, 19.494829570703764], [-70.90473214215993, 19.49541906408774], [-70.90402713222055, 19.496488466570856], [-70.9047692850904, 19.49912011295662], [-70.90460934423461, 19.500519972852665], [-70.90367949518745, 19.502769623830925], [-70.90268315728174, 19.503652004867416], [-70.90246945806321, 19.505229825637493], [-70.90144579957757, 19.507193681058478], [-70.90152877994356, 19.50855103872861], [-70.90249921051672, 19.509680049891617], [-70.90075551396528, 19.512258738982645], [-70.89990944699612, 19.515389649449727], [-70.89768689418466, 19.51727994586769], [-70.89738952344966, 19.518239590666102], [-70.89620499409557, 19.518776896306843], [-70.89603945676824, 19.519909749119503], [-70.89535146567516, 19.520678965080446], [-70.89575928333957, 19.523199416626166], [-70.89477105849268, 19.52372289044866], [-70.89494931193558, 19.525109848617777], [-70.89428684892619, 19.526119600693395], [-70.89473934858118, 19.529179993512905], [-70.89399342817359, 19.531970501386223], [-70.89387931828213, 19.53591975485389], [-70.89335409370985, 19.53678766130057], [-70.89509919677812, 19.539790180479706], [-70.89531773180352, 19.543345221449677], [-70.8989099734854, 19.545272570028384], [-70.8997055391874, 19.544730709038365], [-70.89979061297801, 19.543250203173297], [-70.90029042212242, 19.54255057153657], [-70.90107001827286, 19.542290608536813], [-70.90274977422844, 19.54274045220622], [-70.90344943795688, 19.543340286898175], [-70.90365054951917, 19.54567126908393], [-70.90429563253747, 19.546323957270165], [-70.90830959729973, 19.54619057076645], [-70.90879941405986, 19.547839921295065], [-70.9076262240561, 19.549939246267346], [-70.90899401710257, 19.550949948381213], [-70.91272668304129, 19.54930662112466], [-70.91257097892489, 19.54834652132207], [-70.91057050496617, 19.547199429362927], [-70.90936076010871, 19.545529986630264], [-70.9105704631302, 19.543730532025734], [-70.91136981585176, 19.543340748366887], [-70.9134603990117, 19.54709158653393], [-70.91552986020153, 19.547130534746735], [-70.91814940526608, 19.548900283750978], [-70.91796947014524, 19.550979795480362], [-70.9165607219368, 19.55289697828471], [-70.9167722617845, 19.55394874767064], [-70.920967247848, 19.554327876588186], [-70.92166351521483, 19.553091203276868], [-70.92083067935529, 19.55100997103523], [-70.92108048201209, 19.55024040980575], [-70.92376014096071, 19.548860606279767], [-70.92536994671035, 19.54889049302381], [-70.9271397009116, 19.549410446568505], [-70.9278792668107, 19.55039009750706], [-70.92716495257383, 19.552228839677305], [-70.92754885857352, 19.55302361975651], [-70.92858117240668, 19.553116506354726], [-70.93119976417658, 19.55208067762731], [-70.93282334101018, 19.55480814741265], [-70.933770606739, 19.555119231344097], [-70.9350397699048, 19.554810718518223], [-70.93587396472996, 19.555767504632552], [-70.93734870645184, 19.556150228144254], [-70.93482290168888, 19.557853743315526], [-70.9341194750462, 19.560959682728114], [-70.92930177592302, 19.56492176787809], [-70.92527628231105, 19.569863142124028], [-70.9232101839473, 19.57483195966565], [-70.92325900437935, 19.57647260533264], [-70.92417371615647, 19.577210889235207], [-70.92685409402935, 19.577685051503536], [-70.92861855074067, 19.577482235567583], [-70.92993007265946, 19.57654063623898], [-70.93070940213427, 19.57688038163186], [-70.9297795308599, 19.59199912083141], [-70.92852834088045, 19.591380154521264], [-70.90738887826205, 19.57353159442195], [-70.89886045650921, 19.568589441899867], [-70.89472661978355, 19.563932533286852], [-70.89366994662791, 19.563685449393645], [-70.89344925725007, 19.56459927983198], [-70.8924262624816, 19.56475790612807], [-70.89322919946271, 19.566070048848488], [-70.89258460427499, 19.566966647510863], [-70.89265938817678, 19.568919624378903], [-70.89026869353357, 19.570094755318962], [-70.89078906059457, 19.571559502873477], [-70.89004552045002, 19.571731968348285], [-70.8877457666451, 19.574618523779183], [-70.8875195232201, 19.57712986898863], [-70.88612365576643, 19.579661735612877], [-70.88642508366853, 19.58172125203003], [-70.8876622517799, 19.583400829989085], [-70.88807944109008, 19.585409906448813], [-70.88764823870294, 19.586205987064776], [-70.8878392946397, 19.58719971541353], [-70.88585100171746, 19.588508363917065], [-70.8851397224948, 19.590089255925033], [-70.88399720550788, 19.589569675483105], [-70.8831140830191, 19.58990917788229], [-70.8831033957226, 19.59082619426226], [-70.88394940442141, 19.59156026776977], [-70.88378947030036, 19.594059684002094], [-70.8812611392703, 19.5958474629955], [-70.88200920249737, 19.597700205909465], [-70.88219936760458, 19.600039755553286], [-70.88129572798582, 19.600998419620932], [-70.88138526165812, 19.602888202460385], [-70.88330943234187, 19.605080302621065], [-70.88412950112632, 19.608450019247265], [-70.88345535144312, 19.61173450874775], [-70.88396930218211, 19.613529950743953], [-70.88241349657197, 19.61709687331552], [-70.88454934132209, 19.619700239761013], [-70.88453941247323, 19.620489635217506], [-70.8822327247951, 19.621728282405215], [-70.88135954667403, 19.624879733605603], [-70.88019964309534, 19.625999499479253], [-70.8780398066815, 19.62709942318487], [-70.8749774770472, 19.627664080536945], [-70.87448762297566, 19.62861977703161], [-70.87617933864627, 19.63246008681163], [-70.87578448692483, 19.634753170089134], [-70.87630937470121, 19.63992993861611], [-70.87604768882069, 19.64142615480963], [-70.87968205821416, 19.641548654621506], [-70.88122034346553, 19.63957056190042], [-70.88299978126102, 19.639300622164132], [-70.88415952644034, 19.640560241166728], [-70.88485993106183, 19.64393928413909], [-70.88637922646227, 19.645480013733362], [-70.88352970420351, 19.648519413102843], [-70.88217265908203, 19.648792696724637], [-70.88014937520218, 19.652175848567556], [-70.88128439996673, 19.65360229990698], [-70.88162600098423, 19.656120835121133], [-70.88497121198516, 19.657428682039413], [-70.88573392711987, 19.657031052968723], [-70.88632042786318, 19.655740554026817], [-70.88998578322786, 19.65516266996685], [-70.89121025871724, 19.654190612217345], [-70.8942150412909, 19.653900026923715], [-70.89655010517981, 19.652960503908123], [-70.89933990668813, 19.65289051400647], [-70.90169627143653, 19.653904592195335], [-70.90392009602571, 19.652630625922562], [-70.90566002267526, 19.652250615494488], [-70.90825622499361, 19.653424542367034], [-70.91149966006309, 19.65274070974588], [-70.91230538664087, 19.654305707794347], [-70.91418318051528, 19.655445904959258], [-70.9159597027156, 19.655810511443825], [-70.91671261174622, 19.656522690006486], [-70.91998962233563, 19.656500590994668], [-70.92177834720705, 19.659444181884393], [-70.922629456653, 19.65986045109749], [-70.92330446467928, 19.663139621627277], [-70.9252194984548, 19.66389048784443], [-70.9256166669255, 19.665904801175547], [-70.92771577733596, 19.667251218965415], [-70.93036988330336, 19.66733065338894], [-70.93199938447657, 19.667890448725473], [-70.93217872993603, 19.669473259360686], [-70.93470370969406, 19.671080284934344], [-70.93719969054395, 19.671500483896445], [-70.93889108476854, 19.674015952447498], [-70.94123377933823, 19.674139457480567], [-70.943500114718, 19.672380709852547], [-70.94782958574679, 19.67395058874395], [-70.94948123365644, 19.675806287969007], [-70.95143007604462, 19.674670695356532], [-70.95253957065063, 19.675130471494725], [-70.95347753969457, 19.676852057146718], [-70.95563969113313, 19.67796041118101], [-70.9571053089205, 19.6795328296705], [-70.96291971298356, 19.682350396893924], [-70.96666634887187, 19.686223317926967], [-70.96832951837308, 19.687250507176906], [-70.96943392985979, 19.688822667365713], [-70.97275962476327, 19.69019069290597], [-70.97674959734881, 19.692970428984264], [-70.980424983509, 19.69758645075833], [-70.98154945035878, 19.698330407343036], [-70.9820085995592, 19.699774143868122], [-70.98420933168454, 19.70195014238011], [-70.983443270013, 19.704021033103075], [-70.9844027448083, 19.70573221960726], [-70.99058935284253, 19.705920058146877], [-70.99267004222095, 19.705370524736434], [-70.99626965464388, 19.70574061297021], [-70.99660942490972, 19.706190131776115], [-70.99616949920056, 19.708450029834616], [-70.99645164941619, 19.70977989192484], [-71.00074853344643, 19.71293862013073], [-71.00720203814677, 19.710268471346442], [-71.00844994889971, 19.710110656067062], [-71.01037641280763, 19.710642431513946], [-71.01396002497471, 19.70978062693218], [-71.01681977260746, 19.71023127303733], [-71.01965990201138, 19.70963058255548], [-71.02292132056495, 19.71158429639317], [-71.02678994775746, 19.710880720485626], [-71.03225049284325, 19.712798060318175], [-71.03827981240062, 19.71377068789187], [-71.046358700422, 19.7169274662692], [-71.0601298828445, 19.72051034149533], [-71.06702971439965, 19.72348042908034], [-71.07025952076417, 19.726600304819595], [-71.07085945136002, 19.728350012523194], [-71.07019332803776, 19.730438070324272], [-71.07026032986586, 19.735756701090192], [-71.07150838340362, 19.737147427648257], [-71.07384200265828, 19.738109591327856], [-71.07668990239935, 19.738080553178264], [-71.08724877138688, 19.742092267612087], [-71.09214993709021, 19.74217057675493], [-71.09570973350884, 19.742910474980395], [-71.09699359702066, 19.744321425867913], [-71.10190019496865, 19.747083223515293], [-71.10582977947193, 19.748640439824644], [-71.11112550610197, 19.751904994608804], [-71.11362455409643, 19.75294059545637], [-71.11823972774796, 19.752710588602337], [-71.12121276558508, 19.756464436261336], [-71.12478998655666, 19.756000473385857], [-71.12833362104476, 19.75670328817783], [-71.13186944013468, 19.755680746822655], [-71.13192449488307, 19.757049688838066], [-71.13271901296632, 19.75754015211531], [-71.13101960274732, 19.759138605357986], [-71.13037152558098, 19.761191896204096], [-71.13084841179946, 19.762475478901205], [-71.13394007439871, 19.763751394072198], [-71.14867112231313, 19.765079213292918], [-71.15671166052189, 19.766371580975758], [-71.17547792705325, 19.767744004011895], [-71.1774298707624, 19.76818041344412], [-71.1830388533317, 19.77098963273797], [-71.1854623728211, 19.77102895909058], [-71.18679023631634, 19.769920487300478], [-71.1890398956725, 19.769520618484343], [-71.19172429754434, 19.771019440032994], [-71.1935799261325, 19.770960515592584], [-71.1979297165769, 19.773130474295378], [-71.20163524422885, 19.776681709768354], [-71.20593992038785, 19.776660484986348], [-71.20899971746526, 19.777740484608398], [-71.21248090394737, 19.780768782341294], [-71.21650026763315, 19.783284202490332], [-71.22053987820094, 19.78326064006869], [-71.22264970363642, 19.784130455615546], [-71.22403785830883, 19.78539805373446], [-71.22934971183957, 19.786200543246025], [-71.23185701985274, 19.788909914285885], [-71.23483904411137, 19.790149440525337], [-71.24099817655015, 19.796580603963474], [-71.24290958352634, 19.799060218964847], [-71.24336930366776, 19.800489795020738], [-71.24208880076866, 19.801570343954115], [-71.24127959024239, 19.803569387810157], [-71.2385966243959, 19.803573002946997], [-71.23657280530537, 19.80455146760837], [-71.23503770790083, 19.805928984204378], [-71.23375339732297, 19.80852760808077], [-71.23390757758246, 19.810116670404675], [-71.2361793213105, 19.81113039528078], [-71.23615752420686, 19.8121103691609], [-71.23705157165662, 19.812561595711117], [-71.24509994715302, 19.812580552211838], [-71.24781968929183, 19.813108052878093], [-71.25005953462896, 19.8149703160792], [-71.25074728512212, 19.8170397279604], [-71.25386917868737, 19.821410447264256], [-71.25688934535985, 19.82904998651033], [-71.25617966338828, 19.830649331375017], [-71.25493049354704, 19.830369490462427], [-71.25446562394157, 19.829630576326185], [-71.25366993221185, 19.82988937240749], [-71.24889800686528, 19.828804161972606], [-71.24601991267919, 19.83062939631291], [-71.24425453157502, 19.830278601831115], [-71.24027973162227, 19.833889435987377], [-71.23681019510468, 19.834409418853827], [-71.23553025134306, 19.83313399537467], [-71.23377610509793, 19.83283195065285], [-71.23340939316682, 19.833649732205966], [-71.23186981194294, 19.83465930372516], [-71.22658555966595, 19.834402279032375], [-71.22094982617737, 19.837769503171053], [-71.21618065828046, 19.838183656957465], [-71.21531218684756, 19.838795885462368], [-71.21407506355429, 19.840606711415656], [-71.21321185990188, 19.843590813644756], [-71.21380352425214, 19.847629032299064], [-71.21458950122812, 19.849560094242143], [-71.21446928165739, 19.851579796142065], [-71.21313921969252, 19.854072840081606], [-71.21283942563412, 19.856849555355645], [-71.21018840842974, 19.858125780527384], [-71.21088333328207, 19.860985380390517], [-71.21258948763399, 19.8617704520006], [-71.21289942152838, 19.862580020501447], [-71.21137301110366, 19.86764458206336], [-71.21239906409001, 19.870259217628874], [-71.20968027076952, 19.86965932006172], [-71.19923905169702, 19.86339197637785], [-71.19518030080071, 19.861889453777632], [-71.19399047230887, 19.86097965436316], [-71.19262036909564, 19.857245041365218], [-71.18994375707896, 19.85535399635877], [-71.18787882571736, 19.855101861295516], [-71.18769943404934, 19.85696929684817], [-71.18549048793011, 19.85642950946207], [-71.18523069757137, 19.85539015289515], [-71.186085603107, 19.85428915165257], [-71.18596418409288, 19.853740850936628], [-71.18465508544968, 19.85277609506804], [-71.18177705215956, 19.852577042905235], [-71.1778899897352, 19.853979382947884], [-71.17684229108359, 19.853946407726927], [-71.17678209189036, 19.854532205371687], [-71.17828923505228, 19.856630010011763], [-71.17781971233524, 19.85731937406037], [-71.17420347495514, 19.85692587439992], [-71.17211498279653, 19.858005365905516], [-71.17164304821831, 19.858882406778427], [-71.17178940853333, 19.861099836894375], [-71.1709396813022, 19.862319450858354], [-71.16436010328682, 19.86290936599097], [-71.16084021217512, 19.861369608623516], [-71.1574584848988, 19.859153018145946], [-71.15471101668278, 19.85815163572156], [-71.14647008462066, 19.858779335440406], [-71.14232181640796, 19.857349830143388], [-71.13852007434258, 19.85713948693401], [-71.13570400872554, 19.856190865362066], [-71.13417134990202, 19.856152182513373], [-71.13205708747392, 19.85672595438237], [-71.12964847465015, 19.85988558137789], [-71.12897959930652, 19.861519539983718], [-71.12626395647449, 19.862208472403637], [-71.12438974209033, 19.863559318880995], [-71.12198038722407, 19.86379205317612], [-71.11569990617426, 19.865579507109842], [-71.10599077840092, 19.866543511628162], [-71.09964070595211, 19.868771577624702], [-71.08857201067136, 19.874882139260933], [-71.08335176679707, 19.879301711931664], [-71.07979272645709, 19.884178152157777], [-71.08028930729328, 19.885926657888746], [-71.08150928071188, 19.887230136113512], [-71.08131294663447, 19.889709917914598], [-71.08190644978764, 19.8938869901333], [-71.08301487294683, 19.89531767708666], [-71.08427013774377, 19.895285589458723], [-71.08610943024298, 19.89630030963728], [-71.08606944276589, 19.896859651255618], [-71.08258667171167, 19.89887423792754], [-71.0816795871014, 19.90024946224148], [-71.078945696177, 19.901131251846092], [-71.0770594675292, 19.904559596968483], [-71.0746896519791, 19.906849451636695], [-71.06996248074674, 19.908647013501263], [-71.06828893537013, 19.91047304212982], [-71.0662710852021, 19.911305445189235], [-71.06428572243308, 19.910800737332828], [-71.06187951052631, 19.9178595772361], [-71.05985976769583, 19.918869384959756], [-71.05385958737354, 19.92045746357339], [-71.05071791259664, 19.920784756966167], [-71.04926977964594, 19.921989488115898], [-71.0447055774079, 19.922320177453507], [-71.04157706225567, 19.923598709493152], [-71.04054948788013, 19.925309496269193], [-71.03942967929126, 19.925964346608648], [-71.03677176212875, 19.926435811020706], [-71.03543975383273, 19.927519419363488], [-71.03307815918178, 19.927776506598494], [-71.03174987649007, 19.928639436692414], [-71.0290323815377, 19.9282490290036], [-71.02753972793256, 19.929599595377645], [-71.02452988223261, 19.930929514713792], [-71.01041067272543, 19.93177935797476], [-71.00681041165933, 19.931379419340452], [-71.0061708052327, 19.93069078170146], [-71.00130753284982, 19.93210859438993], [-70.9952002145473, 19.93141925160276], [-70.9928978557595, 19.930327838505825], [-70.98893021741115, 19.929969386365677], [-70.98005039038499, 19.925229537627523], [-70.97953423653053, 19.92421790203116], [-70.97608681745118, 19.92168590547262], [-70.97246025054582, 19.920559520530894], [-70.96775647852019, 19.91687085750813], [-70.96257013371452, 19.916419498957865], [-70.95695419706306, 19.91376475798745], [-70.95536020636703, 19.913569444036728], [-70.95195110561905, 19.91125776907491], [-70.9501003480281, 19.910719413155494], [-70.94886185615904, 19.909492556958362], [-70.94434039043956, 19.907599374893305], [-70.94286062097314, 19.90629959256493], [-70.94249064846422, 19.905150055005656], [-70.94435538148115, 19.901729038895805], [-70.94180068410672, 19.89968985602547], [-70.9420331491661, 19.898736417025052], [-70.94087073849717, 19.8972200418316], [-70.94188540366734, 19.896175455732987], [-70.94187467696324, 19.89561270920145], [-70.93941034617126, 19.89501950481476], [-70.93890068484183, 19.894142358531667], [-70.93716539868268, 19.89324412402248], [-70.93354031802721, 19.89577904605262], [-70.93301070193286, 19.894059974180358], [-70.93361504125312, 19.891379112674727], [-70.93318953209554, 19.89086886147854], [-70.93139853526257, 19.8922952321282], [-70.93094735290883, 19.895493899143354], [-70.93135689050669, 19.896422561790697], [-70.93328636617761, 19.89744643623944], [-70.93441973723962, 19.897470577571305], [-70.93572716494863, 19.89898052370804], [-70.93782105714315, 19.89995432290063], [-70.94034952599596, 19.899990611041044], [-70.94129943688563, 19.903629985565708], [-70.94016933670939, 19.90719970843184], [-70.93874968665058, 19.90966978578054], [-70.93528969433409, 19.91396970967099], [-70.93295977199028, 19.915729349385497], [-70.93039002472378, 19.91579956258961], [-70.92692018974131, 19.91500955089232], [-70.92410041417394, 19.913179486080498], [-70.92061579211821, 19.909740337288476], [-70.9173630614173, 19.908055346121515], [-70.91305022989339, 19.90829934782266], [-70.91100452356217, 19.906461335999385], [-70.91020969794832, 19.90694940508116], [-70.90918034727156, 19.9068393890139], [-70.9083106118985, 19.905679812633455], [-70.908033601435, 19.903994350492514], [-70.9069298398334, 19.90491917624002], [-70.90428255907764, 19.903366618251606], [-70.90251985126594, 19.90467943051174], [-70.9003524466995, 19.904326287652598], [-70.89640293561965, 19.905039180909743], [-70.8951702237688, 19.90497938655454], [-70.89395636754726, 19.904157171933807], [-70.8925699278752, 19.904699367233484], [-70.8916721006269, 19.904532260556675], [-70.88866999150173, 19.903370453308035], [-70.88708972744875, 19.90500943358202], [-70.88638014676245, 19.905019280728368], [-70.88403044288982, 19.903979603031633], [-70.88383064932196, 19.903350057824028], [-70.88450520366891, 19.901983148670578], [-70.8841254744452, 19.90132484730272], [-70.8813031270109, 19.900101992628226], [-70.87851299237329, 19.90040757132599], [-70.87780842693472, 19.901525253172494], [-70.87777946092385, 19.903449653412], [-70.87698000006849, 19.903819374810706], [-70.87578445556998, 19.90347005330544], [-70.87576928295644, 19.90470968811715], [-70.8731900222651, 19.905759272936166], [-70.87168920983429, 19.905048404070225], [-70.87037028516279, 19.905039393800667], [-70.86923307531146, 19.90316985654849], [-70.86776020606855, 19.90302945906035], [-70.86643607545832, 19.902132395521715], [-70.86386024191872, 19.902729287559783], [-70.86242090958375, 19.901255247868406], [-70.8608363675263, 19.902137126325016], [-70.86027945901941, 19.904329502989825], [-70.85818327680246, 19.905022409972286], [-70.85734961905493, 19.90599949277888], [-70.85651008396964, 19.906349362461], [-70.85551576433521, 19.90563475710283], [-70.85413084713036, 19.90568702619616], [-70.85260996115312, 19.906729341997227], [-70.8513180296078, 19.90600977450412], [-70.84997560483414, 19.905934946176025], [-70.8494230446248, 19.906472744201167], [-70.84928947544303, 19.907979636900453], [-70.84838003200748, 19.90840933793871], [-70.84714077555893, 19.9076697720829], [-70.84772737799133, 19.905625595275758], [-70.84613662145073, 19.90434988348109], [-70.84150995398959, 19.90581932227303], [-70.83808046623206, 19.905159517070295], [-70.83905266034466, 19.902720666213675], [-70.83652066319871, 19.899929958667624], [-70.83798009037542, 19.897291257193075], [-70.83801047241117, 19.893807539757827], [-70.83524066297498, 19.890089921626874], [-70.8352825222736, 19.889051912856914], [-70.83347955818324, 19.88870548074496], [-70.83250976514934, 19.889499488624374], [-70.83061076740658, 19.88969932582384], [-70.83085662865683, 19.88817971299579], [-70.82926047298615, 19.88693960651602], [-70.82836530612582, 19.885122987812206], [-70.82429319085657, 19.88250592239205], [-70.82251442746998, 19.88233261330238], [-70.82093995999402, 19.883149403896926], [-70.81882715975962, 19.882401435001483], [-70.8174897958504, 19.883249373047644], [-70.81403011131935, 19.88328940341579], [-70.81118052689861, 19.882149527161392], [-70.81082303366578, 19.88131437383521], [-70.80987012907022, 19.881299428316066], [-70.8080604117884, 19.880179625918895], [-70.80733072728073, 19.87870000465463], [-70.80769614844884, 19.877438178507123], [-70.80599681531152, 19.875655587767163], [-70.80488009954159, 19.875949304238457], [-70.80449057293043, 19.87559966067079], [-70.80408461075855, 19.874014842400832], [-70.80287057361272, 19.87296970309034], [-70.80258386136344, 19.870278047152574], [-70.79995049418412, 19.869029630725144], [-70.79959386988638, 19.866395407146438], [-70.7984823837471, 19.865628455232837], [-70.79721018214673, 19.865959391537345], [-70.7954805452169, 19.864419669398828], [-70.79449137064836, 19.860503548075386], [-70.79378076400458, 19.859739888586702], [-70.79420030652592, 19.858990726332532], [-70.7960306637714, 19.85947130044962], [-70.79766920256802, 19.859300629883062], [-70.79760967949473, 19.86026214450467], [-70.79864968736216, 19.860600533514315], [-70.79976934629909, 19.861810264157654], [-70.79957737612784, 19.86282717065826], [-70.80039699036347, 19.864125466522513], [-70.80194954344583, 19.864440493313094], [-70.80245027357222, 19.86579897468662], [-70.80420678844497, 19.865869270248915], [-70.80624667093777, 19.864287607707453], [-70.80416032407034, 19.863629448103914], [-70.80314854000684, 19.862304501415572], [-70.80167074466623, 19.861519754231686], [-70.80219039457715, 19.860460352033893], [-70.80346979691278, 19.85957225594155], [-70.8033230151979, 19.85857937369158], [-70.80223253282959, 19.8581265670269], [-70.80104999440572, 19.858679279490264], [-70.79877121558935, 19.857565485353742], [-70.79710578692448, 19.855187031534285], [-70.79508970028803, 19.857119573718077], [-70.79070017040623, 19.8587893479004], [-70.79009059497854, 19.85805975118729], [-70.7898476950157, 19.85639620907179], [-70.78762043456503, 19.855109578188184], [-70.78670405099234, 19.853364535965216], [-70.78548065952404, 19.852219808862266], [-70.78576682953988, 19.850839501356354], [-70.78407750286078, 19.848242084888664], [-70.777690617487, 19.842149845666338], [-70.77907049618237, 19.83798038770932], [-70.78282399551286, 19.835602763423125], [-70.78435389144968, 19.833641266600605], [-70.78388204268215, 19.83117460853346], [-70.78130110006272, 19.82896010843356], [-70.77836160786241, 19.82874121892446], [-70.77553755890027, 19.83024467379032], [-70.77269037549414, 19.83380465174152], [-70.77189952656714, 19.836649681410975], [-70.7712300127573, 19.83715929869553], [-70.7699623660726, 19.836147664855574], [-70.76735018582393, 19.836099319434883], [-70.76464386082348, 19.834590498249582], [-70.76102758904405, 19.83563577714151], [-70.76019968243656, 19.836849380399343], [-70.75798253179514, 19.83678491759781], [-70.7576997909472, 19.839288621809626], [-70.7568595856059, 19.83802188332009], [-70.7536300304166, 19.837095513712267], [-70.75258973731252, 19.838029395148407], [-70.75033650993109, 19.83787464311196], [-70.74888001551584, 19.83882934321794], [-70.74721212482804, 19.838092727992393], [-70.74665968234834, 19.83833933744414], [-70.74470032464525, 19.837789487643324], [-70.74377637478521, 19.836847849939765], [-70.74292043345486, 19.83707920597795], [-70.74263182037942, 19.835649925161736], [-70.74123958044537, 19.833493605747684], [-70.73769064967512, 19.832859492469147], [-70.73767479349229, 19.830495184861014], [-70.73555004066272, 19.830879431602003], [-70.73456045828674, 19.83040954665185], [-70.73408072672905, 19.829370090907716], [-70.73489950432898, 19.828271216878896], [-70.7345125908435, 19.82728595437522], [-70.73080608811331, 19.827221957446866], [-70.73043418472076, 19.82796869145792], [-70.73142813354521, 19.828679490780186], [-70.72969034300792, 19.82866938530139], [-70.72882059357408, 19.82524011771528], [-70.72962467081176, 19.82393456119091], [-70.72933700079105, 19.821531999591958], [-70.7285998450991, 19.820507987023227], [-70.72618666851116, 19.820086958448037], [-70.72542813749727, 19.820433065550063], [-70.72454972694767, 19.82177939713691], [-70.72375050077522, 19.821659462019444], [-70.72347566720187, 19.82061950263806], [-70.72288045158372, 19.82034953347661], [-70.7228464585008, 19.819071883270077], [-70.72122280670692, 19.81780733235529], [-70.71995423288973, 19.81721788695128], [-70.7167802155279, 19.816929454548095], [-70.71439862659265, 19.81512493311768], [-70.71174020850201, 19.815529313356304], [-70.709420550241, 19.81333974666263], [-70.70848431358914, 19.811309812685995], [-70.70406773577211, 19.80785916610873], [-70.70218050573985, 19.806999535757896], [-70.70197067872067, 19.806400142520825], [-70.70308016112553, 19.805210659576492], [-70.7043883179083, 19.805576978743616], [-70.70584159809088, 19.804519289878126], [-70.70634000019378, 19.802119342103857], [-70.70491010660464, 19.79965978115264], [-70.70209120432088, 19.798692194505257], [-70.70132939518572, 19.800689607610266], [-70.70070987716305, 19.801189306352384], [-70.70024115916097, 19.801018092255475], [-70.70093156849141, 19.798347754499215], [-70.69919502441195, 19.79819204144775], [-70.69829018100961, 19.799139408187028], [-70.69871931854198, 19.802149575269635], [-70.69709472958581, 19.801369888496342], [-70.69548820409791, 19.802305058168663], [-70.69652927525065, 19.805089797936024], [-70.69573002830343, 19.805649248048923], [-70.6934885889563, 19.803818563279368], [-70.69197067653076, 19.80319960298218], [-70.69255916313104, 19.801162923100435], [-70.69229592363875, 19.80060848796504], [-70.68850773532645, 19.79830523574311], [-70.68594030361962, 19.797789374807138], [-70.68246022673645, 19.794812874151056], [-70.68068020670874, 19.794619417375028], [-70.67788840992786, 19.792774672517986], [-70.67646015067113, 19.79263945089387], [-70.67237878710979, 19.79063346197052], [-70.67065042651568, 19.790249460575932], [-70.66932051830733, 19.78751745695596], [-70.66759026080045, 19.7860956610849], [-70.66502999302804, 19.7869593975998], [-70.65967041270596, 19.78487952371636], [-70.65780054303437, 19.781559790300694], [-70.65725170760844, 19.779393413708494], [-70.65411042573187, 19.777209499418923], [-70.65050224330565, 19.773469652716766], [-70.64772332003183, 19.772490789307653], [-70.6455603133591, 19.77240370922006], [-70.64345759986313, 19.772850072817825], [-70.64299957804901, 19.773539491829187], [-70.6416601105526, 19.773879396303332], [-70.64033073127395, 19.772976778713023], [-70.63874027962103, 19.772789429609652], [-70.63779064660986, 19.77180981617187], [-70.6382862380241, 19.769506211987107], [-70.6380275030018, 19.766994415804], [-70.63713869622124, 19.766154365982157], [-70.63524022038494, 19.765869370738688], [-70.63199318498053, 19.763936875371293], [-70.62791435402275, 19.763639914769147], [-70.62492800429975, 19.764812221661547], [-70.62324808735427, 19.76626622372873], [-70.6217795201899, 19.76923948843929], [-70.6196001942783, 19.77013926672017], [-70.61729219283689, 19.767206915140743], [-70.6118956846128, 19.76468078228728], [-70.60578130264307, 19.76074701980361], [-70.60136490223717, 19.759585958031153], [-70.59618996289839, 19.7589925014833], [-70.593960348931, 19.759179374754975], [-70.59340877184573, 19.758168523550708], [-70.59126628591208, 19.756618761888053], [-70.58819628064519, 19.755785374938913], [-70.5871015119127, 19.75589585405735], [-70.58529976552143, 19.757119335651915], [-70.58219755370024, 19.75739530013916], [-70.5802496934366, 19.759539438685568], [-70.5771499688494, 19.760019542711344], [-70.57402550311356, 19.759751459298954], [-70.57299972393419, 19.760509317173113], [-70.57160638794414, 19.76072881294851], [-70.57116958028064, 19.76154947712119], [-70.56979538535695, 19.761867172821034], [-70.56924955571829, 19.763359517509446], [-70.56621943099847, 19.764028218960334], [-70.5658895407713, 19.764639311712905], [-70.56370051386652, 19.764109556236637], [-70.56352991504808, 19.76271209462347], [-70.56260194031606, 19.762088212547734], [-70.56071383562359, 19.762731513021695], [-70.56002960492785, 19.764309504854424], [-70.55793012120667, 19.764629452373505], [-70.5539006671724, 19.761949727141303], [-70.55298395406787, 19.75874649129661], [-70.55161046116444, 19.758189548917144], [-70.5512579634268, 19.757146114118694], [-70.54958051882242, 19.756199546446357], [-70.54894481667672, 19.75494750184124], [-70.54792021666623, 19.755139299181465], [-70.54698951642722, 19.75439967514536], [-70.54456980835009, 19.755959561391524], [-70.5413500489478, 19.7567393158537], [-70.53855040114367, 19.755619503021567], [-70.53738953451305, 19.75434615257199], [-70.53670935272751, 19.75460993605053], [-70.53658945525328, 19.755459721794672], [-70.53582974496166, 19.75600932368149], [-70.53057005947534, 19.756509405621685], [-70.5282606626768, 19.755809628482854], [-70.52861841498033, 19.75439771932564], [-70.52835537647057, 19.753465359300424], [-70.52735925102718, 19.75300957192004], [-70.52641709034108, 19.753521702732883], [-70.52641938344038, 19.754969363616375], [-70.52460028036448, 19.75482932752703], [-70.52362147264826, 19.754138109172846], [-70.52167990879222, 19.754879509466754], [-70.51820937756754, 19.754964509039077], [-70.51763718477797, 19.756089117021578], [-70.51719630215456, 19.76064262932691], [-70.51762770949938, 19.761340849643855], [-70.52002947609212, 19.761390602075327], [-70.52028937866109, 19.763109639895063], [-70.51851908781099, 19.76423878627936], [-70.5189292799715, 19.765730054758965], [-70.51853938635686, 19.767759663216093], [-70.51353857929954, 19.772537326015968], [-70.51322395264717, 19.775271653736656], [-70.51408927775346, 19.777329893021125], [-70.51279927620712, 19.778843608968756], [-70.5086498608024, 19.78023939100184], [-70.50578404510294, 19.780611355818067], [-70.50312981324015, 19.78225948987593], [-70.4917504256139, 19.78336156640557], [-70.48975998885112, 19.78420935720504], [-70.48692713951759, 19.783849331631473], [-70.48458996567942, 19.784729279249543], [-70.48309436877963, 19.78435187057493], [-70.48092000233099, 19.78496942100075], [-70.47887743352207, 19.784401493669293], [-70.47668008336109, 19.785269380903525], [-70.47533243894274, 19.784286279388695], [-70.47286016477602, 19.784779383825946], [-70.47207993548892, 19.784108383345384], [-70.46948340248534, 19.783591209967987], [-70.46657992573073, 19.78481942567477], [-70.46228441232837, 19.7841462671502], [-70.45800013829071, 19.78472935955599], [-70.45698863341501, 19.78412079740112], [-70.45539768157055, 19.784347067040606], [-70.44853021265457, 19.782359429801964], [-70.44541445419893, 19.780234820235396], [-70.44364900589824, 19.779700658684728], [-70.44214016324317, 19.779859413592067], [-70.43628174414836, 19.775359023187246], [-70.42967712152496, 19.767208152775698], [-70.42638217688368, 19.765335791714502], [-70.42371026744628, 19.764779491953387], [-70.4221867415888, 19.763358825050425], [-70.42046041335016, 19.763009524156963], [-70.41937010195605, 19.75994864395252], [-70.41647054444493, 19.757429493297245], [-70.41280753577, 19.752588012079524], [-70.4104073915394, 19.7512474859379], [-70.40750723202702, 19.750784664520104], [-70.40457623951805, 19.751125427217104], [-70.40255979923016, 19.752399398823822], [-70.40091155474116, 19.752511376946238], [-70.39141410294168, 19.742811569698326], [-70.38858041819151, 19.738759759136823], [-70.38589243061304, 19.73299327374825], [-70.3783103005289, 19.724309775964556], [-70.37151616908771, 19.713549770746276], [-70.3714219370338, 19.712338502099406], [-70.36961051613733, 19.710739703422814], [-70.36877293125623, 19.70852454974426], [-70.36692370070419, 19.706540087700265], [-70.36159271513576, 19.69815147912424], [-70.35480882982526, 19.69166146039818], [-70.33643283410703, 19.679378577007903], [-70.3225270260605, 19.667366070718458], [-70.31042725085867, 19.657671832164816], [-70.30312949052275, 19.653331277749203], [-70.3003973878605, 19.652704089088665], [-70.2927494943605, 19.649121331723396], [-70.27267195766959, 19.643183535518038], [-70.26706958070928, 19.640903246920335], [-70.25774079197721, 19.641219605029896], [-70.25151013817543, 19.64091262681027], [-70.24485085315223, 19.64195310556995], [-70.24268000076158, 19.642819394834767], [-70.23955800726844, 19.64157182314088], [-70.23415002357468, 19.641829456737348], [-70.23125403293642, 19.641431928925968], [-70.22782911113052, 19.63967223462588], [-70.22398031049639, 19.6385592538532], [-70.22007096938412, 19.636398139740248], [-70.21221013828068, 19.63502948837106], [-70.20854328468346, 19.63328819352043], [-70.20343017245116, 19.63285947344185], [-70.1988033988672, 19.630265109187558], [-70.19664014510953, 19.63072933308516], [-70.19472294279713, 19.62929580599354], [-70.19176014201217, 19.62955933819005], [-70.18689044342915, 19.62679399992404], [-70.1857325080764, 19.626832954819665], [-70.18414975834963, 19.628179327822963], [-70.18214025423578, 19.628139360626385], [-70.17771713779717, 19.624128857220178], [-70.17268795410274, 19.621757556325633], [-70.16877454010243, 19.621410536460072], [-70.16550990781357, 19.622649530797098], [-70.16349009235748, 19.62268949906799], [-70.15904892688361, 19.620663342221853], [-70.15627973815774, 19.62012356669069], [-70.14632974301574, 19.620585955851748], [-70.14267804600651, 19.622991322971615], [-70.1350999938661, 19.62382936784011], [-70.12939123016403, 19.623320677917942], [-70.12546990021977, 19.62460944585409], [-70.1227005549438, 19.624713540813307], [-70.11925990027568, 19.625679453974495], [-70.10883401083669, 19.62658587675665], [-70.10487925682855, 19.62904232052503], [-70.10239000482728, 19.629579240004368], [-70.09864112029818, 19.62874031087732], [-70.09654788247546, 19.629449808438796], [-70.08734005821448, 19.635459230539908], [-70.08568667605378, 19.634131901744983], [-70.08505444192812, 19.634368836833932], [-70.08455963113578, 19.635499389982677], [-70.08312040604847, 19.635369404682677], [-70.08247057278994, 19.634069922902228], [-70.08302111980237, 19.631175556585124], [-70.08182053373997, 19.627449978223584], [-70.08196058259995, 19.62686039465836], [-70.08394113179094, 19.625210307825185], [-70.08285070725933, 19.622330260664405], [-70.08342993966305, 19.622020674807487], [-70.0854553743198, 19.623216440104365], [-70.08575063122102, 19.62170026751872], [-70.08757203410944, 19.61961025983423], [-70.08748388240824, 19.618874560353078], [-70.08641046229612, 19.617919695662838], [-70.08573390849607, 19.61576247270071], [-70.08585514171183, 19.613717779514285], [-70.08302078110107, 19.611589816313785], [-70.08355030023327, 19.610560706699488], [-70.08643209475206, 19.611418850075314], [-70.08760894075026, 19.610993561767582], [-70.0845004796621, 19.60657976506965], [-70.08359050904292, 19.603309964757432], [-70.08394049421024, 19.601360468762294], [-70.08718524357528, 19.600478859360056], [-70.08699069026032, 19.598230260327323], [-70.08829322900678, 19.59711508815591], [-70.08858612664835, 19.59595268699635], [-70.0883155461828, 19.594231011194665], [-70.08602063755818, 19.594259694875316], [-70.08660047832953, 19.590270829697687], [-70.08791027354638, 19.590701113947034], [-70.08901698124417, 19.589668889196616], [-70.08891943745228, 19.588949953603134], [-70.08782037696386, 19.588349560173405], [-70.08664066432462, 19.586709994448086], [-70.08714030392228, 19.585990594844176], [-70.08875028895949, 19.585983038910502], [-70.09096996292928, 19.58458067987897], [-70.09249131436182, 19.585789212528162], [-70.09318733746825, 19.585731964687973], [-70.0934305422664, 19.584310254544565], [-70.0944776642483, 19.58329647318249], [-70.09426070095378, 19.58160093602546], [-70.09553990270238, 19.582125485654263], [-70.09889989790793, 19.581150645760744], [-70.10082176412371, 19.582671499319105], [-70.10344033489292, 19.579010661119742], [-70.10576015331301, 19.579232817475937], [-70.10694006416348, 19.578250753977162], [-70.10880881694457, 19.57921095507896], [-70.11079021079777, 19.576680686345917], [-70.11398552930766, 19.577656484991703], [-70.11443029339144, 19.57709001842412], [-70.11433065864163, 19.576100303022674], [-70.11516790078483, 19.575415747126264], [-70.11539055460817, 19.573740555472252], [-70.11793685169197, 19.57341057964256], [-70.1199298921962, 19.57228077408304], [-70.12116067227946, 19.57350779776233], [-70.12194895592702, 19.573377857144294], [-70.1222911635242, 19.571455921156023], [-70.12155063530514, 19.569949882739618], [-70.12166049814869, 19.56902029589039], [-70.12269017376218, 19.568290645839628], [-70.12617818136384, 19.568379598119613], [-70.12646838780574, 19.566681707064607], [-70.12497076165559, 19.56496999479135], [-70.12767024104969, 19.561910690522467], [-70.13171541599229, 19.562537133185565], [-70.1340903173997, 19.56038059929414], [-70.13599029221047, 19.559879859074854], [-70.13698051631555, 19.556950438224398], [-70.13958013478678, 19.555650618799895], [-70.14101984078344, 19.555700502681102], [-70.1429062268783, 19.556835679389582], [-70.15014370828794, 19.556147515444533], [-70.1515102763429, 19.55507056347177], [-70.15278990892138, 19.554800556727898], [-70.1537216071872, 19.555127906718884], [-70.1568703582433, 19.550670554839783], [-70.15788965252699, 19.55049063290013], [-70.15862458245792, 19.55201974517123], [-70.16214935081943, 19.55330035746487], [-70.16181338063002, 19.555110703155716], [-70.16305078301535, 19.556465511225372], [-70.16418033389515, 19.554900674394403], [-70.16719020272366, 19.55558871161858], [-70.16913516552721, 19.55521094279071], [-70.17225026865107, 19.552180578739005], [-70.17831969175764, 19.55164062723003], [-70.17885290528152, 19.552395226630306], [-70.18066585218631, 19.55332360647466], [-70.18541499231085, 19.554172936467683], [-70.18790998786089, 19.553870589991025], [-70.19172979236208, 19.554510626975542], [-70.19769126441834, 19.557268763706414], [-70.19839052802268, 19.555240383800154], [-70.2013187287443, 19.553256803982396], [-70.20171628606832, 19.55209998091894], [-70.20117373770684, 19.550310438527212], [-70.19859050950242, 19.546509829416845], [-70.19817907811351, 19.5380931729743], [-70.19705968893415, 19.53467772486287], [-70.19693047985128, 19.529560072597523], [-70.19770801548235, 19.527223976391962], [-70.19779939158724, 19.52319758137879], [-70.19750762375367, 19.519890447977602], [-70.19670074805464, 19.517120470005267], [-70.20700596179749, 19.515410621572645], [-70.20856012527805, 19.514730512761787], [-70.21418937004309, 19.514410603118126], [-70.22811676524373, 19.515998489356605], [-70.23218697568964, 19.51789294636308], [-70.23445293798967, 19.517922845284033], [-70.24166975603764, 19.51951062602454], [-70.24540272050002, 19.52165355167114], [-70.25394957638738, 19.522660546115237], [-70.25458154641063, 19.523897835418563], [-70.25637449986674, 19.524004131888148], [-70.26393965078537, 19.52616083145165], [-70.27123547407135, 19.53029356883925], [-70.28468979755937, 19.5312005495447], [-70.28807959856191, 19.533720442346535], [-70.29048940492964, 19.536380309667766], [-70.29267249021451, 19.545943415139934], [-70.2935555022262, 19.547031069867582], [-70.29499965400464, 19.547380600545722], [-70.29628955512085, 19.548800275986242], [-70.2987018487803, 19.554852838419066], [-70.30518121320543, 19.55923774146102], [-70.31211038491162, 19.562092956862866], [-70.31600527903312, 19.5598511153565], [-70.3152605040914, 19.557870475784036], [-70.31709092160813, 19.558075793713602], [-70.31742065425232, 19.557290373388525], [-70.32374671126102, 19.555154485473405], [-70.32555500369585, 19.555161557658906], [-70.32850017793274, 19.5537904867381], [-70.33585580178936, 19.552529695208673], [-70.33831466585364, 19.55027818462358], [-70.33898170573322, 19.549311539983478], [-70.33933059458872, 19.540730082705778], [-70.34093852074172, 19.534039763020058], [-70.34191054840537, 19.522170276334005], [-70.34559017568256, 19.51895059528309], [-70.34888010356353, 19.51942841647455], [-70.35448984742784, 19.519350629686393], [-70.35645933460243, 19.520400342784594], [-70.35629002163074, 19.5230776954267], [-70.35875974341383, 19.5235706697851], [-70.36126935506661, 19.525210336810133], [-70.36130945389026, 19.528844561275374], [-70.36208961159191, 19.528974830722525], [-70.36280024732902, 19.528090678968436], [-70.3639493999892, 19.5283804760034], [-70.36415557392405, 19.532392759691636], [-70.36650837715108, 19.533466711614587], [-70.37155978834596, 19.533010652646908], [-70.37268939248226, 19.534000325945097], [-70.37341546205494, 19.537457339416147], [-70.37462139294148, 19.537177382462676], [-70.37562031845944, 19.53590043862995], [-70.37707996286524, 19.535460651619168], [-70.37854544456103, 19.536080360196234], [-70.38271035574816, 19.536543404047443], [-70.38475185227166, 19.53629085099192], [-70.38557031527935, 19.53463088511468], [-70.38817946317387, 19.536250497891732], [-70.38909727914479, 19.537952092553518], [-70.39245973909533, 19.54049553096622], [-70.39790681792009, 19.541114416807016], [-70.39921968601875, 19.540860628873578], [-70.40073563818001, 19.544046223844646], [-70.40303948845401, 19.545530395347413], [-70.4041990343591, 19.549076729296328], [-70.40732969795306, 19.551550325978617], [-70.41148449544002, 19.55731058004048], [-70.41342871263008, 19.55738639168826], [-70.41606024944157, 19.554720585495513], [-70.41702191665108, 19.554561971650887], [-70.4178003744474, 19.55310047431092], [-70.41852966557018, 19.552920689579153], [-70.41897895318075, 19.553812867182355], [-70.41960317225349, 19.553865626020343], [-70.42003378556518, 19.552514332523558], [-70.419060573278, 19.551589674230982], [-70.41874059480314, 19.54890007422218], [-70.41921410318687, 19.547499600218803], [-70.41825064613644, 19.545739825120663], [-70.41822064459743, 19.542120356617506], [-70.42088392980213, 19.540410575224026], [-70.42044069996416, 19.538150038407185], [-70.42079040447759, 19.537240572641352], [-70.42487008416592, 19.53713033907062], [-70.42605019922706, 19.53639067117724], [-70.42724460720376, 19.536379921833877], [-70.42871032167567, 19.53443056038438], [-70.43061259243957, 19.53376139064742], [-70.4306805286213, 19.531090044767875], [-70.431736886363, 19.527239508149098], [-70.43193175825019, 19.522980957570468], [-70.43249049377775, 19.52011014343893], [-70.4340050868856, 19.51624254137095], [-70.43625221960687, 19.513535656574653], [-70.43747045777198, 19.509910387719668], [-70.44001452255947, 19.508554491614554], [-70.4426569020328, 19.50596471171198], [-70.44195281950749, 19.50122101870676], [-70.43885045733101, 19.499649613406277], [-70.4382426192925, 19.497543631121175], [-70.43728059032907, 19.496229847109426], [-70.43777204282219, 19.492309166507404], [-70.43591035888853, 19.4914495131699], [-70.43516061257176, 19.49034986968161], [-70.43562310369884, 19.487747127640564], [-70.43528073460014, 19.48679063732023], [-70.43197859686147, 19.484025525737827], [-70.42651042756373, 19.483049498577387], [-70.42597037591212, 19.48151705609296], [-70.42489055071901, 19.480429758460854], [-70.42486062604172, 19.479490318683723], [-70.42535995405805, 19.479150774045767], [-70.42608662923388, 19.479725552377325], [-70.42669689766831, 19.479516032888395], [-70.42657069202434, 19.478560223479324], [-70.42749429944126, 19.477820414332424], [-70.42778056731493, 19.47568050952512], [-70.4292892624914, 19.475155025734136], [-70.43058325233622, 19.47101012559506], [-70.42988071755629, 19.470339773330178], [-70.43029907017642, 19.469231320486248], [-70.42950048789177, 19.46855964424163], [-70.42907099238924, 19.46695140123903], [-70.42732055849862, 19.46532955497709], [-70.42469071537657, 19.460659782185044], [-70.42440089540248, 19.456960037123856], [-70.42476521218013, 19.45456372465464], [-70.42386058952886, 19.452679870633073], [-70.42394619809843, 19.449440495394086], [-70.42334068157042, 19.44780009019471], [-70.42913033207978, 19.43985034448316], [-70.43295293798188, 19.43718365277991], [-70.43320080912689, 19.435345224574075], [-70.43224062126173, 19.43443979192496], [-70.43258057071668, 19.433100447560165], [-70.43382882794991, 19.43223082066256], [-70.43311063198749, 19.430209917029305], [-70.43331273897826, 19.42833223295735], [-70.43116044262756, 19.426409692069033], [-70.43060061527247, 19.424790088484126], [-70.43213670412328, 19.422562478138342], [-70.43315970961311, 19.41711984838623], [-70.43282071353626, 19.41603008053504], [-70.43381036606904, 19.414500533040773], [-70.43500457830717, 19.414210794322475], [-70.43898383005151, 19.411326101273854], [-70.43940576399902, 19.41042767795041], [-70.43859060820868, 19.40942985405843], [-70.43856070754781, 19.40796009053211], [-70.44019545817618, 19.406361839395085], [-70.44057042561612, 19.405350502444747], [-70.44242015496205, 19.404859143262367], [-70.44305235452829, 19.403218515305813], [-70.44356063143582, 19.39814024505247], [-70.44473118390235, 19.397344628983966], [-70.4453404460024, 19.39588038512093], [-70.44610819803498, 19.395271235727595], [-70.44554068612706, 19.39410987316081], [-70.44575682733159, 19.392676764709986], [-70.44384057667827, 19.390899694062874], [-70.44338064243789, 19.387590105853675], [-70.4458523750948, 19.383353212717736], [-70.44587060244866, 19.38251031694986], [-70.44654664295136, 19.38205301292991], [-70.44889010356101, 19.378055599597335], [-70.44878069848622, 19.37659014882778], [-70.44942380334892, 19.37535703506398], [-70.44898061639094, 19.37255021795359], [-70.44961522521001, 19.37169208270746], [-70.44954059352672, 19.370410545942992], [-70.45270360433923, 19.37016907694098], [-70.45240054358607, 19.367460012357178], [-70.45288048846703, 19.365190215361622], [-70.4535504302127, 19.364340513438286], [-70.45606185868593, 19.362928636784424], [-70.45730032956672, 19.35830926843713], [-70.4561106717661, 19.356789744553502], [-70.4562254440398, 19.353727712975182], [-70.45521078189674, 19.352799862000392], [-70.45592527069655, 19.351206713365034], [-70.45516981476669, 19.34923891628728], [-70.45405089950704, 19.348319950753158], [-70.4545002779576, 19.347880630134323], [-70.45683212446367, 19.347564830151452], [-70.45749644927196, 19.345706839052323], [-70.45700069036668, 19.34441995403797], [-70.45735042449287, 19.343260644294528], [-70.45910096707885, 19.34323767106804], [-70.4599704807374, 19.341330336072392], [-70.46229973833304, 19.339051353939723], [-70.46315031681894, 19.336520780736336], [-70.46651269594454, 19.338254123834666], [-70.47216948371933, 19.339767806692446], [-70.47271828805901, 19.33945267771996], [-70.47243248070964, 19.33667927093082], [-70.47283055779643, 19.334960324839667], [-70.47382238658912, 19.3339931418502], [-70.47426668505804, 19.332054710454717], [-70.47339078383648, 19.330360212310634], [-70.47431042889144, 19.328380320778738], [-70.47534758633074, 19.32749708586068], [-70.47660014964733, 19.324445518754896], [-70.47666836322146, 19.322508838840914], [-70.47492062309435, 19.3189299287047], [-70.47531342626667, 19.31543500167273], [-70.47423062035797, 19.31395979949867], [-70.47395080828491, 19.311539827342713], [-70.47608038418589, 19.308010339140274], [-70.47641009082301, 19.307750635508388], [-70.4822974657211, 19.310122669387745], [-70.48354954801388, 19.310080580840875], [-70.48439228049801, 19.312778643176976], [-70.49143005049835, 19.31052082271961], [-70.50053916283554, 19.311530482048994], [-70.49903103803052, 19.315095827115925], [-70.50090948592158, 19.31642047101339], [-70.5012993211039, 19.317270049940937], [-70.50106953033789, 19.318059633152483], [-70.49770717355612, 19.320115523045004], [-70.49842663655913, 19.322251772043046], [-70.49810945826847, 19.32335955434897], [-70.49672119884566, 19.32464953224859], [-70.4969993451294, 19.325710004233116], [-70.4965795795542, 19.32672954820118], [-70.49575096014826, 19.327199662890322], [-70.49623928967023, 19.328959736001437], [-70.49409240736202, 19.329387179063456], [-70.49512931252028, 19.331050132172958], [-70.49482956864959, 19.331979613874577], [-70.49336215737945, 19.332833487362247], [-70.49336936429472, 19.336519769495446], [-70.49051963120516, 19.339879405573768], [-70.48800085122043, 19.340628466488006], [-70.48808930349692, 19.341609844804292], [-70.4871354299909, 19.342775572459647], [-70.48725076175371, 19.344353404836845], [-70.48773712662522, 19.344707613671282], [-70.49625996128916, 19.34457051632266], [-70.49903969523261, 19.345300681903197], [-70.5012495753701, 19.346760517393193], [-70.50408163106013, 19.349618022243277], [-70.51212499734794, 19.35498998582282], [-70.51448618667577, 19.357082036985016], [-70.51652034336993, 19.35530049025956], [-70.51885013637518, 19.354400474702253], [-70.52177994322012, 19.354100818329638], [-70.5254828916667, 19.355006090983206], [-70.52738895716284, 19.354743516417738], [-70.52957167851945, 19.353061872151113], [-70.53201035204391, 19.349890433987667], [-70.53299009360491, 19.34942072626603], [-70.53474965718047, 19.349760567815405], [-70.53660365075329, 19.351986261474053], [-70.53866523749856, 19.35210853802564], [-70.54012229747848, 19.351935784536664], [-70.54116026682836, 19.350790611471773], [-70.54291908848, 19.35082720080917], [-70.54574009961435, 19.34969046752071], [-70.55215916522972, 19.34946038755788], [-70.56196660115116, 19.351684841436853], [-70.56503998722336, 19.35141072553494], [-70.57025119904799, 19.352055118250853], [-70.57311010348602, 19.350860512275837], [-70.57449977410926, 19.35093061416626], [-70.57592930775938, 19.351906089383977], [-70.58315987928036, 19.351330669975635], [-70.58866979141678, 19.35390036559877], [-70.59037954607622, 19.35529034612423], [-70.59135383036507, 19.357400468319003], [-70.59315999211606, 19.358503214264754], [-70.60204954011813, 19.36004052934271], [-70.60236897303099, 19.36082288480635], [-70.60493941611932, 19.362740308771635], [-70.60510663371893, 19.366465407239108], [-70.60657428698444, 19.36814139198662], [-70.60799938755892, 19.37193016245664], [-70.60849278959972, 19.37495159108735], [-70.61063942129951, 19.375740457938328], [-70.61097680677197, 19.377126417663582], [-70.6115143284794, 19.377020169957806], [-70.61275040348931, 19.37524051286579], [-70.6159697267784, 19.374010762644577], [-70.61653777595137, 19.37471244967124], [-70.6176399097398, 19.374350691291102], [-70.61851592795287, 19.374821257760708], [-70.62015985423457, 19.37377083524662], [-70.62338431845362, 19.373830332144337], [-70.62442020557614, 19.373070532720952], [-70.62577344741702, 19.372917126228323], [-70.62631019715376, 19.37226072517724], [-70.62897953433577, 19.373460438767165], [-70.62949288228194, 19.374171035990923], [-70.6344075523225, 19.373390574508193], [-70.63538186044649, 19.37395424633784], [-70.63548059867637, 19.370140250761803], [-70.63681492485914, 19.368867606232676], [-70.63747857809408, 19.366587589914147], [-70.63754051449891, 19.363930175330097], [-70.63944257260695, 19.361486111505894], [-70.64046058939314, 19.358230418520208], [-70.6460035954327, 19.354130693478076], [-70.64690043478119, 19.35256040126921], [-70.65277764592976, 19.348667231465267], [-70.65652875795139, 19.344608617654053], [-70.65765057488166, 19.34212047321355], [-70.66212028215497, 19.33898049642787], [-70.66457555827792, 19.33783290840958], [-70.66537087090332, 19.336713035502253], [-70.66546051433016, 19.33570027282946], [-70.66718863236869, 19.33429967833936], [-70.67087050325806, 19.3260203184733], [-70.67460363745417, 19.321645501175798], [-70.6740407785199, 19.318009949130936], [-70.67415584382061, 19.314791403635073], [-70.67166052863918, 19.311719772140865], [-70.67105145898581, 19.30698827352716], [-70.66822057275387, 19.30436969696306], [-70.66785768750532, 19.30178052266614], [-70.66732065603424, 19.300929899921762], [-70.66827019865369, 19.297759044342996], [-70.6678205624804, 19.293160188393436], [-70.66843030725012, 19.29250043160515], [-70.67291445801585, 19.290576923031985], [-70.67210063201871, 19.28645026232167], [-70.67388199643287, 19.284877158739583], [-70.67729007231058, 19.28407050485981], [-70.6806793942173, 19.284200526701866], [-70.68071592927033, 19.28501204507174], [-70.68351651392047, 19.288311124315538], [-70.69444663523456, 19.29392506965806], [-70.70348969042944, 19.294720587425463], [-70.70461524037252, 19.296056868466334], [-70.7064297329113, 19.296400499597695], [-70.70740756033929, 19.297381361793814], [-70.71429438116222, 19.299305462854825], [-70.71579903613406, 19.298830689449616], [-70.71922901496256, 19.2965119091004], [-70.71863431163091, 19.29430405803347], [-70.71668989169443, 19.29507928883883], [-70.71591043342717, 19.294949486684345], [-70.71459060839253, 19.291140112773228], [-70.71598025803635, 19.28949053919788], [-70.71688977715787, 19.289470581696843], [-70.71822894626146, 19.290579569759483], [-70.71997990830673, 19.289736285647574], [-70.72288736256893, 19.284649274257113], [-70.72179690031528, 19.282410427913184], [-70.71956043655605, 19.28145951714143], [-70.71762169442313, 19.277849020839216], [-70.71484766224324, 19.276487342820793], [-70.70610018128242, 19.275519195540827], [-70.70060923390393, 19.273603463980102], [-70.69809018191194, 19.273349473730566], [-70.69512061832296, 19.271459628375563], [-70.69500147108147, 19.2704039530658], [-70.69418510126232, 19.269315272126082], [-70.69121895981446, 19.267355501270334], [-70.68926410261881, 19.267229000355247], [-70.6868999414708, 19.26845934415315], [-70.68048036568108, 19.266409515706325], [-70.67953056048196, 19.264979826708657], [-70.67950064235163, 19.262730123607696], [-70.68021770304348, 19.261008954126325], [-70.68127056407903, 19.25950055493586], [-70.68513578835726, 19.256695515919787], [-70.68561631230422, 19.25522423947531], [-70.68430050261387, 19.25352971790763], [-70.68355884398034, 19.251378434947117], [-70.68203620378013, 19.250102608559384], [-70.6814958867695, 19.25026125442585], [-70.67942978052731, 19.2533592507531], [-70.67804041696546, 19.252749554325657], [-70.67716068023256, 19.251059812556516], [-70.67681062209658, 19.24500037251742], [-70.6798976168112, 19.2435465617648], [-70.68066046207169, 19.241760359273965], [-70.6837642586857, 19.239523557989504], [-70.68392104872116, 19.23865193008001], [-70.68312007506765, 19.237778254406003], [-70.6817531599235, 19.23767445839103], [-70.67804993132572, 19.240349352800976], [-70.67625058970852, 19.239539598707218], [-70.67616069279782, 19.23763011436572], [-70.67896392578102, 19.230468099030354], [-70.67821060041818, 19.22763994978213], [-70.67841056861229, 19.225860279300417], [-70.67905027908351, 19.22524044014033], [-70.68204243971478, 19.22424048493292], [-70.6829603669273, 19.22291047988897], [-70.68430069722476, 19.22244873694701], [-70.68452411644756, 19.221841672569187], [-70.683471380436, 19.219910238475386], [-70.6821494907065, 19.22158946514665], [-70.68035990820138, 19.222549320129303], [-70.67689066506493, 19.221759573762508], [-70.67760053369277, 19.218380458973222], [-70.67834998075202, 19.21810062377332], [-70.67950745243382, 19.218453805910254], [-70.68013588884817, 19.21743983872685], [-70.67837053489997, 19.21512967661302], [-70.67659072591329, 19.210850085837702], [-70.67836033205282, 19.20842064030587], [-70.68203981482125, 19.208352285622475], [-70.68253633613165, 19.207597113665287], [-70.67975836598002, 19.20375146473135], [-70.67696059212282, 19.20115966383707], [-70.67646491724543, 19.19948554345624], [-70.67555884502777, 19.199418019898932], [-70.67419240528713, 19.20027826767861], [-70.67326950048565, 19.201899488938633], [-70.67246004502486, 19.202299352088154], [-70.67149056829632, 19.201639517917535], [-70.66986070896604, 19.198120083290284], [-70.67161033874768, 19.195900544496492], [-70.67374396223974, 19.19543729645454], [-70.67513161348278, 19.194356970464362], [-70.67548375152373, 19.193255948386888], [-70.6745706784017, 19.192059815300325], [-70.67483050922941, 19.190720511612703], [-70.67730202059488, 19.190211862048642], [-70.67817043567797, 19.187620447487248], [-70.68012562050518, 19.188061270701585], [-70.68243464238728, 19.185982201549333], [-70.68201072813943, 19.184520100400206], [-70.68328103822077, 19.183202336313258], [-70.68297069883621, 19.18242985085578], [-70.6834002820906, 19.181570723318963], [-70.68571928724126, 19.182443253240706], [-70.68761491601781, 19.18227612227497], [-70.68820037348844, 19.181470469350213], [-70.6893500663635, 19.18111209290395], [-70.6904403210857, 19.17953053559245], [-70.69192971606196, 19.179370666409376], [-70.69309549404237, 19.18086389131484], [-70.69454950413392, 19.18177047096099], [-70.69650934863141, 19.18535000977686], [-70.69634346788106, 19.185983814547185], [-70.69717118587559, 19.187771042471613], [-70.70039951099834, 19.18935050872157], [-70.70087983271998, 19.19006048323884], [-70.70334979242254, 19.190350469379784], [-70.70693347963834, 19.192781446123245], [-70.708289615758, 19.19292051864438], [-70.70913814149466, 19.19499298002695], [-70.71217220051216, 19.196911693943086], [-70.71347971682866, 19.196920591584455], [-70.71439806892877, 19.198140689492405], [-70.71592950497012, 19.19898034408031], [-70.71625009782498, 19.200646785290864], [-70.71826938147228, 19.202773172425058], [-70.71986941819485, 19.20316049415263], [-70.72001997130712, 19.204032830908993], [-70.72173957369687, 19.204980652037065], [-70.7220253697922, 19.205792176116656], [-70.72463318853003, 19.20840035735107], [-70.72612301708038, 19.208331996658785], [-70.72662047118921, 19.20677033141283], [-70.72721000723627, 19.206380658925195], [-70.72980073831398, 19.20833312832119], [-70.73056675443331, 19.206869371218843], [-70.72795230722419, 19.205803434425697], [-70.72782071168002, 19.20524065823744], [-70.72925937806302, 19.20533925307032], [-70.7298503316672, 19.20411075774872], [-70.73186542828157, 19.204885515424525], [-70.73356881574036, 19.20432960637473], [-70.73405765648285, 19.203734289360458], [-70.73424255991212, 19.20142113976584], [-70.73311070202736, 19.200529767952805], [-70.73331755815367, 19.19965741151703], [-70.73201056431353, 19.19869968565602], [-70.73186097764925, 19.19748439112465], [-70.72863036630355, 19.196289536939982], [-70.72816447476625, 19.194848078805574], [-70.72750082708566, 19.19445973127392], [-70.72820596645096, 19.193296430084978], [-70.72814063122895, 19.192320225963968], [-70.7288744596454, 19.19150832708035], [-70.72855066923249, 19.190459964384804], [-70.72936048311914, 19.187850398509283], [-70.73114977662713, 19.186890814954427], [-70.73190431979796, 19.18768870262589], [-70.73309913121237, 19.187004147446167], [-70.73323203386768, 19.185222803216295], [-70.73244074817346, 19.184219951839548], [-70.73381256663761, 19.182749008642805], [-70.73343061365412, 19.182109640812058], [-70.73358051475144, 19.17972050652757], [-70.73499073547673, 19.1795994103392], [-70.73535631735936, 19.179143643048025], [-70.7347898321764, 19.17680088726128], [-70.73335121200887, 19.17607993964782], [-70.73644112777552, 19.17434389390848], [-70.73634064532074, 19.173010180944118], [-70.73710982499449, 19.172072742449377], [-70.73662066631461, 19.171561464122032], [-70.73462075407956, 19.17209920703041], [-70.73526653597378, 19.16886304574539], [-70.73350286017832, 19.16794118302866], [-70.73257034818528, 19.168099284768697], [-70.7322806595541, 19.16744001997324], [-70.73290672442094, 19.166027605304276], [-70.73209103878892, 19.16512020405176], [-70.73901003930311, 19.162570581130577], [-70.74070835837104, 19.162888160906036], [-70.7422703004869, 19.162457801330028], [-70.74349022089521, 19.161330553418054], [-70.74497783441149, 19.161851074732976], [-70.7475074022964, 19.160708687602344], [-70.74845043992923, 19.15848030854677], [-70.75041015830406, 19.156880683196754], [-70.75133177142682, 19.15691330334162], [-70.75184042227669, 19.155990420945553], [-70.75289027008469, 19.155480768185384], [-70.75367980879057, 19.155300671580626], [-70.7553375452427, 19.156740545147482], [-70.75676687263187, 19.156307548936617], [-70.75764020867743, 19.154600839117567], [-70.75898586072026, 19.15555655645669], [-70.76096441219764, 19.155922636503227], [-70.76553660680433, 19.155299461282013], [-70.76701063440643, 19.14973030065012], [-70.76922335256293, 19.14683299566759], [-70.76952043280467, 19.145610784137823], [-70.77065959990198, 19.146020418199896], [-70.77135280860176, 19.147388269560533], [-70.77301064064724, 19.14724282047294], [-70.77330059784497, 19.145830370915018], [-70.7759887588495, 19.144247784633997], [-70.77643070534118, 19.14178028197796], [-70.7771204180932, 19.14077053427075], [-70.78004916340247, 19.139676089699783], [-70.7814102275979, 19.138390555689348], [-70.78272975631205, 19.138380598095985], [-70.78401648513517, 19.13960052283248], [-70.78580244300274, 19.139757695296787], [-70.78996308443273, 19.137917561929655], [-70.79103027079245, 19.13666054702992], [-70.79423997089494, 19.136560499055722], [-70.79752596873476, 19.137356271778437], [-70.80436450253455, 19.140039606274726], [-70.80810108735335, 19.13993161590225], [-70.8099904172138, 19.13776048499132], [-70.81208310808084, 19.136425252643562], [-70.81273784357955, 19.13502565119317], [-70.81253134378889, 19.131351709540063], [-70.81271062870746, 19.128920251481563], [-70.81316237849437, 19.12836927835468], [-70.81482370517064, 19.127229996135576], [-70.81749024423299, 19.12402057567689], [-70.81900203179075, 19.123977608417647], [-70.82074036434608, 19.121040464400874], [-70.82258702440213, 19.120455139203685], [-70.8230905723686, 19.11914036150716], [-70.82543028894874, 19.116960455745826], [-70.82954203667566, 19.115314804285617], [-70.83067027100877, 19.114090540300154], [-70.83213824703469, 19.11394559601648], [-70.8342534842537, 19.112537219450513], [-70.83606798536472, 19.10938203093195], [-70.84094968747773, 19.104510291476295], [-70.84469212946493, 19.10154334867615], [-70.84780034827322, 19.095880598110533], [-70.8490598718537, 19.09590059489101], [-70.85483930442541, 19.098363473246565], [-70.85745373224998, 19.09795407921791], [-70.8606402466062, 19.09628075391049], [-70.86500998829489, 19.095630469194447], [-70.87798862127582, 19.098192616190353], [-70.8795309582718, 19.096886407760447], [-70.88212038033058, 19.0925005743398], [-70.88609411627228, 19.09196522148375], [-70.88862022706823, 19.090320554701147], [-70.89070999426383, 19.089910648400338], [-70.892899735272, 19.090380600559527], [-70.89512236589258, 19.09191590385973], [-70.90207992480134, 19.09144078027863], [-70.90966647536388, 19.093476060804406], [-70.91515846411644, 19.09321533128249], [-70.92079988146853, 19.09229063350619], [-70.92416513810325, 19.094249719687333], [-70.93077984850714, 19.094030583370756], [-70.93265332687261, 19.095154178733377], [-70.93496684973383, 19.095780621629142], [-70.9386999431512, 19.094270648432435], [-70.94208516419341, 19.09637515008203], [-70.94533902930388, 19.095856608165885], [-70.94796222249383, 19.094757397166724], [-70.95013805702233, 19.09257843299474], [-70.9536262783511, 19.087242483997983], [-70.95398414960808, 19.083589142427797], [-70.9520283443358, 19.078530107338487], [-70.94901051384758, 19.07566963575428], [-70.94835061385365, 19.074180034600005], [-70.94955062171333, 19.072130523804105], [-70.95229167693395, 19.0698076728658], [-70.95583671716359, 19.064348036030346], [-70.95623731154926, 19.059840051213232], [-70.95566056166656, 19.055130010886398], [-70.95606762419064, 19.05262460253556], [-70.9579704770403, 19.048090255010365], [-70.96020347262886, 19.04470987847685], [-70.96171379936081, 19.044908971591305], [-70.96447586186851, 19.0443303847472], [-70.97282020291048, 19.038520513495097], [-70.9794474289626, 19.037561289986666], [-70.98443842789763, 19.0354072571018], [-70.99346762196014, 19.028787449244003], [-70.9962877329094, 19.025458455167637], [-70.99834032578866, 19.021650606033564], [-70.99877959072354, 19.021690557164032], [-70.99944953669281, 19.023300103969888], [-70.999800325102, 19.02881365269678], [-71.0011517993627, 19.029603608003754], [-71.00582666060563, 19.030772205942856], [-71.00932755709852, 19.030342127466334], [-71.01429018155393, 19.02776064123413], [-71.01824954485399, 19.0274773978302], [-71.02490309537157, 19.02559471659095], [-71.02743797746741, 19.0238976185906], [-71.03033041683796, 19.02083060986738], [-71.0314700317626, 19.02037056974813], [-71.03404965264252, 19.021090540111526], [-71.0358171114994, 19.023170783313873], [-71.03736222207256, 19.02389267522694], [-71.04035014107455, 19.02285052676773], [-71.04599988006325, 19.02189064812238], [-71.04719960094245, 19.022600410396823], [-71.0485696319052, 19.024769885244016], [-71.05018938988486, 19.026270246350485], [-71.04857082060317, 19.032523498754326], [-71.0509930961112, 19.03909841536065], [-71.05447198454486, 19.044288355451812], [-71.05702493089939, 19.04679264633005], [-71.06286975215879, 19.049300458923064], [-71.06964850181473, 19.05472877382187], [-71.07132120573526, 19.054871448161332], [-71.07646981234848, 19.053170607574152], [-71.08006411191359, 19.056132625929305], [-71.08546971866399, 19.057970547474206], [-71.08781823908667, 19.060428917335635], [-71.09157384187124, 19.059712601090627], [-71.09759021532895, 19.056410740949417], [-71.09951975233369, 19.056290673498545], [-71.10411815914613, 19.060707556411035], [-71.10687990353243, 19.06075050601467], [-71.10835972950674, 19.061440387476438], [-71.11015252712961, 19.063218612223945], [-71.11359976047527, 19.064950392256254], [-71.11706228971138, 19.0679811306245], [-71.12078955315846, 19.069650398062397], [-71.12150672869134, 19.071916530550126], [-71.12283404063605, 19.073640173213928], [-71.12658964107347, 19.07487047658737], [-71.12797632423828, 19.07680318018827], [-71.1303498042909, 19.077170555882507], [-71.13170944876946, 19.077970371683595], [-71.13216835903235, 19.08099709754466], [-71.13351929789778, 19.083370146093234], [-71.13340136401173, 19.08443772389443], [-71.12992336662357, 19.089515497293817], [-71.12998929082656, 19.091789878988575], [-71.12919278829047, 19.093780786257224], [-71.1283635444467, 19.098747420036585], [-71.1284839944284, 19.10035402342882], [-71.13155194610128, 19.106691919870332], [-71.13178936237541, 19.108150006819315], [-71.13097512213767, 19.11397276255416], [-71.1311612382947, 19.115295908823313], [-71.1322301492143, 19.11700123501251], [-71.13530976427597, 19.117680548236024], [-71.14087371621254, 19.12188264320428], [-71.14563973948478, 19.12330063049066], [-71.1492595543065, 19.125260374587878], [-71.15055876438267, 19.129104949374973], [-71.15380940922019, 19.132810298349156], [-71.15504245315243, 19.138415319953165], [-71.15746153221522, 19.14051084104092], [-71.16737072633343, 19.144647609305792], [-71.17083902826161, 19.145333999091097], [-71.17512992826285, 19.145080557634977], [-71.17631959133429, 19.145470562972005], [-71.17875600301568, 19.148739594380334], [-71.18441971765547, 19.15038069126384], [-71.18830952487261, 19.152490460724735], [-71.18908937940512, 19.154040136585962], [-71.18900047286282, 19.15675565649436], [-71.18762348851071, 19.161979100220176], [-71.1885100859231, 19.16452933371117], [-71.20337431204425, 19.17769533213438], [-71.20626156396533, 19.17870403402997], [-71.2170496224196, 19.177990595892176], [-71.21899414183092, 19.18293776979072], [-71.2202293269217, 19.188239981297556], [-71.2194895485448, 19.190769774365716], [-71.21840455308465, 19.192377861867985], [-71.21996125342736, 19.19801771137348], [-71.22096919748594, 19.199670371734378], [-71.2222611536229, 19.203597775388637], [-71.22411942844214, 19.205290221381766], [-71.22401493702655, 19.207411992608197], [-71.2253667001571, 19.20876985799622], [-71.2283096811387, 19.210230407998765], [-71.22981936084417, 19.212180170022283], [-71.22948956374454, 19.21453911201516], [-71.22762170868826, 19.213513411147265], [-71.226331710112, 19.214055359104844], [-71.22664150874232, 19.215678438500067], [-71.22804934810772, 19.217080203904512], [-71.22757607418977, 19.219917454839923], [-71.22879975967668, 19.220270562152816], [-71.2293993283074, 19.22099034649917], [-71.23026933362101, 19.224289803847686], [-71.22935734951174, 19.225278604222034], [-71.22956940087367, 19.229289607696717], [-71.2274728875556, 19.230079586677153], [-71.2272781221382, 19.230712115987657], [-71.23160970831532, 19.231340521707903], [-71.23306922497004, 19.2332744378159], [-71.23452954001297, 19.23304071184613], [-71.23484523522005, 19.2343595975683], [-71.2374492881538, 19.235360297441428], [-71.23719955913306, 19.236169519490552], [-71.23608128364091, 19.23663767393341], [-71.23620934928746, 19.23836964926845], [-71.23473621477758, 19.239472053849337], [-71.23589238478047, 19.240748309081464], [-71.23685943216805, 19.240880568267016], [-71.23708101489532, 19.243538255366243], [-71.23793114038186, 19.24435835645852], [-71.23906217315792, 19.24486904503835], [-71.24035028644197, 19.2434905213366], [-71.24560964895274, 19.242840624356393], [-71.24791954214533, 19.24505654885508], [-71.24962964451873, 19.245310554938023], [-71.25071933767518, 19.2470600444374], [-71.2500522294761, 19.24901825426394], [-71.25119951244119, 19.249830347736825], [-71.25171531764269, 19.251676663718463], [-71.25317927285813, 19.25208045631073], [-71.2529428256932, 19.2532844706054], [-71.25413937219045, 19.254720244096347], [-71.25428077508, 19.255955336797623], [-71.25624938853748, 19.256710381991557], [-71.25651634087434, 19.259248311798732], [-71.25802940986365, 19.26066031949495], [-71.25812932102977, 19.26135981284406]], [[-70.95980016518087, 19.89721951358079], [-70.95872731673683, 19.89631326983714], [-70.95635064782273, 19.89563931236867], [-70.9561746027083, 19.894997161414512], [-70.9553602994018, 19.89495937332582], [-70.95483374036635, 19.894157682020783], [-70.95420810330482, 19.894096238564646], [-70.9527870401351, 19.895251509544337], [-70.95196952395963, 19.897719498772], [-70.94553416105025, 19.899445324523857], [-70.94433239166621, 19.901070022399505], [-70.94478744989152, 19.901447237816488], [-70.94748981756709, 19.901190600444906], [-70.94857042229337, 19.90202847729478], [-70.95129399647679, 19.902731633605274], [-70.9519801093254, 19.902260737626406], [-70.95307164378038, 19.902757014706925], [-70.95372096346051, 19.900797093560463], [-70.95300093616156, 19.899940236353846], [-70.95474994468812, 19.899290646835965], [-70.95604402186693, 19.900030429062237], [-70.95681925669173, 19.899938739079246], [-70.9577638619964, 19.899025818195042], [-70.95777063116684, 19.89832051093645], [-70.9598119337946, 19.897813989083836], [-70.95980016518087, 19.89721951358079]], [[-70.95478113322153, 19.900465412030982], [-70.95407554646681, 19.900177894836386], [-70.95377454020296, 19.900827189382287], [-70.95451144945207, 19.901168536045905], [-70.95478113322153, 19.900465412030982]], [[-70.95756037840435, 19.903320376964597], [-70.95780248610546, 19.90239309931826], [-70.956792743317, 19.90208749300557], [-70.95664917945187, 19.902774696462618], [-70.95756037840435, 19.903320376964597]], [[-71.13003600219508, 19.855861599950035], [-71.12695062853466, 19.85381973261158], [-71.12709052453447, 19.853050297933205], [-71.12813759876917, 19.85201732791521], [-71.12786823193046, 19.850806913862733], [-71.12663991722813, 19.85118926652396], [-71.12253708831628, 19.849469978443167], [-71.12202524716758, 19.84976349315241], [-71.12211808682797, 19.850542825604894], [-71.12310922505335, 19.85147009053282], [-71.12229983505759, 19.85251920920245], [-71.12030132551543, 19.85143449190118], [-71.11835640272831, 19.851484188321887], [-71.11802434988539, 19.852062551673686], [-71.11859921516464, 19.852570269215427], [-71.11780966753152, 19.854319328498683], [-71.11640394952829, 19.854032879649274], [-71.11566451901068, 19.854760510636716], [-71.11583319776058, 19.85564550124884], [-71.11753735096366, 19.857676149821206], [-71.12495994691355, 19.85361069470622], [-71.1276594443592, 19.855720462099214], [-71.12885347672055, 19.857762747500693], [-71.13039941894274, 19.856636003069568], [-71.13003600219508, 19.855861599950035]], [[-71.1223402970425, 19.859160535290705], [-71.12619346497813, 19.857693061300232], [-71.12612723199447, 19.856035185686874], [-71.12211229424426, 19.856109985421387], [-71.12174941017737, 19.857029567771505], [-71.11807406437454, 19.858513681771477], [-71.1173895948192, 19.859582419602447], [-71.11880591626173, 19.86054510225618], [-71.12027385796017, 19.86066293575556], [-71.1223402970425, 19.859160535290705]], [[-71.1858896243938, 19.842850563995746], [-71.18854150320841, 19.84543578706892], [-71.19087959743071, 19.843723381246754], [-71.18954308272646, 19.839833967591215], [-71.18753525877537, 19.837533460060524], [-71.18592747025579, 19.83755170862927], [-71.18486986997333, 19.838519373113094], [-71.18405034003408, 19.838209507077462], [-71.18251063363066, 19.83646978747536], [-71.18260554742979, 19.835115901867198], [-71.1822154263724, 19.83464681274805], [-71.18127657702392, 19.834578483845856], [-71.1793498424234, 19.835729351639262], [-71.17790823964751, 19.835200906425246], [-71.17285432709242, 19.839133621936448], [-71.17283933876193, 19.841069786423446], [-71.17146761985607, 19.842827065193283], [-71.17144943825865, 19.844519682326], [-71.16804977585636, 19.846509314587806], [-71.16737022381716, 19.846579373821807], [-71.16606841863782, 19.845529929654298], [-71.16504841557465, 19.84666475091785], [-71.1653993925051, 19.847900127646724], [-71.16481948179734, 19.85451931204683], [-71.15809022396225, 19.853209449343115], [-71.1565040640312, 19.85223440230082], [-71.15215000643035, 19.85254951877283], [-71.14657827501165, 19.851987164124527], [-71.14481999269603, 19.852469258250043], [-71.14082740271719, 19.851413314515327], [-71.13973006896224, 19.851659418176844], [-71.13828435785204, 19.850906751583135], [-71.13741992004728, 19.851199286423952], [-71.1351309254133, 19.85073587092082], [-71.1311041499442, 19.855052181739893], [-71.13171072645088, 19.855424863581828], [-71.1353401621687, 19.853730708396466], [-71.13626987844958, 19.853720538195653], [-71.13952346820263, 19.855291322392628], [-71.14235988225262, 19.855060530806444], [-71.14355617046431, 19.855698954754768], [-71.14405035155475, 19.855280564318303], [-71.14569970495519, 19.855310591379055], [-71.14722429950677, 19.85706276807997], [-71.14983998621798, 19.857307546203213], [-71.15517992089347, 19.856750580703586], [-71.15781962409133, 19.857790707459294], [-71.16189601771815, 19.860565653063038], [-71.16573011989725, 19.861147024600918], [-71.16834797476157, 19.86096202723846], [-71.16996817473245, 19.859980379244643], [-71.16981022438587, 19.856667630294538], [-71.16929087472121, 19.85546055844433], [-71.17092400451223, 19.855365602803865], [-71.17260479614865, 19.85407272541804], [-71.17248082560991, 19.853120339514604], [-71.1730488623303, 19.852923840575762], [-71.1736005737705, 19.853202454929974], [-71.17475988226663, 19.85273074041121], [-71.17594677759774, 19.853577581049148], [-71.17643052724239, 19.85271054818432], [-71.1791362495253, 19.852361267171442], [-71.17886370872871, 19.851753521749394], [-71.17707015377296, 19.8514995168033], [-71.17458058621175, 19.850179615115774], [-71.17435058862706, 19.847260039378412], [-71.17540267418185, 19.842363293178547], [-71.17531059015009, 19.84097054272634], [-71.17900996375542, 19.840930473795993], [-71.1858896243938, 19.842850563995746]], [[-71.24623339691897, 19.281422226136993], [-71.24638038955806, 19.282257144239598], [-71.24738560105119, 19.282173498534636], [-71.24701122394598, 19.281194104049423], [-71.24623339691897, 19.281422226136993]]], [[[-70.74128933347569, 19.836149744916906], [-70.7401002206285, 19.836849237590886], [-70.73942087285825, 19.835530517897748], [-70.74107957113709, 19.835490601581995], [-70.74128933347569, 19.836149744916906]]]]}}, {"type": "Feature", "properties": {"COD_REGION": "III", "REGION": "Región III", "NOMBRE_REGION": "Nordeste", "N_PROVINCIAS": 4}, "geometry": {"type": "MultiPolygon", "coordinates": [[[[-70.45753943552162, 19.345610018727204], [-70.45678957865523, 19.347749440198417], [-70.4547846631975, 19.34787319698077], [-70.45440947990149, 19.348326622713234], [-70.45600933813954, 19.351429944989277], [-70.45535691221251, 19.352723150207826], [-70.45626933383109, 19.3536802921215], [-70.45613741529421, 19.356724205293773], [-70.45747923882915, 19.3581800367097], [-70.45690939019326, 19.358949879192895], [-70.45629952113113, 19.362589815349438], [-70.45559960661977, 19.36357948806183], [-70.45359952725867, 19.364330518521793], [-70.45288294474261, 19.365216719641744], [-70.45240874022684, 19.367460198689376], [-70.4528793602861, 19.370379461784115], [-70.44964028151323, 19.3706641435223], [-70.44963942457133, 19.37174981716069], [-70.4489838289727, 19.37268253390808], [-70.4490082689676, 19.374488586375993], [-70.44950929057582, 19.37533001708122], [-70.44880533637898, 19.376595398470645], [-70.44892928580059, 19.378009845193823], [-70.44595510061937, 19.38252708869247], [-70.44591934609274, 19.3834196366731], [-70.44525493694927, 19.383855549143764], [-70.44341392775434, 19.387544766880968], [-70.44383841669661, 19.390816335631744], [-70.44585937059757, 19.392720198552198], [-70.44558421574568, 19.39410182616516], [-70.44633921316982, 19.395299818529967], [-70.44537795312102, 19.395881364061076], [-70.44474948102096, 19.397359576042003], [-70.4436759187021, 19.398159401054478], [-70.44378936869107, 19.399039786811013], [-70.4431193279982, 19.39975787178912], [-70.44305952424573, 19.403219907611952], [-70.44235960854368, 19.405039523329528], [-70.44064047570203, 19.405395847407366], [-70.438737085868, 19.407839187522534], [-70.43866987602325, 19.40943509881876], [-70.43953922485062, 19.410440075538077], [-70.43895560902313, 19.411371063590295], [-70.43785972552038, 19.41240957983895], [-70.43580904425642, 19.41328803253156], [-70.43499967799512, 19.414249472166137], [-70.43383357757791, 19.414534331802802], [-70.43289264212174, 19.415961030372696], [-70.43320940997525, 19.417099956966585], [-70.43266649673184, 19.418148216760066], [-70.43212940496332, 19.422639770276557], [-70.43065726855853, 19.42489376663345], [-70.43120388729508, 19.42643522486972], [-70.43334935275286, 19.428210259797023], [-70.43312977361936, 19.430232604778784], [-70.4339692815681, 19.432359737312257], [-70.4326167892744, 19.43312885041588], [-70.43230410045686, 19.434269855398487], [-70.4332494280137, 19.435250311579097], [-70.4333494625626, 19.436219888379473], [-70.43228959479542, 19.437979431981567], [-70.43096502320029, 19.438285981891365], [-70.42913247280167, 19.439852281364278], [-70.42340849812024, 19.44780906460816], [-70.42394939683004, 19.449390103222157], [-70.42387019246087, 19.45265285752041], [-70.42478931646681, 19.454560102708715], [-70.42440359772796, 19.456960149163393], [-70.4247015237795, 19.46065649128679], [-70.42730900834083, 19.465304698465783], [-70.42908947540829, 19.46694031466323], [-70.42950515012066, 19.46849721393659], [-70.43045925537638, 19.469160212247402], [-70.43012463551088, 19.470410679110397], [-70.43171925561288, 19.47135025470115], [-70.43148975475515, 19.471879105340943], [-70.43040659313996, 19.471726508399], [-70.42923957801383, 19.475339543901576], [-70.42780209866147, 19.475835606543853], [-70.4275093816162, 19.477889632206676], [-70.42666962411785, 19.478669394542223], [-70.42696919756575, 19.479739431303752], [-70.42524701632804, 19.479337611647708], [-70.42490841273357, 19.480369941707774], [-70.42662027288594, 19.483031988384], [-70.43200970498711, 19.484020633199993], [-70.43527946467275, 19.486760381813138], [-70.43563947326138, 19.487700049276686], [-70.43522875661512, 19.490434124226713], [-70.43594741590171, 19.49143981102308], [-70.43782933587012, 19.492040426691847], [-70.43733224914637, 19.496265968080838], [-70.43890288746407, 19.49963617834241], [-70.44197945906653, 19.50114039765833], [-70.44268938219929, 19.50612977701739], [-70.43999973673144, 19.508569656188737], [-70.43749946942376, 19.509934959751757], [-70.43625951615515, 19.51353972989233], [-70.43398026920781, 19.51630589175903], [-70.43249198020135, 19.520110575234842], [-70.43193704496035, 19.522953768775334], [-70.4317392246454, 19.527239877519815], [-70.430682297554, 19.531113513657658], [-70.43069938414541, 19.5337197074873], [-70.42867550544733, 19.534516677667444], [-70.42731969701956, 19.53641940166488], [-70.426057225517, 19.536414342089678], [-70.42496981819552, 19.537129439228078], [-70.42084837811545, 19.537322649137614], [-70.42046524299127, 19.538203429017813], [-70.4210293272432, 19.540389730746405], [-70.41826229849694, 19.54220199586575], [-70.41826020967258, 19.545710723694615], [-70.4192693444943, 19.547520050464186], [-70.41875254189837, 19.548925998097126], [-70.41904347560697, 19.551430119706797], [-70.42009937971739, 19.55239022094787], [-70.41974952149332, 19.553879487903927], [-70.41902036214863, 19.55399932262441], [-70.4185866658968, 19.553138631838948], [-70.41793127123356, 19.553076857049803], [-70.41696963843557, 19.55470941408823], [-70.41595124403557, 19.554834175074944], [-70.41333977845368, 19.557489411426488], [-70.411330482816, 19.557339408927383], [-70.41103857859069, 19.55638277631275], [-70.40734166414765, 19.551568102973675], [-70.40418052516871, 19.549089633853782], [-70.40305581054179, 19.545611693691733], [-70.40072043176733, 19.54405961964287], [-70.39920023049886, 19.541006472105906], [-70.39250023518744, 19.540539320794405], [-70.38905058859802, 19.537919503442023], [-70.3881074268509, 19.536208320533305], [-70.3859170614564, 19.534891636099772], [-70.3850095394698, 19.536259435496586], [-70.38276999169179, 19.53654910702589], [-70.37695390816043, 19.535500603807648], [-70.37565444824581, 19.53590919448246], [-70.37467959216103, 19.537169430362326], [-70.37349007508847, 19.537549287683223], [-70.37267155146097, 19.53403897804136], [-70.37163905184387, 19.533092898041534], [-70.36648011227449, 19.53347932906997], [-70.36402053200543, 19.532369649744616], [-70.36386360541361, 19.52848059005546], [-70.36293184848068, 19.528163467418555], [-70.362099732302, 19.52905938299604], [-70.36116059299898, 19.52893949321056], [-70.36120515949567, 19.525243862316653], [-70.35875586788245, 19.523580786359826], [-70.35610062477889, 19.523159530849505], [-70.35642601642728, 19.520590884074398], [-70.35594793200488, 19.520006804932322], [-70.35443470791095, 19.519353655349647], [-70.34888005864671, 19.519429340104946], [-70.34625228735513, 19.518942276468024], [-70.34468833220764, 19.519592059411377], [-70.3419102063943, 19.52227243811794], [-70.3409396308766, 19.534039940865853], [-70.33933238551428, 19.540730331818846], [-70.33897935221484, 19.549419723989836], [-70.33653963867091, 19.55195947741528], [-70.33396984154572, 19.553059511795137], [-70.32852656301075, 19.553789125304277], [-70.32557987800159, 19.555169496302085], [-70.32368223289289, 19.555175177862353], [-70.31778636986274, 19.557161059669834], [-70.3172800262259, 19.55834933439676], [-70.31550088758438, 19.55782379119558], [-70.31527235079933, 19.558527049823915], [-70.3165190148931, 19.559739804131507], [-70.3122699355488, 19.562169381283322], [-70.30365031847633, 19.558379438338157], [-70.29865047447628, 19.554829629302155], [-70.29628284817557, 19.54880443672178], [-70.29498745248219, 19.54740177878425], [-70.29356032097535, 19.547069477987346], [-70.29267046984147, 19.545969758685533], [-70.29044838478667, 19.53635006098271], [-70.2863737333615, 19.53221756293029], [-70.28345131846737, 19.53096269607655], [-70.27893342134249, 19.531068350702032], [-70.27121021021229, 19.53029934014926], [-70.26393859681558, 19.526163340868028], [-70.25641826455208, 19.524016603091358], [-70.25444040518674, 19.523929470132238], [-70.25381965318874, 19.52265394797729], [-70.24535020992934, 19.521649370345244], [-70.24164347190379, 19.519506901235815], [-70.23449193433736, 19.517931421244313], [-70.23225012118544, 19.517909404439283], [-70.22721439668378, 19.515809942122626], [-70.21286582610914, 19.51439345267193], [-70.20860399809132, 19.51472842073582], [-70.20706981892678, 19.51539933362222], [-70.19714008830317, 19.516876520904805], [-70.19679133312674, 19.517398906403653], [-70.1977996960248, 19.523183780209287], [-70.19770936650882, 19.527249888745445], [-70.1969330588565, 19.529604777284476], [-70.1970581203623, 19.534615826604842], [-70.19817950134654, 19.538070116491582], [-70.19858747381136, 19.546414879929696], [-70.2011894481772, 19.550330266180325], [-70.2017393458179, 19.55209999947363], [-70.20138951347681, 19.553219637354612], [-70.19843123349119, 19.55523910717574], [-70.19771964415021, 19.557579179373526], [-70.19170359133636, 19.554508238365912], [-70.18793410114179, 19.553876418611978], [-70.18544001678826, 19.55417936230097], [-70.18060254604792, 19.553312250528183], [-70.17806726097197, 19.55166495114568], [-70.1723325401572, 19.55218242924154], [-70.16918971087908, 19.555209453391658], [-70.1671900125901, 19.555599298939015], [-70.16438521609057, 19.554986912463466], [-70.16345962918467, 19.556499486976744], [-70.16298024230525, 19.55654939642503], [-70.16175069433883, 19.555099828307863], [-70.16193427189857, 19.55328274005159], [-70.15851050116554, 19.55198947497682], [-70.15790171066568, 19.550668310950364], [-70.15702883751653, 19.55064448932243], [-70.15368982050855, 19.55532919689871], [-70.15264585307283, 19.554832591153822], [-70.15149495976559, 19.555095647574248], [-70.15024974114912, 19.556139386730514], [-70.14278014462313, 19.556849414103258], [-70.1410142363111, 19.55571819721289], [-70.1395591865859, 19.555671476909517], [-70.13701326537394, 19.556978234086074], [-70.13605957146648, 19.559919539907778], [-70.13407553964804, 19.560407726609352], [-70.13165979999746, 19.562619315608234], [-70.12760168212009, 19.56202280108537], [-70.12515476911273, 19.56484829354474], [-70.12652933776884, 19.566690192739863], [-70.12619950968488, 19.568609361452406], [-70.12277298279308, 19.5683077878113], [-70.12168915278876, 19.569064332395367], [-70.12158455600381, 19.569994424191414], [-70.12230931080938, 19.57140011884976], [-70.12200952126213, 19.573509500938155], [-70.12121022990664, 19.5735893675303], [-70.11983598836645, 19.572406236290583], [-70.11793980432628, 19.573419414505707], [-70.11558397978635, 19.573756626208322], [-70.11394981455643, 19.577789355297018], [-70.11080245850765, 19.576803820426523], [-70.10876985052084, 19.579409198615533], [-70.10702576333883, 19.57837680171582], [-70.10579980891073, 19.579279342465714], [-70.10501682403707, 19.579264943238744], [-70.10459957702987, 19.5799394009378], [-70.10337548773431, 19.57917425439704], [-70.10060015017278, 19.583278741485042], [-70.10011008910223, 19.582005469131822], [-70.09891585427862, 19.581207037941127], [-70.09546005268973, 19.582159303671315], [-70.09477133702461, 19.581963752320085], [-70.094529327665, 19.583369749884515], [-70.09346463023459, 19.584352316347978], [-70.09340942607058, 19.58572951464331], [-70.09259014967951, 19.585879408030156], [-70.09089206139181, 19.584696189218953], [-70.08870983349051, 19.586019407808152], [-70.0870173141988, 19.586170898578743], [-70.0868206449177, 19.58695723245142], [-70.08781174686324, 19.58832299269623], [-70.08905941306563, 19.58898033682124], [-70.08900940504695, 19.589829706530054], [-70.08789988370889, 19.590789307076506], [-70.0866043481785, 19.59066880971833], [-70.08607124124416, 19.594054764151313], [-70.08658462560227, 19.59448078524024], [-70.08852945835854, 19.594030711945308], [-70.08859770001149, 19.595900392540667], [-70.08832951065968, 19.597109702537892], [-70.08704376940517, 19.59830511004064], [-70.08734933012366, 19.600559548045045], [-70.0840843755201, 19.601364224163447], [-70.0836023079154, 19.603286954206844], [-70.08450771173057, 19.606576222924858], [-70.08774929825893, 19.61094997922297], [-70.08732972034336, 19.611449373383497], [-70.08642080848611, 19.611420352450633], [-70.08375220779214, 19.610661305445724], [-70.08315993453809, 19.611454157046378], [-70.08595941038118, 19.61375025720182], [-70.08576172449445, 19.61585123846022], [-70.08640304993551, 19.617869077811584], [-70.08754935759164, 19.618900308417757], [-70.08757938901333, 19.619769768508093], [-70.085791727037, 19.621689927590968], [-70.08567946522683, 19.62332953644311], [-70.08520014532476, 19.62341941107197], [-70.08369308195114, 19.622275286032117], [-70.08313968561944, 19.62247556546333], [-70.08404933570917, 19.62538980028342], [-70.08207433818872, 19.626782854668946], [-70.08183932298013, 19.62744921162868], [-70.08303931586028, 19.631200072761946], [-70.08278098267759, 19.634880963061065], [-70.08411108499159, 19.635490462743967], [-70.08507033375882, 19.634270461325368], [-70.08579984166472, 19.634080652617325], [-70.08733914158829, 19.63546000284335], [-70.0826789787456, 19.639721408384123], [-70.0822094452186, 19.641479698524005], [-70.0813718867174, 19.642509925855304], [-70.08219934900823, 19.6439000374266], [-70.081399453611, 19.646309752695068], [-70.0794379427815, 19.64808427021946], [-70.08008919758161, 19.649289953017195], [-70.07737585080677, 19.651309814737207], [-70.07724950940641, 19.65347968709835], [-70.07492000183784, 19.65516929715454], [-70.0740571841719, 19.654991526566768], [-70.07368959329115, 19.656189087958204], [-70.07243061666775, 19.655465010568843], [-70.07185949933775, 19.65560984966704], [-70.07188934229922, 19.657079556921733], [-70.07071207247617, 19.657670829362754], [-70.07120934633178, 19.65869019658356], [-70.07094922987359, 19.660309736394236], [-70.07059963932302, 19.66094945343824], [-70.06917034862828, 19.661397477535964], [-70.06913941143114, 19.663809506713797], [-70.06730221644295, 19.66420258464184], [-70.06496963125976, 19.667499606175078], [-70.06348513684412, 19.668320326799577], [-70.06330941215475, 19.66887962680796], [-70.06109975764774, 19.669886006334313], [-70.0604396179863, 19.67111946360364], [-70.05946971626234, 19.67128465278053], [-70.05859964557845, 19.672329492889517], [-70.05755989284, 19.672669342039274], [-70.05319472773057, 19.672705307962875], [-70.04912189217738, 19.67334356398391], [-70.04850078392936, 19.67398660858762], [-70.04775954055098, 19.67656969466095], [-70.04592983556053, 19.677949308838254], [-70.04394036898428, 19.67758947924411], [-70.04263610712172, 19.67568110195154], [-70.04036753592582, 19.675582888065406], [-70.03870982780958, 19.676919311333567], [-70.03672260578207, 19.676522292796868], [-70.0350396992909, 19.677669299296806], [-70.03302013305499, 19.678049369727365], [-70.03124850319341, 19.67684590213823], [-70.02898065924066, 19.676639455280075], [-70.02841949108577, 19.67607778619234], [-70.02729954046775, 19.677839566062577], [-70.02531370988342, 19.679010093351692], [-70.02445968229459, 19.68060932346112], [-70.02389044925468, 19.68048954068421], [-70.023487612929, 19.679131374800818], [-70.02282207680892, 19.679111625337125], [-70.02184973563152, 19.68136942281478], [-70.0173204242127, 19.681139393310122], [-70.01628640411096, 19.678925238619225], [-70.01258466577501, 19.678239538038866], [-70.00676498698745, 19.678516722976944], [-70.00548484960017, 19.67921385795037], [-70.00499955414979, 19.680449449990157], [-70.00425023437101, 19.68054942291019], [-70.00323499831542, 19.679322600892316], [-70.00087679932285, 19.67855654633447], [-69.99914827256043, 19.678111817810223], [-69.99543093082491, 19.678111691415012], [-69.99412604536016, 19.67845836449936], [-69.99208851366897, 19.680407728297087], [-69.99158942209345, 19.683019536979305], [-69.99120144633908, 19.68317542146437], [-69.98942050895369, 19.682979461095307], [-69.98908296003145, 19.681072521269556], [-69.98861241688115, 19.68075388093126], [-69.98692982644853, 19.681629325252246], [-69.984928304955, 19.68164809155711], [-69.98434966182946, 19.682589306102752], [-69.98288143663, 19.6822631696797], [-69.98186805977538, 19.682879128686313], [-69.97818037457348, 19.682609418365438], [-69.97707660283116, 19.68065768427691], [-69.97530323595404, 19.680022161351133], [-69.97284535453389, 19.679989932632058], [-69.97023671682904, 19.681540181961243], [-69.96815970065948, 19.681141752065944], [-69.96717020712127, 19.681599244004076], [-69.96579970779031, 19.679754040838276], [-69.96347586597193, 19.679817759155608], [-69.96217029341948, 19.680489192798486], [-69.96175490093889, 19.67985952933033], [-69.96081019330897, 19.6799593636265], [-69.95883908397941, 19.678022176064413], [-69.95502044415674, 19.67693945519683], [-69.95405408917615, 19.67509089783019], [-69.9527741327855, 19.6742717340724], [-69.94921487038212, 19.674366290568518], [-69.94796985572695, 19.675279394654208], [-69.94608033406043, 19.674899399613377], [-69.94440051597478, 19.673109644079343], [-69.9417730228508, 19.667809796697004], [-69.93793888032464, 19.667466020326714], [-69.93605036479424, 19.666789462217587], [-69.93501067694417, 19.665609628751394], [-69.93426060965658, 19.663010120252604], [-69.93575649010042, 19.660892932111526], [-69.93424047409692, 19.659819640754495], [-69.93405068983206, 19.658990236907844], [-69.93495769607611, 19.65781570260806], [-69.93266054395333, 19.655799461716366], [-69.93103137865593, 19.653557939291602], [-69.92768332588045, 19.651992377913803], [-69.92186997944317, 19.655369306264337], [-69.92069056697767, 19.654769576486697], [-69.91993159868821, 19.653344671398], [-69.91859048536753, 19.65307944159089], [-69.9180756769988, 19.651523968625124], [-69.91679048195442, 19.65104948274347], [-69.9162650155137, 19.649718799268587], [-69.91497249091009, 19.648551319771993], [-69.91340951930934, 19.6486350696402], [-69.91204996699008, 19.64980927570125], [-69.90984474506779, 19.647586225397635], [-69.90708999225805, 19.64892939418233], [-69.90517646760725, 19.648009050253815], [-69.90254016381488, 19.648229291613376], [-69.90038039175147, 19.64691956862872], [-69.8992606602438, 19.645419699389233], [-69.89819398625222, 19.640506393044024], [-69.89685052185472, 19.638889761364624], [-69.89653643366445, 19.63692176816623], [-69.89328065595237, 19.633599777843802], [-69.89340360391478, 19.63246094815319], [-69.8925912396859, 19.629568752445966], [-69.89126059040773, 19.627829803465776], [-69.89125183960589, 19.62540911526435], [-69.8888005764323, 19.62357973805072], [-69.88888806572612, 19.62205825892504], [-69.88621045294096, 19.61797980523405], [-69.88593065956935, 19.616780016489738], [-69.88629504066375, 19.615306956378376], [-69.88458058164942, 19.61195991429463], [-69.88504438728859, 19.609387665064368], [-69.88444053967778, 19.608139891235417], [-69.8845367681467, 19.606413758443008], [-69.88403062355383, 19.60585978341891], [-69.8845306044913, 19.602650225161533], [-69.88527101631436, 19.60138901316433], [-69.88503063201927, 19.600539998399913], [-69.88683054303375, 19.595480289844925], [-69.88911055142248, 19.592410512114885], [-69.89156019114786, 19.59026891856649], [-69.89425356481368, 19.585343278943224], [-69.89510051202878, 19.577610717576995], [-69.89592971795759, 19.5778004770176], [-69.89829570975692, 19.58058618728174], [-69.8990533858744, 19.580331101637313], [-69.89534075751676, 19.57414978883997], [-69.89506059813353, 19.571470083894592], [-69.89647160302997, 19.567866741843183], [-69.8953005035304, 19.566639702071296], [-69.89499062484774, 19.565130089071413], [-69.89717039857585, 19.56100032841136], [-69.89906875578326, 19.559493189947077], [-69.89903507820314, 19.558189581523475], [-69.89763047012961, 19.557599478840995], [-69.89733072544963, 19.556939957431904], [-69.89772046597776, 19.555720430308526], [-69.90098293031416, 19.554291946429377], [-69.90053104577723, 19.5531703926984], [-69.90174156819234, 19.552850735925702], [-69.90240044152894, 19.551150272943637], [-69.90357459952133, 19.5499420847449], [-69.90383879231592, 19.545956804047936], [-69.89945187353915, 19.53617849789225], [-69.89760054064362, 19.53364974473201], [-69.89681309802607, 19.530593956310852], [-69.89565238592323, 19.52907816614835], [-69.89379015080799, 19.529639219467832], [-69.89141178024948, 19.526187294759442], [-69.88995049611161, 19.525519489397514], [-69.88975066206982, 19.52509009425864], [-69.89034939808093, 19.524074740782652], [-69.88854057031214, 19.52255979720964], [-69.88838132158232, 19.520194614498372], [-69.88431587202729, 19.517554501574153], [-69.88089011651896, 19.517819325582963], [-69.87866690043177, 19.516810455234644], [-69.87758017856365, 19.517009341920915], [-69.87380057310585, 19.51340971373464], [-69.87353032177276, 19.512017734671097], [-69.87205027681235, 19.511599453855467], [-69.86852071497526, 19.508539813956315], [-69.86919082296353, 19.50669041686522], [-69.87257224853771, 19.501567159376126], [-69.87234527489858, 19.49968622520616], [-69.8712006612558, 19.497309903431834], [-69.87278483824261, 19.48750194446084], [-69.87301489959874, 19.4801198005936], [-69.87110051340386, 19.476369890275574], [-69.87114920997797, 19.475562956361316], [-69.87341269254846, 19.47108176699052], [-69.8728307748902, 19.46814997158552], [-69.87329761233806, 19.464427525322808], [-69.87236062441926, 19.46267980304843], [-69.87223059938646, 19.461410240816953], [-69.87475860833645, 19.45921635314113], [-69.87562038579004, 19.455472276404805], [-69.87454700337764, 19.448500809336895], [-69.86760526371344, 19.43085337513375], [-69.86081865199087, 19.416150755665694], [-69.85656067486741, 19.40977969330325], [-69.85609537505876, 19.408136386975606], [-69.85343055046938, 19.4051995945802], [-69.85095916611841, 19.400989010924498], [-69.8495504716704, 19.3995496535759], [-69.84636069825201, 19.393549876845533], [-69.84676722207459, 19.390629904681763], [-69.8461492281852, 19.381926609554995], [-69.84171828925004, 19.370857748640994], [-69.84019182286907, 19.3692130922045], [-69.83839030129667, 19.36915942742647], [-69.83535198776664, 19.366007999332528], [-69.83434024526224, 19.36567952789364], [-69.83162553252208, 19.363257337229243], [-69.82976043755274, 19.362539568765268], [-69.82909056366671, 19.360764937393775], [-69.82657050359504, 19.358979527779375], [-69.82399687169236, 19.354813021440673], [-69.8223165705573, 19.35390183953805], [-69.82007018038294, 19.353749487195056], [-69.81765574739002, 19.35205979938211], [-69.81578038967467, 19.351659517767576], [-69.81483069174881, 19.34950985636182], [-69.81485815667, 19.34496014644187], [-69.81432321352604, 19.342017621174552], [-69.81248072751289, 19.339869641498517], [-69.80653027331705, 19.33689953374993], [-69.80580061881669, 19.336139762846347], [-69.80590038373855, 19.33254493479115], [-69.80416901847394, 19.329528866684157], [-69.79861052562377, 19.32380969361927], [-69.79825371541672, 19.322706089764335], [-69.79349843332977, 19.31646793972641], [-69.78781930352454, 19.31066293525279], [-69.77364906411651, 19.298981342715905], [-69.76593910059856, 19.294484342248026], [-69.7483888041838, 19.285374871418334], [-69.74019635669542, 19.28162207348016], [-69.73533831447392, 19.280042430568546], [-69.72521825640705, 19.278475897232706], [-69.71254147036427, 19.278489950323024], [-69.70672854524108, 19.279229947281433], [-69.70391984805188, 19.28052938041638], [-69.69909842393119, 19.28072920303453], [-69.69264698282993, 19.28282175709943], [-69.6901897446682, 19.284749521740775], [-69.68802993676793, 19.285429505127173], [-69.67820106522022, 19.284938176264895], [-69.67004990280964, 19.28753957883297], [-69.66677811746781, 19.287747860299707], [-69.66364971185563, 19.289639286722206], [-69.6604950271743, 19.2903508344859], [-69.65616972574239, 19.293629508318055], [-69.65301990445462, 19.29483949080665], [-69.65065008231686, 19.294849523291703], [-69.64845919289161, 19.294063498822535], [-69.64553614652552, 19.29375299303289], [-69.62583682461592, 19.29509748669204], [-69.62209995871389, 19.295909447735095], [-69.61519493936629, 19.29545406737066], [-69.61093649675567, 19.29643016430939], [-69.59282217269329, 19.29667493045372], [-69.58949582759996, 19.298208033421158], [-69.58731972645951, 19.300549397530812], [-69.58287272617046, 19.300704305227583], [-69.57667391435162, 19.30475506332132], [-69.57551567572479, 19.306639235645097], [-69.57497521519971, 19.308786380402648], [-69.57630939817709, 19.31459993462757], [-69.57577967720842, 19.31570929204207], [-69.5697654643398, 19.314049935204757], [-69.56442254587812, 19.314328316228153], [-69.56298180697901, 19.31606106024371], [-69.56340455454475, 19.316587687555916], [-69.56420950036616, 19.316240943053394], [-69.56425939581267, 19.31710972049897], [-69.56193228110735, 19.319010509405466], [-69.56222908510392, 19.31991409616271], [-69.5634890794012, 19.320020539372464], [-69.56289966307297, 19.3211094471549], [-69.56090012942282, 19.321149423507624], [-69.55674512381935, 19.319292164551573], [-69.55561409904251, 19.320511445749176], [-69.55513953553259, 19.322599752273526], [-69.55203969637613, 19.325849557759042], [-69.5512604572366, 19.326131867062404], [-69.54574997680533, 19.32720927378511], [-69.54452036360445, 19.327049394473327], [-69.54205792980967, 19.3236054614455], [-69.53946601894692, 19.32226951940847], [-69.5360586931593, 19.322497357260747], [-69.53440977943175, 19.323509294004456], [-69.53238220814167, 19.32359865883807], [-69.53030965530776, 19.325269326933647], [-69.5293499925989, 19.32551940138588], [-69.52798344323466, 19.325240929208555], [-69.52749983652191, 19.325798967090286], [-69.5267597261814, 19.32496937992619], [-69.52512385016387, 19.324400017640063], [-69.5234098439512, 19.32507934129442], [-69.51785788762986, 19.325517234770206], [-69.51483984840374, 19.327389487089544], [-69.50741011689624, 19.327489239398616], [-69.50650040977281, 19.32718952162425], [-69.5058414391669, 19.32594485488317], [-69.50511383652858, 19.325676899714963], [-69.50131007376596, 19.326819300632632], [-69.49910931800154, 19.325602072670367], [-69.49471015351659, 19.325679356617588], [-69.48850448927506, 19.322442653193267], [-69.48391195828643, 19.323265649320646], [-69.48223985788783, 19.324659404070943], [-69.478269058904, 19.323732449114893], [-69.47470983928989, 19.325359556004365], [-69.47153096191938, 19.32620707911239], [-69.46649998711008, 19.327069382099896], [-69.46476622641399, 19.32687255676734], [-69.46316011294056, 19.327549343179957], [-69.46205009728776, 19.32656811983594], [-69.45990497520054, 19.326121723808054], [-69.45748996767823, 19.3269692977959], [-69.45587936875584, 19.32654134337816], [-69.45433833295556, 19.326764021844994], [-69.45314050672128, 19.326149574659244], [-69.45204138428844, 19.32272726134071], [-69.45083527680006, 19.321577194480817], [-69.4493576577551, 19.32097091179946], [-69.44558597865596, 19.321676468622424], [-69.44382957467542, 19.32592955510793], [-69.44248300232924, 19.326395506547982], [-69.43723214247103, 19.32507390051444], [-69.4352924848506, 19.319817401432044], [-69.42621920863355, 19.314403936997877], [-69.42231987663584, 19.316379310544466], [-69.41969248171544, 19.31614909989351], [-69.41700574012255, 19.318451664840627], [-69.41732343923718, 19.319209469998086], [-69.41868915186889, 19.31940045876698], [-69.41817945617382, 19.32039955836872], [-69.41714984828879, 19.32122939166271], [-69.41580301154127, 19.321056734130362], [-69.41466964046813, 19.32197911159898], [-69.41373843119358, 19.321669149674527], [-69.41325956277261, 19.322659504255864], [-69.41266052081119, 19.32274935329429], [-69.41169075683477, 19.32178995837709], [-69.41257652541006, 19.320272497222692], [-69.41117050683394, 19.320109329814837], [-69.41084324528262, 19.318997694150607], [-69.40901034229978, 19.318299537437387], [-69.40820088265757, 19.317276392210765], [-69.40596468354035, 19.316066111609413], [-69.40476785274193, 19.31617893285988], [-69.40361024841452, 19.317079071918624], [-69.40319981074718, 19.315689227757915], [-69.3999107942376, 19.3135566759539], [-69.39692031780311, 19.312729441368713], [-69.3939581906948, 19.3098723321031], [-69.3914363905477, 19.308329972936907], [-69.38785690087867, 19.30794354244343], [-69.38700339787509, 19.309248368515977], [-69.38731932278057, 19.31085991437993], [-69.38688967119666, 19.311679410349836], [-69.38381007436746, 19.311839287916442], [-69.38308142828866, 19.31132710185611], [-69.38235998170808, 19.311849233029317], [-69.38115022260402, 19.31081250095163], [-69.38046966577338, 19.3113193087212], [-69.37971048932633, 19.311099571542556], [-69.37937061284188, 19.30884015054332], [-69.37997044995446, 19.307511582609973], [-69.3766903493299, 19.30641950633225], [-69.37556055027072, 19.304829836345906], [-69.3755652294942, 19.303316739482877], [-69.37475208471623, 19.30257104779462], [-69.36478997310591, 19.30156183876935], [-69.35996275924921, 19.301912883841123], [-69.35956943517245, 19.302699589576708], [-69.35722992757496, 19.30345931523484], [-69.35395049188847, 19.303119428432893], [-69.35314766564504, 19.300082771053177], [-69.35204741649484, 19.29814187163601], [-69.34903042466512, 19.294829733027758], [-69.34811167436554, 19.29260972444132], [-69.34304340990384, 19.28844118666445], [-69.34171210799778, 19.288279145652933], [-69.33906008511885, 19.28918931135411], [-69.33771060765955, 19.28830960476166], [-69.33685407675625, 19.284333247732057], [-69.33313986165918, 19.2836714506612], [-69.32889175229951, 19.283599721288123], [-69.32552555737131, 19.28495769975188], [-69.32430011681645, 19.28837844070749], [-69.32482939960384, 19.292259819048905], [-69.3243378269089, 19.292900869489273], [-69.32353335275155, 19.298534567541953], [-69.32487948518562, 19.300670166967738], [-69.32496938877274, 19.303029771100466], [-69.31974968981807, 19.30857965324571], [-69.3169897238277, 19.310299342149758], [-69.31413945947598, 19.31101372297614], [-69.31252972353013, 19.313159313581675], [-69.31099250544545, 19.31291061650273], [-69.31002364624489, 19.313464952328424], [-69.30947950149668, 19.314599583665963], [-69.30766299385539, 19.315363621004543], [-69.30697965122407, 19.316849391506647], [-69.30612961142182, 19.316990462702293], [-69.30517968060101, 19.320049504691948], [-69.3036361372143, 19.32036313493293], [-69.3025898000867, 19.32112930081292], [-69.30060974732545, 19.321329202371732], [-69.29913919808453, 19.320628495362506], [-69.29761192911393, 19.32064009626093], [-69.29658960981148, 19.322219377222584], [-69.2951395950905, 19.322295887035285], [-69.29420909599655, 19.322880393108697], [-69.2927520533595, 19.324591399316414], [-69.28981952701191, 19.32996960462601], [-69.28818965448086, 19.331279395207797], [-69.28585987412183, 19.332159426475496], [-69.279136304205, 19.33264668608854], [-69.27651985053593, 19.334169370447988], [-69.27489044824551, 19.33405942844027], [-69.27462067214584, 19.333470942179943], [-69.27392518786442, 19.333312043389142], [-69.27229981688954, 19.334339423701714], [-69.26814529251554, 19.334470704947037], [-69.2675606954113, 19.336870152365474], [-69.26799939932923, 19.339199852782166], [-69.26590961170122, 19.341829416185703], [-69.26279135819435, 19.342764826967382], [-69.2623195666504, 19.343879729905137], [-69.26041981998827, 19.3457093813262], [-69.2579367969363, 19.345242688320848], [-69.25691970348144, 19.34641948973159], [-69.25530016141586, 19.34658942761021], [-69.25221055355993, 19.34421968017033], [-69.25184341225206, 19.342265552779388], [-69.2503431972339, 19.342038439869334], [-69.24897932896369, 19.34377460785572], [-69.24848940425638, 19.34559961787415], [-69.24618457974796, 19.347493969196254], [-69.2436294726008, 19.351679498994567], [-69.24203058508385, 19.352819072491425], [-69.24107140982119, 19.355478671432852], [-69.24114933439462, 19.35667985007033], [-69.24037952071659, 19.35803766559427], [-69.2405893522103, 19.35908977752766], [-69.23937817264293, 19.360096843719102], [-69.23938941377665, 19.361499885298567], [-69.23878950448936, 19.36278963675164], [-69.2378497577429, 19.363649518297922], [-69.23635000270224, 19.36393939672892], [-69.23408017648518, 19.3634795514286], [-69.23211151271346, 19.36230184679818], [-69.23037002431359, 19.36289940810736], [-69.22951067671936, 19.362469722692047], [-69.22963674365778, 19.3614726193903], [-69.22540479091428, 19.356484459929423], [-69.22442237983418, 19.35745915392885], [-69.22452932360198, 19.359719790370306], [-69.22416980816642, 19.36017932983868], [-69.22222747051437, 19.35951183796334], [-69.22122978910927, 19.360349329466246], [-69.21889987433948, 19.35989253563669], [-69.21790983282524, 19.36047940075314], [-69.21619031827471, 19.360359472928515], [-69.21499073286552, 19.358420125013776], [-69.21623461545713, 19.35717920106938], [-69.21506053168847, 19.35555982605461], [-69.2152107343587, 19.352700161483952], [-69.21661043522126, 19.349200220432266], [-69.21907035372817, 19.34591545030936], [-69.21971044857878, 19.343300208554698], [-69.22228047830744, 19.34011053167533], [-69.22345368379615, 19.339305473000756], [-69.22388058978584, 19.337300318757784], [-69.2274201549835, 19.33387060793913], [-69.22926846906842, 19.33410151306541], [-69.22978054996311, 19.332340336876005], [-69.2342701057619, 19.32836232510074], [-69.23633041333888, 19.32408024523298], [-69.23857538084276, 19.321456047272157], [-69.2387806446086, 19.319840243063624], [-69.23938382015217, 19.31899517309292], [-69.2421505182294, 19.315500509882483], [-69.24571622399556, 19.312537778556585], [-69.24680367094011, 19.310587988948967], [-69.24756057769781, 19.307640280568673], [-69.25017191812975, 19.304215945850576], [-69.25107052303642, 19.30108023323889], [-69.25268420196025, 19.298499846186818], [-69.25276061165393, 19.29691024658574], [-69.25443348711373, 19.294967263960334], [-69.25432512246415, 19.294176977094967], [-69.25145404580884, 19.291670960984682], [-69.2468503588957, 19.288618591100995], [-69.24504297182767, 19.288144282675702], [-69.24270011185148, 19.288269490046126], [-69.24097620953356, 19.287401826543856], [-69.23889002282716, 19.288019375592256], [-69.2343586267703, 19.286231816902706], [-69.23105826421902, 19.285807115962292], [-69.22791045774193, 19.286172162306187], [-69.22383998590983, 19.287439454346966], [-69.22095933493694, 19.2867380647457], [-69.21678426750854, 19.28767949851787], [-69.21275791591842, 19.290569414981142], [-69.21103952285625, 19.293809470866837], [-69.20689061995549, 19.295476103733428], [-69.20682934294098, 19.297219823674215], [-69.20632976834835, 19.297999277139155], [-69.20548843104302, 19.297706095557224], [-69.2049005397092, 19.29801892544011], [-69.20459827680267, 19.2957948448786], [-69.20188785636746, 19.295514800034276], [-69.19687000562527, 19.292935739696347], [-69.19173903711463, 19.292721079969247], [-69.19042591630841, 19.29335638486703], [-69.1894899082847, 19.29450917919538], [-69.1878762064943, 19.292621724660247], [-69.18660935748316, 19.29241436308727], [-69.18535520105361, 19.29321227297698], [-69.18545935023727, 19.294849569193705], [-69.18135072931081, 19.29612996950184], [-69.17990956734056, 19.299759601034502], [-69.17911990523936, 19.300139409690246], [-69.17637990263954, 19.299804213206382], [-69.17567993446312, 19.300359276730543], [-69.17261097070978, 19.300806671757623], [-69.17130955909573, 19.303309625687994], [-69.16966982495781, 19.304389412801697], [-69.16628198783664, 19.304381925397106], [-69.16370011530317, 19.305049285836002], [-69.16233049082993, 19.304159654337578], [-69.16177288099148, 19.301818711418704], [-69.16124575203739, 19.301356446455284], [-69.15999993081947, 19.30184930508483], [-69.15803783221108, 19.301367394956966], [-69.15621986636833, 19.30223936273958], [-69.15240276880813, 19.302067143081555], [-69.1516399666855, 19.30245931919086], [-69.15091040970661, 19.302109550146408], [-69.14911062301425, 19.29910984676344], [-69.14916063316468, 19.29825032210384], [-69.14999639968595, 19.29733170078766], [-69.14913049529513, 19.296929219901415], [-69.1490506003942, 19.29594009918141], [-69.15020042077022, 19.293280279975335], [-69.15119647453456, 19.292157853010593], [-69.15115320009919, 19.289518256649597], [-69.15335516035009, 19.281437759982285], [-69.15475046250182, 19.278250255770462], [-69.16008035602549, 19.270410427427812], [-69.16137721074139, 19.269735116053816], [-69.16276052967866, 19.26565048162202], [-69.16422917075097, 19.264970935864365], [-69.16544983193127, 19.26337112841227], [-69.16587269619934, 19.264074803838174], [-69.16652622962046, 19.263882336821986], [-69.1663906064446, 19.26181023024296], [-69.17158020928824, 19.25862561016448], [-69.17454833327369, 19.257553617225955], [-69.17566041545858, 19.25619056236699], [-69.17804607248901, 19.255243556231523], [-69.18098042121203, 19.25268068659569], [-69.18368508198921, 19.251577516550874], [-69.18546622284646, 19.250200399104525], [-69.18609031140649, 19.249110568534352], [-69.18748185542734, 19.249096310832787], [-69.18792053433559, 19.248040408966002], [-69.19241696495669, 19.245159250058613], [-69.19237903579362, 19.24453168641798], [-69.191670539547, 19.244349426059898], [-69.19156067032095, 19.243400319659344], [-69.1948989160004, 19.24127857430558], [-69.19831044724916, 19.2382006212137], [-69.20019017085292, 19.23714065089164], [-69.2013596686672, 19.237052155777487], [-69.20412021170193, 19.234570418541505], [-69.20897862876012, 19.232976167815707], [-69.20800129543537, 19.231330614391045], [-69.20963458051308, 19.23105919278872], [-69.2097351173083, 19.22981094957975], [-69.209230637303, 19.228810040494764], [-69.21160924132361, 19.22332249284251], [-69.21175060469065, 19.220320366376903], [-69.2129476859609, 19.219567822853453], [-69.21363044948866, 19.217360389894832], [-69.21498605859317, 19.216579843073404], [-69.21462067499428, 19.215520090496614], [-69.21668276082639, 19.21320789541024], [-69.21500066345722, 19.210939799101535], [-69.21633403990799, 19.20871591196604], [-69.21600062368114, 19.207489993719776], [-69.21695709306871, 19.204643943927646], [-69.21557055201542, 19.201839836162343], [-69.2153005889871, 19.199080085515597], [-69.21569034488853, 19.19812060514731], [-69.21696739225688, 19.19885789518459], [-69.21792588164516, 19.198521029707525], [-69.21959839396186, 19.195581768944546], [-69.21937052728423, 19.193990515012498], [-69.22016492188716, 19.1937181783956], [-69.22009075262876, 19.19291013297971], [-69.22227020842297, 19.190790609473165], [-69.22108436078496, 19.189307093546958], [-69.21937039519233, 19.188889524790174], [-69.21914067302438, 19.188350092129433], [-69.21964086880847, 19.187493906848772], [-69.21906075745865, 19.186330222071575], [-69.22047359567377, 19.185528956185216], [-69.22088943298597, 19.184733951507532], [-69.22045082627747, 19.182870758055998], [-69.22146414086465, 19.183053680782233], [-69.22293017278807, 19.182230583230673], [-69.22457892730202, 19.182130934950496], [-69.22861008525354, 19.180020686847843], [-69.23062150106306, 19.180483183977085], [-69.23162016879812, 19.179760557821893], [-69.23264961862684, 19.1798905401768], [-69.23330922973088, 19.181104665624638], [-69.23442604396027, 19.181456711079385], [-69.23803072359563, 19.18135954870343], [-69.23938993098562, 19.180600707331006], [-69.24016543155854, 19.181187476795714], [-69.24219973270873, 19.18113060944251], [-69.24322603280689, 19.182155602379755], [-69.24441988098577, 19.18166072062514], [-69.24525441245761, 19.182355581666645], [-69.24692983618776, 19.181540724308498], [-69.24780452606659, 19.18242927596743], [-69.24868012668925, 19.181720674030203], [-69.25039995440135, 19.181690574769878], [-69.25186549381273, 19.18299148503844], [-69.25260421013394, 19.18282316732599], [-69.2548302676087, 19.1806105686555], [-69.25575981415469, 19.180520610107685], [-69.25704933169766, 19.181580203242728], [-69.25669630976354, 19.18337233088601], [-69.25794496057257, 19.18410447718663], [-69.2600277926446, 19.183862775151916], [-69.26145001336774, 19.183150676703715], [-69.26272245148401, 19.183674950097743], [-69.26505987855774, 19.18316066134846], [-69.26670383037371, 19.18415245708306], [-69.26787991719507, 19.18375064508867], [-69.26874111776489, 19.184207755804877], [-69.26983016118132, 19.18353058781449], [-69.27108825714471, 19.183619167829153], [-69.27352152789314, 19.185403996986665], [-69.27455385530638, 19.185593654949237], [-69.27631428906655, 19.184142678528687], [-69.27812969028201, 19.18424062975291], [-69.2800651296087, 19.186745795337846], [-69.28188955431125, 19.187970375233167], [-69.28243885660822, 19.189126705587423], [-69.28466579258162, 19.190767802231072], [-69.29332231397987, 19.19464333756367], [-69.29564550070639, 19.194466700854328], [-69.29713937962366, 19.192849926594352], [-69.2972858406503, 19.190758105976652], [-69.29957971097939, 19.190390642761646], [-69.30043202939892, 19.19136981436691], [-69.3019595629764, 19.19093075630918], [-69.30232312237324, 19.192308461428265], [-69.30754585071534, 19.19681708790578], [-69.31119706252846, 19.196795515526297], [-69.31231538453687, 19.195982036375234], [-69.31384022828931, 19.193430779842075], [-69.31531952089057, 19.19417045175471], [-69.31581058318952, 19.195080215319432], [-69.31742964913118, 19.19550063376456], [-69.32041008071312, 19.198370731696365], [-69.32378970020302, 19.199050515149473], [-69.32583988018295, 19.20137266485259], [-69.32863991372103, 19.20141060550259], [-69.33029268945711, 19.202260890429244], [-69.33322172839347, 19.20254320307049], [-69.33439033744335, 19.201540557462955], [-69.3363298751612, 19.201454332423424], [-69.33685548888623, 19.2007171000838], [-69.33582056172706, 19.1993597416421], [-69.3354806330149, 19.19790829776855], [-69.33357057629293, 19.19726959298519], [-69.33362053907616, 19.196370751110273], [-69.33591526426551, 19.196944491469065], [-69.3377000604635, 19.195480686524366], [-69.33963253825517, 19.19636115157829], [-69.34027057593488, 19.19568808120804], [-69.33981065639303, 19.194340048783463], [-69.34056031147111, 19.193150622609647], [-69.34191967406987, 19.193260565603744], [-69.34283520979308, 19.194311230874106], [-69.34426004657891, 19.193430664178166], [-69.34605815739997, 19.194353552465373], [-69.34765013444682, 19.19371065659032], [-69.35019969875974, 19.19372056867957], [-69.3509255261251, 19.194623901359147], [-69.35364978512037, 19.194830639298843], [-69.35495369893785, 19.19564358285465], [-69.35667013156963, 19.194900572371026], [-69.3594898808071, 19.194940569781984], [-69.36115114814604, 19.19563143714733], [-69.369380121688, 19.196867164506887], [-69.37441935784875, 19.19654651347099], [-69.38092998873391, 19.1945307203518], [-69.38541604064591, 19.195682059852423], [-69.387669974768, 19.193910753334336], [-69.38911106874664, 19.19524689938864], [-69.38994336824675, 19.195304542733055], [-69.39072998811062, 19.194530822174833], [-69.3918787123682, 19.195793374141065], [-69.39311505495196, 19.19625872303952], [-69.39589375540055, 19.195762709144784], [-69.39861002721861, 19.194210624135565], [-69.40109566474281, 19.195356895006324], [-69.40221291283552, 19.195407820506546], [-69.40681933061629, 19.191551378707967], [-69.40760729766406, 19.190034864135992], [-69.4079720295187, 19.18629367759555], [-69.40660108963772, 19.18427059401767], [-69.40720988712046, 19.18430048786207], [-69.41393956493805, 19.187190465788625], [-69.41594942746329, 19.191110057592702], [-69.4156253360013, 19.192399147150862], [-69.41625809791334, 19.193303947229683], [-69.4175860952093, 19.193416164624246], [-69.41893008230903, 19.1926906233625], [-69.4200146205936, 19.192954479342966], [-69.42233996826675, 19.192420578238334], [-69.42640682384311, 19.193792951093506], [-69.42880802888799, 19.19263775893689], [-69.4310302426543, 19.190430587677703], [-69.43226970086896, 19.190430570002963], [-69.43693690476795, 19.197172863433238], [-69.44126460901806, 19.19995459861921], [-69.44707840355034, 19.201509399014423], [-69.44812732162463, 19.200567907925908], [-69.44596094302403, 19.197980170430963], [-69.44659992951013, 19.197640698311464], [-69.44830954528565, 19.19905037388321], [-69.45045090049018, 19.20276776347632], [-69.45358986685247, 19.202730521246526], [-69.45480489966067, 19.20334505662545], [-69.45761009496779, 19.202450533793325], [-69.460609862487, 19.20234054977378], [-69.46618087084931, 19.20557813181538], [-69.47215956404709, 19.207724266610455], [-69.47479985340811, 19.207480680088672], [-69.47610584186208, 19.208190289031958], [-69.48051612132943, 19.2083384510746], [-69.48378010367018, 19.20636055079508], [-69.48517912688278, 19.206594749820383], [-69.48606000059038, 19.206020726080972], [-69.48669874651868, 19.206388137173025], [-69.48760990459293, 19.20610065773784], [-69.49072829498728, 19.208391438937944], [-69.49200450863684, 19.20858786971804], [-69.4956099142116, 19.20664059194297], [-69.49813954100709, 19.207810666192728], [-69.50317767739827, 19.212714766292606], [-69.50496846959989, 19.213075773700414], [-69.51030022335203, 19.21088225141368], [-69.51294997722937, 19.208270790402125], [-69.51560900889025, 19.21115284320049], [-69.51753772206013, 19.211810978573393], [-69.52065990117548, 19.211150584428623], [-69.52415961993839, 19.21326276820708], [-69.5257272526722, 19.213578766690805], [-69.52671997587287, 19.213200644863786], [-69.52795497503783, 19.21379185141419], [-69.52908509101528, 19.213611713196734], [-69.52966031004422, 19.212860503833394], [-69.53189849006503, 19.21253449677793], [-69.53359004400353, 19.210890733416438], [-69.53642307927558, 19.21307434027595], [-69.53876987312701, 19.21261063788721], [-69.54135198573847, 19.214408420335737], [-69.54245213796922, 19.214173716647924], [-69.5439401650656, 19.212700620414623], [-69.54537445790345, 19.21364005539646], [-69.54669859875466, 19.213306745232106], [-69.54811025508022, 19.211740726819645], [-69.55007026697972, 19.212621014092274], [-69.55093009231773, 19.212240564577606], [-69.55287827973835, 19.21264528651989], [-69.55465998245991, 19.211500727164257], [-69.55707403757638, 19.213336172467077], [-69.5611397670919, 19.213200684265892], [-69.56350340098453, 19.215087812512675], [-69.56635141694521, 19.214190428135446], [-69.56713975403481, 19.21422060366971], [-69.56918533375683, 19.215964741022262], [-69.57259978392966, 19.21454069717503], [-69.5738879738875, 19.21632966822296], [-69.57504646428072, 19.216318651961252], [-69.57622017544301, 19.215410544172652], [-69.5768798099649, 19.215450681370733], [-69.57767951051592, 19.215870348680998], [-69.57790213956733, 19.217259753861523], [-69.57858665754864, 19.217991630678615], [-69.58216437787057, 19.219000006854678], [-69.58554624148306, 19.21883328907342], [-69.58836006440004, 19.216820667460464], [-69.58950008977608, 19.21729505967204], [-69.59060179515895, 19.21664339860512], [-69.59117952125406, 19.216810486938744], [-69.59201221787339, 19.218996657265137], [-69.59765967719363, 19.221150514882446], [-69.59856635717816, 19.221989012997785], [-69.60278342206661, 19.223943816258732], [-69.60539974812846, 19.22445061265085], [-69.60642829040583, 19.22509821376659], [-69.6134868089213, 19.225284339811722], [-69.61528990623758, 19.224460685593616], [-69.61647822780608, 19.225477606244397], [-69.61880856257727, 19.226043454603733], [-69.61995030961663, 19.225030533884027], [-69.6228594442755, 19.22430958954566], [-69.62718659207319, 19.220070094073236], [-69.62805248425425, 19.218233222215737], [-69.62537058545183, 19.21563974174304], [-69.62437070600812, 19.213239837754514], [-69.62500063225657, 19.208789809748804], [-69.62515603765469, 19.201255655066092], [-69.62453001344348, 19.20001896818167], [-69.62350055877104, 19.199829484833455], [-69.62348060281097, 19.19855017358611], [-69.62387033525341, 19.197950632552068], [-69.6268298444341, 19.198429091492045], [-69.6275460317356, 19.19794558150131], [-69.62519077225022, 19.195699870856153], [-69.62555036760789, 19.19479152345893], [-69.6247707959171, 19.194359589415253], [-69.62524042291149, 19.193160552924557], [-69.62756276968348, 19.192543049617143], [-69.62724216480586, 19.19198844107497], [-69.62599932547873, 19.19188783267391], [-69.6257406667457, 19.18721006658517], [-69.62631761425291, 19.18497962389533], [-69.62660039398659, 19.18018005472496], [-69.62815617570983, 19.173147282849754], [-69.62966602677312, 19.16912057772983], [-69.63175558976158, 19.16664868378118], [-69.63136280787353, 19.165298232457303], [-69.63355573510889, 19.156107873770974], [-69.63481757350866, 19.1483349633633], [-69.63576011146282, 19.146092066200616], [-69.63757323207113, 19.13748681092108], [-69.63634071809156, 19.134629842803466], [-69.63634057577187, 19.133040141668143], [-69.63754188482571, 19.13070397862084], [-69.6375984137906, 19.12809628979202], [-69.63643046961347, 19.124519887265727], [-69.63607885040665, 19.11870724420614], [-69.63466671778947, 19.115109246434287], [-69.63374055264791, 19.114139709070276], [-69.6332905390361, 19.111790046615692], [-69.63513118517973, 19.108790854333048], [-69.63363040590328, 19.107839510080108], [-69.63248047160714, 19.106259773897687], [-69.63178072378638, 19.103680301346483], [-69.63316070568332, 19.10279200651884], [-69.63362049061229, 19.099720306926724], [-69.63442021492219, 19.099180600480697], [-69.6378366558229, 19.098849097517846], [-69.6381889990906, 19.098312615553525], [-69.63486069450704, 19.09459966990076], [-69.63415124252931, 19.09164763269802], [-69.6333003224109, 19.091439390596108], [-69.63249087632074, 19.090084473737836], [-69.63188063216697, 19.090028933912176], [-69.63194695317796, 19.088501850259977], [-69.63092968158723, 19.08628644550018], [-69.62985050596576, 19.085969491342652], [-69.62940207629401, 19.083919461733057], [-69.62872098886866, 19.083276488944986], [-69.62748083665426, 19.083399333165573], [-69.62775636352656, 19.08253939982078], [-69.6273847355863, 19.081913223761546], [-69.62532476406238, 19.081775063089548], [-69.62476753955043, 19.08266], [-69.62313036225866, 19.0819817949843], [-69.62244965891105, 19.08295929102011], [-69.62103126444234, 19.082498613174263], [-69.62051951132177, 19.08342925200824], [-69.61985055137066, 19.08321955750682], [-69.61976062666372, 19.082170103726877], [-69.62054212102564, 19.08029483388617], [-69.62015426239886, 19.078098640308465], [-69.6187230931158, 19.07839338206404], [-69.61869943240255, 19.080039585311486], [-69.61778559323275, 19.080399990975536], [-69.61702981536983, 19.081469267429437], [-69.61548946977452, 19.08071466566104], [-69.61439014970648, 19.08168914952632], [-69.61342633690994, 19.0805360512181], [-69.61282780305066, 19.08144320972351], [-69.61227026298135, 19.081589335940702], [-69.61163827459679, 19.080862635717153], [-69.61093968450616, 19.081389278163876], [-69.60974317497686, 19.080895281798696], [-69.60829996571904, 19.081909301978236], [-69.60602052048576, 19.080698370447532], [-69.60438998423581, 19.08153935172929], [-69.6030109853197, 19.080779908958878], [-69.60412302093957, 19.07976579819617], [-69.6243004230046, 18.992200782484957], [-69.62864497614218, 18.99379793953484], [-69.63345174168104, 18.996348056379432], [-69.65311375204242, 19.00983681428295], [-69.66045919339254, 19.012570011043113], [-69.66268982269729, 19.012630568151106], [-69.66344035622286, 19.01313352851798], [-69.66480975302207, 19.01705728776025], [-69.67173130083238, 19.02702892941568], [-69.67570364240242, 19.031119429799375], [-69.68004076072006, 19.033468235793908], [-69.68973977418558, 19.036680419795747], [-69.69360937522796, 19.039730623753208], [-69.70052944049584, 19.048540315981125], [-69.70190946840351, 19.05218009527597], [-69.70185922373018, 19.058679906819137], [-69.70098372574023, 19.06248283448126], [-69.70193144900473, 19.066677994616903], [-69.70235831740692, 19.071955998671672], [-69.70484127062014, 19.077479304194377], [-69.70686424905932, 19.08058971594623], [-69.70889260938935, 19.082181923915375], [-69.71433973734638, 19.083960529215343], [-69.71671954929971, 19.085610433252935], [-69.71784794075766, 19.087362211285328], [-69.71901373450783, 19.08813954267493], [-69.72607991282831, 19.089135388511796], [-69.73191965670354, 19.092310421464305], [-69.73385277747387, 19.095143892766224], [-69.7432942306613, 19.096146211347303], [-69.75014990882505, 19.095890730272586], [-69.75588468471494, 19.097579595149984], [-69.76651427062032, 19.09907779106732], [-69.77511542822867, 19.101366891780742], [-69.7775620909376, 19.09975566449043], [-69.7784504922727, 19.096400285736923], [-69.78091030219103, 19.09405062206108], [-69.78209991983921, 19.093880680992708], [-69.78371956202162, 19.094520491961113], [-69.78572582983827, 19.09779173061877], [-69.79066131708466, 19.09525287909601], [-69.79496356087434, 19.08979417260477], [-69.7950805424176, 19.087520196728583], [-69.79825064139234, 19.083580658704413], [-69.80148042087309, 19.081120708284583], [-69.8049724897571, 19.07955972848354], [-69.80909982763177, 19.07947060942291], [-69.81402134464889, 19.082576713587404], [-69.81603264690408, 19.082549981264105], [-69.81790022730617, 19.081250566042026], [-69.8199998868784, 19.080960574037697], [-69.82400953305219, 19.083290397383752], [-69.82483054303161, 19.085425612190168], [-69.82532166265567, 19.085699319888096], [-69.83058001275933, 19.082280641066067], [-69.83499937156878, 19.084926403424546], [-69.83630396215473, 19.08477252681553], [-69.83832003260821, 19.083630519335664], [-69.84061167343572, 19.084008372735468], [-69.84520023614421, 19.080570547665975], [-69.85069729255777, 19.08048767157255], [-69.8519704731797, 19.078060495827764], [-69.85356006293009, 19.077380719471677], [-69.85432967052527, 19.07756047697199], [-69.85522944894231, 19.07890026184305], [-69.85608203510735, 19.081689164986926], [-69.85852202812757, 19.086327840574402], [-69.86192962260269, 19.087960628659342], [-69.86429853189783, 19.089725273848973], [-69.86559088459575, 19.089745994183502], [-69.8668432725064, 19.089021782367638], [-69.86927041277133, 19.083170557627533], [-69.86990988107384, 19.083110542531486], [-69.87509638548121, 19.08632317672768], [-69.87598752626108, 19.086289386179676], [-69.87627970357093, 19.08424739387872], [-69.8720005752266, 19.07906972618971], [-69.87150072610154, 19.076529975963442], [-69.87237050677561, 19.06978034773819], [-69.87519881681425, 19.06823873248374], [-69.87562916535619, 19.06712748306557], [-69.87137052148273, 19.06175969487891], [-69.86780056174156, 19.052879917353653], [-69.86809056443956, 19.049670164180107], [-69.86954951367527, 19.04679833733023], [-69.86934058659466, 19.045330129447006], [-69.86994035493949, 19.044450546125496], [-69.8720920499671, 19.044061338885236], [-69.87477978240078, 19.044360493228254], [-69.87678817728093, 19.047248700087106], [-69.87909449632895, 19.047376279683203], [-69.88105996273558, 19.046880676563767], [-69.88697170126109, 19.049108949505655], [-69.89646990314799, 19.048580543868365], [-69.89896257942996, 19.049637806046604], [-69.90202002056654, 19.049110549959742], [-69.9057896647395, 19.04950051569189], [-69.90712186443132, 19.051773480160694], [-69.90907910567005, 19.052110452053434], [-69.90903421775558, 19.052891771660914], [-69.91043908061258, 19.053599923858105], [-69.90916007477597, 19.054409219004103], [-69.90843023735307, 19.054159297814266], [-69.90797974339748, 19.0548591979484], [-69.90701113812185, 19.054373233049425], [-69.90635281721622, 19.0547864496221], [-69.90660339607899, 19.05606010177499], [-69.90759999209054, 19.055840671572028], [-69.90855910242189, 19.056370161221114], [-69.90771057352238, 19.057488544493182], [-69.90817918300542, 19.058819493907023], [-69.9077148213176, 19.059281626362687], [-69.90803950938589, 19.06056951563031], [-69.90714652957438, 19.06081223279524], [-69.90695946827752, 19.061619294774527], [-69.90606372733309, 19.061695488180277], [-69.90586945703855, 19.06337951376141], [-69.90524729184673, 19.06383523775664], [-69.90580940507395, 19.06558992456582], [-69.9050764309667, 19.066714167891583], [-69.90514302832726, 19.067844305090738], [-69.9065694104888, 19.06965024727732], [-69.90664935545861, 19.07045989970704], [-69.90482959282708, 19.07467959730037], [-69.90374268261554, 19.0752280174194], [-69.9035594826319, 19.07659935042398], [-69.90278073386895, 19.077165560206453], [-69.90246946563438, 19.079179600275037], [-69.89976045404136, 19.081415963170443], [-69.89749135803405, 19.08673046230803], [-69.8966794929601, 19.089869729528367], [-69.89554642095436, 19.09115397982094], [-69.89470234457855, 19.093241557349824], [-69.8948228495938, 19.097154898658935], [-69.89541819926478, 19.09842922751771], [-69.896642441302, 19.099362294269806], [-69.900949827356, 19.099900542279265], [-69.90435226823894, 19.101741459279513], [-69.90688987290677, 19.101900485346565], [-69.91318433329107, 19.1053327441528], [-69.91533972698237, 19.105110619299623], [-69.91594155581936, 19.105693956990343], [-69.9177166369635, 19.1055956281676], [-69.91869002422094, 19.104720788040467], [-69.91981985127343, 19.105760676719875], [-69.9238198453194, 19.105850809073843], [-69.92686969298444, 19.107000497408297], [-69.92816948851005, 19.108200369447477], [-69.92891561024805, 19.109796648806153], [-69.92994942276036, 19.110500416477553], [-69.93026941412072, 19.111700039746367], [-69.92969865631348, 19.116411887550104], [-69.93021931996684, 19.11704651953548], [-69.93088914314572, 19.11684119169478], [-69.93053952736405, 19.118259773642798], [-69.92967551859938, 19.11935731103592], [-69.92952311337278, 19.121963969510514], [-69.93255983814426, 19.122840493065475], [-69.93520336245737, 19.124268372102065], [-69.94193958756455, 19.125687569613707], [-69.94309025884786, 19.12486051736613], [-69.94600998856272, 19.124190608404948], [-69.94845969842622, 19.124850595680545], [-69.95053618690214, 19.1264781698528], [-69.95202648432917, 19.126143395155744], [-69.95198791274446, 19.12379525233896], [-69.94989065845714, 19.118979896553274], [-69.95009257371416, 19.116505683816555], [-69.94748056246412, 19.11083983366436], [-69.94715954571025, 19.108683835874146], [-69.94614050577118, 19.10703984979769], [-69.9459905851411, 19.09799056680559], [-69.95583262931932, 19.097841090467867], [-69.97216523778265, 19.099250383752512], [-69.98813317158098, 19.09951157229447], [-69.98720064925426, 19.094449981094687], [-69.98777063477246, 19.091200216435222], [-69.98908467030058, 19.08845048537598], [-69.98695049184003, 19.08659971466685], [-69.9865078336617, 19.08388993653427], [-69.98527043581511, 19.08315960509138], [-69.98494067403209, 19.08228021796159], [-69.98649018173303, 19.081250614965533], [-69.98803936893057, 19.081206722831425], [-69.98838033562376, 19.080570909947028], [-69.98935459378701, 19.081174023089574], [-69.9900509764141, 19.08093885457398], [-69.9900009571, 19.080070271074725], [-69.99075122613984, 19.079574137034427], [-69.99071058852746, 19.07861040989037], [-69.99312629108479, 19.077830943783393], [-69.99324062304765, 19.076170506501587], [-69.99531844970574, 19.075699423927126], [-69.99546060367275, 19.074530449774123], [-69.99640832899424, 19.07405987779137], [-69.99631119739338, 19.073163769146948], [-69.99651177814658, 19.074998480630782], [-69.99720264959868, 19.076215126431745], [-69.99906968116086, 19.076130669157514], [-69.99999372503127, 19.079270480914833], [-70.00103372887575, 19.080518180591664], [-70.00422967080851, 19.08135074194949], [-70.0071408689202, 19.083288421611865], [-70.01087517829406, 19.08494881007017], [-70.01504994849816, 19.084790782354414], [-70.01865794458968, 19.085437835354497], [-70.02168069842705, 19.086975256813787], [-70.03445972634624, 19.096460311976006], [-70.03964954656391, 19.101820328930007], [-70.04415940217379, 19.110360011106838], [-70.04376963151026, 19.11116935385023], [-70.04121148942639, 19.111042835534143], [-70.04092078973989, 19.112275111892814], [-70.04187524983175, 19.113211155332397], [-70.04396942558829, 19.113950462355586], [-70.04423826148356, 19.115847831790344], [-70.04548942731604, 19.11683025021603], [-70.04531939482003, 19.118409656964776], [-70.04434978499448, 19.11925758257792], [-70.04443932732323, 19.12053982258526], [-70.04275128915246, 19.123008912239047], [-70.04347945632405, 19.125310012722384], [-70.04297548684205, 19.12694622250774], [-70.04336945949643, 19.129019955046303], [-70.04140780044186, 19.130562051407885], [-70.04140674524317, 19.132753215530798], [-70.04303648688456, 19.13488032434951], [-70.04631582395734, 19.1364355501109], [-70.04966967163284, 19.13681058726259], [-70.05087506849655, 19.13835444497303], [-70.05323949463245, 19.139870358284398], [-70.05390279242053, 19.14266171292136], [-70.05492940261531, 19.143825745007216], [-70.05657191391512, 19.1437684186646], [-70.05915025298032, 19.141810588767914], [-70.06061967507769, 19.14158062896376], [-70.06177324922172, 19.143854553114686], [-70.06417968973707, 19.145110408936038], [-70.06543686025522, 19.146454004549728], [-70.0690996408721, 19.146490604648577], [-70.07020351942568, 19.148448957110215], [-70.07376969585624, 19.149630599542743], [-70.07640417256363, 19.151498155929662], [-70.08455978554161, 19.153160586957274], [-70.08699368762973, 19.154461791391295], [-70.08979989481166, 19.154696663404785], [-70.0963466894838, 19.153722324311502], [-70.09941025678705, 19.15037050014469], [-70.10073979141657, 19.150230664952915], [-70.10132951328681, 19.15074028635377], [-70.1017484456305, 19.152625098320428], [-70.10280644132739, 19.153767435324752], [-70.1083593270028, 19.154340504641688], [-70.10794799208753, 19.156648889287194], [-70.10887117946076, 19.15932391135999], [-70.11036716281885, 19.15989605314079], [-70.11223354929669, 19.159654137380503], [-70.1160196746772, 19.157620862076207], [-70.11603347735092, 19.160623286269853], [-70.11713727966605, 19.161294876776655], [-70.11819693865307, 19.16106696871939], [-70.11902751073934, 19.160129973383707], [-70.11802057283582, 19.15815986881291], [-70.11838054705585, 19.154820295177206], [-70.11934013044022, 19.154030669864163], [-70.12153926083982, 19.154720380045713], [-70.12132952588627, 19.155359430122566], [-70.11973005105695, 19.15604118794252], [-70.11980676142575, 19.156829872922877], [-70.1207137659419, 19.15755455888315], [-70.1243401312461, 19.15816840493799], [-70.12869153886412, 19.158169486408983], [-70.12934669786075, 19.157240088090365], [-70.12920296926174, 19.15520086100325], [-70.12705048651148, 19.15449955333243], [-70.12691066186926, 19.153420118535962], [-70.1288103905204, 19.149800410223833], [-70.129910053495, 19.14929066910559], [-70.13060751056274, 19.149486481848662], [-70.13164491616283, 19.150739948744892], [-70.13572986311483, 19.150350651569585], [-70.13718943547383, 19.151170303204086], [-70.13697947190569, 19.154029453583817], [-70.13429001193401, 19.154250883815713], [-70.13466928362298, 19.15620974501062], [-70.1324978559934, 19.157518426819124], [-70.1318074977301, 19.158643367422314], [-70.13226589303422, 19.15914620264406], [-70.13377949871399, 19.15886046468096], [-70.13445738820386, 19.162038878807248], [-70.13509876054282, 19.16249222412343], [-70.13560415378457, 19.162116158404224], [-70.13544067777802, 19.161190219285043], [-70.13832975010175, 19.158714275596164], [-70.13921025105451, 19.15737064777585], [-70.13977953187786, 19.157520498467786], [-70.14041972273938, 19.159329997554007], [-70.14141819412723, 19.159979806093542], [-70.14376994348821, 19.159790609527775], [-70.14612642278976, 19.160255408761934], [-70.14802418325971, 19.15834913590153], [-70.14780210574224, 19.15735127388593], [-70.1450604702997, 19.15533966987915], [-70.14490067292526, 19.154790247401493], [-70.14537018797974, 19.154480467994837], [-70.14776998299617, 19.15415071776245], [-70.15072883445669, 19.154661406446056], [-70.15158041924586, 19.153090383891307], [-70.15228992685337, 19.152740731267386], [-70.15342953047501, 19.15362031260065], [-70.1541214556239, 19.155970604027992], [-70.15569287644594, 19.1563471472195], [-70.15730201852028, 19.15494747483367], [-70.15558065578011, 19.15373962543022], [-70.1556205846294, 19.152860545268187], [-70.15759998753099, 19.15260768082705], [-70.15871989012605, 19.151640824406645], [-70.16015945255104, 19.15385019287944], [-70.16048843428213, 19.15676489482586], [-70.1617557119444, 19.15748104705983], [-70.16221458616448, 19.157033710148006], [-70.1619705523443, 19.154780529711957], [-70.16282982666193, 19.154610599643878], [-70.1641093622527, 19.155809354272506], [-70.16522538935315, 19.15601852623415], [-70.16661038361262, 19.15393034535083], [-70.16928975766211, 19.152136853608997], [-70.17176997297679, 19.15189057590705], [-70.17290955836513, 19.152110534591063], [-70.17316926500506, 19.152759830306], [-70.17169444593576, 19.154109108132772], [-70.1707594737344, 19.156419616846037], [-70.16955857337534, 19.157594638801502], [-70.17162923842568, 19.159360201800286], [-70.17057283828677, 19.161963474454932], [-70.1719179706507, 19.16433150250505], [-70.17278445369108, 19.164683459200276], [-70.17570987421233, 19.16452055048143], [-70.17773667744622, 19.165552518544757], [-70.18034004676106, 19.162430833777353], [-70.1822096905764, 19.16436474939185], [-70.18376577365042, 19.16460430167865], [-70.1854504774857, 19.16178046841755], [-70.1929377643364, 19.15729711633782], [-70.19754027283872, 19.152750325558625], [-70.200220119178, 19.151170711432552], [-70.20193940427833, 19.151520449233807], [-70.20179127332962, 19.154517690752243], [-70.20366492346211, 19.15632275271892], [-70.20436280062607, 19.156303704459393], [-70.2056002160388, 19.151766862551543], [-70.20537051913973, 19.149010001771686], [-70.2062305480087, 19.14443021818465], [-70.20775043071463, 19.142070519871705], [-70.20849000448747, 19.141770588455913], [-70.21191971650319, 19.143100558187413], [-70.2145347199637, 19.14476455045376], [-70.2215098830898, 19.146750319540857], [-70.22754968486029, 19.149480430965532], [-70.22818931872833, 19.150260099627154], [-70.22764843946273, 19.15182857458113], [-70.22950942923556, 19.154880212903933], [-70.23035119477976, 19.15865160179978], [-70.23487076311608, 19.157474991887224], [-70.23859034945315, 19.154830618211413], [-70.24094996406488, 19.153810598582993], [-70.24416707281459, 19.155672988377592], [-70.24943871088581, 19.156810260551243], [-70.24793983558891, 19.157859472849907], [-70.24523843380487, 19.157765370308095], [-70.24447069951496, 19.158154299181135], [-70.24395676809992, 19.160578338216943], [-70.24498483577277, 19.1619264566652], [-70.24674754542275, 19.161831338643943], [-70.25342011664279, 19.158270542558853], [-70.25460964700213, 19.158350609493038], [-70.25598928851721, 19.160419967502975], [-70.25446741593989, 19.162333754031625], [-70.25405682883073, 19.16361800094954], [-70.2544803944489, 19.164128791568203], [-70.25622025113432, 19.16260054107029], [-70.25792066366418, 19.16240020434342], [-70.25819052099985, 19.16095029465638], [-70.25886014995632, 19.16046059963089], [-70.26144000889686, 19.160803631698347], [-70.26694968757683, 19.15930069227871], [-70.26720936619999, 19.159829930729757], [-70.26619263714812, 19.161203446620625], [-70.26628520995203, 19.162622305868954], [-70.26821954555655, 19.16329048677397], [-70.26914606992466, 19.165726946810317], [-70.27070639576202, 19.16595230707698], [-70.27124056689479, 19.16544559732152], [-70.27113060268796, 19.163930140305514], [-70.27180243199074, 19.16280785471143], [-70.27120068104983, 19.160820055843597], [-70.27183034630819, 19.159630489096948], [-70.27356956130804, 19.15937065378994], [-70.27432388822494, 19.162407813784146], [-70.27516808191163, 19.162801270910453], [-70.2758004975174, 19.160110428410572], [-70.27677997283706, 19.159820591179603], [-70.27858136418125, 19.16048144775599], [-70.27980518935009, 19.15987659573182], [-70.2821611024955, 19.157191010088287], [-70.28217801536711, 19.156169160108547], [-70.28155123917583, 19.15578984456194], [-70.28204998275011, 19.155450682425975], [-70.28393956479053, 19.15688032849705], [-70.28447276451188, 19.1580189499416], [-70.28593962747762, 19.15838057610169], [-70.2866992969652, 19.159299263264156], [-70.28749942263634, 19.159250707692514], [-70.2877329296073, 19.1605825649985], [-70.28959935867039, 19.161250393776196], [-70.28893496814993, 19.163887979055968], [-70.28926536001462, 19.16448536716052], [-70.29043965622343, 19.16431073162684], [-70.29106280458029, 19.165047208029133], [-70.29166988923221, 19.16458111607518], [-70.29223815439072, 19.165204411132486], [-70.29283999533696, 19.16493073388176], [-70.29465441959164, 19.166142271833923], [-70.29697938346574, 19.16600042686468], [-70.29701542291761, 19.16786355686457], [-70.29824941595751, 19.16794065933032], [-70.29837056085111, 19.16877385495272], [-70.29932934633932, 19.169010534777623], [-70.29942989541406, 19.170003559006535], [-70.30049911158358, 19.170240455162585], [-70.3000408199381, 19.171250139320357], [-70.30084995602101, 19.17283266182105], [-70.30315958347298, 19.173840431148193], [-70.30353934475033, 19.174530079998984], [-70.30423949573488, 19.174640611281696], [-70.30461153206318, 19.175613413026525], [-70.3059184295167, 19.175845434354276], [-70.30694019388875, 19.1752406357048], [-70.30932991852907, 19.175260543657018], [-70.31090958031551, 19.175730552965412], [-70.31149088591415, 19.1764002331353], [-70.31346964519177, 19.176470776710378], [-70.31387454633285, 19.17726524338244], [-70.31587911571671, 19.17783093753784], [-70.31592312174105, 19.178515558959006], [-70.3174394965394, 19.17928048290809], [-70.31787496874803, 19.180092438666737], [-70.31878981256577, 19.18007066477867], [-70.32005364923334, 19.18118294067155], [-70.32244948779699, 19.181920422650986], [-70.32259768400039, 19.18283958831726], [-70.323269270805, 19.183200329697844], [-70.32295049493136, 19.184076391540614], [-70.32327453258053, 19.18641317481898], [-70.3249194916864, 19.187570400829575], [-70.32539099426413, 19.188466207043042], [-70.32637950597308, 19.188190880941825], [-70.32663623756464, 19.18902845397204], [-70.32872915064988, 19.189630338512735], [-70.32822096729254, 19.190638886090277], [-70.32910936835404, 19.19319996932566], [-70.32852747969646, 19.194522368327657], [-70.32889392599057, 19.195703318907203], [-70.32999961224175, 19.19601055006784], [-70.33059816152875, 19.196949188925963], [-70.33140944074302, 19.196890702377416], [-70.33149591399498, 19.19784923185951], [-70.3320892358043, 19.19829021419497], [-70.33197124163428, 19.19904229589794], [-70.33321910449169, 19.199000917584115], [-70.3331011615776, 19.199793464607506], [-70.33424696190045, 19.201167000486315], [-70.33562965418062, 19.200760487466614], [-70.3364260055851, 19.201716139944732], [-70.33701047021569, 19.200750609583], [-70.33806712749472, 19.20144688982227], [-70.33889959197012, 19.20123076822085], [-70.33920459507723, 19.201876785940843], [-70.34020967221649, 19.201940621729534], [-70.34084706155588, 19.20283096490398], [-70.34296945339626, 19.203670391052807], [-70.34326600285087, 19.205321845614588], [-70.34437959856197, 19.205190727057452], [-70.34482059575696, 19.206100194278065], [-70.34724615841019, 19.20677008848081], [-70.34858944695411, 19.206610664781124], [-70.34884100414935, 19.207536111657635], [-70.35035948273989, 19.20786046029512], [-70.35084505702537, 19.209053462611173], [-70.35179631032005, 19.209030254270093], [-70.35226931880996, 19.209799979661142], [-70.35214359651488, 19.21068204334968], [-70.35306905965703, 19.21061108612078], [-70.353157125541, 19.21161393025497], [-70.35514891191396, 19.211450496426085], [-70.35445526303917, 19.212593820941745], [-70.35536945244996, 19.21374023029556], [-70.35546902546157, 19.21466659095787], [-70.35709965102816, 19.214830596812114], [-70.35762905778944, 19.21602920036978], [-70.35626891439091, 19.215702862680683], [-70.35577214993421, 19.216196343184183], [-70.35624138487596, 19.217132069561835], [-70.35770937024414, 19.217120464598587], [-70.35763942686803, 19.21821955413018], [-70.35707339884964, 19.218874979854306], [-70.35813908243915, 19.2195402419057], [-70.35689651102611, 19.22146399610885], [-70.35872833616152, 19.22200028214157], [-70.35812515387485, 19.22251968259343], [-70.35879921342601, 19.223520062311582], [-70.3580039062988, 19.22482138883564], [-70.35895912911958, 19.22602994376934], [-70.35802208840553, 19.226889551459145], [-70.3578643613081, 19.228311712734136], [-70.36036254984229, 19.23166021129318], [-70.38703985755788, 19.231908181341744], [-70.40141004033934, 19.229540695081088], [-70.40834958881914, 19.229870598202538], [-70.40986936485766, 19.23333016928967], [-70.41061946057879, 19.240310007646507], [-70.41040771599707, 19.24309925485288], [-70.41138938404222, 19.246660015643283], [-70.41049773065589, 19.250903694047274], [-70.41239945509795, 19.253540162442754], [-70.41271241489201, 19.2587052757738], [-70.41480958696107, 19.260110440107812], [-70.41629938876972, 19.26219020374536], [-70.4163291948512, 19.263559879323672], [-70.41460951873853, 19.268759701397407], [-70.41315162739774, 19.270326619356737], [-70.41364941214702, 19.271050306076308], [-70.41376708675989, 19.273382148647173], [-70.41554963711478, 19.27383057736804], [-70.4160993803014, 19.27471010579991], [-70.4157411181193, 19.277216713396854], [-70.42134944087033, 19.280540286235034], [-70.42189949843458, 19.282610038735147], [-70.42169897458194, 19.28608649620597], [-70.42702683053068, 19.289453366851504], [-70.4278398790116, 19.289240745042818], [-70.43462927474125, 19.29697000353513], [-70.43314972084573, 19.298705339529604], [-70.43296672449775, 19.30002193435725], [-70.43938934976418, 19.302890397692806], [-70.43907943586629, 19.30794951961793], [-70.43460630722606, 19.308992055407614], [-70.43352460608239, 19.31212594978454], [-70.43420929924167, 19.31322024785641], [-70.43408210916719, 19.31471323603221], [-70.43553942789495, 19.315920206645348], [-70.43580492607708, 19.31810873343175], [-70.43733952788328, 19.31915037522566], [-70.43822472255273, 19.32272451917067], [-70.43949764380343, 19.32397332560697], [-70.44146955569553, 19.32454043756061], [-70.44208986027901, 19.326742696506358], [-70.44415179487538, 19.329502437047125], [-70.44479969233878, 19.329540926071612], [-70.44531089312535, 19.331007266090772], [-70.44643965876335, 19.331140586999513], [-70.4466493979469, 19.331560104217697], [-70.4465014898952, 19.332956327699655], [-70.44693936667677, 19.333889933052536], [-70.44532073032155, 19.336174006635673], [-70.44657947887303, 19.337330369527177], [-70.44740926172078, 19.339849499748382], [-70.44492157835991, 19.339658941234845], [-70.44452075164587, 19.34090428193372], [-70.44582005589284, 19.34131043483158], [-70.44770995213106, 19.340960542220298], [-70.45012491193222, 19.34185366549396], [-70.45322978576186, 19.34166056402742], [-70.45580253091023, 19.34424805999957], [-70.4571895256155, 19.34479049807506], [-70.45753943552162, 19.345610018727204]], [[-69.60457191442396, 19.079330380826423], [-69.60424454001306, 19.080095111024363], [-69.60515727246847, 19.080320930500402], [-69.60539926841625, 19.079500376033476], [-69.60457191442396, 19.079330380826423]], [[-69.62903492559946, 19.20986072077468], [-69.62921817097248, 19.209055219484654], [-69.62815781785744, 19.208863032077844], [-69.62822758995243, 19.20983763055639], [-69.62903492559946, 19.20986072077468]], [[-69.62965492123979, 19.212630864144828], [-69.63036552806277, 19.213148290224336], [-69.63106678965922, 19.21192730070683], [-69.63060219619062, 19.210325200649727], [-69.62994934887097, 19.21057929415384], [-69.62965492123979, 19.212630864144828]], [[-69.63040201330313, 19.19127776601819], [-69.63066505269713, 19.191993965259147], [-69.631429631001, 19.191668023855662], [-69.63110894417183, 19.19093658072057], [-69.63040201330313, 19.19127776601819]], [[-70.1070205596739, 19.15757046360335], [-70.10779275856368, 19.156982582612027], [-70.10752816481909, 19.156320237688995], [-70.10432031641614, 19.155345900405578], [-70.10331134524854, 19.15587058734125], [-70.10337461536507, 19.15696366443229], [-70.10542868759288, 19.15996287307123], [-70.10615201946487, 19.159757506379314], [-70.1070205596739, 19.15757046360335]], [[-70.13599206068571, 19.16324028483304], [-70.13677453810146, 19.16317497421443], [-70.13675725107684, 19.162470123356222], [-70.13582941607697, 19.162429836977523], [-70.13599206068571, 19.16324028483304]]], [[[-69.29683257251072, 19.190619794360185], [-69.29595021686534, 19.191049224509573], [-69.29542099502501, 19.19019057188294], [-69.29662960903659, 19.190220562325173], [-69.29683257251072, 19.190619794360185]]], [[[-69.2761107786357, 19.183765918385056], [-69.27545076446678, 19.18357956473243], [-69.275660388627, 19.18296072433625], [-69.27614939102175, 19.183090438469673], [-69.2761107786357, 19.183765918385056]]], [[[-69.22178911428468, 19.180999957372155], [-69.22129060273463, 19.18134887861814], [-69.22131051347041, 19.180591153552047], [-69.22131930566881, 19.180597948592105], [-69.22178911428468, 19.180999957372155]]], [[[-69.2268202548083, 19.178010985641638], [-69.22712840375131, 19.17828362382772], [-69.22666089758289, 19.178429155644732], [-69.2268202548083, 19.178010985641638]]], [[[-69.27106914651084, 19.169189731472088], [-69.26984997966179, 19.16972939299809], [-69.26900102321645, 19.169419791130455], [-69.27040987518892, 19.168100905670745], [-69.27106914651084, 19.169189731472088]]], [[[-69.2810993062954, 19.16712019738779], [-69.28077952965583, 19.168089499659626], [-69.27860996894536, 19.168659275895696], [-69.27537018784865, 19.168099521608085], [-69.27343108754295, 19.166750141284403], [-69.27175544903928, 19.166338986744993], [-69.2707400664412, 19.166829250610146], [-69.26998140721082, 19.166250387434065], [-69.27174609283996, 19.166265712984636], [-69.27190069635111, 19.165200383376504], [-69.2748938210149, 19.164056791920718], [-69.27556028105194, 19.162950667829605], [-69.27615792879831, 19.16298920844579], [-69.27635916960477, 19.16351937391764], [-69.27577545976753, 19.16365833043204], [-69.27569149476781, 19.16423807998375], [-69.27777262768697, 19.166051926522282], [-69.2801098085116, 19.166290503441612], [-69.2810993062954, 19.16712019738779]]], [[[-69.28527030070852, 19.161700638232368], [-69.2861416525455, 19.1618793695918], [-69.28517034646549, 19.16296879664356], [-69.28527030070852, 19.161700638232368]]], [[[-69.32193914381894, 19.19240377755476], [-69.32178995050874, 19.192619171966296], [-69.32113255419135, 19.19194198391888], [-69.32193914381894, 19.19240377755476]]], [[[-69.62624835187728, 19.088589853102125], [-69.62410017872907, 19.089079407242515], [-69.6233006276618, 19.088239822992158], [-69.62425002710117, 19.08774065577181], [-69.62624835187728, 19.088589853102125]]], [[[-69.62283977558518, 19.087618421406567], [-69.62246085426125, 19.086880344846808], [-69.62286942670669, 19.086740773358304], [-69.6228695881014, 19.086752082359247], [-69.62283977558518, 19.087618421406567]]], [[[-69.62852912037741, 19.089130082228806], [-69.62713596433917, 19.090450036088953], [-69.62683969635502, 19.09154893577518], [-69.62625059097252, 19.09095975521116], [-69.62625053741084, 19.09020027224713], [-69.62809002426336, 19.088850732153425], [-69.62852912037741, 19.089130082228806]]], [[[-69.63213979223032, 19.09389088361254], [-69.63249924581274, 19.094595790716212], [-69.63160070414952, 19.09507901390103], [-69.63213979223032, 19.09389088361254]]]]}}, {"type": "Feature", "properties": {"COD_REGION": "IV", "REGION": "Región IV", "NOMBRE_REGION": "Enriquillo", "N_PROVINCIAS": 4}, "geometry": {"type": "MultiPolygon", "coordinates": [[[[-72.01146914541366, 18.621469913366337], [-72.00997599064655, 18.62257566721603], [-72.0086995152597, 18.624519454432605], [-72.00590985063074, 18.625899463279918], [-72.00372280658505, 18.626126772731848], [-71.99769977623767, 18.631329528718357], [-71.99231081402527, 18.632272822427403], [-71.987800505249, 18.634131321078208], [-71.98584147694085, 18.63593451828044], [-71.98649947411627, 18.637710120464686], [-71.98645034028681, 18.639458021904524], [-71.98554966036608, 18.64053947755563], [-71.98423152374151, 18.640977903241247], [-71.98193953840432, 18.644109541517693], [-71.979782002688, 18.645706826703822], [-71.97831952940263, 18.647669524201262], [-71.97558979275455, 18.649639658260355], [-71.97045538655496, 18.65222705288936], [-71.96851959520687, 18.654369557908158], [-71.9657200445487, 18.656469215667634], [-71.96150817446583, 18.652538608971515], [-71.95783013829386, 18.651799527245227], [-71.95531959115958, 18.65057205934376], [-71.95258008095462, 18.651089295973737], [-71.94448041253098, 18.647389314234946], [-71.94263044461725, 18.64596957113099], [-71.94095198183436, 18.643654890260816], [-71.93478128508464, 18.640013803275476], [-71.92777105088612, 18.63503234007195], [-71.92589811747156, 18.634604699033336], [-71.92358729680586, 18.634853784581292], [-71.91823967413767, 18.642629734712376], [-71.91438266107289, 18.646042372600885], [-71.9129497006495, 18.648089417303286], [-71.90902128843592, 18.648043131928528], [-71.90783991281987, 18.648499299641692], [-71.90362020255102, 18.647909420215726], [-71.88662254759876, 18.63787387967049], [-71.8845604154647, 18.63617961977093], [-71.88258781118952, 18.63329144063112], [-71.88149427102097, 18.62931448750272], [-71.87997550923069, 18.627130071843702], [-71.87612997362665, 18.62806948562641], [-71.87353639875987, 18.627753860438837], [-71.87118179716893, 18.631620874717772], [-71.86889964686803, 18.637609307016064], [-71.86401626824902, 18.636290173242077], [-71.85945011253271, 18.636559395395953], [-71.85665422850632, 18.63529870818378], [-71.85542812001734, 18.635231634793836], [-71.85375996417818, 18.63599941846953], [-71.85217281791803, 18.635484165823364], [-71.84695792263459, 18.630682868753276], [-71.84423847353308, 18.62921393243374], [-71.83484459881058, 18.629357481434184], [-71.8275599284069, 18.632929368323527], [-71.81564382124623, 18.63019010839741], [-71.80964676170998, 18.633841375735702], [-71.80953207222697, 18.64376983352676], [-71.81216932682526, 18.659039872889636], [-71.80510555001287, 18.67076961774911], [-71.80442218938316, 18.678280820497307], [-71.80731929262691, 18.682979947727063], [-71.80121984014336, 18.690129236455327], [-71.79745970488385, 18.688329345323385], [-71.7913707853447, 18.687960381112983], [-71.79019004093834, 18.688719250947997], [-71.78922365850876, 18.68782906537259], [-71.78493877165907, 18.680523737059364], [-71.77887847841991, 18.679730275764204], [-71.77790005778873, 18.68002940343753], [-71.77275226591273, 18.67709512159111], [-71.7682445526713, 18.676432470320524], [-71.7659298681254, 18.677179417821982], [-71.76086218348802, 18.6778191073743], [-71.75840123889613, 18.678812333792273], [-71.75396974995124, 18.68177938382774], [-71.7523800114114, 18.68206937639235], [-71.7511103351191, 18.68178936050133], [-71.74899023426971, 18.67983135285675], [-71.74479307115915, 18.677574175285276], [-71.73626999554082, 18.67833955929396], [-71.73451015577106, 18.67805954809153], [-71.7275950906893, 18.674255266839193], [-71.7210100863543, 18.67503945247098], [-71.71130791970192, 18.670537998922253], [-71.70275163065855, 18.66902205804435], [-71.69695986373142, 18.66742272572889], [-71.6928216825076, 18.66510558463137], [-71.68320671202221, 18.66377644635528], [-71.67904024401815, 18.663981786753755], [-71.67506997782729, 18.664869523002974], [-71.66496554079887, 18.663575876936235], [-71.65941001548622, 18.664559359704004], [-71.65771015645255, 18.664169520376813], [-71.65461859700186, 18.66253973632471], [-71.6451124865119, 18.66222211642216], [-71.64285015034658, 18.662456879508905], [-71.63998384133609, 18.664744780090572], [-71.63904962747812, 18.666179635639562], [-71.63666982794854, 18.66762956211137], [-71.6320832932942, 18.668567283544228], [-71.6237497655241, 18.66661145039077], [-71.6194699407175, 18.667429322753332], [-71.61236584117428, 18.667306373959267], [-71.61074026475964, 18.666889499492637], [-71.606006783133, 18.662768175538897], [-71.6026200409963, 18.662919243958818], [-71.59435021307816, 18.661549491669], [-71.5916232309912, 18.659571531929668], [-71.57843395002233, 18.652958339444243], [-71.57603844459453, 18.652576093053625], [-71.57389989413815, 18.653379388945787], [-71.56825009337715, 18.653699187717702], [-71.5501166543595, 18.648377823113222], [-71.53796370845637, 18.646232416482427], [-71.53337715330319, 18.644884610293868], [-71.52644247730895, 18.64197523473306], [-71.52549849406601, 18.641146540228167], [-71.5249805321287, 18.640539732682253], [-71.52360753624302, 18.634546514230678], [-71.52197998741633, 18.63251790466265], [-71.5140210409786, 18.629170616034802], [-71.50532512446829, 18.627078781393593], [-71.49982012562319, 18.627469423346806], [-71.49589151169378, 18.62535539678607], [-71.49204004344071, 18.625979414638834], [-71.48729959205606, 18.624462764306443], [-71.48275009886534, 18.625739284809914], [-71.47873743325304, 18.623265401891935], [-71.47679689667963, 18.622866336730265], [-71.4749438311672, 18.62350584627966], [-71.47288954578609, 18.626409454179573], [-71.46920979506544, 18.62809940162784], [-71.46586995045965, 18.62887928130559], [-71.46021057656131, 18.628357621267902], [-71.45268039829736, 18.626299306695056], [-71.4474074301852, 18.621976771411404], [-71.44498903087505, 18.62160383921437], [-71.43929012549542, 18.622169268671087], [-71.43167023145104, 18.618589600523872], [-71.4276803211352, 18.615249676866625], [-71.4232539002943, 18.609036330653804], [-71.42099151942345, 18.6075942700388], [-71.41907095488077, 18.607819121577577], [-71.41339957349342, 18.614869480602337], [-71.40801991523553, 18.617679328439152], [-71.40610029653617, 18.61722943164114], [-71.40347577723178, 18.614876895160307], [-71.40199025248367, 18.61414051328976], [-71.39647019976515, 18.614249399151355], [-71.3941905721013, 18.612459478881156], [-71.39293672778838, 18.610506305188412], [-71.39240049719146, 18.60825998270766], [-71.39330263035126, 18.60394760790673], [-71.392400624825, 18.601169953072755], [-71.3928791197395, 18.598305950393723], [-71.3918611798558, 18.59678153599568], [-71.38515295595985, 18.59422408873661], [-71.38062005043457, 18.594589477388286], [-71.37710206549704, 18.59358345216771], [-71.37227880185225, 18.590432313012318], [-71.36893663523396, 18.58911942080453], [-71.36551975684328, 18.59159946861972], [-71.36453016525294, 18.591789363409177], [-71.36042746272557, 18.58835459935846], [-71.3586433673762, 18.587787148628102], [-71.35687278760606, 18.58812319304305], [-71.35524119542227, 18.589846828474442], [-71.35456947914005, 18.593579645704818], [-71.34959965686106, 18.596549237940305], [-71.34409477778614, 18.598308648538445], [-71.33660589877746, 18.604628101566327], [-71.33100620727924, 18.61083847555604], [-71.3240094659009, 18.620209503183236], [-71.31953951520768, 18.624079285453178], [-71.31768988392749, 18.625039307205608], [-71.31505009807496, 18.62464958049304], [-71.30745226296771, 18.622193964113084], [-71.30590326761288, 18.620855651446934], [-71.30011948641598, 18.61878197877066], [-71.28917202478334, 18.616971985844692], [-71.28236293463762, 18.615153456834136], [-71.28027575214499, 18.613610216932635], [-71.26509408104754, 18.614408733399447], [-71.25333997044336, 18.616169248792772], [-71.24774844121815, 18.615802906653343], [-71.24533108561103, 18.616733714238325], [-71.22982962126412, 18.6261791661453], [-71.22117008234149, 18.62890937233811], [-71.21977055911694, 18.62801961669698], [-71.21906719394205, 18.62460412562477], [-71.2175882188024, 18.62325497540693], [-71.21199974930127, 18.622022111780893], [-71.19861683155901, 18.621679966506115], [-71.19701048409475, 18.62246341049856], [-71.19320977910498, 18.626409449993158], [-71.18684005867512, 18.626149540077293], [-71.1772402256185, 18.623189460050842], [-71.17098106462876, 18.619843468846746], [-71.16636004264497, 18.619939405079883], [-71.16156057537495, 18.61911950456116], [-71.16144930977117, 18.614616339479554], [-71.15836807237793, 18.60726102822219], [-71.15379062175866, 18.600319933597614], [-71.15431651574046, 18.598903226230743], [-71.15411880159238, 18.597298012304655], [-71.1528175691153, 18.59419134865217], [-71.15184191420714, 18.59286146328374], [-71.14833036534746, 18.59184932314438], [-71.1458905552068, 18.58972974733636], [-71.14589753566734, 18.582240877560483], [-71.14548895937835, 18.58151032074981], [-71.1438304053451, 18.58039960855058], [-71.1413716321324, 18.576235484191223], [-71.14043341688789, 18.575407598129715], [-71.13278022737293, 18.57135964308796], [-71.12816902458738, 18.56722127874597], [-71.1230704188503, 18.563939632744844], [-71.12233332321196, 18.562395906638862], [-71.12105601812709, 18.561347280377714], [-71.11962544955432, 18.560905248970037], [-71.11621006806682, 18.56148928450124], [-71.11432247768077, 18.560791730477423], [-71.11137013048409, 18.560669443931193], [-71.10769314580729, 18.559087875213905], [-71.1057819778265, 18.560426580282193], [-71.10429967993689, 18.56245949449996], [-71.1025802185305, 18.562779389517924], [-71.10112830561702, 18.561068395165822], [-71.09925399571515, 18.559848942987024], [-71.09392766487436, 18.559681247047003], [-71.08824280763861, 18.563791639647167], [-71.08733967214366, 18.56525947402956], [-71.08625014185318, 18.565349438992865], [-71.08467028888448, 18.564319631035506], [-71.08222665570511, 18.561612946940308], [-71.08024051801169, 18.56048955927552], [-71.07951065229105, 18.558507903332007], [-71.07880247747796, 18.557872190626377], [-71.07553974027395, 18.560319391859466], [-71.07225007638395, 18.56064944024843], [-71.07076018659569, 18.56006961735584], [-71.06643807206699, 18.55700621410967], [-71.0615602016537, 18.55650948682802], [-71.05799273060586, 18.553808450078968], [-71.05526132245899, 18.55353147774426], [-71.05323006970227, 18.55420936640018], [-71.05072315016501, 18.552687783945263], [-71.04835043409793, 18.55216944840214], [-71.04631608183139, 18.548337735870486], [-71.04353012841351, 18.54841947266415], [-71.04131865682766, 18.547173201466073], [-71.03862726660003, 18.54639645113237], [-71.03582039966203, 18.546265079504597], [-71.03294981629921, 18.547489284397912], [-71.03113179461918, 18.54767541255825], [-71.02927989339068, 18.54893940505845], [-71.02873052252936, 18.548799530197556], [-71.02837064479095, 18.546448873940648], [-71.0272389338448, 18.545121085966763], [-71.023629112349, 18.54209124281811], [-71.01936260818233, 18.539521288164593], [-71.00845918915812, 18.534062091587842], [-71.0001640967675, 18.531719420972642], [-70.99743023813602, 18.5317793255586], [-70.994104689824, 18.528964755847174], [-70.98749035120353, 18.527459402329647], [-70.98599065601081, 18.52577967394301], [-70.98477059826527, 18.51956014416357], [-70.98748369324079, 18.516107266210255], [-70.9882503828183, 18.514260489006563], [-70.99306002753082, 18.51355043774815], [-70.9956734367784, 18.5137862700511], [-71.00074015628144, 18.511130699455325], [-71.00678918306538, 18.51133986060482], [-71.0087434587688, 18.50793873931576], [-71.00896060002805, 18.502960178732614], [-71.0092403668596, 18.502490548970297], [-71.01122995056622, 18.50220071875418], [-71.01474966893015, 18.50322068972424], [-71.0159295968688, 18.50405033084394], [-71.01723284539655, 18.506989305384437], [-71.01893941979863, 18.509140230580115], [-71.01931965963526, 18.513587202869246], [-71.0207665772814, 18.516381159813537], [-71.02199851908223, 18.5184547226283], [-71.02714841769803, 18.523367337351758], [-71.02901585725861, 18.52497921736208], [-71.03160045484832, 18.525727454400158], [-71.03475865228867, 18.525966595519957], [-71.03735334702584, 18.52549348906], [-71.04015332217283, 18.523922229733735], [-71.04189497591369, 18.521690708164165], [-71.04254100181483, 18.519159499375643], [-71.04228762571418, 18.51721470144534], [-71.03930783329766, 18.512951915438858], [-71.03395056865203, 18.508059700914973], [-71.03350064470406, 18.504800243610706], [-71.03552026275798, 18.503060363106535], [-71.03859001659411, 18.50155061516332], [-71.04069964683414, 18.502450566114426], [-71.04491684745581, 18.506018647496283], [-71.04633684686867, 18.50584099197892], [-71.04784017890243, 18.50497062761835], [-71.05463789305064, 18.50479233849543], [-71.0572098401862, 18.503053530189383], [-71.05750615406663, 18.500102610421887], [-71.05644909548509, 18.498426436948595], [-71.04967018677623, 18.497919508527588], [-71.04800048657562, 18.496689665205714], [-71.04726857853669, 18.495260990198116], [-71.04563812903561, 18.49576030665832], [-71.04473980390308, 18.496639374749574], [-71.04272737247462, 18.496349627313357], [-71.04185991877154, 18.497479110579214], [-71.04097852437378, 18.49662235441843], [-71.03841077481458, 18.495896968569408], [-71.03425057743482, 18.4964693218256], [-71.0335694722522, 18.495788407157033], [-71.03284914477102, 18.49698961331105], [-71.03099019723712, 18.49739932746749], [-71.02864295961854, 18.495057212193537], [-71.02547039357515, 18.494099509162556], [-71.02490060406706, 18.492340276562], [-71.02604006678463, 18.49139860040847], [-71.02566686399972, 18.490694669502606], [-71.0197899799323, 18.491439577772617], [-71.01014919881177, 18.490314539399883], [-71.00709125070566, 18.49072927690133], [-71.00213985437031, 18.492699368951154], [-70.99946010226382, 18.492899486545216], [-70.99847042118647, 18.49239951799619], [-70.99636043765608, 18.489329753727045], [-70.99520067549787, 18.4859799145443], [-70.99565875009755, 18.480375270547295], [-70.99675280490645, 18.47502763854611], [-70.99575058320208, 18.47198989329572], [-70.99565059647479, 18.469150222196085], [-70.99734035328983, 18.46733048744296], [-71.00373856620399, 18.464377594471237], [-71.00771878515597, 18.4612938011599], [-71.00783586232328, 18.46022112714499], [-71.00529687789775, 18.456809176712156], [-71.00500072512368, 18.455779951677066], [-71.00532067457024, 18.453630298194167], [-71.01043931506402, 18.447345177041417], [-71.0108205420165, 18.44412013710098], [-71.0119406582299, 18.441390408875673], [-71.01718445688394, 18.435424436100085], [-71.01837668428362, 18.430454084709737], [-71.01882499590835, 18.42784600420878], [-71.01830770887683, 18.423258070837026], [-71.01678081754862, 18.41943977488254], [-71.01645065737591, 18.41729000075618], [-71.01681044499117, 18.414980108983983], [-71.01811052240923, 18.41200032751694], [-71.01943030759568, 18.41046039487061], [-71.02839878142541, 18.406482713336853], [-71.03065029287696, 18.404820638952025], [-71.03385199985486, 18.404109676282985], [-71.04456747001271, 18.403818665194258], [-71.04673466053251, 18.4031670466073], [-71.0471622829547, 18.39772209607734], [-71.0466148588753, 18.394463725026892], [-71.04202037067245, 18.388509760008944], [-71.03791797571382, 18.378988019231077], [-71.03636020591594, 18.37747070378955], [-71.03156542134911, 18.376415427170425], [-71.0299908861076, 18.376789893151052], [-71.02748994535207, 18.37851938050708], [-71.0165001665919, 18.37347969810277], [-71.00773174161868, 18.367757689899904], [-70.99295020586455, 18.363909438870646], [-70.98646021339466, 18.360779636980894], [-70.98281035751708, 18.35820958174485], [-70.97998049081588, 18.355289755371935], [-70.98017699194315, 18.352810549108153], [-70.97912078342628, 18.35044022871763], [-70.9796710959338, 18.349297159576096], [-70.97874682964678, 18.34754210518217], [-70.97764433832775, 18.347159082221058], [-70.97602001948528, 18.349268996675054], [-70.97378886922196, 18.346027053511342], [-70.97175063158109, 18.34476967196796], [-70.97189585207795, 18.34156657203794], [-70.9656403714065, 18.335839633897713], [-70.96400707354682, 18.333430437794714], [-70.96039373621537, 18.32474305039665], [-70.958201363485, 18.321054392506305], [-70.95245052815385, 18.315979515573893], [-70.94858061522228, 18.31072971903758], [-70.94776075066595, 18.307089915793405], [-70.94775374356074, 18.301647943814647], [-70.94970075590271, 18.295380333925753], [-70.95306739597495, 18.28963882387041], [-70.95378056046641, 18.287480282979406], [-70.95724604313605, 18.282596553991617], [-70.95821221569882, 18.28007567271209], [-70.95758076143079, 18.275790002326346], [-70.95803778387454, 18.273093055869538], [-70.96019690194561, 18.268988795184256], [-70.96138063554768, 18.264480367045916], [-70.9687300249536, 18.25722081248545], [-70.97081951396996, 18.259040710466692], [-70.97261974257205, 18.25959050484808], [-70.97423948886205, 18.26085047759289], [-70.97661943487805, 18.264380151205085], [-70.97632958280651, 18.268801200643274], [-70.98094951891329, 18.27932011644819], [-70.98116745490263, 18.282798220986106], [-70.98221132745434, 18.285224489349115], [-70.98677739004582, 18.2882295201877], [-70.9893998167916, 18.28869056898595], [-70.99286946570396, 18.290400355868925], [-70.99310991153182, 18.293647110109998], [-70.99683051340504, 18.298530097855508], [-71.00255977085018, 18.300722704259215], [-71.00444976879633, 18.299620871003672], [-71.0055591078657, 18.30167700149461], [-71.00668982353528, 18.301710651780695], [-71.01225751084145, 18.305274023274794], [-71.01749968590167, 18.306610481508926], [-71.01910763485988, 18.308633089364672], [-71.02359603923873, 18.310720899573944], [-71.02565869059868, 18.31091227039744], [-71.02695044895046, 18.30919048068455], [-71.02823012915654, 18.30841067987869], [-71.03144517835781, 18.30894570609174], [-71.03272031900211, 18.30724063126134], [-71.03457968088503, 18.307390558093537], [-71.03568929687624, 18.30897017570516], [-71.0355890429872, 18.311980029055967], [-71.0361484827025, 18.311986277290703], [-71.0369602016382, 18.31104068756864], [-71.03742969044364, 18.311190615483625], [-71.04076956973755, 18.313590404328767], [-71.04200205604201, 18.315445455660363], [-71.04423981862604, 18.3156207968429], [-71.0468588746584, 18.316690403552762], [-71.0511200734666, 18.31562042625266], [-71.05570848787212, 18.31559190346184], [-71.05830215198317, 18.31460973969182], [-71.06043025311969, 18.31287061426388], [-71.06220656205822, 18.312605499489052], [-71.06328033642352, 18.31015056173503], [-71.06495628960694, 18.31004109856711], [-71.06605023596157, 18.309120489082616], [-71.06760593891039, 18.30882437336588], [-71.06965024987173, 18.307200465952874], [-71.07153587836886, 18.306560613469017], [-71.07234033610465, 18.305180688790273], [-71.07343346364362, 18.305330798155317], [-71.07512371666468, 18.304720004115797], [-71.07568060948287, 18.303370283798404], [-71.08079401522225, 18.299173211551256], [-71.08130058684885, 18.298140438558022], [-71.0847315657959, 18.295167306374477], [-71.08679367622672, 18.293933999314117], [-71.0905485814191, 18.290201305554092], [-71.09410910142101, 18.285690646345625], [-71.09842040221359, 18.281243972056387], [-71.10269570698786, 18.274239618618278], [-71.10384045528049, 18.26987032717607], [-71.10465049091873, 18.269260946858505], [-71.10804243109766, 18.262566405777687], [-71.10901722185707, 18.257549279811887], [-71.10887661451399, 18.254930580664464], [-71.10799231315488, 18.25191958374263], [-71.10594051125922, 18.249579692399614], [-71.10518477406475, 18.247493191494698], [-71.10505827227378, 18.243679133101043], [-71.10260449305325, 18.241630691849753], [-71.09913047528093, 18.240699497615093], [-71.09764042866786, 18.236109899635434], [-71.09738368637576, 18.23331477352735], [-71.09372956050994, 18.230011936248488], [-71.08989025507717, 18.228399600207727], [-71.08906056504772, 18.227639635583902], [-71.08764009595954, 18.22332606950001], [-71.08577054543801, 18.221349750704896], [-71.08555641450184, 18.220077480959027], [-71.08341069059378, 18.218079865847404], [-71.08477066305767, 18.21518046199825], [-71.08768873084894, 18.21219085008269], [-71.08806317238145, 18.210891562483464], [-71.08769219515999, 18.210192437391836], [-71.08825943478415, 18.210670264671087], [-71.08826946652977, 18.212679734648507], [-71.0866544392326, 18.214263349988038], [-71.08806764424997, 18.215463142909215], [-71.08897724937847, 18.21501265697279], [-71.0892106119695, 18.213310361191223], [-71.09081432794741, 18.21225401194096], [-71.0922293646303, 18.21031867939865], [-71.09227443995253, 18.208109658667922], [-71.09164285051203, 18.207468694085964], [-71.08980621603759, 18.207419798130942], [-71.09050017129213, 18.20725174181876], [-71.09060452862916, 18.206670214994947], [-71.0895304881184, 18.206359452186692], [-71.08912348205016, 18.20400802884765], [-71.08762042938869, 18.20266965529426], [-71.08602324534611, 18.19971661069153], [-71.08290036205581, 18.198919394019242], [-71.0817175972167, 18.197568682533372], [-71.0814405562285, 18.195940090168378], [-71.08189696796595, 18.19467747404669], [-71.08093811801304, 18.193697142290812], [-71.07932060353042, 18.193529457154657], [-71.07919463097319, 18.191766146556834], [-71.07741012688471, 18.19164932972173], [-71.07561027276388, 18.19089957760703], [-71.07190045362236, 18.187429724427954], [-71.07155078704517, 18.186179917270845], [-71.07182317261525, 18.181757737340682], [-71.07114379341105, 18.178543701357526], [-71.07005452937639, 18.177084625968707], [-71.06876027054945, 18.177129319354663], [-71.06786076038593, 18.17590998021253], [-71.06884786488601, 18.17439344706778], [-71.06884895186148, 18.17362512508878], [-71.06688823052521, 18.168170821382414], [-71.06614108352828, 18.166951558585218], [-71.06295050520724, 18.16502951264311], [-71.06159270897336, 18.16259612890522], [-71.06016063327272, 18.16142967090846], [-71.05995530145204, 18.159677313001865], [-71.05832047512853, 18.15908952561657], [-71.0577977794196, 18.157486420828373], [-71.05582047901136, 18.15638953010118], [-71.05518075384478, 18.155130173260215], [-71.05576013359607, 18.154690703650886], [-71.05795847920119, 18.15497431548407], [-71.0585749704042, 18.153904231141958], [-71.05848054887029, 18.152540160870096], [-71.06061144531124, 18.14971931979796], [-71.06037061414133, 18.147350309391435], [-71.06214362541877, 18.14632267139019], [-71.06402476363981, 18.14387591525772], [-71.06372060856084, 18.141050162910517], [-71.0642491034445, 18.1401669877464], [-71.06369069843798, 18.138869842695282], [-71.06367056527937, 18.13660036134371], [-71.06467097612881, 18.135991313175918], [-71.06421095486284, 18.13405036743724], [-71.06513811798636, 18.13330861521319], [-71.06502652405038, 18.13231856479248], [-71.06447095979975, 18.13186989010086], [-71.06511900159452, 18.131177820467542], [-71.06502064193961, 18.130410172559394], [-71.06639307315159, 18.128935620287898], [-71.06555299085362, 18.127578508825604], [-71.06574047001584, 18.126860600265886], [-71.06733239657913, 18.12657353312303], [-71.06760058248219, 18.12366026336794], [-71.0692318064, 18.121949293477257], [-71.07054683736341, 18.118494005306697], [-71.07047064598315, 18.117540152737227], [-71.07177506841639, 18.115552062656366], [-71.07144063391888, 18.1131300510691], [-71.07304046248288, 18.1084603606053], [-71.07387668233233, 18.10783507439179], [-71.07545042427138, 18.103680203949658], [-71.07842392160647, 18.09866025983873], [-71.07921285690675, 18.098208528195475], [-71.08185413306705, 18.0941260133925], [-71.08199057994656, 18.092530319663528], [-71.08341468936499, 18.091440308250146], [-71.08355061864441, 18.088530257255172], [-71.085747852721, 18.085246332979715], [-71.08546075351644, 18.08464993924475], [-71.08599767524436, 18.08368513197631], [-71.08543087688861, 18.08270034246335], [-71.08582973313584, 18.082590637548822], [-71.08643049893006, 18.083359188879133], [-71.08708287523467, 18.08310824469376], [-71.09060039452504, 18.0762203628972], [-71.09286087605145, 18.074759866124786], [-71.09345117552938, 18.073517663394245], [-71.09360061233131, 18.071500238888614], [-71.09463656125928, 18.07014738514003], [-71.0948505105829, 18.06822041066039], [-71.09591300234068, 18.067806856691394], [-71.09649048181143, 18.06650049359385], [-71.09812927093827, 18.065811276603434], [-71.09813069354392, 18.06487057522414], [-71.1003978645589, 18.06540213756544], [-71.10159987272552, 18.06474072742592], [-71.10219809064677, 18.065380881290576], [-71.10326060000651, 18.065458809987042], [-71.10719510513934, 18.0629155274793], [-71.11396559409627, 18.0541900709238], [-71.11503049244776, 18.050120362595816], [-71.11629291431991, 18.04929413453157], [-71.1173514742211, 18.0471049363336], [-71.11607068666495, 18.04353004782207], [-71.11698050154983, 18.0419505021772], [-71.12048027283372, 18.039940739790836], [-71.12320538521098, 18.039390780484087], [-71.1263603875775, 18.035700439192283], [-71.12865522680904, 18.034199423628763], [-71.12925034332464, 18.033200591186983], [-71.13070897343924, 18.033186370096825], [-71.13373263880766, 18.03136862991692], [-71.136883133326, 18.02835228736685], [-71.13875795344813, 18.022588851768766], [-71.13838067177744, 18.01943005635445], [-71.13875490716539, 18.017973619226193], [-71.1378906005105, 18.016589823604043], [-71.13790829801295, 18.013610716542885], [-71.13704073637349, 18.012060088540807], [-71.13768229339645, 18.011298248050743], [-71.13749053687836, 18.009770066787798], [-71.1380304323422, 18.008490481961513], [-71.13939994545782, 18.008080599303764], [-71.1402576388239, 18.008397565993448], [-71.1409102581338, 18.0077106956246], [-71.141703584934, 18.00786927923628], [-71.14237005671784, 18.007430663714118], [-71.14337951968949, 18.00782756498683], [-71.14511496927884, 18.007014564166614], [-71.14707058878945, 18.003730487714574], [-71.14937887201616, 18.001696999137458], [-71.15028054242887, 17.99902034928558], [-71.15164099670972, 17.997701100372147], [-71.15203053675059, 17.99584051008751], [-71.15350991531093, 17.995460616913526], [-71.15486926877712, 17.996144141329417], [-71.15654139440504, 17.995491427547773], [-71.1602106123637, 17.991080232699947], [-71.1635814892212, 17.988103592818863], [-71.16530044422935, 17.98509031078971], [-71.16820718100884, 17.981658122734753], [-71.17342414765214, 17.971431480467828], [-71.17585239654822, 17.968395914375], [-71.17761048791229, 17.962910264079778], [-71.17950032672861, 17.960590316101154], [-71.18245067145367, 17.958388993032663], [-71.1839005088546, 17.954740366187327], [-71.1850507764476, 17.953748926802476], [-71.18877198168227, 17.94713426191447], [-71.19375533220321, 17.94047957665865], [-71.1968606772974, 17.93536482592506], [-71.19772042631612, 17.932010145610068], [-71.19946047609517, 17.928050295667084], [-71.20758034939642, 17.918360350094343], [-71.20891021724076, 17.917250592529253], [-71.21026198292905, 17.917215811819865], [-71.21117390145407, 17.916552357407607], [-71.21482856600456, 17.90928657372482], [-71.21447082529835, 17.908300266772404], [-71.2158290171996, 17.907670135221785], [-71.21755664772523, 17.905358452505304], [-71.21855042878396, 17.902690199794097], [-71.221660375155, 17.898240473310224], [-71.22556938386514, 17.89667873891089], [-71.23504428716093, 17.89113479631999], [-71.2357504539073, 17.889410401592187], [-71.2369458313369, 17.888772865764622], [-71.23768046607867, 17.887290481660774], [-71.23951346120268, 17.886457521940464], [-71.23988041750546, 17.885360600448127], [-71.24064320586515, 17.88529199754172], [-71.24480029170843, 17.881100417046174], [-71.24915047863855, 17.87909872130496], [-71.24971001908685, 17.878340982066906], [-71.25038008092672, 17.878895569059658], [-71.2515401536831, 17.87805085412572], [-71.25247908918095, 17.87836245105098], [-71.25594029964277, 17.874250443040598], [-71.25805462961843, 17.87343741582721], [-71.25848055693625, 17.871520322512122], [-71.2622879705139, 17.868318046595203], [-71.26456049900555, 17.864610350043783], [-71.26796495840459, 17.861625470098968], [-71.26889068386497, 17.855940345737196], [-71.27023042845833, 17.854310477695535], [-71.27205501831212, 17.8530911409565], [-71.27346042424533, 17.84967045798642], [-71.2746390432461, 17.849054282234363], [-71.27493045371396, 17.845660451143175], [-71.2784399517986, 17.84455061136219], [-71.2805395297111, 17.845600484604134], [-71.28259232589093, 17.849422971314798], [-71.28284933170258, 17.850859844625226], [-71.28189455422908, 17.852175522702797], [-71.28194841549328, 17.852803585061256], [-71.28253407874524, 17.853015685223106], [-71.28462715834014, 17.85181337180914], [-71.28577457964715, 17.850053030401018], [-71.28570060500941, 17.84807008931772], [-71.28637543023538, 17.8461133725507], [-71.28587046674092, 17.842930005383256], [-71.28647149047457, 17.839664565169024], [-71.28677434149034, 17.832406551472225], [-71.2856282047315, 17.829947026644586], [-71.2851006375341, 17.82613013721438], [-71.28549039557429, 17.825510365799357], [-71.28833739481283, 17.82338853680603], [-71.28873045427565, 17.82248036846031], [-71.29126806134259, 17.82088711356846], [-71.29159049476792, 17.820000424442775], [-71.29478859247197, 17.81855875055499], [-71.29746026798779, 17.816090671630434], [-71.29825977285074, 17.816080636195693], [-71.29906969020385, 17.816760311784687], [-71.30199713126605, 17.820789265598517], [-71.30288966437303, 17.820860624141265], [-71.303540370483, 17.821575462494433], [-71.30535990122445, 17.821325144874347], [-71.3100580998207, 17.817628283145318], [-71.32090039078652, 17.803803605198716], [-71.32601579421316, 17.795728541359825], [-71.3279366947293, 17.789368050906187], [-71.34033582677894, 17.767237448577472], [-71.34672249046824, 17.757466784111855], [-71.3491888697248, 17.752379116523], [-71.3483030122902, 17.748040081603786], [-71.34418016817, 17.748649426540325], [-71.34371090624946, 17.74821006272756], [-71.34734022408736, 17.745650583555232], [-71.34931837080768, 17.745403433282746], [-71.34987215738194, 17.744807467307997], [-71.35042369162964, 17.74052860648826], [-71.35712472075345, 17.71984117079297], [-71.35705069283716, 17.716840089001387], [-71.35937283850205, 17.70892929423077], [-71.35919068735464, 17.707210248144392], [-71.36086107529339, 17.70559672939851], [-71.36096049502164, 17.70439011902267], [-71.36281192275565, 17.700847487664497], [-71.36303057356255, 17.697390311641485], [-71.3672570690631, 17.694298285003175], [-71.36778723544292, 17.693438965368028], [-71.36807575570936, 17.687527930098693], [-71.3674619150347, 17.68539411178521], [-71.36640069579637, 17.684009791169665], [-71.36655053807156, 17.6820502329145], [-71.36834949410137, 17.680067757819984], [-71.3683106991221, 17.679280125848777], [-71.36949036718387, 17.677520438439906], [-71.37158926439898, 17.67650008963497], [-71.37232857105896, 17.674468427406715], [-71.37218058210155, 17.672370248541757], [-71.37472667434949, 17.670226273303488], [-71.37669831164486, 17.665282688002907], [-71.37686054674063, 17.66344018123109], [-71.37769053404296, 17.662110523310588], [-71.3786402687146, 17.661490717745952], [-71.38206442771654, 17.6610110685863], [-71.38363525030844, 17.660289515193607], [-71.38606811596937, 17.657769199414034], [-71.38632270061494, 17.65612747905554], [-71.38535066183165, 17.65322998473959], [-71.38612664166126, 17.650547891117572], [-71.38776042243465, 17.647570427738412], [-71.38919039593264, 17.646765920529038], [-71.39226404344782, 17.64221769036503], [-71.39253049988301, 17.640600307584084], [-71.39521260199815, 17.636161820720336], [-71.39772714526474, 17.63413200856541], [-71.39858258571849, 17.632801172249593], [-71.39860619656956, 17.631930901790767], [-71.3963005228505, 17.628969762287763], [-71.39603054260984, 17.627559973043127], [-71.39614051018337, 17.626340214922074], [-71.39721041950754, 17.62513059412904], [-71.39753061981894, 17.623260235456815], [-71.39863388988867, 17.62152957801236], [-71.39999117373112, 17.620295067343438], [-71.4026705930159, 17.615660488809947], [-71.40420033737676, 17.614330531752024], [-71.40572013971916, 17.613660660070245], [-71.41064436810781, 17.613647558299416], [-71.41218975712725, 17.613115138997095], [-71.41497815093325, 17.607849230516216], [-71.41583053400439, 17.605150370113694], [-71.41713878930402, 17.604095680791534], [-71.41786044237799, 17.601680217713287], [-71.42156018505106, 17.596650726458964], [-71.42452959991512, 17.59804044909391], [-71.42555713829316, 17.599666120642844], [-71.42779949298867, 17.60104037338858], [-71.42858053831547, 17.603807864744738], [-71.43312951907555, 17.606500522168464], [-71.43468941767483, 17.608710165791575], [-71.4345668315747, 17.61096781191071], [-71.43751965992394, 17.61245044955079], [-71.43934274758496, 17.614457267849808], [-71.44123953479917, 17.615050550713402], [-71.44188873109597, 17.616246865457775], [-71.44316965877424, 17.61649048866538], [-71.44368494625245, 17.617329301572724], [-71.44478971913979, 17.617530669453505], [-71.44744938997354, 17.6196105520978], [-71.44911956574408, 17.62225017918811], [-71.4502539141909, 17.627251928383732], [-71.45206948503335, 17.628710302243682], [-71.45293702640326, 17.633878949179614], [-71.45961947482648, 17.638008998178766], [-71.46774946754078, 17.645729997394557], [-71.47063740370598, 17.649187151810242], [-71.47821952964635, 17.656660355580833], [-71.48249448298132, 17.66445024391659], [-71.48690554733116, 17.674529825349488], [-71.4872736477661, 17.68082934163404], [-71.4918930655478, 17.69577757910377], [-71.50075950493233, 17.717124738478635], [-71.50446812668604, 17.723870251719767], [-71.5092383436951, 17.729733440380787], [-71.51334089266071, 17.733558883275848], [-71.53282951650542, 17.7468603890108], [-71.53336940401032, 17.748200056024626], [-71.5329975060427, 17.750380842648006], [-71.53446761381731, 17.75221256488616], [-71.5454003994163, 17.757054907525923], [-71.54769963457935, 17.757050573207675], [-71.54817940298685, 17.757967047735534], [-71.55037092216061, 17.759027419415354], [-71.55793042975813, 17.760866391787772], [-71.56398985436422, 17.760860686645085], [-71.56594167537789, 17.76169276209581], [-71.56819003037563, 17.76096052684522], [-71.57335724476815, 17.762074126186924], [-71.58186953054799, 17.7611511387825], [-71.58892997598909, 17.760980416592165], [-71.60005972696975, 17.76253228350399], [-71.60924769020512, 17.760581805532173], [-71.61020016771087, 17.759950560747804], [-71.61431987799074, 17.760117735438143], [-71.61811932899622, 17.75954739757221], [-71.62291011341016, 17.75777040362032], [-71.62516954726225, 17.757517816438376], [-71.63162999883967, 17.755530793040226], [-71.63296023033885, 17.754440607469228], [-71.63581321572929, 17.754378083382434], [-71.63675045491102, 17.753270582809716], [-71.64286017454945, 17.750730753676216], [-71.64742974044778, 17.750450631297543], [-71.6487262764161, 17.75173384764996], [-71.65186998052752, 17.75135068430293], [-71.6556384107876, 17.752042330742047], [-71.65823939800904, 17.751637667803717], [-71.66226003760795, 17.750170584598195], [-71.66287947329089, 17.75031052867729], [-71.66445547046922, 17.752432994642458], [-71.66588472825174, 17.753230406717748], [-71.6736398326635, 17.752920561652953], [-71.6763895635832, 17.754890493363376], [-71.68113677843367, 17.76003033525391], [-71.68284978823894, 17.760760404865305], [-71.68593636205803, 17.763096883926103], [-71.69073971279998, 17.76407053817996], [-71.69547118542013, 17.768768582208075], [-71.69879945411954, 17.77110028842887], [-71.69881938131499, 17.77277974635697], [-71.69773964454468, 17.773849372136066], [-71.68903421084585, 17.776070741997113], [-71.68680971307953, 17.777579481402977], [-71.68178983982462, 17.77974951247812], [-71.68004004096132, 17.779989364886063], [-71.67780425810913, 17.77940725504451], [-71.67526602020618, 17.78003901324277], [-71.67130208649111, 17.78326204578284], [-71.6682826554217, 17.787091650623246], [-71.66634923841333, 17.791154975156672], [-71.66533047614382, 17.794475183005325], [-71.66537925995952, 17.798709929677106], [-71.66394224346803, 17.80566914099153], [-71.66054959439266, 17.814139592507328], [-71.65639000956806, 17.815679431658694], [-71.64878352198602, 17.812580503410825], [-71.64484001991711, 17.812262040444768], [-71.64123566366567, 17.81269983569126], [-71.63978736460227, 17.813865340746055], [-71.63754146497013, 17.817870673050564], [-71.63479462794693, 17.825379985145172], [-71.63399659154176, 17.829726462870976], [-71.63435259051604, 17.833169454468663], [-71.6372016073866, 17.8420593325961], [-71.63982994234638, 17.84714437172118], [-71.64126526870544, 17.848551961780245], [-71.6439196643552, 17.84964043040583], [-71.65044266402876, 17.858535203976007], [-71.65284924001097, 17.859420063416596], [-71.65118297391987, 17.86168809665489], [-71.65229928646895, 17.864489836622873], [-71.65129141158594, 17.865376187899813], [-71.6511814070058, 17.866311998062375], [-71.65548563050456, 17.875728645363615], [-71.65881153257594, 17.880955338532324], [-71.66320172500231, 17.885409786706674], [-71.67621351644969, 17.89320957685501], [-71.67713948838986, 17.8933305028846], [-71.67727500792995, 17.894900764126913], [-71.67889930911942, 17.896800213356467], [-71.67871919376289, 17.898506942115066], [-71.67965950014106, 17.900590116780922], [-71.67961586021417, 17.90283220147404], [-71.67923950094236, 17.903939715673584], [-71.67503963293954, 17.90883962174362], [-71.67250984966742, 17.910879421366804], [-71.6693102101144, 17.91032937429257], [-71.66791984882705, 17.909634108933336], [-71.66646934176288, 17.909897538599967], [-71.66383297561421, 17.91279203918901], [-71.66132689980232, 17.917601456969138], [-71.66011031322894, 17.922883382579318], [-71.66066927978636, 17.92495986603076], [-71.65974074535931, 17.92622503836066], [-71.65918449984311, 17.928727531574474], [-71.6604517261589, 17.93492134601678], [-71.66284254015584, 17.939539557858307], [-71.6691194603868, 17.949330186830558], [-71.66948329332862, 17.953049290356567], [-71.67259645321074, 17.962178940092155], [-71.67869173308245, 17.97070849172833], [-71.69053177093473, 17.981937675830885], [-71.69415311820856, 17.98413056397536], [-71.7036323166307, 17.991752408729006], [-71.71637669368606, 17.998501180715554], [-71.71901979511368, 17.998950633807233], [-71.72246963056995, 18.00069043513714], [-71.72413937967659, 18.002980316792723], [-71.7247926900686, 18.004992500906987], [-71.72529919125147, 18.007350079517618], [-71.72528792317652, 18.01174065207173], [-71.72683862113246, 18.013132009086267], [-71.73253162676086, 18.02105858667824], [-71.73502219749548, 18.02343706099177], [-71.73913089637547, 18.025798037809494], [-71.74459213058695, 18.027706313206657], [-71.74863982443112, 18.027930579820715], [-71.75149086902974, 18.02962819380118], [-71.75542051975991, 18.03109797110031], [-71.75721014909905, 18.031442244628884], [-71.75911883244643, 18.031150755026754], [-71.75687507922164, 18.034636640564656], [-71.75673965896253, 18.035833442962737], [-71.7574993840742, 18.03752005413372], [-71.75636945518535, 18.041889664558802], [-71.754089712321, 18.04388943463482], [-71.75285125840217, 18.044189151846343], [-71.74836960856345, 18.047248950020798], [-71.74545947038384, 18.050641418890226], [-71.7440018831, 18.054159611737546], [-71.74390946475799, 18.0640798131701], [-71.74255973994235, 18.06580943779548], [-71.74093054007163, 18.065750787766575], [-71.73997776241133, 18.066264642274028], [-71.7384389597877, 18.06861858260656], [-71.73859943834142, 18.075279909556087], [-71.73820955767468, 18.076349605479674], [-71.73552055738509, 18.077765120392314], [-71.73506319362959, 18.079926753081544], [-71.7369294562202, 18.08384012347942], [-71.73691447786803, 18.088429900781723], [-71.73874925031123, 18.090200073416014], [-71.73519634133635, 18.0953772743347], [-71.73601563991542, 18.096699957404514], [-71.73755963441789, 18.096600678667407], [-71.73800935211469, 18.097500074277573], [-71.73760484783031, 18.09944304026799], [-71.7383561502011, 18.100246693214892], [-71.7416471048685, 18.100246339384153], [-71.74435004929542, 18.097850684195443], [-71.74598961934912, 18.098950371672476], [-71.74648938145693, 18.099820111428322], [-71.74607277776809, 18.102596848161912], [-71.74965944937692, 18.111880033510023], [-71.74926954049658, 18.113249381004724], [-71.74758075913289, 18.11324334203463], [-71.7470645760036, 18.113858588314393], [-71.74706700953955, 18.117453858231357], [-71.74665956887289, 18.119339825624767], [-71.74550807566095, 18.12126765645609], [-71.74556918198475, 18.12251509827748], [-71.74799940687173, 18.12453022270213], [-71.7478695405869, 18.12531929303131], [-71.74559370393372, 18.124767201228696], [-71.74503367695237, 18.125619105409694], [-71.74576790298605, 18.12808300677711], [-71.74733930100078, 18.129510124091652], [-71.74707960783613, 18.12998945945343], [-71.74391753061369, 18.130571066814163], [-71.74354413459216, 18.131054451722907], [-71.74585938984653, 18.133970144514237], [-71.74567534892896, 18.134865569626268], [-71.74610335208158, 18.1354322167483], [-71.75166931050443, 18.136390453488982], [-71.75132947247019, 18.13775960615243], [-71.74987983636015, 18.138624226503342], [-71.7490498599049, 18.139979143156957], [-71.74823533918905, 18.139354732015818], [-71.74715341482808, 18.13959980022127], [-71.74507474222438, 18.14184799519509], [-71.74503890517208, 18.142701531295902], [-71.746289379325, 18.144760221677473], [-71.74667335656066, 18.147145034840996], [-71.74775318382417, 18.148723972201555], [-71.74888233185911, 18.148815116317564], [-71.75092657820609, 18.145267615881195], [-71.75136054296294, 18.142810427401994], [-71.75255015734042, 18.14230048326642], [-71.75424972750797, 18.142070631701028], [-71.75467931423373, 18.142670026457], [-71.7538600269758, 18.144043549583323], [-71.75363276039612, 18.145701959442988], [-71.75487795595565, 18.146956831157027], [-71.75687508508334, 18.14688027763184], [-71.75769048075455, 18.14480038282675], [-71.75824975710118, 18.144450836488087], [-71.75882936640184, 18.145659979117603], [-71.75720481377877, 18.148595058660607], [-71.75755174844062, 18.151567403276733], [-71.75879785803228, 18.152496160485573], [-71.76096960877501, 18.15118094163042], [-71.76198527480622, 18.155496511727275], [-71.76484936653375, 18.156190504597056], [-71.76484512666866, 18.159314607085083], [-71.76676048135442, 18.159206438546285], [-71.7674494963709, 18.159630477981242], [-71.76848949437874, 18.16154015245137], [-71.7686193718734, 18.164639510301154], [-71.76625201835066, 18.16525284722468], [-71.76648147097225, 18.16738355943859], [-71.77345746198623, 18.167596906982766], [-71.7755202350313, 18.16580048551112], [-71.77744975226506, 18.16577058941462], [-71.77825564990734, 18.166330931001834], [-71.78348980238935, 18.165830631618295], [-71.78452929499487, 18.166710225156592], [-71.78385767303969, 18.169370583876304], [-71.7842258178414, 18.17309018933234], [-71.78599950033747, 18.17453033944691], [-71.78684759315298, 18.17768640814985], [-71.78814942857558, 18.179510197716723], [-71.78819949958553, 18.18067819021858], [-71.78710868421847, 18.183823636683965], [-71.78714943976885, 18.184999868343585], [-71.78633551036968, 18.186440256053622], [-71.7816081333528, 18.191194801177808], [-71.78057961427857, 18.193029457531654], [-71.7777833467736, 18.193518059506044], [-71.77534186042419, 18.19467891910624], [-71.77377957799308, 18.197579557033343], [-71.77223348645428, 18.198364179269465], [-71.77354942375909, 18.200870177928586], [-71.77355938614924, 18.201969629938144], [-71.7723198104689, 18.20290284296652], [-71.77345932696869, 18.205120009385347], [-71.76925165659188, 18.21323830033276], [-71.76955945604834, 18.217199971020083], [-71.76921947679952, 18.218939759556335], [-71.76748971760219, 18.221129442755913], [-71.76392547473922, 18.221369537592366], [-71.76262954071714, 18.225729700431604], [-71.76171979030772, 18.226429461310786], [-71.75961412711497, 18.226649558464494], [-71.75794562557847, 18.227989502490104], [-71.75771664142871, 18.229194832170208], [-71.75958937443257, 18.23410010489347], [-71.7595393307205, 18.23555979598827], [-71.72530632342105, 18.290466298761732], [-71.69628253167149, 18.340545483675477], [-71.79478972993383, 18.376840436387702], [-71.80632924567051, 18.388760031626212], [-71.80406376771147, 18.391535350837543], [-71.80422764180712, 18.39224525501307], [-71.81952318192076, 18.39758719142657], [-71.82931960063912, 18.397530598808924], [-71.83658170045491, 18.415329126415248], [-71.84540334378191, 18.42927329152321], [-71.86689975330029, 18.438880441288376], [-71.87613152392098, 18.445187113124025], [-71.90395954862635, 18.456040433746548], [-71.91358925154935, 18.483979547138517], [-71.88140550126951, 18.488905244031386], [-71.88123590709648, 18.50291094949829], [-71.9534294184206, 18.57413021903159], [-71.95293843103364, 18.58098998285815], [-71.9541828216556, 18.583699590610337], [-71.9629995271059, 18.592500321663387], [-71.96651371655268, 18.600647163445277], [-71.96911542711489, 18.603379203400795], [-71.97226383229737, 18.604293899080528], [-71.97497006686376, 18.60269067406229], [-71.97772967253363, 18.603700449200673], [-71.980750279414, 18.60756035007118], [-71.98356920505397, 18.608760313859552], [-71.9832896694696, 18.60937933795715], [-71.98199419713887, 18.6094793601169], [-71.98179928115027, 18.610361810553393], [-71.98268906646571, 18.611329848647728], [-71.98190277731415, 18.611803619010526], [-71.98194931889061, 18.612430944176577], [-71.9845793279432, 18.614318897842832], [-71.98742980111865, 18.61455064550862], [-71.98947757417866, 18.616073386176772], [-71.99415734171767, 18.615529083940096], [-71.99530879303944, 18.61642597702289], [-71.99782606154652, 18.616890653636293], [-71.99839632153873, 18.6162206386795], [-71.99738068325743, 18.615100746003964], [-71.99983385608314, 18.61564125383004], [-72.00201928467357, 18.61439906111748], [-72.002680297495, 18.613370669199], [-72.00376960544986, 18.613570542209946], [-72.00530217406819, 18.616374107456735], [-72.00685965797113, 18.61713043554692], [-72.00870870930274, 18.619451149991196], [-72.0097397449208, 18.61956063107476], [-72.01146914541366, 18.621469913366337]], [[-71.1635807928493, 17.992899307466914], [-71.16181902397287, 17.992360287764356], [-71.16131036463707, 17.992854465795933], [-71.16345656434004, 17.994223081340436], [-71.16398316549005, 17.993752961005985], [-71.1635807928493, 17.992899307466914]], [[-71.82552058644194, 18.5322605676654], [-71.82782634258776, 18.532038508022634], [-71.82982248551137, 18.530881692417925], [-71.83080145300434, 18.529513245164274], [-71.83094812476276, 18.527627347271604], [-71.83031141391224, 18.52620142351804], [-71.82502062087795, 18.51953969093756], [-71.82410680034083, 18.516138376955794], [-71.820857617942, 18.51440775261649], [-71.81752019308854, 18.51399941176776], [-71.81374035107041, 18.511859600984447], [-71.80538267600481, 18.49958332131949], [-71.80265954037148, 18.49743881133719], [-71.79266864907447, 18.493787639296094], [-71.78168016226566, 18.49377948479979], [-71.7790605779621, 18.49182938684045], [-71.77665284894994, 18.489024978008995], [-71.77310031263293, 18.48833935229649], [-71.77160584368568, 18.487077168516624], [-71.7683765472282, 18.486129467547354], [-71.76500936938659, 18.48608349640459], [-71.76042987985346, 18.487649320916496], [-71.75874553652187, 18.487678574023285], [-71.75734025173541, 18.487539335162634], [-71.75504281409195, 18.48589447298943], [-71.75147019175736, 18.484769538181073], [-71.74885803695106, 18.482591109902927], [-71.7484163986923, 18.480404548366234], [-71.74708343395416, 18.47869095476652], [-71.74179039695758, 18.474929542526457], [-71.73860115776712, 18.471567310776805], [-71.73418675700704, 18.468094648845543], [-71.72361930256821, 18.4638529157965], [-71.71611043546893, 18.45887952044755], [-71.71169794269146, 18.453442072272278], [-71.70861693364904, 18.45097748694013], [-71.70336040628897, 18.448519456573067], [-71.70179680356837, 18.44675874074519], [-71.6974269866305, 18.444082626132886], [-71.68702931391044, 18.43997242393812], [-71.68241016320502, 18.43914955229458], [-71.68089404479814, 18.438296689671606], [-71.67649011374809, 18.437999456794373], [-71.67465109037548, 18.43733401651436], [-71.67117747293241, 18.434815778048097], [-71.6679200840367, 18.43440958363823], [-71.66415187004297, 18.43297452192113], [-71.66273649341602, 18.431644204855342], [-71.657120363806, 18.4296592548911], [-71.65411695564855, 18.427747365560588], [-71.64997773690861, 18.42683436977565], [-71.64840031633102, 18.426109572383545], [-71.64711765826408, 18.424592785957007], [-71.63926893981994, 18.42134970131379], [-71.62986028543118, 18.419999454178605], [-71.62775034341784, 18.41772973051984], [-71.6243080611153, 18.412501572795282], [-71.62180552130353, 18.41006313663901], [-71.61808151528307, 18.409386128982447], [-71.61558049127083, 18.40961254313871], [-71.61166117276277, 18.410792761051958], [-71.60074389095145, 18.41750723928722], [-71.59622978874242, 18.421739478109128], [-71.59284528233897, 18.421795433813273], [-71.58103776219244, 18.423645605442488], [-71.560577645373, 18.42880294875756], [-71.55794981833147, 18.430299482758702], [-71.55038616054341, 18.431465949629462], [-71.54671515384986, 18.433385526066996], [-71.53953118242245, 18.436062390261135], [-71.53695972967637, 18.437679370901254], [-71.53532107920326, 18.438118560839033], [-71.53438964930605, 18.439099374997753], [-71.53222098179114, 18.439533075932182], [-71.52768095448121, 18.441571704175015], [-71.51792156172964, 18.448231864585974], [-71.51506885681849, 18.451144092125936], [-71.51429676680665, 18.4531056158305], [-71.51440536577783, 18.454483638036262], [-71.51676575785471, 18.459853851397828], [-71.53040186279323, 18.46513686074559], [-71.55032552110214, 18.472034277821802], [-71.56418037323687, 18.475852389068177], [-71.58766662403093, 18.481261915702596], [-71.6150665827039, 18.489186119651418], [-71.61903103120078, 18.49198822449686], [-71.62497973816737, 18.494760450029506], [-71.62970951764324, 18.500580237336948], [-71.63355755716866, 18.516928319857538], [-71.6336273925339, 18.52153303733048], [-71.63162096121032, 18.529328433435765], [-71.63448032209057, 18.530278648676834], [-71.64429984002442, 18.5318605188978], [-71.64961885491547, 18.534354772474423], [-71.65124941124108, 18.53614030890253], [-71.65243049314178, 18.54104009522013], [-71.65873729163792, 18.546578018471823], [-71.6611892147192, 18.54759585844419], [-71.66881790083623, 18.552442439262357], [-71.67579977256534, 18.554160476515694], [-71.68045998802602, 18.55802555638144], [-71.68622024079046, 18.559157292720382], [-71.68882985704299, 18.559120531930642], [-71.69047826182963, 18.560085614128003], [-71.69638022753091, 18.56105471700779], [-71.69868927427713, 18.562120306162498], [-71.69925955752853, 18.56293037877375], [-71.69944923146676, 18.563409580782498], [-71.69797111479934, 18.563883433470206], [-71.69822626691712, 18.564835533038508], [-71.70302898913135, 18.566213390176426], [-71.70364662846488, 18.566033178291345], [-71.7044202521737, 18.564690541431027], [-71.71039623514535, 18.56453485233258], [-71.7184833072283, 18.556169423893767], [-71.72154701251108, 18.55226794901987], [-71.72371827753591, 18.547085791912455], [-71.72698849613556, 18.541469280993017], [-71.7304457617421, 18.532411110115348], [-71.73186966145379, 18.53083407047006], [-71.73259050065965, 18.52852029857901], [-71.73494755880238, 18.526118082388336], [-71.73710071940205, 18.522650577111612], [-71.74211790370163, 18.517751807718692], [-71.74453036935039, 18.515960732927134], [-71.74614187686475, 18.515432186799043], [-71.74817032963807, 18.51257042950036], [-71.75091935420242, 18.511638826364088], [-71.75305429438833, 18.51015397662455], [-71.75418030486588, 18.508620542517956], [-71.76069925160586, 18.508096336398495], [-71.76607011189866, 18.506300655377036], [-71.76944981322269, 18.506250564433767], [-71.77422960879441, 18.50917060426608], [-71.77642925008276, 18.50956179968596], [-71.78143211044707, 18.507442230871828], [-71.78369978846108, 18.507860609286904], [-71.78685970968937, 18.509530374388223], [-71.7890961517624, 18.511934076025337], [-71.7917498210636, 18.512360580858893], [-71.79642939466962, 18.514600330150955], [-71.79631195110821, 18.515478269409364], [-71.79284911286545, 18.518358433163627], [-71.79380665420527, 18.524084960746585], [-71.79881960819202, 18.529630299398676], [-71.80125944100995, 18.533490187192353], [-71.80143689155493, 18.53501509002676], [-71.8023577743975, 18.53627131953623], [-71.80360302692299, 18.53698094780894], [-71.80609235426287, 18.537291577209054], [-71.80880004349719, 18.53629055535529], [-71.81129973827616, 18.53680068789547], [-71.81387697799876, 18.538272415769477], [-71.81548358067506, 18.53835523554535], [-71.8160700595559, 18.537950715507723], [-71.81771135050488, 18.538869310003903], [-71.82448389479956, 18.537444583075345], [-71.82525807279866, 18.536723990001683], [-71.82552058644194, 18.5322605676654]]], [[[-71.28420887929634, 17.841009678469906], [-71.2810500219492, 17.841779446473943], [-71.27932044976713, 17.841209489754956], [-71.27873053742712, 17.8399699090483], [-71.27886055950992, 17.838780431513353], [-71.2829590278164, 17.83721094126694], [-71.28232959330018, 17.838998791743283], [-71.28420887929634, 17.841009678469906]]], [[[-71.55441945207517, 17.547690138897533], [-71.5537779235706, 17.55587902258014], [-71.55293943723379, 17.559519710370186], [-71.55048226594715, 17.562355007032277], [-71.54929944619818, 17.571009748522624], [-71.54492244505919, 17.576026035900163], [-71.54418946259939, 17.577969532648215], [-71.54221087401626, 17.579151618497214], [-71.5406231324829, 17.58422047959573], [-71.54035949562791, 17.588809828121722], [-71.53968685001666, 17.5898516998955], [-71.53955940907977, 17.592959889581227], [-71.5386093716081, 17.595719617222795], [-71.53623969403523, 17.598199456785796], [-71.53245150489852, 17.599047451866596], [-71.5312697414079, 17.600159447952883], [-71.53007893128681, 17.60030126008197], [-71.5291167534385, 17.60110134478586], [-71.52445424172105, 17.615327001177455], [-71.52356918145877, 17.616545660906844], [-71.52283955313305, 17.619099768368674], [-71.521859616793, 17.62020942441588], [-71.52077008672883, 17.620579399071055], [-71.51972039617212, 17.619839631901044], [-71.51822469831664, 17.617088894072474], [-71.51623030310562, 17.61573962039048], [-71.51361055761498, 17.6128216423414], [-71.51066012145765, 17.612709440990027], [-71.50848165438545, 17.611804182755282], [-71.5065400260152, 17.612019329611403], [-71.50450218620561, 17.611629317360855], [-71.50273032643567, 17.612019396154036], [-71.5016099397529, 17.610675129420443], [-71.49922026460928, 17.610009515496504], [-71.4974514688588, 17.608429573354172], [-71.49591032542654, 17.608109394048498], [-71.49533066793168, 17.60750978500337], [-71.49556562211444, 17.605305848376094], [-71.49456427586904, 17.603756038303334], [-71.49366053512611, 17.603489483569437], [-71.4927797715549, 17.598307472528433], [-71.49168679096879, 17.596667786795617], [-71.48986051327097, 17.59623965978614], [-71.48922105070112, 17.592213253653355], [-71.48791476591028, 17.590027473865604], [-71.4854804885259, 17.588509561474808], [-71.48469637100247, 17.58683917713557], [-71.48260735903081, 17.584762420204395], [-71.47539026837566, 17.585689407010722], [-71.47463001357683, 17.584682252605777], [-71.47309012369203, 17.585059393103364], [-71.47211126702409, 17.584232831193212], [-71.4699905366254, 17.583719474552442], [-71.46922069790219, 17.58014041487413], [-71.47327532737226, 17.579319589126616], [-71.47382064653931, 17.577530352463352], [-71.47472791374427, 17.576382733126046], [-71.47469064980638, 17.573030160031173], [-71.47652039854621, 17.569660320713044], [-71.47800031092493, 17.568380646677184], [-71.48004670187831, 17.56799155440558], [-71.48252261182449, 17.56644218432342], [-71.48276049638795, 17.565580207772253], [-71.48534039286447, 17.562700426822992], [-71.48989097297988, 17.559256829653382], [-71.49517670311744, 17.556581086229603], [-71.49656057625376, 17.552570417044322], [-71.49903021745791, 17.55077052336398], [-71.50233598915685, 17.550241599929308], [-71.50515952927141, 17.54892725633148], [-71.51615010510088, 17.545762848940075], [-71.5192099425414, 17.545397516700152], [-71.52187031208179, 17.543370650092807], [-71.52531300040017, 17.542896706387584], [-71.52699018164718, 17.541710656770736], [-71.52829649904366, 17.541803331487465], [-71.53360010221299, 17.54018048281047], [-71.53714994130793, 17.540070746774756], [-71.5395676206123, 17.54050769372429], [-71.54198006631081, 17.539510595451414], [-71.54400537828712, 17.539866388634906], [-71.54500999467783, 17.539580546295213], [-71.54888967470963, 17.540980535960795], [-71.55182967614243, 17.54369029705645], [-71.55441945207517, 17.547690138897533]]], [[[-71.64798927356325, 17.477459853208376], [-71.64647975074982, 17.478919463687614], [-71.64389158656022, 17.479204330907617], [-71.64282986844977, 17.480369230570016], [-71.63868259307411, 17.47794772757353], [-71.63649063813912, 17.477629510412164], [-71.63594082071906, 17.47619003159094], [-71.63660741902407, 17.47514728017262], [-71.6353808608123, 17.47446974752778], [-71.63572554819217, 17.47368952141105], [-71.63485083958393, 17.472420596367737], [-71.63769149288699, 17.472496121153956], [-71.6394002185408, 17.470730580661417], [-71.6412692640218, 17.47092506052852], [-71.6425511510881, 17.470164739212443], [-71.64333942490833, 17.470500380460916], [-71.64337780491302, 17.47140808282119], [-71.64423932850475, 17.47249178019338], [-71.64605938914364, 17.473490358174004], [-71.64610376520734, 17.474477564456986], [-71.64690955311998, 17.47493045635223], [-71.64798927356325, 17.477459853208376]]], [[[-71.64947890827004, 17.484070384233632], [-71.64702969279686, 17.486909460474575], [-71.64557028890516, 17.487169390942086], [-71.64528064183939, 17.486649955244754], [-71.64595046109302, 17.484920439496445], [-71.64834007559321, 17.483860639615756], [-71.64947890827004, 17.484070384233632]]], [[[-71.71093891510404, 17.631969694710378], [-71.70940019804368, 17.63236938803114], [-71.70859070045482, 17.631389984444592], [-71.70903183631044, 17.630822986732543], [-71.71008972413617, 17.631090476314924], [-71.71093891510404, 17.631969694710378]]]]}}, {"type": "Feature", "properties": {"COD_REGION": "V", "REGION": "Región V", "NOMBRE_REGION": "Este", "N_PROVINCIAS": 5}, "geometry": {"type": "MultiPolygon", "coordinates": [[[[-69.62429931188946, 18.992200387096084], [-69.60409282365347, 19.07940781400017], [-69.60316990079842, 19.079713264203644], [-69.602709594638, 19.08094926942794], [-69.60108988827305, 19.082109315047965], [-69.60019920847263, 19.08117309130669], [-69.5980703704566, 19.080909544622457], [-69.59744820875596, 19.079992396365057], [-69.59590494313738, 19.080072573016704], [-69.59456384780096, 19.0809539751005], [-69.59448968731452, 19.08258921581197], [-69.5936105065299, 19.082199531272277], [-69.5930488792257, 19.08106887988355], [-69.59153153631527, 19.08131228342647], [-69.59138282867049, 19.082040384963236], [-69.59250914493241, 19.083299843173982], [-69.59167997196144, 19.08376939900777], [-69.59028383156463, 19.082982491659614], [-69.58898037380283, 19.083899119114186], [-69.5885724957287, 19.082443227695247], [-69.58808227684081, 19.082169320604766], [-69.58761809249138, 19.083341623751178], [-69.58675035781452, 19.083459355995295], [-69.58635987497914, 19.082927413009635], [-69.58479680263478, 19.082662118000833], [-69.58275999298583, 19.084919311138403], [-69.58161001455093, 19.08415475510052], [-69.58029401809921, 19.08426504664975], [-69.57909067453853, 19.08576181317032], [-69.57936906730565, 19.08641019725365], [-69.57757964908484, 19.088309508021062], [-69.57645028327416, 19.08881924519886], [-69.5758308658095, 19.088006045141547], [-69.57475999775818, 19.08899905992311], [-69.5741637333705, 19.08850149761092], [-69.57356973265715, 19.08895926746925], [-69.57233467037098, 19.08807490296347], [-69.57153987989005, 19.08841939454148], [-69.5705131021863, 19.087563715506164], [-69.56932229235547, 19.087534966631072], [-69.56858530894579, 19.0893763472365], [-69.56868747574464, 19.090438788259515], [-69.57093902263414, 19.090760250269096], [-69.56947984517011, 19.092299299082196], [-69.56895061861958, 19.09208961710203], [-69.56876329954004, 19.091292772685424], [-69.56794018215027, 19.09128936116035], [-69.56717064039638, 19.090609666223223], [-69.56671300004973, 19.08735964822675], [-69.56537104952984, 19.087086837012315], [-69.56503182597514, 19.087668562034022], [-69.56626935917609, 19.091549855794803], [-69.56569005427122, 19.092169115389567], [-69.56507272925421, 19.091579021929668], [-69.5639504873754, 19.091959242804997], [-69.5638406049458, 19.091000461823775], [-69.5643491421214, 19.090470402515617], [-69.56390966081068, 19.08972974548721], [-69.56263021903, 19.090109288633855], [-69.56144216444896, 19.08885986860806], [-69.56075546906658, 19.089352765891643], [-69.56143910297855, 19.091359037579874], [-69.55955072745849, 19.09053970422395], [-69.56114556940591, 19.08649539649342], [-69.55968013657788, 19.086659303710658], [-69.55894565621071, 19.086137872270626], [-69.55809041439105, 19.086549478988807], [-69.55758123255488, 19.085321263212617], [-69.5557549576062, 19.08424924150956], [-69.55516352344958, 19.084582817269897], [-69.5554391860675, 19.085339764599194], [-69.55374155207845, 19.085707726311092], [-69.55397921515151, 19.087169383652054], [-69.5521304789707, 19.086606475885088], [-69.5508701612234, 19.087299213933164], [-69.5497516934555, 19.086199103031092], [-69.54929115611091, 19.08673427231864], [-69.54984903827336, 19.087609703841576], [-69.54877006522231, 19.087969392520964], [-69.54722061303482, 19.087049672285207], [-69.54726058031898, 19.086300493786343], [-69.54940142383263, 19.085513790144116], [-69.54910076052334, 19.084840021007327], [-69.54940226675046, 19.084037884855018], [-69.54816070939157, 19.08267918628243], [-69.54700338815715, 19.082944575114162], [-69.54686974224504, 19.084179294238943], [-69.54593034897151, 19.08384955424051], [-69.545067474776, 19.08279392710378], [-69.54404964126932, 19.08368939568781], [-69.54270011998837, 19.083859427332456], [-69.54083117495372, 19.082490335680323], [-69.53980808208543, 19.083088899884807], [-69.53850041131027, 19.082307881431152], [-69.53784261541473, 19.082687728982695], [-69.53803888137469, 19.08333985296429], [-69.53723032350538, 19.0836792707437], [-69.53512458172246, 19.08204587374783], [-69.53373006633225, 19.083429251783425], [-69.53337078240124, 19.08312986347937], [-69.5336773483455, 19.082242100790847], [-69.53305720848434, 19.081743342636592], [-69.53355034907155, 19.0811205836888], [-69.53508329164143, 19.081559487916728], [-69.53537771172257, 19.080371764559484], [-69.53271213352338, 19.078637904959038], [-69.53199914569312, 19.07974496351242], [-69.53245346333743, 19.081487746582688], [-69.53292119300308, 19.0817674303128], [-69.53259978594029, 19.0820889087426], [-69.53167399149402, 19.080878886704255], [-69.53094631526305, 19.08103195275765], [-69.53083504348683, 19.081666876179057], [-69.53173470633597, 19.082286459950137], [-69.53148947732379, 19.08348955880596], [-69.52975038697167, 19.08300902609811], [-69.52949741442227, 19.083542859256017], [-69.53006914192093, 19.084349794659403], [-69.52943003805366, 19.08463935434502], [-69.52822531948023, 19.08400741490801], [-69.5276295728053, 19.08481944650361], [-69.52588027950364, 19.084729093629164], [-69.52532620568186, 19.083496610898344], [-69.52433019531954, 19.08381917401999], [-69.52379322848569, 19.08219238254178], [-69.52319029203272, 19.0824940026981], [-69.52336988108715, 19.08311940288266], [-69.52117084225341, 19.082918987518056], [-69.51977350269512, 19.083354638272997], [-69.51960725885431, 19.083887012383617], [-69.52002896549983, 19.084250262854827], [-69.51940826943436, 19.08493313469309], [-69.5190696397684, 19.086518886045283], [-69.51837882370842, 19.086043989454804], [-69.517868332918, 19.08642767644146], [-69.51828874150614, 19.088154182975867], [-69.51905917490258, 19.088420487717098], [-69.51858977171986, 19.089439192479592], [-69.51798303941607, 19.08851724088875], [-69.51738438482715, 19.088461406384297], [-69.51677968492638, 19.086994683932407], [-69.5152714558006, 19.086529358698336], [-69.51495690477475, 19.085745018726392], [-69.51575544656417, 19.084702159279647], [-69.51516257649023, 19.084115417602252], [-69.51373965554714, 19.086119518855757], [-69.51163678158507, 19.086441940498492], [-69.51117030823738, 19.08830261638517], [-69.51261234676925, 19.089057541631057], [-69.51208608807431, 19.089466426176926], [-69.51193948421859, 19.090529329078887], [-69.5113806107013, 19.090449497678776], [-69.51131616776091, 19.088740944688855], [-69.51043993813566, 19.08867190725577], [-69.50973032853489, 19.087003866565592], [-69.50889012676508, 19.08706916493841], [-69.50822922083303, 19.086232506357668], [-69.50758503977009, 19.086441173897907], [-69.50739974177151, 19.087478473407135], [-69.50899392944756, 19.08892830971204], [-69.51007790118204, 19.0891355950825], [-69.5097996660039, 19.090299101149412], [-69.50753331401862, 19.08842917751235], [-69.5066502990649, 19.08862924805776], [-69.50604717557873, 19.087966021811987], [-69.50545967088459, 19.0884593330769], [-69.50419050390063, 19.0882195235306], [-69.50409055996282, 19.087460138922243], [-69.50506299720288, 19.085938871171077], [-69.50411779601615, 19.084861361556623], [-69.50329216349202, 19.085072797260604], [-69.50197173258641, 19.086747133698736], [-69.50180947091518, 19.087849129356766], [-69.50080827560207, 19.087895588409054], [-69.50193913610957, 19.089479956920794], [-69.50127995657198, 19.089979308719467], [-69.49925049588128, 19.088809582759026], [-69.4988176566529, 19.08695161923085], [-69.49787983334649, 19.087349337827174], [-69.49674049259764, 19.086899506847057], [-69.49634069669568, 19.085890120459265], [-69.49688118369224, 19.084993619334632], [-69.49633035439804, 19.084105238440085], [-69.49448080769979, 19.08438964531267], [-69.49564516293304, 19.081380220221494], [-69.494052465749, 19.080899626009142], [-69.49300215664142, 19.08192499665638], [-69.49295670588319, 19.077418196236493], [-69.49209107910255, 19.077424230766056], [-69.49120986223967, 19.07886906187873], [-69.48999831284561, 19.07668126836624], [-69.48799647688288, 19.076323855863688], [-69.48683963610107, 19.077879402709254], [-69.4848605038854, 19.078089434821944], [-69.48467798306801, 19.07703145169503], [-69.48354047734927, 19.076499511501726], [-69.48282457123767, 19.074944687283562], [-69.48214518576893, 19.074628819473762], [-69.4813700663659, 19.075039253478888], [-69.48026819222852, 19.074277778961317], [-69.47932573321297, 19.075167761365467], [-69.48031914871284, 19.07630012465493], [-69.47930974437838, 19.07760931736459], [-69.47786047178971, 19.077319448434913], [-69.47757764259168, 19.077033544939198], [-69.47814349800706, 19.076255531316043], [-69.47729872090733, 19.07574544926508], [-69.476784279943, 19.07631476541179], [-69.47719374437675, 19.077039735052796], [-69.47587970555918, 19.078869335324207], [-69.47481230820215, 19.078303100972292], [-69.47424955047377, 19.079209358905246], [-69.47259496562873, 19.07865444405902], [-69.47142997184892, 19.079509417606882], [-69.46929312242519, 19.078907910601547], [-69.46869954610095, 19.08005970081238], [-69.46695943793934, 19.08156185640663], [-69.4664023332635, 19.081601498255267], [-69.46616952567892, 19.08216949837545], [-69.46499160422205, 19.08227933265943], [-69.46603386697335, 19.080877192687975], [-69.46469632453423, 19.079904665098542], [-69.46298173680673, 19.080029335014913], [-69.46330542457665, 19.079047019623246], [-69.46209012279976, 19.079199354182425], [-69.46161954190428, 19.078788349166256], [-69.46221079558515, 19.077538348439717], [-69.46191661682015, 19.076977535685067], [-69.46088756610212, 19.076938090248657], [-69.45966999005564, 19.07790928639923], [-69.45883597107478, 19.07718220983769], [-69.45777017222822, 19.077529263405506], [-69.45623082918516, 19.07682955001279], [-69.45557069739496, 19.0753603050817], [-69.4572968670899, 19.074481123109592], [-69.45775035596775, 19.071956469294093], [-69.4569127578899, 19.071040135423765], [-69.45489953806758, 19.070420501234732], [-69.4524097102021, 19.071469320916727], [-69.44734230879325, 19.072158896936987], [-69.44499663007589, 19.073159364958585], [-69.44225968020552, 19.077613501517806], [-69.44131951011063, 19.083939882387156], [-69.43960966703852, 19.087819358091153], [-69.43812049503174, 19.08751950621585], [-69.43761598326103, 19.086279856598335], [-69.43661057397736, 19.086741976755896], [-69.43655314274761, 19.08739887895398], [-69.43703, 19.087762401395647], [-69.43667747837601, 19.089095498713768], [-69.43734939823801, 19.090280090420073], [-69.43713511207957, 19.09129628390435], [-69.43782369920005, 19.092101372540707], [-69.43929755370864, 19.09737494320463], [-69.44042974890479, 19.097586001035484], [-69.44159007197085, 19.096670700743253], [-69.44598864362072, 19.098999029585837], [-69.44890313797374, 19.099320847988626], [-69.45039784146782, 19.09858601364993], [-69.45240029665436, 19.094710677786637], [-69.4529396322486, 19.09486048031771], [-69.45484456131581, 19.098034320635428], [-69.45630593146825, 19.09868667219526], [-69.4590795997784, 19.096281515818323], [-69.45960424767308, 19.095068354214153], [-69.45889064323693, 19.093869969792685], [-69.45936030408902, 19.09305059129639], [-69.46084969677916, 19.0932006147215], [-69.46208169609943, 19.094112019604133], [-69.46312028725728, 19.092080765992552], [-69.4641394342349, 19.092590363343223], [-69.46436306907275, 19.09498216357779], [-69.4666178107799, 19.095478583905628], [-69.4674402092862, 19.094920587627037], [-69.4693027122873, 19.094879629651672], [-69.4705502881991, 19.093630496875704], [-69.47259977621349, 19.093293188740798], [-69.47301024704281, 19.092790679552667], [-69.47467158516548, 19.093279196078054], [-69.47648034607884, 19.09155047216412], [-69.4782898267643, 19.090590722883693], [-69.47899938647137, 19.091600085102606], [-69.4786465506322, 19.092788727114616], [-69.47947919683679, 19.094219803504892], [-69.47882983952208, 19.094609290398044], [-69.4737256843192, 19.09414539070652], [-69.47200946181243, 19.095132955694464], [-69.44971995943354, 19.101389524755305], [-69.44725007358885, 19.101169575870625], [-69.44423073107824, 19.100123270876683], [-69.43973003960514, 19.100129532078004], [-69.43593526970149, 19.099483867727173], [-69.43226998591476, 19.10064939845213], [-69.43021931170018, 19.100099767947043], [-69.42802739973858, 19.100369889222357], [-69.42711886802354, 19.10104263360875], [-69.42209993273521, 19.102229544045525], [-69.41897230155541, 19.102428957497928], [-69.41724626654192, 19.103230041365837], [-69.41394012043493, 19.103239390983425], [-69.40850840131866, 19.100983676570763], [-69.40177029157134, 19.097309633181123], [-69.39559810410505, 19.090372084062523], [-69.3896599741893, 19.086021473864033], [-69.38465176345815, 19.0856901507087], [-69.3832304952118, 19.0839897784736], [-69.38302061948913, 19.082550289821224], [-69.3849755100582, 19.081326667111444], [-69.38551132579444, 19.07997303223158], [-69.38194050075104, 19.076987731599502], [-69.38200054264213, 19.075530426505782], [-69.38313721063803, 19.075139765070393], [-69.38328065858356, 19.07436023983286], [-69.38533719500695, 19.07194117522207], [-69.38526167417169, 19.06892780450052], [-69.38411067603587, 19.06736968093817], [-69.38356508251874, 19.06508058810971], [-69.38263041795034, 19.064349608926417], [-69.37864262360928, 19.058118845213073], [-69.37461011281195, 19.05745953953162], [-69.37194930845804, 19.056292080486916], [-69.36619129769753, 19.05495724333587], [-69.36264033533472, 19.05459939542268], [-69.36081201580987, 19.052234481796862], [-69.36003002526306, 19.051918390398356], [-69.35882471931664, 19.051860494026755], [-69.35784003084726, 19.05238927666737], [-69.35719943809237, 19.052036566822267], [-69.35353042269675, 19.052159394001087], [-69.35262011909596, 19.04966094073096], [-69.34822021426531, 19.049579394649054], [-69.34691115160604, 19.047655858393117], [-69.34606040316235, 19.047379517128572], [-69.34543604875817, 19.045975336424856], [-69.34264243964927, 19.043521061009564], [-69.34157198769321, 19.04309809103151], [-69.33867010111923, 19.0439793018737], [-69.33719196203057, 19.043029835149046], [-69.33516019247007, 19.043679347217985], [-69.33461057065144, 19.043193197652894], [-69.33298291769012, 19.043241665763794], [-69.32894712544227, 19.044806929781245], [-69.32507983059199, 19.04749934548287], [-69.32245107557053, 19.047240536279904], [-69.3182999679711, 19.048539315338285], [-69.31611702136156, 19.0480797402298], [-69.31535984150335, 19.048549380761965], [-69.31309009637728, 19.04812985954255], [-69.31104000876249, 19.048549245080856], [-69.3080503059973, 19.047849468860548], [-69.30530041306652, 19.044929730254964], [-69.3040857854566, 19.042076099248508], [-69.30333654670132, 19.041390517121457], [-69.30058010094777, 19.041669435770824], [-69.29890046914035, 19.04073946282787], [-69.29849062946336, 19.040189898793685], [-69.2990019658974, 19.038623384799735], [-69.29879201788728, 19.03739868369827], [-69.29588544924613, 19.03412270282412], [-69.29389016948694, 19.034249365304177], [-69.29194262076643, 19.032819075164873], [-69.28992548967497, 19.032806734677607], [-69.28893003699653, 19.03333933012167], [-69.2863215512951, 19.032216659331667], [-69.28510993704633, 19.032629436927404], [-69.28232019915318, 19.032149470451674], [-69.27995062031093, 19.03069961437443], [-69.27988061070768, 19.02993019027939], [-69.28057217321323, 19.028968015006587], [-69.28020872436149, 19.02796163286024], [-69.2787375664906, 19.02728915791974], [-69.27730006799734, 19.027729280200738], [-69.27562034984605, 19.026789581341575], [-69.27261302152586, 19.023157630602114], [-69.26853620521274, 19.02070880423063], [-69.26440856115835, 19.017362198662966], [-69.26122457600202, 19.015724267534306], [-69.25872692072295, 19.016003676886285], [-69.25365907433708, 19.018351871944983], [-69.24924976207457, 19.021399334411768], [-69.24622558231461, 19.02166592514052], [-69.24161985030902, 19.024059517542952], [-69.23938513870608, 19.023901677281046], [-69.23506568354458, 19.024850967939713], [-69.23296965878855, 19.026769446252622], [-69.2302919859941, 19.02774563335531], [-69.22892028977165, 19.02766935472379], [-69.22687642727843, 19.025826798510014], [-69.22374002334205, 19.027719274583394], [-69.2230405149139, 19.027209678576046], [-69.22265934796397, 19.02512012368823], [-69.22170414358136, 19.024150458135107], [-69.2200402058264, 19.024319323595073], [-69.2180353973246, 19.022261556375913], [-69.21707048619096, 19.022029518345033], [-69.2166498225357, 19.019453882820454], [-69.21567902505312, 19.017993470320103], [-69.21420848270947, 19.017010545025066], [-69.21288007936519, 19.017399392648965], [-69.20945386427135, 19.015047061968872], [-69.20693025308411, 19.014769324996898], [-69.20550060863718, 19.013739760210537], [-69.2062563937836, 19.009728802922137], [-69.2038938121673, 19.007369750916375], [-69.20139393637706, 19.007254551872144], [-69.19899974080839, 19.010319309827967], [-69.19586099786217, 19.009710388210653], [-69.19387998276183, 19.010799318283425], [-69.19075286684351, 19.00940846813422], [-69.1873696111185, 19.013919646990267], [-69.18302127393113, 19.01722839847287], [-69.18380045910878, 19.015500358316128], [-69.18521437914667, 19.01415781457158], [-69.18465835874305, 19.011946259712104], [-69.18333866984504, 19.010394738634066], [-69.17777004055574, 19.012529289182435], [-69.17569880977001, 19.011361512220187], [-69.1738202412065, 19.011379434085264], [-69.17342111851998, 19.010940367500734], [-69.184379808753, 19.00873037478541], [-69.1855010066765, 19.007225981095846], [-69.18511656902602, 19.00655949090514], [-69.18430254560879, 19.00662688639229], [-69.1834598062354, 19.00744939998888], [-69.18075238221297, 19.006367930253244], [-69.17086734411491, 19.009284877907586], [-69.16869007850248, 19.009599323886203], [-69.16766181468478, 19.00929394396404], [-69.16407978188704, 19.012519419277314], [-69.1608403734091, 19.012429418255348], [-69.16040344680381, 19.01174978520482], [-69.15832736743174, 19.01091912813025], [-69.15603972009563, 19.0126894166665], [-69.1549801507331, 19.012899311316037], [-69.15393075103941, 19.01213980987903], [-69.1547271529386, 19.010274777744772], [-69.15344052555096, 19.008549784894416], [-69.15320685415621, 19.007432892333988], [-69.14965057196694, 19.00761932884992], [-69.14952056890768, 19.005280222759225], [-69.15232268014326, 19.00245390053601], [-69.15240107933651, 19.001755417756836], [-69.1515513821745, 19.000275452712543], [-69.14888578193133, 18.997957726407417], [-69.14714728657566, 18.99737051831608], [-69.14326566164702, 18.997143206872188], [-69.14178432761446, 18.99802256241986], [-69.1382319769992, 19.002155966286555], [-69.13687950897176, 19.005859674215845], [-69.13596644821693, 19.006859881009802], [-69.13530516013878, 19.011972394074732], [-69.13653792018926, 19.020805122644123], [-69.13667242104296, 19.027749714689865], [-69.1379813016342, 19.033718244628712], [-69.14182375687759, 19.039100788589224], [-69.14411545397958, 19.04015029971178], [-69.15114351295362, 19.039034077883446], [-69.15236942283653, 19.038362341863568], [-69.15402033292048, 19.036440605150645], [-69.15477982173303, 19.03633059868872], [-69.15553913252208, 19.037000037611005], [-69.15143970773444, 19.041299600862743], [-69.14687089148833, 19.043534673158547], [-69.14087001218232, 19.04336934866065], [-69.13697364190402, 19.042231953110367], [-69.13590011582428, 19.04247940276904], [-69.13408042786457, 19.04105962589669], [-69.1311277328061, 19.03601166892886], [-69.12731035132465, 19.031829729451744], [-69.12496055663753, 19.028179808329952], [-69.12479278627777, 19.02657386051896], [-69.12395061098732, 19.02562962986533], [-69.12227432874532, 19.020772548208175], [-69.1223701933595, 19.019511430728926], [-69.12156028703967, 19.019329378987873], [-69.11872932387834, 19.015176538173314], [-69.11543633207944, 19.011452179743305], [-69.11281892555576, 19.010601973117186], [-69.11056027956488, 19.010879366567075], [-69.11005582985412, 19.010276607317916], [-69.10786313861063, 19.009535382030393], [-69.10601660283845, 19.009866493025637], [-69.10424757622229, 19.010841344212015], [-69.1012100280893, 19.011169359204793], [-69.09929037266626, 19.010789524620627], [-69.09783060429523, 19.007659967402542], [-69.09839064853905, 19.0059537953532], [-69.09784416689195, 19.004276801722032], [-69.09672054452808, 19.003219747189938], [-69.09666664413308, 19.001087218257624], [-69.09508774714305, 18.9990165406895], [-69.09281041058915, 18.998149293423104], [-69.09093525736503, 18.99659238280554], [-69.0863220439402, 18.994671524642037], [-69.08447977066434, 18.996039435949463], [-69.08323014021127, 18.996099471010893], [-69.08236048793967, 18.99550963885684], [-69.08186406608816, 18.993981844368957], [-69.07963874523509, 18.991371267569438], [-69.07419358530682, 18.986823461621164], [-69.07052305866439, 18.98653523150116], [-69.06905986994099, 18.987639310650096], [-69.0680500072784, 18.986403628059097], [-69.06427461522047, 18.984678457287462], [-69.06287595414415, 18.984577770446553], [-69.057959995374, 18.98565945685674], [-69.0553772966708, 18.985033138273202], [-69.0540660132685, 18.985108348852794], [-69.05302987507847, 18.985779402730774], [-69.05122152481788, 18.98546796545361], [-69.04772995967905, 18.986039283262706], [-69.04464363274175, 18.985892371928035], [-69.0419797846948, 18.987439382009512], [-69.04032012511603, 18.987659403249587], [-69.03742101802574, 18.985949568980676], [-69.0272040187528, 18.985563846547585], [-69.02272468505663, 18.986045394112406], [-69.01332667397068, 18.988047923900762], [-69.00771836022847, 18.990678326558914], [-69.00352132696197, 18.996147364218835], [-69.00284676120386, 19.00021851120734], [-69.00540143160018, 19.003718737917012], [-69.00748372984542, 19.005701299882823], [-69.01331953909916, 19.008690433255456], [-69.01524947743218, 19.0131300725454], [-69.01502951773833, 19.01475950432859], [-69.01193223273411, 19.015116006560255], [-69.00907977326827, 19.01715943224759], [-69.00721608099437, 19.01742530967032], [-69.00381989993102, 19.019119488142927], [-69.00279031655347, 19.019039395428464], [-69.00082343309921, 19.016693392017068], [-68.99601932500634, 19.014842470349542], [-68.99045983062366, 19.013913069935985], [-68.98678322029178, 19.01414099891023], [-68.98151083602467, 19.016271647622855], [-68.97903487911688, 19.017818593079674], [-68.97735661010519, 19.021894260389693], [-68.97748261443179, 19.023043343868896], [-68.97842284132811, 19.024040531427563], [-68.97930935491323, 19.02420052236642], [-68.97926946700858, 19.024739740722676], [-68.97609966638946, 19.02762934524595], [-68.97179901446263, 19.028552954741002], [-68.96859993279836, 19.031669263275713], [-68.96703850082855, 19.030649661268498], [-68.9637303503381, 19.030449427679482], [-68.96293256471402, 19.029122442739776], [-68.96056416059044, 19.027232042082368], [-68.955439619999, 19.026019351042137], [-68.95356334185553, 19.026368358953018], [-68.94969724955665, 19.029574592140033], [-68.94940950925486, 19.030789679557095], [-68.9483998563457, 19.03143936648886], [-68.94594995679198, 19.031133163835428], [-68.94240999674777, 19.031479465119517], [-68.9371111204141, 19.030522010470346], [-68.93522287792854, 19.029406694745546], [-68.9315101279516, 19.028559594846513], [-68.92776779686054, 19.02704960524377], [-68.92524003754708, 19.02744926540274], [-68.92308637904016, 19.026904499078842], [-68.92081995326234, 19.02824937797707], [-68.91524970626642, 19.02588294143983], [-68.91386033820687, 19.02492965545257], [-68.91270090734105, 19.023336067678752], [-68.90452757049901, 19.01782510225846], [-68.90019875812189, 19.015134137680125], [-68.89828029989997, 19.01456948134757], [-68.89554480260695, 19.011948066433806], [-68.89210032894104, 19.010569439356996], [-68.88863509172755, 19.00775419797769], [-68.88122041999739, 19.003049647584977], [-68.88077624837776, 19.002037468852702], [-68.87779049784682, 19.000269340509256], [-68.87394878655708, 18.99661224800843], [-68.86927036070995, 18.994479386889424], [-68.86703361478226, 18.99283401523528], [-68.86359265376058, 18.991694350203463], [-68.85568283881878, 18.992070837425498], [-68.85219522769611, 18.993836078887416], [-68.85056970015191, 18.996629266970732], [-68.84810026991376, 18.9959462580823], [-68.83486025496981, 18.994949426404396], [-68.83034185596223, 18.990649777623208], [-68.82464908843365, 18.98656152456735], [-68.81391430837928, 18.98131388890363], [-68.81041190685025, 18.981339120345492], [-68.80721998731623, 18.982669416921397], [-68.80408073413362, 18.981522760799038], [-68.80214498394633, 18.981500725656918], [-68.8010899364408, 18.98214935301333], [-68.798638164015, 18.981159356590318], [-68.79520015595268, 18.981149459272434], [-68.78885799590766, 18.977165649541167], [-68.7801907503109, 18.973281659213537], [-68.77824148218262, 18.973001946569408], [-68.77738061274886, 18.97346895241187], [-68.77676195791044, 18.9729458431728], [-68.7763694396914, 18.97405952014968], [-68.77574016065755, 18.974149437528876], [-68.77356058583239, 18.972319500076157], [-68.77253711384354, 18.970622244522445], [-68.76997073070957, 18.968030890792274], [-68.76681734278083, 18.965522659039866], [-68.7635102028166, 18.964529490951882], [-68.75908414284781, 18.96228679290434], [-68.75726285359612, 18.962089116781513], [-68.75358030993789, 18.962899364204386], [-68.7527811743817, 18.961281514709487], [-68.75083572547247, 18.959879520815775], [-68.7494268756214, 18.959574799449154], [-68.7474300320307, 18.96006945681967], [-68.74587039187627, 18.959419296491475], [-68.74453033312325, 18.95845967247008], [-68.74317108671895, 18.956561922898842], [-68.73866036058767, 18.95527939181799], [-68.73635568966056, 18.952919476847843], [-68.7332404085466, 18.95117941926916], [-68.72862911619572, 18.947141179879615], [-68.72368929540106, 18.944001324715263], [-68.72039044309814, 18.942559391624762], [-68.71938431832126, 18.941438608832172], [-68.71482984046729, 18.938812713162744], [-68.71339053277198, 18.937779517911842], [-68.71241930007851, 18.93611431404737], [-68.71031780463971, 18.93417304932784], [-68.70418021383334, 18.932139542208965], [-68.70128618961536, 18.930093555040433], [-68.69935031378805, 18.92933957812701], [-68.69440890398842, 18.922970993664762], [-68.69091043183495, 18.919659685629625], [-68.68952983813699, 18.91679248824201], [-68.6861804879542, 18.91323539985794], [-68.68340232937139, 18.91187292404536], [-68.68164025660428, 18.911719472155742], [-68.66986598032663, 18.898861418096025], [-68.66846919464399, 18.898076176300506], [-68.66537023997823, 18.89768931562917], [-68.66363044111571, 18.89661952965209], [-68.66153797524703, 18.893676579270487], [-68.6598404807238, 18.892759481591284], [-68.65801136732973, 18.889863678455498], [-68.65625043791678, 18.88907943727559], [-68.65434222339981, 18.886558053354783], [-68.65303685114132, 18.885527807028254], [-68.65205027847605, 18.885359414682398], [-68.65000061482777, 18.883469614823444], [-68.64897489262967, 18.880084110379702], [-68.64715721957698, 18.877302345237545], [-68.6458232034737, 18.87607117502041], [-68.64272046949199, 18.874669592122814], [-68.64197224504159, 18.872139082282693], [-68.64010052633628, 18.86940838844265], [-68.63574032813491, 18.86556968504631], [-68.63054870573576, 18.85914906989274], [-68.62770040649214, 18.85751960180391], [-68.62631723825696, 18.854951924028267], [-68.6227204270988, 18.850879740411834], [-68.62126814029496, 18.84712091907137], [-68.61951028637255, 18.844249405702712], [-68.61738285602542, 18.842083071648293], [-68.61629917079954, 18.841266380948397], [-68.61368024267146, 18.840879244775085], [-68.611432391652, 18.83971466247448], [-68.60900022783937, 18.83928941008806], [-68.60731046452554, 18.83820947763151], [-68.60623063108328, 18.83688974929609], [-68.6060218705998, 18.834062097802015], [-68.60501636077984, 18.831936267624823], [-68.60082372712752, 18.828342583331697], [-68.597150318473, 18.82735929278757], [-68.59180047873316, 18.82377948450623], [-68.59071296405992, 18.82241284737862], [-68.58424044737713, 18.817299616217632], [-68.58182017525732, 18.8141178120069], [-68.57947046530057, 18.812709537844825], [-68.57861534432152, 18.811325435502074], [-68.5768404658285, 18.81047960531468], [-68.57635378296685, 18.80881984393339], [-68.57524959567623, 18.80775779420028], [-68.57407829617786, 18.806974769752962], [-68.57273025395018, 18.806839306730126], [-68.5708803659623, 18.805519658598946], [-68.56784202134101, 18.800081259909724], [-68.56322046422045, 18.796239544605818], [-68.55992375400736, 18.792127388652226], [-68.5581104575325, 18.791109474642216], [-68.55679034483215, 18.789367529476817], [-68.55090065842163, 18.784849681175942], [-68.55129677954073, 18.783039525330324], [-68.55036017026299, 18.78296943888525], [-68.54881703727116, 18.781791250222476], [-68.5474801391197, 18.7817794187027], [-68.5439405185949, 18.779949239344607], [-68.53715835619471, 18.774009694532467], [-68.5343252254585, 18.77280379186546], [-68.53213185498203, 18.772848852135766], [-68.53083761541563, 18.773416094021673], [-68.52957636743719, 18.775235020654872], [-68.53021928176885, 18.77636001900546], [-68.52783917525149, 18.779145135770115], [-68.52776938807612, 18.77990954674943], [-68.52704140482801, 18.780089129031804], [-68.5269109913997, 18.77927965739438], [-68.52608041770307, 18.77908943853471], [-68.52587310649476, 18.7781516109875], [-68.52485061233821, 18.77773954259158], [-68.52463764371784, 18.776864750268484], [-68.52296042582904, 18.77661944618081], [-68.51994082398649, 18.774719141231206], [-68.52019037592845, 18.773920713868527], [-68.52101562507977, 18.77410604066287], [-68.52168464925754, 18.77357782011479], [-68.52165110988217, 18.772265928171215], [-68.52102708945125, 18.771297300142148], [-68.51107600506519, 18.761945594613202], [-68.50583031298784, 18.75809964236316], [-68.50225271046605, 18.754378497806044], [-68.49617295726358, 18.749588088675868], [-68.48952989673012, 18.74550607536826], [-68.48716812056033, 18.74337261522972], [-68.48327880373195, 18.741192007534682], [-68.47671640114355, 18.736517708675642], [-68.4715275639074, 18.735172174350286], [-68.46587028120439, 18.735229395964048], [-68.45708042029047, 18.724554801033825], [-68.4489478145362, 18.716917333345542], [-68.44773664843068, 18.71501024398608], [-68.44221049610628, 18.711969564807493], [-68.44148046291743, 18.710079866471315], [-68.44107027354416, 18.706373140531024], [-68.43853006972661, 18.70225064682475], [-68.43286025529491, 18.699579558714575], [-68.42455895160114, 18.69372181707919], [-68.41868023992984, 18.691009580710688], [-68.4174211916035, 18.68995934102339], [-68.41485487087797, 18.686536356438708], [-68.41312041785015, 18.685369641537935], [-68.41162060130571, 18.682109793741258], [-68.41089097832149, 18.67903410633161], [-68.40875490410461, 18.676057899450583], [-68.40622842726651, 18.67434306040941], [-68.40310028144857, 18.673169534143852], [-68.39925046538264, 18.669729612547698], [-68.39815737100567, 18.667942049308714], [-68.39568011165899, 18.66543266909968], [-68.3903186496958, 18.66176250578453], [-68.3871680921602, 18.6605077815349], [-68.38438549889197, 18.66044912457502], [-68.38300519573254, 18.661076779554914], [-68.3826493962513, 18.6623596416562], [-68.38141982099673, 18.663323928328364], [-68.38102954128478, 18.664869449813175], [-68.37936019320581, 18.664969361004303], [-68.3735082803042, 18.66055292962723], [-68.36792029182848, 18.65808956986976], [-68.3641822812335, 18.65350682536232], [-68.36135584530102, 18.65101683631023], [-68.35749923427649, 18.64952288562744], [-68.3538702919625, 18.648969402902463], [-68.35012324487624, 18.64544041781382], [-68.34488038515417, 18.64379944679814], [-68.34041648316088, 18.638005093884793], [-68.33216049955222, 18.62889972704009], [-68.33120581189269, 18.625442998580215], [-68.33008037570517, 18.624699580690738], [-68.32806818888736, 18.62206074284729], [-68.32588066718058, 18.618439769943656], [-68.32568341792624, 18.617159114062172], [-68.32513078855482, 18.61683969182409], [-68.32612042680512, 18.61500053728079], [-68.32809529709826, 18.614369406688766], [-68.32829628584085, 18.613032521108362], [-68.32742372644181, 18.611752518155505], [-68.32531037825524, 18.611529384386838], [-68.3239105828067, 18.609279812337142], [-68.32359053490275, 18.60447007629586], [-68.32489315158914, 18.601212992246545], [-68.3238832660905, 18.598322637518333], [-68.32297100781294, 18.597440154225573], [-68.3241176687715, 18.596811226658804], [-68.3256607367688, 18.592440539601046], [-68.3258201230065, 18.59027424271283], [-68.32521066713932, 18.58868007813275], [-68.32620108687473, 18.587238165761118], [-68.33022650444998, 18.57734317379046], [-68.33132044636042, 18.572960152994163], [-68.33367179720749, 18.568694876250838], [-68.33594045868563, 18.56581043122425], [-68.33806226999812, 18.56512554958495], [-68.33826064090354, 18.564080336094726], [-68.33943005065849, 18.563237166898546], [-68.34033059566458, 18.56385902743589], [-68.34117031620492, 18.563596588870816], [-68.34085057106958, 18.56149009019656], [-68.3419604050433, 18.559600433298776], [-68.34341065841448, 18.55875088163012], [-68.34316067755394, 18.557320392133356], [-68.34381137692998, 18.55698031020859], [-68.34443046418787, 18.554990240867863], [-68.34634788741441, 18.552518672371537], [-68.34807164170576, 18.54905704068327], [-68.34883048949376, 18.545540324254823], [-68.35342178914712, 18.542315852297353], [-68.35334054228352, 18.540860072889743], [-68.35454038995381, 18.538500309067224], [-68.35691238221979, 18.536659470701277], [-68.36113821003062, 18.53090892106763], [-68.36285278249613, 18.527357932730148], [-68.36325058613788, 18.523720152193587], [-68.36412066289736, 18.521670424116717], [-68.36735795254417, 18.518098487375205], [-68.37041074929307, 18.51295413244816], [-68.37092063892102, 18.50909029950563], [-68.3713500701695, 18.508630746670416], [-68.37220437783084, 18.509202718789748], [-68.37316865022343, 18.50898616389353], [-68.37457058547996, 18.505590311001907], [-68.37636060754495, 18.502918094141915], [-68.37568073886548, 18.50095013382038], [-68.37832236404621, 18.499254963046337], [-68.37856045377482, 18.498080967480174], [-68.38125095203824, 18.49778454950251], [-68.38356017112754, 18.4956707167578], [-68.38613968729983, 18.496410493064854], [-68.38768723949853, 18.497835822906335], [-68.39008054173998, 18.49675277651336], [-68.39146313006799, 18.494953756898365], [-68.39174186359831, 18.493666362693016], [-68.39120042980777, 18.48985997464305], [-68.39175059795717, 18.484740296564702], [-68.39373940866689, 18.48283021294644], [-68.39496047555366, 18.479140205508816], [-68.3966925659137, 18.475954909700683], [-68.3968805269778, 18.4741502057086], [-68.39998118516897, 18.470085665060463], [-68.40189063418327, 18.462960370150974], [-68.40516029589743, 18.459760359775466], [-68.40702325107874, 18.458692253594425], [-68.40817035179363, 18.45721040956058], [-68.41183989307632, 18.455410659342352], [-68.41253864386296, 18.456021853467014], [-68.41369349043748, 18.45594887402139], [-68.414560468529, 18.453010475992087], [-68.41568942859327, 18.452769547739635], [-68.41694031907255, 18.45113062473917], [-68.41938589711616, 18.451072039949672], [-68.42001185177784, 18.45006855466124], [-68.42122984495214, 18.449920582012325], [-68.42257176178836, 18.450410546177288], [-68.42304136239453, 18.449592859783714], [-68.42247072240932, 18.44709046745993], [-68.42363492264326, 18.44667808670975], [-68.42372055925476, 18.44500030328966], [-68.42455144545714, 18.444368856929984], [-68.42461061576515, 18.443410528618546], [-68.42693183331718, 18.4430449470107], [-68.42833336194442, 18.442037135789093], [-68.42932402082205, 18.441007407162967], [-68.42940063921901, 18.439580328685125], [-68.43068078138606, 18.438612676571996], [-68.43102046170112, 18.43747046322001], [-68.4335817502945, 18.436740288963954], [-68.43348068516245, 18.435470275954817], [-68.43415174893312, 18.435028736617436], [-68.43421056637342, 18.43419037642057], [-68.43546909443931, 18.433672956706616], [-68.43572053523839, 18.432740318848474], [-68.43645019597828, 18.4321905052744], [-68.43785487667033, 18.43202105775415], [-68.43864036189711, 18.430820455001694], [-68.44050229308043, 18.430193718190203], [-68.44267983805757, 18.42763526256997], [-68.44257067439887, 18.426740208726628], [-68.44442077594893, 18.425191934641674], [-68.44676520695171, 18.41662326740257], [-68.44869254975784, 18.406714938951186], [-68.44815066309111, 18.40173024030811], [-68.44857920218033, 18.401102815499243], [-68.44817074522994, 18.399739932469085], [-68.44857866602186, 18.396489869490917], [-68.44822062518557, 18.385700073448643], [-68.4495352680237, 18.380885581598086], [-68.44925072453003, 18.3780300397571], [-68.45037457554307, 18.37285337676612], [-68.44986068830605, 18.36766007599154], [-68.45020931081908, 18.36643583632561], [-68.44953070020907, 18.364870121325996], [-68.45044865642605, 18.363838105568], [-68.4514371559331, 18.359491117854965], [-68.45827635237663, 18.351003215597757], [-68.46224028788541, 18.346770383600866], [-68.46364704755317, 18.34602822635543], [-68.46450046592452, 18.34472051007347], [-68.46690021804336, 18.343470650486157], [-68.47110750597776, 18.342762102074833], [-68.47240749065232, 18.343471089074672], [-68.47551147169175, 18.343087717412608], [-68.47672041773033, 18.34121044467302], [-68.48465013162021, 18.337260595540005], [-68.4909198460231, 18.337430500796632], [-68.49445080500439, 18.3396884783802], [-68.49971771441109, 18.341940479124588], [-68.50965980088547, 18.345093598872154], [-68.521707583337, 18.347817194906696], [-68.52260156542572, 18.34841568877322], [-68.52370005881612, 18.348110670473908], [-68.52570224145593, 18.348453398929195], [-68.53029974895152, 18.34973048263225], [-68.53144619868179, 18.350681568865955], [-68.5327700400018, 18.35038072620823], [-68.5366897841929, 18.35101077214569], [-68.5416660568038, 18.353027420977725], [-68.55413978505548, 18.35658054705343], [-68.56141957004826, 18.36029058641298], [-68.56606179286706, 18.36497752540876], [-68.5696996018302, 18.366000507432574], [-68.57034999511315, 18.366769694469564], [-68.57373984132303, 18.36630056154182], [-68.57706941422029, 18.369072440483084], [-68.57867983667337, 18.369540441793426], [-68.58320077558221, 18.372174624180367], [-68.58791631933113, 18.376129120357007], [-68.58991962685587, 18.37686067146077], [-68.59134949318056, 18.378000350003123], [-68.59194715402244, 18.37966007694033], [-68.59382931620134, 18.380407546693746], [-68.59729950262907, 18.380487843353944], [-68.59932003224137, 18.379390725851227], [-68.60259991045191, 18.378390704111208], [-68.60339605453089, 18.378610620967397], [-68.60363063796775, 18.37757052652268], [-68.60542763200428, 18.377913899895024], [-68.60811721206603, 18.375765158652136], [-68.60868040171947, 18.373880516355584], [-68.61080649390924, 18.373111690834474], [-68.61174670692483, 18.371164233264956], [-68.61174056587929, 18.37003030135856], [-68.61409937836831, 18.368893777937807], [-68.61352118928852, 18.367850297189396], [-68.61507950045352, 18.367480681326313], [-68.61562044664412, 18.36813579647971], [-68.61706718305872, 18.367596466229944], [-68.61748233382846, 18.366815418493143], [-68.61705063690998, 18.36593996514653], [-68.61740455206979, 18.364829298939757], [-68.61680033164771, 18.36453934872014], [-68.61634446146681, 18.36343806386612], [-68.61548046649874, 18.363099525174015], [-68.61499075782291, 18.361777191050205], [-68.61401099673385, 18.360820139222923], [-68.61432181440541, 18.360270158285346], [-68.61371056536396, 18.358589984199373], [-68.6139504570497, 18.35781050865063], [-68.61488735306166, 18.357270810350297], [-68.61435639684798, 18.355678546990625], [-68.61160037485529, 18.35382960507658], [-68.60883849798947, 18.35001130339364], [-68.60579047003576, 18.34706960049474], [-68.60294044826973, 18.34294979531304], [-68.60174067086069, 18.338279935295624], [-68.60212072157773, 18.331870205064714], [-68.6031403017455, 18.329957054180603], [-68.60332068428805, 18.32818021788199], [-68.6053166630577, 18.324699085568998], [-68.60595047879015, 18.322240311523203], [-68.60663808294427, 18.321628055030686], [-68.60684050138921, 18.320340316111878], [-68.60780690621665, 18.319635184325378], [-68.60851766247602, 18.317627886417043], [-68.61362601228635, 18.30954832946945], [-68.61417049021549, 18.30778025602214], [-68.61523655060277, 18.306391215403433], [-68.61570063246037, 18.30378008417068], [-68.61654303826325, 18.302153432056812], [-68.61841048252953, 18.300020524315332], [-68.62112130823296, 18.298000108032547], [-68.62129049026422, 18.2973409000029], [-68.62267161223994, 18.29724031056838], [-68.62304049857468, 18.296140586659345], [-68.6240085966905, 18.29594406700951], [-68.62730796896427, 18.29217855045024], [-68.63032747990925, 18.28690812767301], [-68.6312405314657, 18.283530198186913], [-68.63428423536014, 18.277255050071346], [-68.63522054056645, 18.26895022668221], [-68.63590827800347, 18.26797057265981], [-68.63546098690078, 18.266970652407895], [-68.63642084296019, 18.26679373830714], [-68.63735795057843, 18.264982007855355], [-68.63732053888413, 18.26416015464141], [-68.63891311581268, 18.262023316152064], [-68.6380305694633, 18.26005992492176], [-68.63844049962808, 18.258400506120207], [-68.64022910019855, 18.257927032016845], [-68.64114089443953, 18.256264544752497], [-68.64117486581758, 18.254880593845964], [-68.63995067351793, 18.253919781252034], [-68.64049046107166, 18.252280388307778], [-68.64129320072274, 18.251689589953198], [-68.64071083830572, 18.250600107681827], [-68.64119271497401, 18.250008790675494], [-68.64073079292501, 18.248900255335716], [-68.6415956582491, 18.248157591978305], [-68.6411206276883, 18.24670005885889], [-68.64176897593481, 18.245414702632598], [-68.6412405978975, 18.24371029647241], [-68.6418122438933, 18.243188890726774], [-68.64148066989897, 18.2415003800464], [-68.64195202260451, 18.24105034917063], [-68.64166108000303, 18.24009858282508], [-68.64233028181796, 18.236478955775485], [-68.64194062452857, 18.23540000297606], [-68.64258693883625, 18.2337333504649], [-68.64175061986317, 18.23112001414816], [-68.64199050876891, 18.230490445923074], [-68.64388749827388, 18.229398787355976], [-68.64397921071527, 18.227946285556897], [-68.64333252270288, 18.226694197204154], [-68.64148053026754, 18.225779613269843], [-68.6406005706487, 18.219650193121698], [-68.64165870934178, 18.218489712284004], [-68.64097070664108, 18.217819597086606], [-68.64117046814901, 18.217090435420932], [-68.64312488727089, 18.216171642489016], [-68.64308817640689, 18.213476357637905], [-68.64259057744509, 18.212399901209032], [-68.64290051055025, 18.2097606548181], [-68.64627974086449, 18.21020063349692], [-68.64799968835828, 18.211496284462154], [-68.64930977485189, 18.211840496966854], [-68.65037939038778, 18.212590275454595], [-68.65040019175261, 18.214406099350867], [-68.65513121742902, 18.217047087073865], [-68.65623995106961, 18.21640099352041], [-68.65699403948786, 18.21730016109618], [-68.65824619546471, 18.21743153583933], [-68.65902999499333, 18.216940769963532], [-68.66000100994916, 18.217601908504598], [-68.66134058770254, 18.21773975978249], [-68.6628613380146, 18.216872134311227], [-68.66341042275084, 18.21556062397504], [-68.66670102809509, 18.21596630976859], [-68.66720050266024, 18.2154407324788], [-68.66986797121687, 18.216183645578344], [-68.67195012037578, 18.21514061758817], [-68.67905753114127, 18.215861874873113], [-68.68236029821955, 18.21298049327948], [-68.6837621742592, 18.212441896326656], [-68.68440033612215, 18.211460562258893], [-68.68548515655617, 18.21136737035626], [-68.68596035991374, 18.210760569422334], [-68.69330997427616, 18.209910661592787], [-68.6963052829608, 18.21046877608672], [-68.69970291537845, 18.209269567082288], [-68.7050599291838, 18.209090489576983], [-68.70824956801168, 18.2101505822795], [-68.70900662662261, 18.2111500027313], [-68.70995975391328, 18.211180614183075], [-68.71283894584336, 18.212896876376142], [-68.71987218748743, 18.213960414455762], [-68.72043028580471, 18.21352062310964], [-68.7223541399834, 18.213381283733355], [-68.7220806309785, 18.210640068417028], [-68.72239041657362, 18.20981051425855], [-68.72371023679854, 18.209060603527575], [-68.72798551209249, 18.209895901405517], [-68.73030147684372, 18.209236594912422], [-68.73080084075578, 18.20785042066336], [-68.73151219207357, 18.207618263878405], [-68.73309048562852, 18.20534045895462], [-68.73473019696854, 18.204070480734675], [-68.73782995536195, 18.203700519593063], [-68.74005971911687, 18.204476420049623], [-68.74146921287532, 18.205620115031575], [-68.74029914488614, 18.206325347063192], [-68.74040590639164, 18.207397793791234], [-68.74234971541752, 18.206530829114605], [-68.74281080451614, 18.207307258931472], [-68.74462826963, 18.207698292461025], [-68.74895514725495, 18.206704056042213], [-68.75046915024615, 18.205563505318732], [-68.7510905028523, 18.20342049382509], [-68.75472956160458, 18.202330727095262], [-68.75500932237617, 18.203749587512625], [-68.75447693256923, 18.204961787783144], [-68.75519848889212, 18.2056596455062], [-68.75372713980424, 18.205885491093678], [-68.75259011496229, 18.20719905329442], [-68.75162356553696, 18.214390043185443], [-68.75242607015487, 18.221875259864177], [-68.75296943219874, 18.22234037903345], [-68.75303568454898, 18.22353154769949], [-68.75355931595672, 18.223790616364937], [-68.75337795724627, 18.224924091050685], [-68.7553243124741, 18.233471814532372], [-68.75806952985924, 18.23601027211149], [-68.75912233906622, 18.239647899582458], [-68.76228203676298, 18.24218263703276], [-68.76388963125707, 18.242840464712362], [-68.76541970090693, 18.245020178206385], [-68.7719324683737, 18.258075623820513], [-68.77289942611529, 18.260280187234002], [-68.77399039001874, 18.265175957607667], [-68.78409663659113, 18.28690353357522], [-68.78580829370524, 18.289955208268953], [-68.78917967269139, 18.293320277943472], [-68.79167256576604, 18.297488042971853], [-68.7943083262393, 18.300240824111082], [-68.80129970940098, 18.309330190862322], [-68.80397928264185, 18.31416029918161], [-68.80500916517106, 18.317641157286516], [-68.80867945257441, 18.324080244630707], [-68.81035371012173, 18.32907848197006], [-68.81331620228966, 18.335215550941534], [-68.81668149089249, 18.338518147126532], [-68.82770944489656, 18.345750371510007], [-68.82794595390264, 18.346860633450415], [-68.82867860642367, 18.347493407530948], [-68.83227976549368, 18.34868044183815], [-68.83610940376327, 18.351690398286916], [-68.83689930207056, 18.35450993804146], [-68.83670585182279, 18.355175168206088], [-68.83778941976196, 18.356710236849718], [-68.83818267594992, 18.359257967473564], [-68.83893717144507, 18.360289748607293], [-68.84021935277126, 18.360700456541267], [-68.84080649637117, 18.36354036189367], [-68.84135255028683, 18.363704147853433], [-68.84185995311678, 18.36325089324189], [-68.84263582300058, 18.36435577132574], [-68.84347924559067, 18.36470038377166], [-68.84316949829025, 18.365739485989508], [-68.8410310470783, 18.366585286421284], [-68.84095565934692, 18.368458632992475], [-68.84330921276236, 18.368800510788905], [-68.84318958683131, 18.369159483984735], [-68.84072570099754, 18.369583847272462], [-68.84131140849699, 18.371911230569907], [-68.84333385476717, 18.373698433126897], [-68.85703033129599, 18.380927256276603], [-68.86244975603746, 18.382100633618435], [-68.863970009581, 18.382949079072592], [-68.86614984152348, 18.382960546415017], [-68.86848587303976, 18.38442784573753], [-68.86963976443992, 18.384340621131976], [-68.87127293679046, 18.386195763448207], [-68.87279954339591, 18.386690499188703], [-68.873146290416, 18.387350955225102], [-68.87578859332385, 18.388928829224234], [-68.87795955614554, 18.38853066904296], [-68.88052953291272, 18.389880414850083], [-68.88133994175597, 18.39143014522548], [-68.88344955917148, 18.391560560831316], [-68.88385048983697, 18.3929166598516], [-68.88461820078643, 18.39355075029695], [-68.88788979585024, 18.393960546271803], [-68.89020428113987, 18.395519451501485], [-68.89451963115742, 18.396290488700924], [-68.89540325968292, 18.398018731887124], [-68.89712947974158, 18.398430664027593], [-68.89759141144874, 18.400194759706352], [-68.9020500307753, 18.398130666112397], [-68.90320346341463, 18.39877861931053], [-68.90209845910816, 18.399196769096587], [-68.90209255885019, 18.399868759723944], [-68.903858345524, 18.400250198164755], [-68.90434731919912, 18.399818187273965], [-68.90378878256186, 18.39868179112487], [-68.90423031036218, 18.39795063071981], [-68.90622628038032, 18.398601511769044], [-68.90683025721763, 18.39809065749512], [-68.90770655660238, 18.398320658157886], [-68.9086301350053, 18.397890570402602], [-68.91663933909784, 18.397950579042952], [-68.9164495060275, 18.39946949684687], [-68.91251174894505, 18.399898278337613], [-68.9122409782797, 18.40064905972842], [-68.91445938406575, 18.40169144002492], [-68.91691983170688, 18.40156058974289], [-68.91821476180196, 18.40245228672497], [-68.91979989184495, 18.402370621241975], [-68.92409090773775, 18.40428289927592], [-68.92657343743798, 18.40458945649699], [-68.92801007252565, 18.403990565450215], [-68.9305698790848, 18.404390484895657], [-68.93255959457983, 18.40508082837661], [-68.93717994641187, 18.408072543053848], [-68.94074974636366, 18.408070680779648], [-68.94266640439484, 18.409654865044867], [-68.94377662041201, 18.409448559930095], [-68.94555772201471, 18.407591534282837], [-68.9458805407479, 18.406630455503905], [-68.94765988595547, 18.405750752183103], [-68.9484693938117, 18.40652041081873], [-68.95064911538154, 18.411937239786624], [-68.95296386085728, 18.41382795311241], [-68.95455006392913, 18.413240576881726], [-68.95573977136499, 18.413450476850837], [-68.9568468115876, 18.414349373687006], [-68.95846410290078, 18.414322104451216], [-68.96014014558536, 18.413460507147267], [-68.96190316008112, 18.41339965889794], [-68.9666714523757, 18.41179959484468], [-68.96940085596174, 18.410503410432767], [-68.97286316386138, 18.40779782887696], [-68.97472892515822, 18.402641794612606], [-68.97596038287072, 18.401510663320668], [-68.98011003358346, 18.400210644650848], [-68.98923106727356, 18.40205140524107], [-68.9913101888929, 18.401020621120836], [-68.99464996284932, 18.400710465552777], [-68.9991656373953, 18.401836741170754], [-69.01781002220527, 18.39564072098786], [-69.02130542894812, 18.39646583829866], [-69.02685965258006, 18.396105895687015], [-69.0298035964167, 18.394818694743996], [-69.06477647227102, 18.39146129866198], [-69.07217433524569, 18.392360593542577], [-69.07993973787931, 18.392550589195686], [-69.08058666461434, 18.393027101741154], [-69.08158020256475, 18.39207065674315], [-69.08625975568563, 18.393400569429257], [-69.08743516650699, 18.394165813176258], [-69.08994999946519, 18.393560684735363], [-69.09329962392628, 18.394450585530883], [-69.0942595812303, 18.395473790212424], [-69.09562002553864, 18.395090640178257], [-69.1004097475833, 18.39636065973319], [-69.1033908747744, 18.39787777110417], [-69.10807962513297, 18.399210621548637], [-69.10913918202425, 18.400289616257993], [-69.11399963157538, 18.401910694649462], [-69.11771533892956, 18.40421428751671], [-69.11936803218995, 18.40449332135052], [-69.11984044430191, 18.40409055717562], [-69.12323986527343, 18.404090557116156], [-69.12626991867089, 18.405594552844356], [-69.127848452335, 18.40565018260941], [-69.12950009752745, 18.405050633983933], [-69.13931990952514, 18.405530607251578], [-69.14760320163704, 18.407618286058074], [-69.17180766220349, 18.415186142209024], [-69.17556802730896, 18.417281482392283], [-69.18318936253112, 18.42040479066784], [-69.19130960298445, 18.42456060530412], [-69.19619939922956, 18.428580520648662], [-69.19815916275424, 18.431809743401057], [-69.19569800856618, 18.433004498346914], [-69.1944352195738, 18.436371507388486], [-69.19749937405444, 18.43951023522001], [-69.19700602149685, 18.445860466048245], [-69.2021718031967, 18.44979686567135], [-69.20657036540447, 18.45166960062978], [-69.21127498325767, 18.452326971250606], [-69.2135525941759, 18.450427319482834], [-69.21946006679175, 18.449170594109706], [-69.22446075224615, 18.449077403732904], [-69.22633685147109, 18.44845585056357], [-69.23048024014146, 18.444970440288287], [-69.2379532830096, 18.443024352220466], [-69.24635345704617, 18.44203987996688], [-69.26655606136501, 18.44185437826629], [-69.26919648982032, 18.441432918145352], [-69.27873017597466, 18.437930705960742], [-69.2882431639307, 18.4366209610795], [-69.2924701398501, 18.4346005174942], [-69.29898988458785, 18.434080559771175], [-69.29968892229371, 18.434450031130627], [-69.29778100756975, 18.435954488357698], [-69.29860729536979, 18.437832782929025], [-69.29943849721624, 18.43850945993602], [-69.30373966246866, 18.438960606853612], [-69.30504943333118, 18.440422796096108], [-69.30637193281105, 18.44020280645042], [-69.30753252935118, 18.43923989291153], [-69.30868977903528, 18.43923056311183], [-69.30951532850364, 18.439849812030072], [-69.31081995110429, 18.43956067573197], [-69.31249940346562, 18.440230404320182], [-69.31252342788278, 18.441402564278853], [-69.31309908681688, 18.442259730431374], [-69.31206007195573, 18.442765853908572], [-69.30964464192081, 18.44676225595131], [-69.31091934453164, 18.449480022370707], [-69.31067695868123, 18.450390304357448], [-69.31287953768947, 18.452140453404734], [-69.3154490144029, 18.455695505832352], [-69.31741976098414, 18.456240521765523], [-69.31881959056939, 18.457240330298678], [-69.32075635082741, 18.460956320035997], [-69.32184094252172, 18.459971746498542], [-69.3216005617542, 18.457812381682697], [-69.31990093625105, 18.454298561205174], [-69.31931535425974, 18.45382185707245], [-69.31800026154163, 18.45378944151678], [-69.31666882682237, 18.452246699342822], [-69.31503033419112, 18.45169946613756], [-69.31394066840728, 18.450559755913513], [-69.31397387832664, 18.44858603066878], [-69.31293083803956, 18.44811969994395], [-69.31341010181578, 18.447370910920334], [-69.31427326552448, 18.44805843588458], [-69.31565001778938, 18.447650579715795], [-69.31751931267932, 18.447871361295217], [-69.31811326819943, 18.446638629654277], [-69.31739062855783, 18.444150003490893], [-69.31824054247048, 18.441420421076767], [-69.32088988002722, 18.43966462539449], [-69.32060418953964, 18.438164641075247], [-69.31918041368826, 18.43750944777122], [-69.31832053929175, 18.43641983439581], [-69.31851055486895, 18.433790347148122], [-69.3194596596204, 18.43324087258365], [-69.32019600746092, 18.434677355556637], [-69.32213330350555, 18.43420969904057], [-69.32302024314573, 18.43167224466949], [-69.32255978083758, 18.43097201371876], [-69.32136113045199, 18.430599756571763], [-69.3244403037622, 18.42797063916392], [-69.32698169366904, 18.427495788739485], [-69.33099011028622, 18.425400518402412], [-69.33650799620563, 18.425746716813595], [-69.34148753879934, 18.424758993898333], [-69.34791974512746, 18.424390571191065], [-69.34990293524976, 18.42628], [-69.35124033048706, 18.42437053831031], [-69.36123681103707, 18.42408017359465], [-69.36791294465684, 18.424251690968685], [-69.37678008091001, 18.42540828481132], [-69.38575996222617, 18.425090602513254], [-69.39556015296084, 18.426676736307634], [-69.40211185652637, 18.426240328435632], [-69.40927293179718, 18.42643657849537], [-69.4136101937667, 18.424920858778933], [-69.41792484237953, 18.42447020888932], [-69.4195501835656, 18.423800802028648], [-69.42387456133048, 18.423557299679228], [-69.42519035671423, 18.42227064469725], [-69.43535583836112, 18.422806460560345], [-69.44016005167525, 18.421680684559988], [-69.4421195095719, 18.42184055343538], [-69.44259607938392, 18.422664976082412], [-69.44439802159222, 18.422697827161603], [-69.44822855341555, 18.421736773032645], [-69.44997020609055, 18.4201006129088], [-69.45252519216656, 18.4203946735764], [-69.45422278972478, 18.42008426642436], [-69.4560592730406, 18.41905718435596], [-69.45658044515757, 18.417840533056623], [-69.4598100208322, 18.417200804933604], [-69.46197745678107, 18.417501669715637], [-69.4663948907617, 18.41666477468737], [-69.47692786119752, 18.413523623178683], [-69.4778298457017, 18.413659786787722], [-69.48189407263645, 18.411886795962236], [-69.48493906821776, 18.4115701454612], [-69.48556031182106, 18.410900556466746], [-69.48821885185284, 18.4111147205617], [-69.48987018430708, 18.409920733006143], [-69.4906803183324, 18.410178853568507], [-69.49748024639996, 18.40750060977768], [-69.50225896841498, 18.40662664380787], [-69.50676016911456, 18.404640625635363], [-69.51575224467447, 18.40363199033061], [-69.52120944722378, 18.40380053604861], [-69.52122054690345, 18.423181618963675], [-69.52321937425594, 18.465659411567184], [-69.51503746307753, 18.465923751235643], [-69.51510206305537, 18.474614465026036], [-69.53622997016791, 18.47447043704201], [-69.54370512725323, 18.47561128980197], [-69.55945981181871, 18.476420606594917], [-69.56622238084049, 18.48056704426561], [-69.57400986488001, 18.482930347436742], [-69.58826961751066, 18.48978500883834], [-69.59074946939096, 18.49160057615174], [-69.59372601385917, 18.495002456141094], [-69.59863934535015, 18.497130402669914], [-69.59844945586094, 18.500249833307166], [-69.59758914363928, 18.50186744865011], [-69.59800133074184, 18.502867500849007], [-69.59885931531923, 18.502870737178494], [-69.5987145657172, 18.50445564810686], [-69.59969904043388, 18.50507019054786], [-69.59903448835566, 18.505914781105652], [-69.59941925081334, 18.507639218739047], [-69.5980578964029, 18.50743372347697], [-69.597369719759, 18.508706728209432], [-69.5989594899317, 18.509350483878293], [-69.59927937975104, 18.511819765867603], [-69.59870401117853, 18.51239782163624], [-69.59841587100982, 18.51404944458218], [-69.59963590456994, 18.516285627288255], [-69.6003391652184, 18.516490511382404], [-69.60011328492415, 18.51740229402565], [-69.6015108438987, 18.51989864513874], [-69.60342074083475, 18.520615789658933], [-69.6040794076605, 18.519808546002576], [-69.6038705707608, 18.517920207134615], [-69.60448154049172, 18.517347913733555], [-69.60725950805816, 18.517310566833473], [-69.60750527245163, 18.519017900683227], [-69.60852150502012, 18.520191210935717], [-69.60978955171511, 18.52074045059097], [-69.61029475383859, 18.521558731716834], [-69.61196984301847, 18.52157064542938], [-69.61406920198013, 18.522700233817883], [-69.61334146080223, 18.524140116893037], [-69.61412948311614, 18.52570015746641], [-69.61418935460975, 18.52712963180115], [-69.61059443394053, 18.52905988076189], [-69.60950980250841, 18.530159412692132], [-69.60806337852073, 18.52996277706056], [-69.60632003862897, 18.530769305186233], [-69.60475757803604, 18.530071622963415], [-69.60313966560017, 18.53222953332175], [-69.59947811927466, 18.533456043083167], [-69.59913937056696, 18.535059656341442], [-69.59683645852067, 18.537284383623536], [-69.5969893435048, 18.538499653718784], [-69.59539865178122, 18.5396375666468], [-69.59616937018366, 18.541090097964705], [-69.59486411854792, 18.543838628732733], [-69.59503937898684, 18.547119709566807], [-69.5943809131659, 18.547784577630406], [-69.59424803878922, 18.549936616329287], [-69.59464934910142, 18.550820020848004], [-69.59408968737013, 18.552109344324066], [-69.59291473791215, 18.55180598485841], [-69.59143358815129, 18.552147110574282], [-69.58960405282868, 18.55400790888536], [-69.58910952230158, 18.556489867446537], [-69.58832952233305, 18.558109500118444], [-69.58767402725552, 18.558513404201783], [-69.58660955479277, 18.56172957628799], [-69.58549258903298, 18.56232116183967], [-69.58509964281627, 18.563279250966616], [-69.5843282170327, 18.563378451875238], [-69.58340114936433, 18.565443139934885], [-69.58380932123941, 18.566639762301282], [-69.58215565307535, 18.567636748104025], [-69.58115947754278, 18.56977961676545], [-69.57970838425007, 18.571148169174375], [-69.57941947106873, 18.573259705871337], [-69.57804096720628, 18.5744311328619], [-69.57777948124209, 18.577929430368215], [-69.57649018544939, 18.577889476269103], [-69.57498420435424, 18.57705742420249], [-69.57468934014288, 18.578199721747637], [-69.57255121653023, 18.580542190340697], [-69.57213427062057, 18.582778154610665], [-69.57313928270922, 18.58383014112803], [-69.57254321697333, 18.58542872284888], [-69.5739795036331, 18.58638045987271], [-69.57522752185513, 18.589004472192332], [-69.57804958560216, 18.58975045970424], [-69.57875791318351, 18.591855580840665], [-69.58034549774959, 18.593724198268095], [-69.58271922469103, 18.59391052132901], [-69.58260527249547, 18.596780733369243], [-69.58408923851128, 18.602790017764722], [-69.58326945574296, 18.60691958869667], [-69.58099504325067, 18.60814364786109], [-69.5799795533038, 18.610299713003606], [-69.58001932934869, 18.611989810365436], [-69.57708191644997, 18.615586634293866], [-69.57689931077584, 18.61788975492526], [-69.57606967716764, 18.61918147436485], [-69.57599219462855, 18.62202687844347], [-69.57712992175321, 18.625744800896822], [-69.57870931917735, 18.626984315508246], [-69.58122836331208, 18.62732298969012], [-69.58203604303273, 18.626586664377005], [-69.58250051416714, 18.623810476537663], [-69.58337136260245, 18.623453373150266], [-69.5835105394458, 18.622310627799997], [-69.58461971972919, 18.622400554245175], [-69.58590307609579, 18.62358250095567], [-69.58866935356694, 18.62229107554336], [-69.58853947194436, 18.624139458499144], [-69.58745404571494, 18.624271183204307], [-69.58700439706942, 18.625326414883062], [-69.5876783331027, 18.626529271521694], [-69.58924900362199, 18.626568848387123], [-69.59039951772188, 18.627700255643656], [-69.59053937387449, 18.628619596518387], [-69.58977292216753, 18.628952771022334], [-69.58943957508157, 18.630249341234773], [-69.5879941441327, 18.63001801396881], [-69.58690874722593, 18.631072340664563], [-69.58677552060365, 18.631789521592324], [-69.5874293703886, 18.633059858947416], [-69.5859360879086, 18.634185634698476], [-69.58611910856006, 18.635049669009735], [-69.58543017315567, 18.635249341494184], [-69.58447001589083, 18.634598988056712], [-69.5834996814308, 18.635649510113268], [-69.58238713800898, 18.635297490168732], [-69.5809487320112, 18.636045438879297], [-69.58103943688555, 18.638099791463205], [-69.57941557109056, 18.63963307549041], [-69.57904941843242, 18.641499615176734], [-69.57715834936089, 18.64280215761334], [-69.5770593673939, 18.645649791323308], [-69.57618965743626, 18.64685962950309], [-69.57488429131547, 18.647599151422146], [-69.57452955342113, 18.648589465609454], [-69.57234098147795, 18.648918786549498], [-69.57070121925298, 18.651097432651394], [-69.57071942496674, 18.652209648154376], [-69.56816126111646, 18.653302284128927], [-69.56403659871587, 18.656159936282588], [-69.56257965281476, 18.658459394411114], [-69.5603861323522, 18.658637378880695], [-69.5595394959387, 18.660809721417095], [-69.55678819625756, 18.664108855921196], [-69.55623638709453, 18.666196003894], [-69.55703926513335, 18.667809814284215], [-69.55440807397463, 18.669613899441252], [-69.55386948309454, 18.67163947562113], [-69.55229934795862, 18.67207709700588], [-69.55020760881692, 18.6753407974668], [-69.5497103386482, 18.677819923585936], [-69.55011942121648, 18.679799928892066], [-69.54953961984609, 18.68098977334557], [-69.5460247271224, 18.685117420808744], [-69.54584947182964, 18.685939612700658], [-69.54429286670573, 18.686706828963597], [-69.5426496801081, 18.689149405669337], [-69.54183967414671, 18.68936539895653], [-69.54153951123267, 18.69053973380281], [-69.54023887768481, 18.691891079625204], [-69.5400993865018, 18.69297961927825], [-69.53919952011432, 18.69363156189668], [-69.53868925131651, 18.696249714948273], [-69.53794724090362, 18.69680916966075], [-69.53824923248762, 18.698129959289727], [-69.537456966571, 18.699036299036113], [-69.53738939036694, 18.701889864246535], [-69.53594234945157, 18.705202769338868], [-69.53636926308717, 18.707798950327], [-69.53556373560674, 18.708045336973903], [-69.53510326102432, 18.709651869184505], [-69.53547928778296, 18.710769652238895], [-69.53486302576579, 18.711275070911146], [-69.53517936317029, 18.71209001690866], [-69.53377249741291, 18.715381344601816], [-69.53428922342682, 18.716339867127317], [-69.53335596285496, 18.71711151261578], [-69.53332932837134, 18.719409861029906], [-69.53142454218006, 18.723828855033663], [-69.53165941388536, 18.725949926319327], [-69.53132280657225, 18.726996056788156], [-69.53213936688924, 18.728560117011817], [-69.53153285692035, 18.73375002956259], [-69.53206947527856, 18.73934000247398], [-69.53149944438272, 18.742499749899558], [-69.52963960600043, 18.74485962498794], [-69.5246685262758, 18.749192569470477], [-69.52234253886205, 18.750101675341266], [-69.52123945132857, 18.752019612395504], [-69.51774969501291, 18.75600959984985], [-69.51272957622177, 18.758993968440873], [-69.51261354820832, 18.759797093995846], [-69.51389941792243, 18.762280059878698], [-69.5133794977129, 18.764129558546852], [-69.50545652586861, 18.767502501186065], [-69.50380031207463, 18.76780931015607], [-69.50297936505744, 18.766452282784954], [-69.50239427202075, 18.76633540126019], [-69.50033965060102, 18.768549621019485], [-69.49633850279868, 18.771648079015346], [-69.49592946643554, 18.775789584207462], [-69.49435604589526, 18.77651115848939], [-69.49431937261704, 18.778099804020325], [-69.49313345189405, 18.779854320908605], [-69.49340932057582, 18.7810198024675], [-69.49248383670106, 18.78187080520381], [-69.4918295258692, 18.785169430049187], [-69.49079496493258, 18.785331953154458], [-69.48863931222022, 18.7884282239636], [-69.49041929141315, 18.792620044333912], [-69.48865952156024, 18.79827944640095], [-69.48671640668692, 18.798594293938628], [-69.48428979401997, 18.800279560144347], [-69.48189965116505, 18.800932197872093], [-69.47861972046769, 18.804009571914204], [-69.47522555598988, 18.80547351422645], [-69.47451627111573, 18.806310991292936], [-69.47271938357063, 18.8118596431189], [-69.47163978097532, 18.81304941007458], [-69.46513639808362, 18.81239339992677], [-69.46411478694164, 18.81356566030253], [-69.4638194499517, 18.814709675399186], [-69.46064901668761, 18.817615828486375], [-69.45823974768233, 18.82194922575415], [-69.4550902827991, 18.820489596137197], [-69.4529706115518, 18.818359608984096], [-69.45207052839348, 18.81592990911502], [-69.45213999083035, 18.810257584987422], [-69.45122559641999, 18.808483520484604], [-69.44935411221506, 18.807587229769517], [-69.4476400271027, 18.808069357561052], [-69.44478589455304, 18.807152349012508], [-69.44371137190788, 18.808630613072935], [-69.44417936061546, 18.810309822392934], [-69.44300497062292, 18.81147870452473], [-69.44256898133315, 18.813492986035328], [-69.44298934150916, 18.814809864663477], [-69.44175120324743, 18.816339453752303], [-69.44193986048847, 18.818714538556538], [-69.4439194760281, 18.820900161434093], [-69.44395941421263, 18.822749380848805], [-69.44036090535677, 18.822493022365745], [-69.43794969144574, 18.82407933146407], [-69.4352547257136, 18.82484949980941], [-69.43486942038926, 18.826879688884503], [-69.4337714595517, 18.82788483776145], [-69.43359935680085, 18.82996973699522], [-69.43247635496056, 18.831302106767772], [-69.42769994889069, 18.835539213697754], [-69.42616238909268, 18.834509152761303], [-69.42561181131337, 18.8346203790461], [-69.42521047579895, 18.83569106070121], [-69.42594946285364, 18.837449833519326], [-69.42426912746318, 18.839878777208583], [-69.42477934977632, 18.84134992593745], [-69.42388962695112, 18.842649482546882], [-69.42135191449269, 18.843493892435585], [-69.42127814085869, 18.844786257392418], [-69.42201887596943, 18.845300084514292], [-69.4204401970742, 18.845919384421787], [-69.41917791487707, 18.845038096344876], [-69.41872942028354, 18.846019548790387], [-69.41793999185886, 18.84630939019303], [-69.41649480536437, 18.845373087149834], [-69.4146499953534, 18.845999341323825], [-69.41290076332955, 18.845435210896394], [-69.40989978976414, 18.84716949589265], [-69.40599020715281, 18.848189318243904], [-69.40435989098334, 18.846437154477016], [-69.40244317217166, 18.846963605601584], [-69.40144562092746, 18.84869003392721], [-69.40183932787816, 18.85155966445368], [-69.40047357028082, 18.85235269679451], [-69.39885731978559, 18.855453586999907], [-69.39888942389884, 18.856439796151005], [-69.3960521125309, 18.859430819405162], [-69.39708936716244, 18.86201015139107], [-69.39714946720393, 18.86388981251224], [-69.395177685599, 18.866191033467835], [-69.39405858287785, 18.866468184371666], [-69.39281976727783, 18.867759411050493], [-69.39002617265247, 18.867649053443312], [-69.38904843657753, 18.86897170520516], [-69.38689000352294, 18.869289356073107], [-69.38204744821356, 18.86853275473074], [-69.37964693701723, 18.86866131220182], [-69.37762425306292, 18.869448498409763], [-69.37560968880199, 18.871409529050595], [-69.37404014603213, 18.872146441672374], [-69.37327296265522, 18.874259728957867], [-69.36615655061732, 18.884102637710964], [-69.36608941723172, 18.88602982504603], [-69.3648647968227, 18.888152735121004], [-69.36622896734384, 18.891006049240282], [-69.37041984795367, 18.891640455429716], [-69.3731544324489, 18.893099253790506], [-69.3770999952025, 18.89282046409787], [-69.38218831931705, 18.893741094294725], [-69.38683902346484, 18.89200799958531], [-69.39221935485611, 18.888726190330093], [-69.39830999332324, 18.88644062093887], [-69.40125363957287, 18.887938885693504], [-69.40368023302514, 18.886160597018424], [-69.40917949394377, 18.88646052211126], [-69.40955546773664, 18.889354640333828], [-69.41075053996013, 18.890108998541375], [-69.42472733431433, 18.88946960227071], [-69.42517364203687, 18.889106471587347], [-69.42507535244846, 18.888415469661155], [-69.42389470117766, 18.887036554871028], [-69.42239061507323, 18.886209612086905], [-69.42234058822746, 18.885250143267406], [-69.42275034150664, 18.8845506508332], [-69.42609975634471, 18.884800686047452], [-69.43105495066229, 18.88824495481094], [-69.43316944034028, 18.888630521826705], [-69.43353327773657, 18.89107889423439], [-69.43653368945495, 18.893372840940234], [-69.43877966775983, 18.894070460793763], [-69.44194145350286, 18.898488914422078], [-69.444249490634, 18.899560429007213], [-69.44553245500781, 18.9029290087429], [-69.44764949387458, 18.903260581105528], [-69.44832523215658, 18.90573627288389], [-69.44957978665853, 18.906090488781103], [-69.45502942682609, 18.910351731235785], [-69.4557878439558, 18.91203367525994], [-69.4592297447242, 18.912690631493916], [-69.46238315639177, 18.914788954878322], [-69.4742097287553, 18.917770634531934], [-69.4756096830761, 18.91865041472876], [-69.47868478742171, 18.92203103237772], [-69.48318900203297, 18.92461774174835], [-69.49067969498185, 18.93106030041251], [-69.49302796012596, 18.9343989976856], [-69.49550969419836, 18.936400321761642], [-69.50063661836809, 18.94324793439894], [-69.50400946060238, 18.945710363955648], [-69.50508977532498, 18.950001500747142], [-69.50612531736454, 18.95086238438557], [-69.5079499555467, 18.9510484468002], [-69.50930971162674, 18.949800464610075], [-69.51151381564844, 18.94615775191608], [-69.51548043686323, 18.936900357625703], [-69.51680008115592, 18.935990593370718], [-69.51768839181615, 18.936296001625557], [-69.5241395169951, 18.94200040362551], [-69.52644931807824, 18.945735127404443], [-69.52807895270467, 18.946550691809264], [-69.5320597163317, 18.94708051013575], [-69.53499007360759, 18.951635111038627], [-69.53863978281379, 18.951570650690236], [-69.53952962544085, 18.95229038411236], [-69.54341083907306, 18.95684749819349], [-69.5471093866805, 18.960280244317094], [-69.5469616107149, 18.96284995884118], [-69.54826608508955, 18.964818669642934], [-69.55202453370062, 18.96604945528833], [-69.55345974372449, 18.965840604240864], [-69.55491343457186, 18.967939949401714], [-69.55680964353948, 18.968410479707153], [-69.55844019636885, 18.97124514182194], [-69.56506232204788, 18.975374811246965], [-69.56951898653934, 18.97946030725836], [-69.57156970058908, 18.980090474731234], [-69.57371684801069, 18.982481305517055], [-69.57713783813536, 18.984383307359614], [-69.58964993856193, 18.985030457706582], [-69.59368053931362, 18.986297363360507], [-69.5978399125904, 18.9867104662421], [-69.60385628442089, 18.988959864976486], [-69.60819993350239, 18.988310540381057], [-69.61016971020146, 18.989140482583498], [-69.61302260651341, 18.991379591032324], [-69.61744001108556, 18.989940552212637], [-69.62429931188946, 18.992200387096084]], [[-68.74790061724602, 18.216089852867093], [-68.7477644469049, 18.212712878827915], [-68.74671124096191, 18.210910862655897], [-68.74559282620565, 18.21023723097779], [-68.74110033367084, 18.209929453718512], [-68.740488670914, 18.20920135395094], [-68.7373102153435, 18.20906942091871], [-68.73514949098387, 18.208247957489817], [-68.73376055160733, 18.20826445153189], [-68.73281981551767, 18.20909935696009], [-68.73150116483531, 18.208847712786213], [-68.73099950788244, 18.209739476625533], [-68.72859876221642, 18.210814136252086], [-68.72893351228062, 18.21190962358805], [-68.7300037882249, 18.21188199742109], [-68.73100987644956, 18.211210752548066], [-68.73156930946831, 18.21196019524011], [-68.73135945301475, 18.21427981356005], [-68.7303227860284, 18.21606676570512], [-68.7319614050032, 18.21907631988618], [-68.7349175695392, 18.220556892577356], [-68.73665960408893, 18.220710558315186], [-68.73711976615729, 18.22169917074197], [-68.73822670536107, 18.22249163905888], [-68.74257980944932, 18.22265073646552], [-68.74394963977792, 18.22328686363655], [-68.7474728454214, 18.222095762848426], [-68.74848165146604, 18.2205666603621], [-68.74890632690037, 18.218417334844272], [-68.74790061724602, 18.216089852867093]], [[-69.32305180922322, 18.467053993524424], [-69.32454254956086, 18.467590333831428], [-69.32492237507095, 18.466998247378722], [-69.32227024404169, 18.462749389743678], [-69.32166218390275, 18.462591653882065], [-69.32139237463436, 18.463199657078473], [-69.32305180922322, 18.467053993524424]], [[-69.46162191897048, 19.097501540172217], [-69.46240563144839, 19.097471886457846], [-69.46228292887498, 19.096598301889117], [-69.46147766583464, 19.096755965049745], [-69.46162191897048, 19.097501540172217]], [[-69.46560193589268, 19.07912251303414], [-69.46624696050559, 19.078840561335653], [-69.46603974818102, 19.078006351498402], [-69.46408483223064, 19.078004431672642], [-69.46419138582323, 19.078730729448207], [-69.46560193589268, 19.07912251303414]], [[-69.51860332761231, 19.08304835486991], [-69.51745040185263, 19.082462078627756], [-69.5172338910958, 19.08297372254663], [-69.51820877587282, 19.083633647715434], [-69.51860332761231, 19.08304835486991]], [[-69.5264505224107, 19.081842116512462], [-69.52560129249066, 19.081698001143423], [-69.52554047012048, 19.08285101188666], [-69.52623790536576, 19.082822355565977], [-69.5264505224107, 19.081842116512462]], [[-69.52880220073708, 19.082278207117827], [-69.52810899577838, 19.08215199196707], [-69.52792997705683, 19.08290863122514], [-69.52869239912025, 19.083001406945307], [-69.52880220073708, 19.082278207117827]], [[-69.53740105855127, 19.082149917218228], [-69.53663676625486, 19.08205335467051], [-69.53663232909483, 19.082887216315953], [-69.53737743923551, 19.082888251691845], [-69.53740105855127, 19.082149917218228]], [[-69.5546971344007, 19.083601709314344], [-69.5540023876849, 19.083789230054478], [-69.55415527325643, 19.08447907876432], [-69.55492080460442, 19.0843259290614], [-69.5546971344007, 19.083601709314344]], [[-69.56357001060638, 19.08869922057078], [-69.56348670488343, 19.08780910840747], [-69.5627786874435, 19.08776049211855], [-69.56279853045388, 19.088726103236205], [-69.56357001060638, 19.08869922057078]], [[-69.57605985679075, 19.086639921065764], [-69.57612664682162, 19.08569639195856], [-69.57520200432053, 19.08591519005958], [-69.575283132556, 19.086777640868032], [-69.57605985679075, 19.086639921065764]], [[-69.57826164114607, 19.08580087654917], [-69.57759293903273, 19.08601467677316], [-69.57777250225708, 19.08670681859348], [-69.57849945909022, 19.086507370323762], [-69.57826164114607, 19.08580087654917]]], [[[-69.4899509084033, 19.079160923372243], [-69.49040927638072, 19.07952974509262], [-69.49013033324901, 19.079669175074326], [-69.4899509084033, 19.079160923372243]]], [[[-69.51468887938043, 19.08715094360803], [-69.51409174538263, 19.088408731715923], [-69.51464931742639, 19.089499960190437], [-69.51383011742604, 19.09059890080386], [-69.51289601420035, 19.08903620646292], [-69.51323054612256, 19.08763040052558], [-69.51468887938043, 19.08715094360803]]], [[[-69.51744021773338, 19.089407846047504], [-69.51701950563975, 19.09150956119141], [-69.51603066130788, 19.09182921716937], [-69.5163906023088, 19.089360375134675], [-69.5170966276333, 19.08896376950571], [-69.51744021773338, 19.089407846047504]]], [[[-69.54196178217259, 19.08431128058871], [-69.54234934797225, 19.088489494062877], [-69.54122036092306, 19.088669370086773], [-69.5400806410305, 19.085749953310323], [-69.54023042402468, 19.085100783649477], [-69.54121096358031, 19.085310636117583], [-69.54196178217259, 19.08431128058871]]], [[[-69.49261143148728, 19.082268568512724], [-69.49267936283077, 19.082729294621906], [-69.49225106594405, 19.08262969527033], [-69.49261143148728, 19.082268568512724]]], [[[-68.78488927358794, 18.173339970098734], [-68.78225714637043, 18.177363362626387], [-68.78415934423694, 18.188439776338516], [-68.77614976114783, 18.19578953041508], [-68.77302417318496, 18.196429785685623], [-68.76894994341619, 18.19924938735389], [-68.76662058715398, 18.19819960006544], [-68.76629500853448, 18.196068828899964], [-68.76053448545743, 18.193976082636347], [-68.75272019369454, 18.192719290867522], [-68.74424176404692, 18.189382504060777], [-68.73784054127934, 18.187819476720215], [-68.73741093317327, 18.186992396508177], [-68.72599029398334, 18.184219444049454], [-68.7248048368521, 18.18293684861279], [-68.72226035088728, 18.181659541597412], [-68.72090314610934, 18.180149379470503], [-68.71816037510638, 18.17891942084715], [-68.71500793062538, 18.176092946449035], [-68.70993555030267, 18.173385517125368], [-68.70039759226223, 18.172008304278478], [-68.69741004751974, 18.17225948669023], [-68.69126998472633, 18.170559131830174], [-68.68751827390616, 18.17183353706629], [-68.68774625761327, 18.17243588063521], [-68.69159917925981, 18.17411027412557], [-68.69051960807572, 18.176009671940278], [-68.68837993326653, 18.177789258301704], [-68.68494277727257, 18.175878886956575], [-68.68033021349842, 18.175539284260015], [-68.67908176719708, 18.174892190276], [-68.67450019178615, 18.174869306009647], [-68.67261038987043, 18.173749628679204], [-68.66900923109822, 18.16694212737372], [-68.66645230434987, 18.16428894063879], [-68.66472594679725, 18.16394881920847], [-68.66176003248502, 18.16492927583336], [-68.66029374575928, 18.164299778671925], [-68.65660008939196, 18.163899543459877], [-68.65258042224939, 18.16235942147088], [-68.65048560425895, 18.159750716798808], [-68.64960126130816, 18.159339269850584], [-68.64770041525121, 18.159830611175174], [-68.6479648131643, 18.16037409401166], [-68.65004915075461, 18.160960367502163], [-68.64875975929405, 18.16340922930372], [-68.6450408228337, 18.161469811822545], [-68.64589159569026, 18.16026189559666], [-68.6455162312967, 18.159654054792075], [-68.64163993887543, 18.160829474669967], [-68.63801357621102, 18.160347802010516], [-68.63149009207983, 18.161559402493545], [-68.62818908975355, 18.15980219816701], [-68.6242648221899, 18.158624674241434], [-68.62309819436717, 18.158711257202828], [-68.61775974613431, 18.161129209061375], [-68.61205039891829, 18.16226142858189], [-68.60858993719796, 18.163519350837614], [-68.60656011198022, 18.163199547634278], [-68.59894016409957, 18.15983969232333], [-68.58931954948564, 18.153746048999214], [-68.58879650749114, 18.15279591754078], [-68.58760038138603, 18.152449382049177], [-68.5853468431363, 18.149779271429537], [-68.58436035893685, 18.149339460088942], [-68.5817805162157, 18.146739583759416], [-68.5783460388544, 18.14145223126924], [-68.57286048096796, 18.134469762537844], [-68.57236744639368, 18.132204294764122], [-68.57117045238752, 18.131119703214246], [-68.57013972480496, 18.127876498296654], [-68.56884063564058, 18.126479763950062], [-68.56946790358624, 18.124540409172937], [-68.56937032195663, 18.1230925642434], [-68.56842052110622, 18.121139902623835], [-68.56860049158686, 18.119100088114305], [-68.57011051376189, 18.11504031606], [-68.57265037922231, 18.111200647044015], [-68.57482077008343, 18.111248466351622], [-68.57828003642555, 18.109520720093794], [-68.58204961891715, 18.110960420718662], [-68.58314373925037, 18.11289456139427], [-68.58565990576713, 18.11278055873615], [-68.58694961728419, 18.113330549022308], [-68.58894943133137, 18.115450250393977], [-68.58943980742725, 18.117644455929884], [-68.59762993561287, 18.11827040858587], [-68.60433886684575, 18.1198929315512], [-68.60604990190384, 18.11986057591779], [-68.609233531703, 18.12105198557066], [-68.61015999746394, 18.120650643125778], [-68.61844021553121, 18.12549581667447], [-68.62308732596728, 18.12666930864705], [-68.63739986888501, 18.127680508351407], [-68.64024858828118, 18.12898994024936], [-68.64578606893053, 18.1295699428781], [-68.64987853915757, 18.127987247896066], [-68.65594006418638, 18.123850726012428], [-68.65925221757193, 18.125330327689717], [-68.66241672197822, 18.125425722691794], [-68.66701016918546, 18.12327054060827], [-68.67339832152008, 18.12221614425409], [-68.676947468346, 18.120194370961404], [-68.68085036447535, 18.114510444642704], [-68.68145991415331, 18.114250657100293], [-68.68260740161111, 18.11574791753848], [-68.68453982447959, 18.115544963984746], [-68.68642016603552, 18.11385068958511], [-68.69476041191494, 18.116146347023065], [-68.69731988149772, 18.116320481936558], [-68.7115509492392, 18.122647002635883], [-68.71909988022962, 18.12414041914533], [-68.72176308296801, 18.125401987707306], [-68.725889748175, 18.12613062854871], [-68.72751089279173, 18.127166465531094], [-68.73172979950074, 18.12682069580477], [-68.73420324030396, 18.128689454155005], [-68.73554970850924, 18.129090471241724], [-68.73695669676492, 18.13055342150631], [-68.74169969980966, 18.131820596806925], [-68.74328622880994, 18.133057504450385], [-68.74661970676704, 18.133810638711775], [-68.7480098098019, 18.134804111046954], [-68.74975985760042, 18.134650685874345], [-68.75368104234703, 18.136868574956345], [-68.75710945452201, 18.137010559832383], [-68.75722935517344, 18.13896951276323], [-68.75490441847762, 18.139489854814865], [-68.7539429754119, 18.14030745341129], [-68.75360976200149, 18.141650654581255], [-68.75480095622, 18.144890792588676], [-68.76117939381837, 18.150160347525038], [-68.76126943154739, 18.150719819533816], [-68.76050535664285, 18.15161445887433], [-68.76071930760365, 18.152266875807477], [-68.76495529742506, 18.156761266323123], [-68.7664995836727, 18.157690460711233], [-68.77017706062003, 18.162648563986668], [-68.7715695763907, 18.1637003543698], [-68.7725237036406, 18.165523223584778], [-68.77607969500964, 18.166410531365162], [-68.77710931629979, 18.167500090744333], [-68.77677673599588, 18.16841543023232], [-68.77790735900939, 18.170250198026956], [-68.78002963940602, 18.17126051789943], [-68.78063280657413, 18.172271509007825], [-68.78329384131035, 18.173307301050105], [-68.78453978182073, 18.172720764012546], [-68.78488927358794, 18.173339970098734]]], [[[-68.64054896194479, 18.193121191282316], [-68.63979948788415, 18.19502967141914], [-68.63716960319287, 18.197759478987898], [-68.63544069263693, 18.198698980694548], [-68.63509245568001, 18.198125258902202], [-68.63435968286825, 18.19873893049217], [-68.63373061980666, 18.19811974387447], [-68.63345196063226, 18.19767035431904], [-68.63481743337532, 18.197479576301], [-68.63544609494144, 18.1968527329101], [-68.6351387964246, 18.196180889417388], [-68.6369851603559, 18.195120010848946], [-68.63676072124875, 18.19347047713781], [-68.6389797955902, 18.19306063874706], [-68.63971495537282, 18.193542456066304], [-68.64054896194479, 18.193121191282316]]], [[[-68.66447860075418, 18.097440358313232], [-68.66282982415099, 18.098659489152485], [-68.65972011771086, 18.098649288334954], [-68.65241183484348, 18.096190066694056], [-68.65442998386149, 18.095670562004], [-68.65666322922922, 18.09637588489507], [-68.66447860075418, 18.097440358313232]]], [[[-69.02626923759763, 18.35602928768932], [-69.02200408733522, 18.355616374598284], [-69.02125382024666, 18.35691515697542], [-69.02083364144558, 18.359300163013806], [-69.02105746889316, 18.362828718248306], [-69.02220935762966, 18.363520376303903], [-69.02208151620032, 18.364626937351087], [-69.01915960814493, 18.37327983036856], [-69.01754953404271, 18.37628946400733], [-69.01356992470208, 18.37774950710874], [-69.01249026087406, 18.377649436674574], [-69.0066422969114, 18.371922045097513], [-69.00446335444343, 18.369111130200253], [-69.00254320199274, 18.367721842391283], [-69.00155056041956, 18.36652978952239], [-69.00143049590761, 18.36517234764219], [-68.99836803068382, 18.3616984186696], [-68.9965604761973, 18.36090959176977], [-68.99583867975703, 18.3578504162491], [-68.9931306490922, 18.35106004000175], [-68.99345370268853, 18.350365373038333], [-68.99326603757729, 18.346570704569825], [-68.9916806111641, 18.345609655468245], [-68.9919106910712, 18.34257020544772], [-68.99341050207016, 18.33984042875288], [-68.99586001987423, 18.338720500778695], [-69.00403703337504, 18.341035942416678], [-69.00532992025981, 18.341943296639478], [-69.00744071676696, 18.342214540437094], [-69.01063967833026, 18.34357052545138], [-69.01219911848906, 18.344848216085452], [-69.01604982346002, 18.345730565563485], [-69.01808340607695, 18.347223172961943], [-69.02049972639982, 18.34795058002719], [-69.02307492444949, 18.349671275093], [-69.0238897349242, 18.349600636112676], [-69.02515955375065, 18.3514901969978], [-69.02626923759763, 18.35602928768932]]], [[[-69.17461931441017, 19.014359795971473], [-69.17276979145221, 19.015879427925757], [-69.17101018814091, 19.015899437300973], [-69.17004285386811, 19.01525946188633], [-69.1689500752222, 19.015779319263963], [-69.16794075975649, 19.01486991862054], [-69.1684803368946, 19.014120643172724], [-69.17450957017347, 19.014010596981787], [-69.17461931441017, 19.014359795971473]]], [[[-69.47027924376738, 19.081230318357427], [-69.47003779736285, 19.081792316956424], [-69.46879106149404, 19.081570099913474], [-69.46981002945945, 19.081040619463483], [-69.47027924376738, 19.081230318357427]]], [[[-69.50208928813534, 19.09115054691018], [-69.50188958545621, 19.091899372961503], [-69.50015061490494, 19.092778867945864], [-69.50023050640637, 19.091790821079044], [-69.50100396735839, 19.091979047952282], [-69.5013805522556, 19.091150595004372], [-69.50208928813534, 19.09115054691018]]], [[[-69.49982988096338, 19.090908540210737], [-69.49963558431527, 19.09052116863055], [-69.49963112846388, 19.09051101977422], [-69.49991925394667, 19.090620363763996], [-69.49982988096338, 19.090908540210737]]], [[[-69.52084927903847, 19.090339893177404], [-69.51915980967044, 19.092169375720083], [-69.51815061703891, 19.091929505404025], [-69.51814063196315, 19.091210340122256], [-69.52052976099135, 19.08968084724565], [-69.52084927903847, 19.090339893177404]]], [[[-69.52348942523801, 19.08927057476199], [-69.52348935750753, 19.089879637255937], [-69.5222802170838, 19.090609227316], [-69.5220385172982, 19.09012060913275], [-69.52281029458389, 19.089270664880647], [-69.52348942523801, 19.08927057476199]]], [[[-69.53915913675995, 19.090179431480752], [-69.53867029928129, 19.09017942981843], [-69.53818079762975, 19.089470145627764], [-69.53869958304935, 19.08911052302983], [-69.53915913675995, 19.090179431480752]]], [[[-69.53869940116296, 19.087929906264943], [-69.53753843995446, 19.08818949309401], [-69.5361903363948, 19.089609214108535], [-69.53596066802515, 19.089010116187062], [-69.53741733518187, 19.087300212750673], [-69.5373805767846, 19.086080287745396], [-69.53842968418746, 19.084571039862194], [-69.53861931617479, 19.085249625861028], [-69.53803196181319, 19.08580841074811], [-69.53869940116296, 19.087929906264943]]], [[[-69.54247933301504, 19.09455941119754], [-69.54184052040891, 19.094559389706514], [-69.54176069162193, 19.09406047153284], [-69.54239951405806, 19.093920687135157], [-69.54247933301504, 19.09455941119754]]], [[[-69.54858897260691, 19.092939949723608], [-69.5475103910704, 19.09357909683871], [-69.54699960963872, 19.093210576627175], [-69.54631018188603, 19.0936191910378], [-69.54574019725925, 19.092595344642817], [-69.54511881172304, 19.092523216616257], [-69.5449307993676, 19.094457082367526], [-69.54686964219938, 19.094870548674898], [-69.54732899723808, 19.095619416605437], [-69.54432030116628, 19.095519459052593], [-69.54368065229825, 19.094559875679067], [-69.54394080429947, 19.092945960598723], [-69.54296141316084, 19.092130609093445], [-69.54493073472884, 19.091748640151604], [-69.54504413307104, 19.090047513149504], [-69.54427364162342, 19.089168822601422], [-69.54299135407298, 19.089768651618158], [-69.54370146433938, 19.08845952064164], [-69.54328066288573, 19.08602029363946], [-69.5437297385243, 19.085740861703126], [-69.5449564916002, 19.088427131042714], [-69.54598944316653, 19.08912029641404], [-69.5460230801521, 19.091412206632956], [-69.54737170163139, 19.092896586265127], [-69.54814014305843, 19.09261078165129], [-69.54858897260691, 19.092939949723608]]]]}}, {"type": "Feature", "properties": {"COD_REGION": "VI", "REGION": "Región VI", "NOMBRE_REGION": "El Valle", "N_PROVINCIAS": 3}, "geometry": {"type": "Polygon", "coordinates": [[[-71.88639933867509, 18.959889528529764], [-71.88490004556505, 18.960259318042628], [-71.88358031366012, 18.959739548968336], [-71.88121391840062, 18.957104475619015], [-71.87997161309731, 18.95667088645914], [-71.87518609204497, 18.95792074562654], [-71.87413699712589, 18.961849217137953], [-71.8741712573647, 18.96422130886288], [-71.87642929807406, 18.96823026267994], [-71.87691930399737, 18.970719808316918], [-71.87594960747074, 18.97179946647681], [-71.86734426819395, 18.975810869449838], [-71.86829940859091, 18.978930075389815], [-71.86792948518516, 18.98212961629018], [-71.86387001212111, 18.98386940016457], [-71.86299047889626, 18.98344960228875], [-71.86275290126868, 18.98256087975753], [-71.86325326494153, 18.97981844084543], [-71.86236614711822, 18.97813759810541], [-71.85819104264935, 18.976626327093452], [-71.85639052960327, 18.977404499261098], [-71.85564092086804, 18.979009760481397], [-71.85672396914102, 18.982010554003224], [-71.85616950578728, 18.982979563576656], [-71.8512247467642, 18.986795221765988], [-71.85133270468434, 18.988723982869185], [-71.85228937823823, 18.991090056257452], [-71.8520295128288, 18.992339376901608], [-71.84892009037877, 18.99221935971384], [-71.84515697717319, 18.991293931874846], [-71.84386489486587, 18.99150992117186], [-71.8432113815555, 18.992643211460912], [-71.84299957093386, 18.99598993827364], [-71.84190950175194, 18.999399523928133], [-71.84020985909216, 19.000029277208398], [-71.83511333849528, 19.00027499612854], [-71.83460540647579, 19.00080158320558], [-71.83450943002546, 19.003509870144423], [-71.83381965870649, 19.00506942884921], [-71.83162023230618, 19.00489946367901], [-71.82988055277421, 19.003309763127252], [-71.8299513387804, 18.999426963985627], [-71.82894032558383, 18.995714461994634], [-71.82806564585567, 18.994332637771482], [-71.8272943998251, 18.994020836369206], [-71.82480970662988, 18.99401179204287], [-71.81919991093604, 18.996649379982912], [-71.81377781934702, 18.99609969166024], [-71.80912980073106, 18.997999315635123], [-71.80582369784949, 18.998599191634053], [-71.80428954240112, 19.00363959173723], [-71.80095994901332, 19.00492946489886], [-71.79760038436088, 19.004319422807388], [-71.79664053388798, 19.00283985414616], [-71.79695058420575, 18.998540225033985], [-71.79850185651918, 18.996538596585637], [-71.79838405196578, 18.995689155199425], [-71.7966167304068, 18.99463926832433], [-71.7941802149685, 18.994279312521677], [-71.79203867072792, 18.993218359316185], [-71.78903122929654, 18.993239169197828], [-71.78831152106355, 18.99384685733501], [-71.78706092742216, 18.997070569196943], [-71.78796150410722, 18.998957848782663], [-71.7913493405238, 19.001270327725784], [-71.79101932634879, 19.007569739299974], [-71.7899796829111, 19.008839630211835], [-71.78659578375905, 19.010846606838147], [-71.78541980885366, 19.012329289968605], [-71.78148039965738, 19.010798949631337], [-71.77790294823691, 19.011492374742392], [-71.77629901017258, 19.01260296092986], [-71.77605095198459, 19.013755723402348], [-71.77693133056115, 19.01553373304733], [-71.77867610318623, 19.016319586867574], [-71.78145977391966, 19.016180625740002], [-71.78239941176929, 19.017050269249026], [-71.78242926218077, 19.017919863268016], [-71.78203203993662, 19.018848247343858], [-71.775375026731, 19.025748842200933], [-71.77242496849239, 19.029464095244478], [-71.77173954405572, 19.03099961247166], [-71.77067978193149, 19.03168932938604], [-71.76817026807409, 19.031819367469396], [-71.76541955978222, 19.026580587882492], [-71.76443255221746, 19.026268210683607], [-71.7621578201763, 19.02674471207076], [-71.76098884361282, 19.02814462382588], [-71.76045593497362, 19.030069576513736], [-71.76289608947775, 19.033212178955505], [-71.76344944705187, 19.034320102311742], [-71.76334947903337, 19.035339732478302], [-71.7578396916206, 19.040169463672605], [-71.75510003676114, 19.041133379785737], [-71.75322959157431, 19.045119768375173], [-71.7520596214732, 19.046539538770702], [-71.75097985474567, 19.047119442862478], [-71.7486713511826, 19.047159804289958], [-71.74591271142386, 19.046443316023613], [-71.74254635638265, 19.043766688607715], [-71.74060575885713, 19.043537495125886], [-71.73814386954088, 19.04530840591373], [-71.73758239325984, 19.047058965985247], [-71.73811933871468, 19.048709996289514], [-71.73780957401597, 19.049539465952424], [-71.7305003976656, 19.050521788790515], [-71.72667917090804, 19.05172452679726], [-71.72289626661988, 19.05355156122754], [-71.72209327498062, 19.05530641258984], [-71.7222594329048, 19.056979847620333], [-71.72039982083383, 19.059479221529244], [-71.71807148316135, 19.058281415093905], [-71.7171305506957, 19.058450545166476], [-71.71593020995559, 19.060390760804122], [-71.71590663403244, 19.062751101860783], [-71.71994951130578, 19.06378055812894], [-71.72051930981567, 19.06540991772165], [-71.71872934150292, 19.068179455933528], [-71.71616964813074, 19.070629436876988], [-71.71532996484137, 19.070939363177832], [-71.71265470690736, 19.07027879028191], [-71.71085029809495, 19.07037941266547], [-71.71003068702451, 19.06909985520354], [-71.71020285281952, 19.06745503794027], [-71.7093860674226, 19.067084399335332], [-71.70477162124809, 19.069832142938626], [-71.70133552401717, 19.073050545949926], [-71.70174133890005, 19.074656073412015], [-71.70298529393203, 19.07582392603615], [-71.70840064031414, 19.076584622431554], [-71.71204945484752, 19.07817042475763], [-71.71227956138472, 19.079570034704595], [-71.71197936040835, 19.082939768835608], [-71.710949545663, 19.084429523783655], [-71.70977982686047, 19.085159289494552], [-71.70223297175612, 19.084566804585712], [-71.69932978416212, 19.08658947512835], [-71.69714693112229, 19.087192195345466], [-71.696985216954, 19.09023323689941], [-71.69900930716615, 19.093380186179523], [-71.69901627993187, 19.095427825910598], [-71.70117666675617, 19.09649610512886], [-71.70392970244654, 19.09684053750269], [-71.70507592024735, 19.098242981039597], [-71.70656924520925, 19.099090248705178], [-71.70481953607238, 19.102969736800063], [-71.70233952211797, 19.10590944160618], [-71.69869981482911, 19.108119393484227], [-71.69636013663354, 19.108229351817588], [-71.69293048817934, 19.106519454471727], [-71.69203603464813, 19.105283175849248], [-71.68868025618308, 19.105109383992485], [-71.68699759726893, 19.103574460887902], [-71.68452540598781, 19.102966443826265], [-71.68242599260263, 19.105153881717996], [-71.68194162794103, 19.106460387500405], [-71.68197163327139, 19.10761368128471], [-71.68279910585115, 19.1085698435703], [-71.681199968502, 19.109399397086392], [-71.67977277925692, 19.108863406076804], [-71.6792409146439, 19.10928594253768], [-71.680069319536, 19.110330236529382], [-71.67976072877347, 19.11272493579396], [-71.68214925465284, 19.114380220318193], [-71.6816449752926, 19.115625162351943], [-71.68202921237508, 19.117358940053716], [-71.67955152379041, 19.116004436168197], [-71.67857965524773, 19.117179469229708], [-71.67765022591652, 19.117269315625382], [-71.67683058251436, 19.116529692668887], [-71.67653785736375, 19.11477736946314], [-71.6756504716512, 19.114389566219508], [-71.67540617012925, 19.11369382005221], [-71.67309288623733, 19.113324213740416], [-71.67215952444829, 19.115429508568607], [-71.67114541782189, 19.115726940042165], [-71.67020998319965, 19.117219246969402], [-71.66905082449894, 19.116191549598316], [-71.6678303566887, 19.116119468188003], [-71.6671459417658, 19.114822175433726], [-71.66484030980331, 19.114499402848143], [-71.66333008791779, 19.11311613182151], [-71.6582627361351, 19.11494292606976], [-71.65544977310483, 19.117799398197654], [-71.65400019921411, 19.117868142091304], [-71.65217738010878, 19.120421382507704], [-71.6513718018523, 19.120789201331775], [-71.65082951956246, 19.12293977724166], [-71.6493680350306, 19.124757827414378], [-71.64907940221062, 19.12675975779785], [-71.64764349957852, 19.12877482129357], [-71.6481193834436, 19.13057988486601], [-71.64640776675552, 19.132809343514868], [-71.64666930353681, 19.133680020531326], [-71.64615227156564, 19.13495939291467], [-71.65109719351663, 19.138879663065637], [-71.65288971207993, 19.139150519872306], [-71.65648910874658, 19.143549785360808], [-71.65600996653, 19.14375928354967], [-71.65285862781239, 19.142728298536735], [-71.65198996754512, 19.14325929734901], [-71.65106546425095, 19.14264845062246], [-71.6498790824049, 19.142757362515905], [-71.64869966458629, 19.14481925840844], [-71.6471461329035, 19.144386108296512], [-71.6453399420205, 19.14527914197902], [-71.64468332787595, 19.14483421806033], [-71.64362992547917, 19.145339297233868], [-71.64212427222964, 19.144930274411525], [-71.64035951650861, 19.146366340045414], [-71.64033033957632, 19.14694873175966], [-71.64251637839165, 19.149706926144606], [-71.6445493279739, 19.149750603215217], [-71.64448575681006, 19.151407703246825], [-71.64547153051, 19.15238181802714], [-71.64681938174633, 19.152360605230353], [-71.64675940920326, 19.153289475581918], [-71.6440973527569, 19.154047886712103], [-71.64563938390853, 19.1558102617927], [-71.64560945443627, 19.15646933688969], [-71.64331014766378, 19.15616560390143], [-71.64245082970332, 19.15713868694619], [-71.6440596021152, 19.160976830825128], [-71.64561913228066, 19.161120597773134], [-71.64514411304464, 19.162860556499258], [-71.64702967274926, 19.162880675896012], [-71.64768913877984, 19.163939703723397], [-71.64636849876695, 19.16444437088147], [-71.64532776104423, 19.16558181013036], [-71.6459392699156, 19.16887921976805], [-71.64427044053238, 19.16840945899657], [-71.64377601077283, 19.1675755232391], [-71.64232663840974, 19.166933874625897], [-71.64135773355822, 19.167515816369498], [-71.64119950252329, 19.168559478382228], [-71.6405702122605, 19.168589456187654], [-71.63696850137798, 19.16642937132684], [-71.63593144126392, 19.16724197755669], [-71.63636919957354, 19.16923900340761], [-71.63490350043547, 19.16856470161179], [-71.63420836404063, 19.169056370031903], [-71.63707425337333, 19.17202632848512], [-71.63886956137281, 19.173070500724116], [-71.63940690223252, 19.174648019603442], [-71.64281967825073, 19.174770662069175], [-71.64355820477854, 19.175700222072493], [-71.64672977826602, 19.176090583095444], [-71.64742900143979, 19.176579953443042], [-71.64378190012633, 19.178075017495143], [-71.64503861706828, 19.18066871735288], [-71.64315038288461, 19.17973094775271], [-71.64188037166689, 19.17973941106853], [-71.64125246362546, 19.178787347268276], [-71.63911994080307, 19.17898931259012], [-71.63762889949459, 19.178551421171235], [-71.63703014692072, 19.179205950952316], [-71.63692943226276, 19.1804996098177], [-71.63611499872901, 19.18101994354222], [-71.63615940619684, 19.182209714898754], [-71.63545951453371, 19.1833693264515], [-71.63468042057028, 19.18320940940276], [-71.63360286744764, 19.1817626240164], [-71.63250329435219, 19.18198378552151], [-71.63122991563989, 19.183519214343374], [-71.62977938672505, 19.181813347493964], [-71.62764586375782, 19.18190758207569], [-71.62815925259673, 19.18372981303442], [-71.6271616800529, 19.184567160099085], [-71.62661589249353, 19.186367269654617], [-71.62803422965526, 19.18685889399821], [-71.62921936427085, 19.18655076307636], [-71.62907716050566, 19.188365837598177], [-71.63015130853434, 19.189276138892183], [-71.63310975953465, 19.18827070575945], [-71.6337349832393, 19.18923283811627], [-71.63502635077286, 19.18983295515491], [-71.63657950762914, 19.18936078574192], [-71.63684780008012, 19.1917341019755], [-71.63883920585317, 19.192580286446425], [-71.63843960568911, 19.193279546349068], [-71.63696861088884, 19.193951882979473], [-71.6369423362994, 19.195307965758293], [-71.63837964780053, 19.196070450541054], [-71.63904907358626, 19.196999732348768], [-71.63811143288538, 19.197494594026054], [-71.63799940316055, 19.198749493837717], [-71.63690753036407, 19.199246410387428], [-71.63680640860173, 19.20030319666111], [-71.63784931370647, 19.200990295843898], [-71.63763956459827, 19.201849500045135], [-71.63480377758898, 19.201922673300693], [-71.63438819316936, 19.202699882936002], [-71.63489917005153, 19.203489888854882], [-71.63420947294932, 19.204769564772356], [-71.63099008157829, 19.205759388005248], [-71.6296981296033, 19.205119298916863], [-71.62746041481962, 19.206119177697367], [-71.6272101952643, 19.20525929141979], [-71.62443186081836, 19.202935829742], [-71.62365355175419, 19.20427395861923], [-71.62392933904756, 19.20647943510069], [-71.6225426785263, 19.20652104611731], [-71.622152259384, 19.206957104476444], [-71.62252512167183, 19.20763643683279], [-71.62481122092275, 19.208353042939248], [-71.62589980462931, 19.207670890093496], [-71.62685611333455, 19.209126940292883], [-71.62764044662849, 19.20811053160496], [-71.63105160512853, 19.207575280102564], [-71.6320300062679, 19.207020638939703], [-71.63271943880363, 19.20741032743832], [-71.6327194345863, 19.20815970471884], [-71.63136986248524, 19.20909934937914], [-71.63054878839428, 19.20912009974058], [-71.62862008707071, 19.21131077554881], [-71.6300292673653, 19.212240307176188], [-71.62981100032981, 19.213333121805984], [-71.63121461753006, 19.215369644107852], [-71.63392940560492, 19.217220378887543], [-71.6345243729179, 19.22093334175934], [-71.6361593870485, 19.223270142045592], [-71.63605514254002, 19.225085235158897], [-71.6368794299537, 19.22517945809577], [-71.63787967679954, 19.224241117778476], [-71.63870331735804, 19.22559810391856], [-71.64035885180225, 19.2248612364291], [-71.64016918489484, 19.225550099308627], [-71.64068891300914, 19.226139765640937], [-71.63894609857326, 19.226738785864683], [-71.63823985407203, 19.227793895005828], [-71.63961916345276, 19.22942995448036], [-71.63847527400465, 19.230419491544808], [-71.63889926838935, 19.23172981482059], [-71.63764750930635, 19.23271833457418], [-71.63691040419884, 19.23261940315827], [-71.63599501658591, 19.231242150326448], [-71.63536873953147, 19.231316428603687], [-71.63565932087357, 19.2327899341366], [-71.63408120644233, 19.23515441811703], [-71.63365943236761, 19.237719644531275], [-71.63081540401079, 19.239818506143333], [-71.63089939326122, 19.242019681122553], [-71.62655402889841, 19.244663723940533], [-71.62564969262279, 19.24606942712036], [-71.62342024777215, 19.245989391403366], [-71.62218034950085, 19.24497006171789], [-71.62113911313466, 19.24529256312155], [-71.61920831856244, 19.24752440963389], [-71.61942940714528, 19.249249933852354], [-71.61890959294094, 19.25047943830987], [-71.61591866677428, 19.25096482525402], [-71.61600795767568, 19.252067877402883], [-71.61717933915133, 19.25323023749105], [-71.61709953465366, 19.253939094713772], [-71.61350369048512, 19.25193679676782], [-71.61114043800868, 19.25150945340226], [-71.60884587427579, 19.24656643739914], [-71.60828377973807, 19.246868465623866], [-71.60833945849657, 19.248229839788], [-71.6078296802138, 19.248889439704772], [-71.60655013905594, 19.24904928872304], [-71.60451023933324, 19.248044195435813], [-71.60380592247982, 19.248608497061436], [-71.60332955417141, 19.250409385334905], [-71.60097960474589, 19.250453338476426], [-71.6008613912796, 19.251151195697535], [-71.6018093577883, 19.252520081774783], [-71.60134953175671, 19.253749563087204], [-71.59967997848496, 19.25450935757426], [-71.59816582095438, 19.253963597881725], [-71.59764915812372, 19.254346301428246], [-71.59915421745868, 19.25857156508265], [-71.59881961151588, 19.25923956744494], [-71.5965937647337, 19.260079942489252], [-71.59620024027626, 19.26071224076929], [-71.59665055565186, 19.261968037553533], [-71.59734668088963, 19.262239494028737], [-71.59823975875504, 19.261770779375194], [-71.59876933228907, 19.262870001528206], [-71.5983695799733, 19.263709586671045], [-71.59719070806412, 19.264415328864178], [-71.59734933990033, 19.26621970390103], [-71.59577856607613, 19.267298144822156], [-71.59519330782263, 19.268285729185134], [-71.59527805371891, 19.269841330715167], [-71.59645943624284, 19.271770106393877], [-71.59635944136693, 19.272299668690376], [-71.59404416777978, 19.274272660969018], [-71.5945094669995, 19.27648962260057], [-71.59281546578191, 19.277267688029283], [-71.59186905638467, 19.278279740406504], [-71.59118746145033, 19.281824505681215], [-71.5913994010192, 19.283619637085483], [-71.5904099851305, 19.28398941314893], [-71.58573464349746, 19.282518758849093], [-71.5835903789487, 19.28293934380028], [-71.58326055176204, 19.28193997762504], [-71.58369243247031, 19.279934120340773], [-71.58266285121526, 19.278062619198916], [-71.58114992173759, 19.27856943460537], [-71.57874895295225, 19.278365660956545], [-71.5751752074158, 19.279375460529472], [-71.5739103111661, 19.280179093620138], [-71.57326993135428, 19.278380121623073], [-71.57216062044681, 19.277349679813273], [-71.57143535762962, 19.274984231872434], [-71.56958038946641, 19.274329456828788], [-71.56771265105897, 19.271902302926524], [-71.56483818253238, 19.271162047306458], [-71.56376037837671, 19.271252333609077], [-71.56216009990987, 19.272832981688566], [-71.56136962483403, 19.274949275723106], [-71.5605026140579, 19.274752032353803], [-71.55700108766729, 19.275703611189808], [-71.5558672008088, 19.27758133830254], [-71.55703936138163, 19.278920164085935], [-71.55687952989457, 19.279399430655197], [-71.55408020239723, 19.279769373441784], [-71.55088885609926, 19.276793707090768], [-71.5474904634918, 19.27634942771619], [-71.5469805962243, 19.274870082104503], [-71.54750449695523, 19.27373294644971], [-71.54578849341681, 19.27216458366823], [-71.54422469808512, 19.271984092081745], [-71.54329787565649, 19.272778013037208], [-71.54261977682019, 19.27434909427878], [-71.54078495967931, 19.27289830766052], [-71.54009867383148, 19.27306483258905], [-71.53984960715934, 19.273659246102643], [-71.53901049120824, 19.27334948898726], [-71.53847068473777, 19.272149425145017], [-71.53733069590267, 19.271639636461565], [-71.53766074635236, 19.269967579647652], [-71.53671053874649, 19.268709824001192], [-71.53647627554642, 19.267196346025933], [-71.53517995740042, 19.267669356224147], [-71.53387647777684, 19.267183911596998], [-71.53347940941586, 19.26792951013079], [-71.53212029936743, 19.268079404767207], [-71.53075314519175, 19.265370733648172], [-71.5283715001034, 19.266154710538952], [-71.52645055826649, 19.26741896628252], [-71.52628166933802, 19.26567882875678], [-71.52530013115386, 19.265659411903236], [-71.52236512611071, 19.26371876513601], [-71.52153016580147, 19.26454325331851], [-71.52195929370073, 19.266089892607763], [-71.52061979089608, 19.268062075064393], [-71.52113922086512, 19.26979955856072], [-71.51809349698279, 19.270107812208284], [-71.51736957769371, 19.271799554367472], [-71.51527702023817, 19.272434705403587], [-71.51463954427828, 19.273589476960275], [-71.51347993334957, 19.273959464095704], [-71.51080014520996, 19.27381720275713], [-71.50959989018727, 19.27498931767251], [-71.50780698039902, 19.274009528586056], [-71.50570022655023, 19.273769457281286], [-71.50343414521967, 19.27229483382511], [-71.50261953302125, 19.27409947609924], [-71.50212013171141, 19.274169444852472], [-71.50118043918815, 19.27351964188438], [-71.5004963784157, 19.272135400486167], [-71.49867040155145, 19.271779481081367], [-71.49687066696096, 19.267799853015863], [-71.49686055751437, 19.266700217146433], [-71.49858120429796, 19.265150360390173], [-71.49697354207426, 19.26373787823479], [-71.49742047911157, 19.262210471210643], [-71.49886782794829, 19.261572195496388], [-71.49921051864114, 19.25842026844041], [-71.49979276095598, 19.257723855770525], [-71.49937667314865, 19.257084773680987], [-71.49816025967756, 19.257019460402294], [-71.49640068813653, 19.25491995016117], [-71.49809639673906, 19.252152843491963], [-71.49774321359877, 19.25143240613555], [-71.4935154204668, 19.252592535264615], [-71.4925523782701, 19.253788126039986], [-71.49324923050666, 19.255129907057775], [-71.4915699963491, 19.256839174880195], [-71.49111878411773, 19.25525400770044], [-71.48988038098163, 19.255629056625217], [-71.48910488468236, 19.254341247729045], [-71.4882140917072, 19.25502918827894], [-71.48849928441429, 19.256579389399235], [-71.48555141889915, 19.255435393607684], [-71.48559423571638, 19.25400977948795], [-71.48475027658057, 19.25341639287932], [-71.48295969533672, 19.25407967821294], [-71.48212991806442, 19.255119186454483], [-71.48030808462774, 19.253719868686947], [-71.47891040363218, 19.255188654172038], [-71.47873749342133, 19.254107161726917], [-71.47801479137082, 19.253870787210083], [-71.47741973991687, 19.25444930825504], [-71.47653880198163, 19.25435650351236], [-71.47638786201203, 19.25502074314212], [-71.4746998105743, 19.255089361175674], [-71.47207997296422, 19.25428280166566], [-71.47080974169683, 19.255669401868694], [-71.4703119233072, 19.25563093516135], [-71.46859897424473, 19.253750704392026], [-71.4677999456813, 19.253909355952445], [-71.46589037714325, 19.25319950471774], [-71.46325076055238, 19.24954775860626], [-71.46238702288801, 19.249040114080554], [-71.46037987755413, 19.24901187928523], [-71.45807990759307, 19.25022938230804], [-71.45645033362364, 19.249909488592042], [-71.45516365893113, 19.248081712187584], [-71.45310035704394, 19.247269525305985], [-71.45146397960768, 19.245076512322676], [-71.44845031770329, 19.24317964699259], [-71.44640935802008, 19.240708205301484], [-71.44434354266383, 19.240643017332168], [-71.44231979735825, 19.242169503415596], [-71.44144028434658, 19.24226932554596], [-71.43950511789308, 19.239834622755037], [-71.43778102309955, 19.239977719089353], [-71.43314008588005, 19.24403916334071], [-71.42890450016394, 19.23839131099131], [-71.42688777079856, 19.237690272261254], [-71.4208701807885, 19.237249441126743], [-71.417160349293, 19.234959628929406], [-71.4157406689376, 19.23273978790496], [-71.4155730226334, 19.231554472409194], [-71.41291050906464, 19.22954955226923], [-71.4115252596832, 19.227118385975903], [-71.41026031881037, 19.226279653761296], [-71.40658880088877, 19.2214910818673], [-71.40320529178418, 19.218307326350498], [-71.4019027631136, 19.217780878817564], [-71.39837382961171, 19.217533877123813], [-71.3955088519799, 19.218137182368544], [-71.39370022764948, 19.21767953112482], [-71.3912826435842, 19.21574448193412], [-71.38954992089495, 19.21632948599684], [-71.38479026137618, 19.21586931425426], [-71.38255043676439, 19.214229559433086], [-71.37793745681253, 19.2080766229927], [-71.36928030947958, 19.20476950138743], [-71.36481054438813, 19.20061965051366], [-71.36235057525289, 19.193169926400696], [-71.36249612843548, 19.19074555234222], [-71.36202814401592, 19.190013944620794], [-71.36004665759268, 19.18973604563379], [-71.35826049658154, 19.190081721509838], [-71.35196004062445, 19.192489382971168], [-71.34752268854173, 19.190086483863464], [-71.34646193362782, 19.1900305306357], [-71.34161985627645, 19.19290947249281], [-71.33978016759194, 19.19288937620289], [-71.33383036534114, 19.189529529435283], [-71.33216109716979, 19.187820307193544], [-71.32650030405662, 19.18592946635055], [-71.32574944030577, 19.18527819816028], [-71.32494046265346, 19.184229762598125], [-71.32385307260805, 19.18069718720842], [-71.31927063333292, 19.176139592567086], [-71.31762767897213, 19.172352679644515], [-71.31597985472281, 19.17307938503202], [-71.30236613076886, 19.17285950632898], [-71.30070452358854, 19.173348714882717], [-71.2987398019167, 19.17490948472368], [-71.2946001463435, 19.175039964621288], [-71.29288981328372, 19.17605951679439], [-71.2897681284204, 19.176648823537157], [-71.28645015580254, 19.176319387821238], [-71.28369245171915, 19.175155259390397], [-71.27970555217887, 19.171647434350465], [-71.27460395975882, 19.169751060257603], [-71.27169003612742, 19.169719567371484], [-71.26648047405853, 19.168409419504954], [-71.26374917365823, 19.16923442339498], [-71.26146989762732, 19.170919383559273], [-71.2566663684884, 19.169449273954466], [-71.25158985566466, 19.172369369011783], [-71.24818722084588, 19.17211492461272], [-71.24683999846964, 19.172439401202542], [-71.24169407686425, 19.171204720609477], [-71.23984228211643, 19.171328863715644], [-71.23537970604013, 19.173429111888368], [-71.23244351080197, 19.1740172978396], [-71.22833472718166, 19.173503441314587], [-71.22540102234285, 19.17446231343364], [-71.22215975342213, 19.176299444777122], [-71.21704989634179, 19.177989567130396], [-71.20621008646253, 19.178709364270343], [-71.20341036499512, 19.177729334285658], [-71.18851051448472, 19.16455965914051], [-71.18760064800344, 19.161979975176777], [-71.18900189927993, 19.15671238850848], [-71.18907913947915, 19.154067936013536], [-71.1882557505794, 19.15247219960574], [-71.18441886639029, 19.150382775415924], [-71.17872033144175, 19.148749524584108], [-71.1762155333692, 19.145438591488706], [-71.17508182822412, 19.14508516248119], [-71.17086001116726, 19.145339544661336], [-71.16737018101809, 19.14464940418709], [-71.15748034836415, 19.14052943092326], [-71.15503048664341, 19.13844970831634], [-71.15380602562051, 19.132840519076378], [-71.15055054466814, 19.12910968612567], [-71.14919946208954, 19.125249636327748], [-71.14563895437311, 19.12330253059326], [-71.14087028573438, 19.121889457129885], [-71.1363023802283, 19.11818828808588], [-71.1323503034125, 19.11718952350438], [-71.13165055568794, 19.116319711778395], [-71.13097069539324, 19.113949951604326], [-71.13178386930122, 19.108175246844485], [-71.13156175673912, 19.10675201002708], [-71.1284605807529, 19.100309847589894], [-71.12836082015038, 19.098690043430366], [-71.12919069455775, 19.093780195855263], [-71.12997857909602, 19.091788051167462], [-71.12989053657935, 19.089530145741676], [-71.1334139215759, 19.08432470581691], [-71.13348111900376, 19.083324427270526], [-71.13216051984723, 19.08099981949667], [-71.13161913408506, 19.07794198250844], [-71.13034685192325, 19.07717894164127], [-71.12789030143293, 19.076809510439073], [-71.12655285605652, 19.07487956896086], [-71.1228203872641, 19.07365945314427], [-71.12150041875711, 19.071919784080325], [-71.12066555346141, 19.06960436772155], [-71.11708034104969, 19.06799946681111], [-71.1136152140135, 19.06496577533065], [-71.11017041731508, 19.06323941859694], [-71.10831912399217, 19.061423009942303], [-71.10685512584163, 19.06075848929418], [-71.10419023256284, 19.06078941090194], [-71.09950403636911, 19.056333411163966], [-71.097541436623, 19.056440227432272], [-71.09159977599242, 19.059709387707713], [-71.08781012791604, 19.060469362170622], [-71.08548918246669, 19.057986802814355], [-71.0800602557777, 19.056139541302926], [-71.076457915215, 19.053209127864385], [-71.07514725038031, 19.053302108312828], [-71.0712999114936, 19.054889429640877], [-71.06964023459334, 19.05474941429919], [-71.06288686132554, 19.049316247857373], [-71.0570202843758, 19.046799588087442], [-71.0523603827048, 19.04150971802922], [-71.04972033093948, 19.036189865868714], [-71.04854070884566, 19.03250000321453], [-71.05016641921826, 19.02632764522477], [-71.04665987910744, 19.022130327824314], [-71.04440376300221, 19.021980442343295], [-71.03741005835067, 19.023939314602224], [-71.03581044157012, 19.023179427713792], [-71.03403741001483, 19.021109576364157], [-71.03140192861824, 19.020406900722463], [-71.03029385707593, 19.020872645351655], [-71.0274394963336, 19.02389940696338], [-71.02492970514463, 19.025589364071724], [-71.01824988658795, 19.02747935159835], [-71.01429292243103, 19.0277703217961], [-71.00932984802456, 19.030349510241425], [-71.00578003434404, 19.030779464014625], [-71.00113015344515, 19.029599559091974], [-70.99971061083654, 19.02880962117114], [-70.99944255521841, 19.02330167066923], [-70.99890712699234, 19.02205130429317], [-70.99837640591619, 19.021890269559133], [-70.99628943516407, 19.02545961511156], [-70.99346940806996, 19.028789365078207], [-70.98443960852126, 19.03540931697424], [-70.97946984657536, 19.03755953699703], [-70.97280364321662, 19.038541971712284], [-70.96447971268671, 19.044339303195223], [-70.96093011068861, 19.044959368972382], [-70.95886029007596, 19.043771339797473], [-70.95327619360626, 19.038815314543726], [-70.9489295816273, 19.037141395736523], [-70.94032024563862, 19.03525949204035], [-70.93653518564834, 19.03216463166201], [-70.93307760233404, 19.03053761258749], [-70.92371477591693, 19.027913477350552], [-70.91262037916233, 19.0231595433388], [-70.90987253910879, 19.0190669504498], [-70.90584046348401, 19.015489676167892], [-70.90438280324143, 19.01190095128252], [-70.8995344578428, 19.00809916029385], [-70.89566040969564, 19.005769548503764], [-70.89429768021272, 19.00393037109016], [-70.89353700841242, 19.000660502235984], [-70.89140743871138, 18.99673948236806], [-70.89094059880608, 18.994819973610436], [-70.89135008661, 18.9919925624907], [-70.89087869665997, 18.991221073959146], [-70.8862415623656, 18.991261658133087], [-70.88452068479398, 18.992001274352553], [-70.8798024051389, 18.995023959051693], [-70.87491957970862, 18.99997948616485], [-70.87025986332803, 19.00240945498358], [-70.86468295460423, 19.002469860952367], [-70.86163592540554, 19.0011845092488], [-70.8604876691932, 19.001657297115415], [-70.853534625649, 19.000133205908732], [-70.85161158616292, 18.999195672392258], [-70.85021358667743, 18.9945758582088], [-70.84821693070377, 18.99306130266745], [-70.84442815369825, 18.991662344226754], [-70.84297049827899, 18.990719501179715], [-70.84185951500173, 18.989173315129257], [-70.83772123894794, 18.98923940530313], [-70.84026296593805, 18.986215619747277], [-70.84082049357157, 18.983400430357367], [-70.84547006392671, 18.98165867935038], [-70.8459746466288, 18.97883805594671], [-70.8437207488979, 18.9776697120514], [-70.8443688147308, 18.976167700134482], [-70.84436052622534, 18.973930144321375], [-70.84573080737384, 18.971620781729165], [-70.84583059247996, 18.96921043983056], [-70.84718036820244, 18.96862763063129], [-70.8475716836447, 18.966264076600403], [-70.8441404992925, 18.964419621782202], [-70.84390066351733, 18.96303019283921], [-70.84452891635942, 18.962017833827716], [-70.84319057777319, 18.960039889368083], [-70.8436216407634, 18.95795970672397], [-70.84169082735819, 18.956870106796934], [-70.84236414890567, 18.95610576307984], [-70.84147108535555, 18.953796178919724], [-70.83914971383219, 18.953223588814296], [-70.83797991166634, 18.95409935871506], [-70.83275083094951, 18.95168977223409], [-70.83348257517632, 18.95041647030859], [-70.83159070641867, 18.94593991477023], [-70.83189096624957, 18.942580880086], [-70.83106164913922, 18.939739792535914], [-70.82905800615231, 18.938517013063244], [-70.8269701592994, 18.938919271414846], [-70.82624809590443, 18.93807942673804], [-70.82574065457007, 18.936519993540454], [-70.82635373103467, 18.9343628389152], [-70.8256208709565, 18.932760430793014], [-70.82716987196487, 18.932440647976968], [-70.82898264091041, 18.93319339413295], [-70.83023034814931, 18.930330593016926], [-70.83019067701517, 18.929020222981567], [-70.83079999844226, 18.92827091510238], [-70.83227131614407, 18.930026590467], [-70.83429982554365, 18.93004055279713], [-70.83578050333651, 18.930984878343512], [-70.83686038733116, 18.928520615427626], [-70.83945589360874, 18.92886189835843], [-70.84054862909557, 18.927110052931532], [-70.84046756030021, 18.92632069120698], [-70.8393305189414, 18.92516974574944], [-70.83886873212239, 18.921614015451436], [-70.83716066511397, 18.91885995475953], [-70.83793136621068, 18.91710529513778], [-70.83822052975592, 18.913200494601135], [-70.83946872874964, 18.91295846148356], [-70.84020750885782, 18.911637957365514], [-70.839921916163, 18.91042244771686], [-70.83831051074276, 18.908049829226822], [-70.83822063231248, 18.906170540669386], [-70.83986941204952, 18.906036769612086], [-70.84019284652506, 18.90549217009202], [-70.83963292028633, 18.904285160250602], [-70.83811045762428, 18.902839724478028], [-70.83775062311467, 18.90152995672223], [-70.8380304826181, 18.89938061103843], [-70.83901823168036, 18.89899109298331], [-70.83853636976113, 18.896604409558414], [-70.83589057639159, 18.894529626347737], [-70.83511065048648, 18.890989958266417], [-70.83561087211945, 18.88537018412425], [-70.83615061416994, 18.883780368272532], [-70.83730340087735, 18.882495845047682], [-70.83731918000466, 18.881260294055323], [-70.83397723634752, 18.87619573884705], [-70.82961030341825, 18.87365963660422], [-70.82655850651403, 18.8700500632617], [-70.8257366362961, 18.867241737346035], [-70.8230504898008, 18.862809762149688], [-70.82155077507568, 18.85880980557658], [-70.82116058408529, 18.855890006958546], [-70.8214143972834, 18.854129747960112], [-70.81924061717659, 18.845659936517766], [-70.81931077271872, 18.843683511716616], [-70.81848718519927, 18.84139138181743], [-70.8166432719933, 18.838496463604468], [-70.81588906335443, 18.837717809089316], [-70.8061554184571, 18.833205386058378], [-70.79993025154675, 18.832619394940355], [-70.79622490084792, 18.829524640005186], [-70.79251757862514, 18.82772608778768], [-70.78559156454047, 18.827480723796995], [-70.782590608179, 18.82417983844034], [-70.78280668398047, 18.82291220326913], [-70.7811577837266, 18.818924965683618], [-70.77966666175065, 18.815542845313523], [-70.77837041990094, 18.814189716104277], [-70.77580795775702, 18.808384044333724], [-70.77242027822925, 18.80442979459864], [-70.77052052431186, 18.801409767008646], [-70.76914715611879, 18.79655115331475], [-70.76723065351042, 18.792999731726628], [-70.76591860273538, 18.788500526685578], [-70.76346114822036, 18.783252159591413], [-70.75877054153058, 18.77927957626026], [-70.75532543743849, 18.772396932680923], [-70.7525231182957, 18.77126603112345], [-70.74211173343117, 18.77180938421878], [-70.7334246188984, 18.77144741866319], [-70.7233700917403, 18.769759631776704], [-70.71395607402881, 18.766621915339957], [-70.70985394017794, 18.766648453394545], [-70.70538103292985, 18.769881172751845], [-70.70034976832838, 18.7750693738252], [-70.69981008649248, 18.775019525151446], [-70.69868041940933, 18.774599506324815], [-70.6974205452608, 18.772389814956316], [-70.696413378751, 18.76757113455154], [-70.69254051847415, 18.765619649103552], [-70.69211303912556, 18.761512503707536], [-70.6854702539312, 18.75863960808828], [-70.68398049193189, 18.75725970492855], [-70.6828406123895, 18.752919902857094], [-70.68260058676113, 18.748770051486876], [-70.68352071366891, 18.74489030115512], [-70.68481395270891, 18.742773040001797], [-70.68388060638115, 18.739180100421745], [-70.68517035259669, 18.737270359422368], [-70.68774944974282, 18.735708540680022], [-70.68876589323405, 18.732643555026588], [-70.68715752926211, 18.729521673852286], [-70.68314064128941, 18.724789657845538], [-70.68269063698517, 18.723199920502566], [-70.68273040184788, 18.720192726278455], [-70.68183447507298, 18.718013094171624], [-70.67846064524718, 18.71361976719028], [-70.67837067199699, 18.711200189288903], [-70.6819904313942, 18.705750539719798], [-70.68753458791048, 18.703541251417885], [-70.68782563062338, 18.702757459624113], [-70.68732059482691, 18.699100149899294], [-70.68912588150131, 18.69661667816804], [-70.68956053090984, 18.69371030828978], [-70.69092755970453, 18.692603290665577], [-70.69160050182525, 18.689910402781464], [-70.6940291571367, 18.688679852418055], [-70.69574864342393, 18.685656475254294], [-70.69514645396957, 18.685187594398403], [-70.69211013123379, 18.686459312473456], [-70.6903083642756, 18.68489420155931], [-70.68912998762279, 18.68572927348293], [-70.68758793965802, 18.684559607242917], [-70.68335023696525, 18.68358948503478], [-70.67957270706687, 18.68061325015763], [-70.67864052615363, 18.67974969035426], [-70.67771710331155, 18.67607013119347], [-70.6751607861732, 18.672640138119796], [-70.67620114527605, 18.6719297052404], [-70.67623730835473, 18.67133766929119], [-70.67374046443032, 18.669189709006034], [-70.67314244275123, 18.667013971802024], [-70.66831283572388, 18.664291610255614], [-70.66452055361448, 18.65984961870892], [-70.66147062048836, 18.654259872872274], [-70.66173063518289, 18.65154023382537], [-70.66336106482962, 18.649096536460956], [-70.66188069981165, 18.646659961411302], [-70.66356569440568, 18.644015474325972], [-70.66288100003314, 18.643070055694945], [-70.66414050838655, 18.642015391239664], [-70.66354409600318, 18.640699046039224], [-70.66226064591325, 18.640329558808304], [-70.66243723428842, 18.638882794120565], [-70.66187074272635, 18.638089937721013], [-70.66264189684387, 18.636724988167956], [-70.66255382395477, 18.635881751814185], [-70.65994079947961, 18.632660075556167], [-70.6612665171058, 18.631506278558618], [-70.66236206288121, 18.62789642248453], [-70.66135074930469, 18.626110151191163], [-70.66257694950393, 18.625168719731473], [-70.66266784626637, 18.62273030743668], [-70.66160080474138, 18.621580002871106], [-70.66509021751538, 18.6183199690217], [-70.66617057271655, 18.61514024680825], [-70.66670015958448, 18.61462068021774], [-70.66804038863681, 18.614512693600677], [-70.66999300273132, 18.610303540613867], [-70.66988577483791, 18.60906008051291], [-70.66765066573457, 18.60655977578386], [-70.66771050646268, 18.605860426586155], [-70.66880779734907, 18.60548322101088], [-70.66921055625927, 18.603420409737723], [-70.67330416542197, 18.600134129233968], [-70.67361578435269, 18.59917382419343], [-70.6714904670122, 18.59613978071596], [-70.67102008184645, 18.593904040946406], [-70.66940033083745, 18.593399471622746], [-70.66744166311817, 18.590927469200114], [-70.66535555192715, 18.589328702191967], [-70.66303049069947, 18.589449401516916], [-70.66261642116143, 18.585830074505285], [-70.66218137491971, 18.58522638366286], [-70.65954040188126, 18.5854194817488], [-70.65879378530744, 18.58348780196087], [-70.65808017983517, 18.583519161447676], [-70.6574067383215, 18.582481373150497], [-70.65625026238791, 18.582399372752352], [-70.654634272613, 18.58094022913754], [-70.6499702667681, 18.580659385149126], [-70.64434709826797, 18.57531432575228], [-70.64312167025594, 18.575067761450747], [-70.64001048720553, 18.576049250010897], [-70.6397102618482, 18.57432026538835], [-70.63659047440409, 18.5725196527369], [-70.63604210778719, 18.570317698234618], [-70.63367048237467, 18.569549495737096], [-70.63335957871097, 18.567900410593083], [-70.63266564586434, 18.5671966717805], [-70.6290605647813, 18.56565962248775], [-70.62897725366544, 18.56331311684592], [-70.62770042226377, 18.56228958671446], [-70.6251607235761, 18.558799914190573], [-70.6258117030975, 18.557204699434504], [-70.62563069888525, 18.55599013200102], [-70.6270711275526, 18.5536008413345], [-70.62713615668575, 18.551053584609814], [-70.62566045666375, 18.550109569750582], [-70.6237007248567, 18.546398994450627], [-70.62063993721836, 18.54793940751688], [-70.61897050458336, 18.54738955979785], [-70.61847510337797, 18.544713483173258], [-70.61738048712654, 18.54340976285932], [-70.61692991664876, 18.540956553663154], [-70.61499072802201, 18.538939898725914], [-70.61527519718526, 18.538105856883227], [-70.61420045575697, 18.536979733078372], [-70.61362940133606, 18.534892305862517], [-70.61148739704939, 18.531992449595283], [-70.60980480306608, 18.530589217048544], [-70.60879684085889, 18.530094959327805], [-70.60768980944911, 18.530849446897058], [-70.60612994259586, 18.530889533763318], [-70.60213976116002, 18.53360944202942], [-70.5988575047089, 18.534313180742082], [-70.59707977560107, 18.53571945606136], [-70.59517002512108, 18.53591940271833], [-70.59260031515639, 18.535429413488334], [-70.59093371733499, 18.533768246120513], [-70.58543066568632, 18.53177961050041], [-70.58591059730834, 18.52878464761682], [-70.58486077688875, 18.52712011564412], [-70.5862307336104, 18.525705596288784], [-70.58432059088858, 18.523729707223566], [-70.58392533205117, 18.52219251020699], [-70.58188309567277, 18.52237537428442], [-70.58073984318818, 18.523439354390973], [-70.5780142830952, 18.522651934066552], [-70.57688983271392, 18.523219292132588], [-70.57398022019639, 18.52313811523468], [-70.57215992020976, 18.52394936945526], [-70.56980025880945, 18.523539265833357], [-70.5639201040486, 18.52080840459688], [-70.56110031345945, 18.520599478406503], [-70.56040057695887, 18.519479782170873], [-70.55989782257325, 18.51663405349569], [-70.55786467859132, 18.51377536466672], [-70.55587967409441, 18.51246504763067], [-70.55466472715074, 18.51301255324396], [-70.554299227484, 18.515999774794963], [-70.55353957892353, 18.517559689430822], [-70.55273973109398, 18.518309345313124], [-70.55122077761338, 18.518349403046734], [-70.55183865338876, 18.515736084205496], [-70.54922048168693, 18.51457947298432], [-70.5457628471771, 18.507719022556607], [-70.54387047023604, 18.507079517386263], [-70.54290859327469, 18.504395481467526], [-70.54158031894022, 18.504089361080148], [-70.54053011043007, 18.503199043522486], [-70.53816034826421, 18.502749503001137], [-70.53463613452494, 18.49745248990888], [-70.53265013094861, 18.497619370769304], [-70.5307989850258, 18.49669128151707], [-70.52887951185922, 18.49951946719667], [-70.52758023407517, 18.500189192949268], [-70.52629057930152, 18.49798993548314], [-70.52684222045131, 18.496221853025663], [-70.52664195693718, 18.495475965692403], [-70.52472551473723, 18.493688586966247], [-70.52322291109866, 18.4935988623065], [-70.52210979698457, 18.494509377829843], [-70.51743774980021, 18.49415197439152], [-70.51297012044603, 18.49620934547247], [-70.51021030650122, 18.493394291934873], [-70.50759017804623, 18.492769569612502], [-70.505030663671, 18.49114974044254], [-70.50546055416174, 18.489540273733592], [-70.50657342255919, 18.488032754608042], [-70.505760675944, 18.485960016343515], [-70.50659047437922, 18.4843405261023], [-70.50793011304135, 18.48382072231065], [-70.51043593877033, 18.48395123322979], [-70.51190650634133, 18.48307509786294], [-70.51152056331883, 18.47923020978924], [-70.51273433671858, 18.47745342003265], [-70.51231762275067, 18.472940457739078], [-70.51198965627566, 18.47205117822307], [-70.51116185619918, 18.47175573569576], [-70.50924991563542, 18.473453533281248], [-70.50884042082919, 18.473259588351464], [-70.50754335427129, 18.470535872223678], [-70.50591053912143, 18.46918956343728], [-70.50492658420674, 18.467581140061178], [-70.5030097214498, 18.469689366880573], [-70.50154032578638, 18.46949947861641], [-70.5010006755114, 18.46867991069103], [-70.50228520329973, 18.464723972276612], [-70.50143060198506, 18.459950216497006], [-70.50355393433634, 18.458132171593938], [-70.50385305010921, 18.45606827926029], [-70.50316553841007, 18.45462674917613], [-70.50135983958157, 18.455319440145093], [-70.49981010702122, 18.45530949681896], [-70.49855063509804, 18.45468964083157], [-70.49835638221317, 18.453325554942445], [-70.49712998656199, 18.454069208331454], [-70.49630061064374, 18.45327981998095], [-70.49692050423513, 18.450710199141927], [-70.49841952395379, 18.447876425820425], [-70.49806874090578, 18.446949258047773], [-70.4949404889843, 18.44580952277573], [-70.49450053255208, 18.44448990176317], [-70.49445053752682, 18.443330090017042], [-70.49606262139567, 18.439708136308948], [-70.49637623359784, 18.43555296037433], [-70.49381326712802, 18.427390790200562], [-70.48717906091619, 18.423492072663933], [-70.48009035141732, 18.421059262110656], [-70.47374028219036, 18.417089625189977], [-70.47068061784873, 18.4138196305343], [-70.4693806140502, 18.409969921176987], [-70.46968071127992, 18.405710127794606], [-70.47122558838953, 18.400411284997215], [-70.4704005517018, 18.395120067097192], [-70.47147060714379, 18.392590335968784], [-70.47352224487211, 18.389598548859112], [-70.47384983295824, 18.3881604528406], [-70.47333054148015, 18.384810083267823], [-70.47406050363688, 18.38344037461985], [-70.47772734250732, 18.379797880597273], [-70.47943980549492, 18.377057910118662], [-70.48662742425464, 18.36819182536229], [-70.48645063437354, 18.367050046393327], [-70.48842769266771, 18.363099117111712], [-70.490186022354, 18.356661251368678], [-70.49051038848027, 18.35075136357303], [-70.48817047991167, 18.344029878759525], [-70.48775035355246, 18.337987714052357], [-70.48794665664575, 18.331076070062778], [-70.48718062531175, 18.328339888741024], [-70.48682081474672, 18.32357007828588], [-70.48822646557133, 18.31843469740212], [-70.49110861751112, 18.311609536503525], [-70.49324050588427, 18.303170178848763], [-70.49502775646164, 18.300078981955565], [-70.49680774538812, 18.2948445626402], [-70.4982504893085, 18.29197038235157], [-70.50241022287078, 18.288400476485464], [-70.50492000506364, 18.28798070233012], [-70.51209277500877, 18.289013111167716], [-70.51474147253757, 18.287732591935214], [-70.51810031483575, 18.284100420653893], [-70.52355012407226, 18.28140053622515], [-70.53699549768169, 18.281472029458314], [-70.53949982479817, 18.28180050090257], [-70.54114211936871, 18.282852016014036], [-70.54420221050425, 18.28291890619251], [-70.54855007063442, 18.2820006412422], [-70.55718079369272, 18.281913933095495], [-70.5585394648699, 18.281545760218123], [-70.56334019564774, 18.278670694927204], [-70.56790993439851, 18.278630682026705], [-70.57342028440276, 18.279746674012664], [-70.58000418400313, 18.27955074852107], [-70.58181403514745, 18.278409874019417], [-70.58470032828802, 18.275000330091444], [-70.58797980354748, 18.272707128219086], [-70.58913950682157, 18.273460485572976], [-70.59203948805609, 18.278000155274103], [-70.59223932088246, 18.287739833054015], [-70.58930934297346, 18.29306953485784], [-70.58695136098581, 18.29571102814357], [-70.58313882161136, 18.30173246255377], [-70.5827093707671, 18.305159827139466], [-70.58090956125886, 18.309179584729396], [-70.57896986658145, 18.310179459649262], [-70.57414901926637, 18.310230573369513], [-70.5726912668071, 18.311265510604557], [-70.57193277740845, 18.313540529152053], [-70.57158306996166, 18.317752721894145], [-70.57231727513494, 18.328712494135694], [-70.57478940595156, 18.332680195595824], [-70.57535973724313, 18.340771626991277], [-70.57515946973284, 18.34960983505334], [-70.57372964509948, 18.35178940090635], [-70.57119303423134, 18.35202679988893], [-70.57037708839208, 18.35348468686547], [-70.56983821692694, 18.358468159230814], [-70.57103930100261, 18.362439991234027], [-70.57031486153733, 18.364666221420784], [-70.57091925580052, 18.368109970141695], [-70.57052579442045, 18.369738450751665], [-70.57095901676784, 18.3718662575194], [-70.57201849021679, 18.37346774238026], [-70.5739165786576, 18.376235142541315], [-70.57604965356585, 18.37785032510616], [-70.57851933136273, 18.381620219800737], [-70.57892689288886, 18.388983768866588], [-70.57954926519088, 18.3912000469723], [-70.57913403690928, 18.394090582256947], [-70.57992547973012, 18.398579313251954], [-70.58120938766965, 18.399780262983846], [-70.58104485938692, 18.40390667286545], [-70.58180230517698, 18.405891727316263], [-70.58798717476007, 18.413050389100984], [-70.60121656891992, 18.419031076227775], [-70.6145137862431, 18.42218285839479], [-70.61740005063764, 18.421370690951978], [-70.61965620049087, 18.42161305036837], [-70.62023649395437, 18.421014056533764], [-70.61943074251101, 18.41939013548846], [-70.61988020668211, 18.41901052460778], [-70.62392978118883, 18.418810555983434], [-70.62499934799067, 18.419910156758576], [-70.62454006168306, 18.421432266040206], [-70.62481071364165, 18.421927628600066], [-70.62635381063396, 18.421924367984413], [-70.62751959774391, 18.42096063149769], [-70.62822138103195, 18.4224919167263], [-70.63100980582959, 18.423060491969487], [-70.63507537863276, 18.425581850830323], [-70.63797976905771, 18.425650671135156], [-70.64026499371445, 18.427323152345124], [-70.64952468455708, 18.427818862059425], [-70.65231955410326, 18.427687122383503], [-70.65545970904809, 18.426850705993424], [-70.6563060107947, 18.42807922377608], [-70.65853992758103, 18.42805048865007], [-70.66225967876933, 18.429300440052128], [-70.66364894207189, 18.431119655722718], [-70.67261987542032, 18.431168386357694], [-70.68351961979529, 18.429438430493562], [-70.68980378864785, 18.427359549236044], [-70.69098291768363, 18.426215263492967], [-70.6914974575505, 18.423957840654225], [-70.68889047659542, 18.42128969162358], [-70.68857066412836, 18.420380072460052], [-70.6891102440716, 18.419510763602606], [-70.69068931058673, 18.42015108419662], [-70.69187481006792, 18.419880530349168], [-70.69261046888238, 18.417480252679884], [-70.69427039411242, 18.415760586297903], [-70.69782013320227, 18.414340548401135], [-70.70087054322607, 18.41402779280199], [-70.70200640489377, 18.413444729255716], [-70.70250043886622, 18.412350540891904], [-70.70342986973509, 18.41218061505165], [-70.70500769841227, 18.41318877363616], [-70.70612835204393, 18.4128367438153], [-70.70852364307682, 18.41123072201252], [-70.71062180028261, 18.408767348982646], [-70.71061891135481, 18.408195171929403], [-70.70927064413026, 18.406639687912456], [-70.70900070814248, 18.405210091524484], [-70.71021408909095, 18.402649657272818], [-70.7101753226318, 18.401491385886974], [-70.70923996213806, 18.400416196776664], [-70.70729024159675, 18.399829543280337], [-70.70646067452735, 18.399079736598363], [-70.70657059915517, 18.397880366197523], [-70.70768255787429, 18.397134038790554], [-70.70817015160294, 18.395627105853677], [-70.7054107036252, 18.39208988371661], [-70.70593011636484, 18.390009484095525], [-70.70561854682961, 18.388070495485827], [-70.70352032930573, 18.387549462575816], [-70.70314056350787, 18.387029826871643], [-70.70330067562703, 18.382450207406418], [-70.70769043291081, 18.37546057761204], [-70.70897710873382, 18.374946554819164], [-70.70910054643153, 18.373080240844395], [-70.71012997777468, 18.37205657942013], [-70.71207045110229, 18.368500521548363], [-70.71325757024069, 18.368018447596373], [-70.71467049539126, 18.365560387364752], [-70.71721031335858, 18.363160440981662], [-70.72041016732395, 18.36150057304946], [-70.72317912087735, 18.361141478306994], [-70.7235810708024, 18.360550617943876], [-70.72366063570895, 18.35769029685911], [-70.72693027259733, 18.35480051860426], [-70.72963986183537, 18.354115761230496], [-70.73338021144517, 18.351930448737207], [-70.73717739984109, 18.350536067048814], [-70.73964670341735, 18.348761734933422], [-70.73999041828057, 18.34785052226751], [-70.74180609772625, 18.347699212600634], [-70.74356783236439, 18.34675823224647], [-70.74401035030331, 18.345920540837056], [-70.74816989795904, 18.345890677685205], [-70.75472402261668, 18.348202768764303], [-70.75609998356308, 18.347980549900196], [-70.75979135823845, 18.34896934229991], [-70.76275999840185, 18.348400652316467], [-70.76462839789404, 18.348769345815636], [-70.76793782671724, 18.347546115679215], [-70.77484993821045, 18.346040557040492], [-70.7757264734518, 18.3463206399939], [-70.77636033858117, 18.345220634362665], [-70.78253965653637, 18.345326558797108], [-70.78806265439673, 18.34411381978989], [-70.79181998522772, 18.343830611512285], [-70.79367975641655, 18.344060692217454], [-70.79642942184971, 18.345760306371627], [-70.79638944276618, 18.34669974632818], [-70.79401287975895, 18.349108654299904], [-70.79573739595286, 18.35205192654476], [-70.79973140084529, 18.3535217371939], [-70.80404809839615, 18.35346087633786], [-70.80714830186946, 18.352166994238676], [-70.81137460757942, 18.34901219083599], [-70.81139054848323, 18.346857555839218], [-70.80992058746408, 18.345499671318883], [-70.80974171971464, 18.34436098706566], [-70.81036049437664, 18.341300322983685], [-70.81307020092595, 18.33939062384771], [-70.81623811963323, 18.33935800745459], [-70.81698002070942, 18.338970707404574], [-70.81948555557719, 18.33995473119186], [-70.81966654987664, 18.33938008666042], [-70.81891058554288, 18.338099878189905], [-70.81913047505435, 18.336420163218065], [-70.81987040332557, 18.335280386343605], [-70.82172723774146, 18.333944620701352], [-70.8221804457119, 18.3327706155307], [-70.82340953789203, 18.33269646099054], [-70.82835013631167, 18.329530545863033], [-70.83019970484017, 18.329680529937267], [-70.8317992758873, 18.33185005839588], [-70.83175706545725, 18.33294459307955], [-70.83522965606609, 18.333650455934755], [-70.8357592898276, 18.334510098622097], [-70.8355694789018, 18.33517958091375], [-70.83160533390807, 18.33734768472369], [-70.83162940026128, 18.34007975993931], [-70.82892104869296, 18.342034677001802], [-70.828933705473, 18.343094283121992], [-70.83053493588241, 18.344033190608673], [-70.83289959148685, 18.34457048328576], [-70.83380888009097, 18.34676128342156], [-70.83465962562039, 18.347237493886297], [-70.83580015105373, 18.34647072585782], [-70.83698964247498, 18.3469704194348], [-70.83783749654913, 18.34808840051423], [-70.83953912104099, 18.348250621794737], [-70.84150003518806, 18.34768061073326], [-70.84255964033719, 18.346589904458032], [-70.84293053093003, 18.344490196069497], [-70.84456037116358, 18.341790498161775], [-70.8471900090228, 18.341110573095804], [-70.85049384039738, 18.341834172650994], [-70.85237401375377, 18.340985501894462], [-70.85345247977372, 18.339027548728478], [-70.85396048913364, 18.335440514251157], [-70.85673293783609, 18.335112557098938], [-70.85802795873911, 18.333606076877096], [-70.85890047759169, 18.331640413280166], [-70.86222474491312, 18.32954420141629], [-70.86477245153269, 18.3262655879033], [-70.8663931035482, 18.323122862798083], [-70.86573064820189, 18.321510165424055], [-70.86756457846415, 18.318537838916914], [-70.86874839434107, 18.314567432087706], [-70.86861667568787, 18.312631791112857], [-70.86696081772963, 18.310510100760542], [-70.86881351652472, 18.309064232565877], [-70.86991036514405, 18.307260318581175], [-70.87396136664917, 18.30398296643676], [-70.87740614174817, 18.299156971947387], [-70.87787046076802, 18.29775033743762], [-70.87989222310183, 18.29629175375596], [-70.8805003229175, 18.29403049365349], [-70.88247763040692, 18.293571091108355], [-70.88555038660141, 18.289280330836647], [-70.88833033488119, 18.28702057374165], [-70.89073812105286, 18.28605436880472], [-70.8928804848854, 18.28324050259717], [-70.89572960396607, 18.281238178393416], [-70.89643046386561, 18.279820473672935], [-70.8987830442617, 18.27872879644666], [-70.90007083364988, 18.277449300073744], [-70.90052043669522, 18.27552059767415], [-70.90141543637753, 18.27555906866448], [-70.90248798201473, 18.27479779949675], [-70.90339052046048, 18.27294055007728], [-70.90550121407297, 18.27273934818665], [-70.90604049353794, 18.271560511533686], [-70.9073560540387, 18.271098130444727], [-70.9086004870622, 18.26947057161436], [-70.91139221491315, 18.268169770651813], [-70.91174057789094, 18.26693039058339], [-70.91355883158687, 18.26623598390803], [-70.91429041881737, 18.264230440691993], [-70.9208800955692, 18.26227046720144], [-70.92296238718352, 18.262158194319973], [-70.92398039239082, 18.259430584667765], [-70.9254062409195, 18.25948318924968], [-70.9258403699807, 18.258880457605784], [-70.92777155636486, 18.25834128370762], [-70.92976013626696, 18.256680584113383], [-70.93124835995286, 18.25691746878201], [-70.931687612914, 18.25610075810976], [-70.93096925456997, 18.255092067511445], [-70.93166022832611, 18.254500606112742], [-70.93331039172698, 18.254469732263296], [-70.93466011928521, 18.253710524854007], [-70.9363698094862, 18.253900687185368], [-70.93931711026298, 18.255210848528495], [-70.94003380703134, 18.25498835113757], [-70.94083021816019, 18.25373072410789], [-70.94270741518244, 18.254578493604207], [-70.94521884622107, 18.254425454852306], [-70.94680029414653, 18.2530506403366], [-70.94836715769807, 18.252800947141985], [-70.94890050568641, 18.25180041401894], [-70.95054023691209, 18.250600589517905], [-70.95341311024914, 18.250205886531937], [-70.95723009396208, 18.248380696569594], [-70.96021977388605, 18.248920469196023], [-70.9624535546584, 18.25082839525264], [-70.96552975780384, 18.251280530276563], [-70.96747951077073, 18.2529703145329], [-70.96872934198667, 18.25721983005036], [-70.96141001619883, 18.264466421593585], [-70.96019922869075, 18.268989700042166], [-70.95805520470282, 18.2730572095664], [-70.95758756417214, 18.275817523327184], [-70.95825533091624, 18.279962279690277], [-70.95725959527729, 18.282579805455086], [-70.95379688687102, 18.28746053540874], [-70.95306935131029, 18.289639707013915], [-70.9497030361539, 18.295381341243594], [-70.94776011631575, 18.301636007928558], [-70.94776301404572, 18.307089661897155], [-70.94861377475547, 18.31077131678549], [-70.95245212021179, 18.315978055328173], [-70.9581894757426, 18.321030435372275], [-70.96038685933202, 18.324726504083387], [-70.96402838448614, 18.333461884424676], [-70.96565916180165, 18.33585345574178], [-70.97116153831108, 18.34050285423377], [-70.97196941588662, 18.34167015942803], [-70.97189751328982, 18.34483274667059], [-70.97375950547611, 18.34598052513231], [-70.97585623142542, 18.34887751795134], [-70.97640568254599, 18.34874861007582], [-70.97775017796899, 18.34695078555595], [-70.97869955794978, 18.347450446253454], [-70.9796794285576, 18.349270147875057], [-70.97925354021848, 18.35063525615452], [-70.98022941477477, 18.352880003937372], [-70.97981535899852, 18.353889433048693], [-70.97999498588864, 18.3552572835309], [-70.98281143401319, 18.3582083223645], [-70.98646085537946, 18.360778544860068], [-70.99295082592609, 18.363907748755494], [-71.00770970251071, 18.367740673039137], [-71.01650066751807, 18.37347879032554], [-71.02727466531141, 18.378418810267537], [-71.03003023338184, 18.376760530700224], [-71.0316200027966, 18.376400759262193], [-71.0363297453663, 18.377430476691774], [-71.03789948479412, 18.378940356801785], [-71.04201316155736, 18.388489654565298], [-71.04663940061309, 18.394480291937565], [-71.04704954894409, 18.396100073901035], [-71.04698942667603, 18.403099569599966], [-71.04458990184177, 18.403819523832585], [-71.03388813821917, 18.404108701387575], [-71.03070368869936, 18.404810892888815], [-71.02843724524277, 18.406465656211633], [-71.01949355198818, 18.41043397985507], [-71.01810235196648, 18.41202774589909], [-71.01648303534229, 18.416179950919748], [-71.0165233104372, 18.41839650865653], [-71.01829910251983, 18.423190214095925], [-71.01882926596346, 18.427869963683605], [-71.01720940546865, 18.43540970023598], [-71.01196124953309, 18.441370543172265], [-71.01081965406789, 18.44414424111645], [-71.01047944794718, 18.447309769558483], [-71.00532680038431, 18.453662345228313], [-71.00528917168509, 18.456775144071337], [-71.00794935234258, 18.460370100535094], [-71.00740955480973, 18.461929666653575], [-71.0037398124448, 18.464379664909774], [-70.99738654175903, 18.46731116874871], [-70.99568841331694, 18.46916430955418], [-70.99576022280452, 18.472012817246643], [-70.99676932653793, 18.475000046964897], [-70.99547798258126, 18.481830117179637], [-70.99520485807578, 18.485952093923036], [-70.99571290442367, 18.48788886572796], [-70.99767558625169, 18.491612565853615], [-70.99949229967274, 18.492875796653696], [-71.00216136743943, 18.49268992716557], [-71.00830217240512, 18.490449291332578], [-71.01120997790689, 18.490280579364185], [-71.0198120113982, 18.491435176539987], [-71.02737821215128, 18.490450735845418], [-71.02504056735476, 18.49224492273476], [-71.02500468085897, 18.493258846168132], [-71.0255767781773, 18.494121565276416], [-71.02862967219417, 18.49503055076795], [-71.03100982488317, 18.497332401777037], [-71.03237444010807, 18.49705613891419], [-71.03248088790505, 18.49632049296448], [-71.03328035893695, 18.495720655532494], [-71.03473639491223, 18.496425780081104], [-71.0396398469787, 18.495990596831827], [-71.0417726965268, 18.497285765305048], [-71.04269025899153, 18.496260621117983], [-71.04467317459837, 18.496589474339892], [-71.04561030256343, 18.49576048984058], [-71.04753960269593, 18.495130755267148], [-71.04803630562436, 18.496692857199303], [-71.04963522554152, 18.497884232563543], [-71.0537597538388, 18.49829294910768], [-71.05477001469026, 18.498000542194088], [-71.05664756452008, 18.498476841782878], [-71.05751940333427, 18.50005012663339], [-71.05726942231834, 18.503059661405235], [-71.0546898244293, 18.50479945016428], [-71.04791875292783, 18.50497060193938], [-71.04488017068684, 18.50605941686422], [-71.04071830517067, 18.502469314511725], [-71.0386152457376, 18.50160002023448], [-71.03554013391152, 18.503052092267136], [-71.0336376276769, 18.50469452273568], [-71.03401742475366, 18.50810824890033], [-71.03930946027522, 18.512950477135128], [-71.0422816025617, 18.517151989535623], [-71.04254944045535, 18.5191599688691], [-71.0419293842813, 18.521649700990896], [-71.04015958503247, 18.523929517147113], [-71.03732974245084, 18.525509280703627], [-71.03477995803868, 18.525969554308872], [-71.03160011334575, 18.525729365650243], [-71.02901036356278, 18.52498933071669], [-71.02714420832415, 18.523363668218373], [-71.02198040094514, 18.518439650472523], [-71.02076328808914, 18.51637557897093], [-71.01931060032409, 18.513589826164726], [-71.01891897461927, 18.509148355779473], [-71.01724038176343, 18.507009745520918], [-71.01591540742878, 18.504061975912506], [-71.01472182390762, 18.503214999720235], [-71.01117589072254, 18.50221075826158], [-71.0090015243434, 18.50289509279085], [-71.00874946992509, 18.507989823438166], [-71.00725066142661, 18.510179600095203], [-71.00696951167215, 18.511409370023117], [-71.00076991274678, 18.511142527449483], [-70.9956298827012, 18.513819389894195], [-70.99303916757391, 18.513554846188324], [-70.98824413662078, 18.51436664176163], [-70.9874995251073, 18.51608975185584], [-70.98480696853329, 18.51964239857222], [-70.98598751095525, 18.525750707910152], [-70.98666786603772, 18.526841956821464], [-70.9881962716702, 18.52788698512393], [-70.99408969571797, 18.528940645523026], [-70.99746657259286, 18.531754743774346], [-71.00013992129313, 18.5317106277515], [-71.0084597978563, 18.534060521434988], [-71.01937130737892, 18.53952564572918], [-71.02362977851006, 18.542090310112542], [-71.02723973396735, 18.545120270976348], [-71.02838946567739, 18.546440244975244], [-71.02900697806759, 18.548868017563354], [-71.0311502300438, 18.54765063759072], [-71.03297439534492, 18.547476076995938], [-71.03575010906087, 18.546260516083766], [-71.03858425363174, 18.54638409467966], [-71.04357976158667, 18.548409718073998], [-71.0464996491063, 18.548310580861234], [-71.04849401020074, 18.552190127093315], [-71.05069970674228, 18.552670738045556], [-71.05321160687797, 18.55415515240571], [-71.0552600821187, 18.553520712715834], [-71.0579997992336, 18.553790509554947], [-71.06152502311345, 18.556472499472918], [-71.06641975604258, 18.556980652946383], [-71.07218279908551, 18.560621460593627], [-71.07553058427632, 18.560297953373194], [-71.07863998392713, 18.557670757994067], [-71.0795095257787, 18.55848031391372], [-71.08028255587887, 18.56048722070378], [-71.08220953108031, 18.56159058786894], [-71.08465662318315, 18.564302358853677], [-71.086234282119, 18.56531602894915], [-71.08734612901884, 18.565180168936514], [-71.08820046502937, 18.563820422764593], [-71.09385017372591, 18.55967055770525], [-71.09925983417546, 18.559830523161747], [-71.10272319078398, 18.56273243742244], [-71.10431831136255, 18.562400143364293], [-71.10576044764032, 18.56044043906707], [-71.1076600742588, 18.5590106588838], [-71.1114188469019, 18.56066970495952], [-71.11434985814796, 18.560790699427447], [-71.11623815931617, 18.56147379194422], [-71.11969995441021, 18.560890609629478], [-71.12105975229122, 18.56134045290586], [-71.12232960571058, 18.562370323515772], [-71.12315271731084, 18.56399062219796], [-71.12816975663607, 18.56722031904515], [-71.13276385670204, 18.571342635756587], [-71.13761514409143, 18.57372274051478], [-71.1413595608234, 18.576210402771004], [-71.1432791275184, 18.57971393043496], [-71.14589934333186, 18.58214028774284], [-71.14592587021446, 18.589687538184112], [-71.14833588641417, 18.59183909462093], [-71.15187963895528, 18.59285050914285], [-71.15281939438304, 18.594190335995712], [-71.15411145808643, 18.597241267031507], [-71.15432936903652, 18.59892992332743], [-71.15388765740904, 18.60045150972901], [-71.15836951940675, 18.60726025635548], [-71.16146945282823, 18.61466011573502], [-71.16170665172812, 18.619058723011957], [-71.16636017109009, 18.619937613202396], [-71.17095984124353, 18.619820668336327], [-71.17724105154994, 18.623187421457718], [-71.18850666003712, 18.626450765819875], [-71.19319328672614, 18.626371296761608], [-71.19704028232468, 18.62243038702149], [-71.19859012614995, 18.621670577977795], [-71.21199993749147, 18.622020526545676], [-71.21752969677037, 18.623200601364786], [-71.21907952118491, 18.624570285185737], [-71.21980602325479, 18.627995304231604], [-71.22129746780674, 18.628860012517357], [-71.22982847808868, 18.62617664924025], [-71.24536029653702, 18.616715913242885], [-71.247800110564, 18.615780743536234], [-71.25333988132743, 18.61616698383521], [-71.26508203353036, 18.61440936706756], [-71.28045841967186, 18.613600609095183], [-71.28245506363969, 18.615178078681975], [-71.28918406386428, 18.616973974050577], [-71.30011987193124, 18.61878049343187], [-71.30594970855952, 18.620870492208567], [-71.30753949560166, 18.622222162835754], [-71.31505039314659, 18.624648318350026], [-71.31773664375223, 18.62500360220455], [-71.3195380524237, 18.624077129421416], [-71.32400785578422, 18.620208005459556], [-71.3310131073017, 18.61082923287261], [-71.33659293452735, 18.604639063349047], [-71.34409029695777, 18.59830053753987], [-71.34959862168571, 18.596546938971997], [-71.35441085515231, 18.593672385413793], [-71.35517055144688, 18.589920270084455], [-71.35686035247464, 18.588100639287735], [-71.35861996505105, 18.587770602268872], [-71.36038970295972, 18.588320544467177], [-71.36451977093684, 18.59173136231388], [-71.36557686024645, 18.59155215051926], [-71.36876009240349, 18.589040627091837], [-71.3722797014351, 18.59043057637656], [-71.37716292971541, 18.593600866575798], [-71.3806208107912, 18.59458159844119], [-71.38512986402466, 18.59420073251338], [-71.38825067460498, 18.59571824366594], [-71.39189962602175, 18.596770517218577], [-71.3929093975966, 18.598250130264518], [-71.39241447673521, 18.601144065378662], [-71.39331927820547, 18.603920041169463], [-71.39241275239013, 18.60823767037857], [-71.39292018307478, 18.610437062498193], [-71.39421441491366, 18.612475259608257], [-71.39650339277878, 18.61422755085858], [-71.40196987024406, 18.614120583916012], [-71.4034597334869, 18.61486043356543], [-71.40610590408434, 18.61721955989958], [-71.40806727755626, 18.617642757567925], [-71.41339313427133, 18.614861638948884], [-71.41918026679318, 18.607680520626385], [-71.42104981161971, 18.607580697969926], [-71.42325962064777, 18.609030393715315], [-71.42766889060769, 18.61523122480889], [-71.43169059697625, 18.618597639229122], [-71.43926675771901, 18.622146312668132], [-71.4450100069063, 18.621600435767135], [-71.44743969575383, 18.62197067974186], [-71.45270843251899, 18.626307069883907], [-71.46018223487795, 18.628350467056567], [-71.46584281212287, 18.628874622605945], [-71.46920917766154, 18.628097598918945], [-71.47285787073888, 18.626412571981753], [-71.47498032741022, 18.623440428219535], [-71.47677004071991, 18.622850683518692], [-71.47869981895427, 18.62324045831554], [-71.48275637278715, 18.625693899377843], [-71.48729998874315, 18.624440628160983], [-71.49201720409935, 18.62596292841095], [-71.4959199008962, 18.625330584566832], [-71.49982455066828, 18.62744911088222], [-71.505299945497, 18.62707066521055], [-71.51405027972368, 18.62917765870057], [-71.52196962514422, 18.632490499504843], [-71.52360953211432, 18.63452024013763], [-71.52496563164188, 18.64046633493672], [-71.52548695923407, 18.64113304665118], [-71.52650551002164, 18.642001679491834], [-71.53336428664396, 18.644879212212697], [-71.53797743817857, 18.64623483671352], [-71.55010331691163, 18.648373908542897], [-71.56822706247436, 18.65369086740569], [-71.57215236826445, 18.65368120562081], [-71.57601004148925, 18.652560499882515], [-71.57845982289601, 18.652960559022], [-71.59165082963855, 18.65958539410952], [-71.59437702432709, 18.66154571599832], [-71.60262016460827, 18.662916964344756], [-71.60601979475116, 18.662730592839857], [-71.61087633746119, 18.666915026328493], [-71.61444195031758, 18.66755867056274], [-71.6194698129359, 18.667428283735173], [-71.6237499854393, 18.666600711057587], [-71.63212437700204, 18.668555886278394], [-71.63670671290488, 18.66760544873456], [-71.63902423424538, 18.66618608276165], [-71.63996055599114, 18.664760501182847], [-71.64293023365563, 18.662390593353635], [-71.64512625371539, 18.66222105740651], [-71.65468987108625, 18.662540523610097], [-71.65769078536249, 18.664157339497336], [-71.65941024921958, 18.664549695737318], [-71.66494001604754, 18.6635706480849], [-71.67506964370293, 18.664862335052906], [-71.67904006086734, 18.66398044568388], [-71.68315997616507, 18.663770552613933], [-71.69286981935028, 18.66511053409295], [-71.69700947329832, 18.667436434762923], [-71.7027632743049, 18.669024118386897], [-71.71132987838145, 18.670540453867634], [-71.7209676414618, 18.675010816595016], [-71.72759986465095, 18.674230696603335], [-71.73455423490026, 18.678065118722216], [-71.73629111012643, 18.678336240075197], [-71.74474987631471, 18.677540608596708], [-71.7490097557929, 18.679840373146444], [-71.75109524470727, 18.68176094370376], [-71.75233064273797, 18.682056593195927], [-71.75401241548728, 18.681748400956334], [-71.75840030870457, 18.67881058152765], [-71.76084013862138, 18.67782045026889], [-71.76592947092267, 18.677177664317597], [-71.7682200481152, 18.67642055471169], [-71.77279981884281, 18.677100521341906], [-71.7778349368934, 18.679969640289617], [-71.77882320952531, 18.679721275236506], [-71.78494954794795, 18.680460560303914], [-71.78919166481893, 18.687773898683112], [-71.79018911905982, 18.688719927453132], [-71.78592839048646, 18.69161981816688], [-71.78557326389027, 18.693850135573147], [-71.78591922640355, 18.69866992685556], [-71.78435947971262, 18.70450954907987], [-71.73920152028555, 18.72399384222975], [-71.72332225616115, 18.806990212727428], [-71.72333998701025, 18.826587263548745], [-71.72248585210889, 18.83085117596222], [-71.72606936237328, 18.83587032572871], [-71.72677927201232, 18.838070032982316], [-71.72558946552661, 18.843465456459953], [-71.72785949679087, 18.850760108560195], [-71.72790957252609, 18.852369977887744], [-71.72669862055966, 18.857981033260756], [-71.72690535641505, 18.859804912361383], [-71.72834929706966, 18.862850164815715], [-71.72842211573811, 18.86703976887531], [-71.72930938051388, 18.871410032136847], [-71.7291177564837, 18.873930460905957], [-71.73003206348767, 18.875128635501532], [-71.74034707686545, 18.876268575015583], [-71.74191970416169, 18.8769704291093], [-71.742529393532, 18.877580350179173], [-71.7430493441801, 18.879520071216977], [-71.74272616021157, 18.88668126608032], [-71.74371902668584, 18.888692995719897], [-71.75727453990665, 18.901052685807294], [-71.76526378365918, 18.904169415638794], [-71.7689298069734, 18.90411053149148], [-71.77084951622972, 18.905790338951558], [-71.77223937784196, 18.909369989254326], [-71.77188694146695, 18.910439419327403], [-71.77503011713917, 18.923988005048574], [-71.78303936731024, 18.94615988549268], [-71.78230524635977, 18.94719967333691], [-71.7834294773903, 18.948570246323435], [-71.78351938083746, 18.949379914693893], [-71.78215247064466, 18.952789374641323], [-71.78273001960918, 18.95454305883112], [-71.78813974754561, 18.955570615711572], [-71.79084576345049, 18.957276532462632], [-71.79246997376224, 18.956879440777154], [-71.79429033983529, 18.95256077002352], [-71.79582953539195, 18.95311046381754], [-71.79729592305593, 18.95651686963748], [-71.79962866181909, 18.956361743974654], [-71.80220017342484, 18.954300535279195], [-71.80290956935433, 18.9543405328831], [-71.8039836655092, 18.95793912689755], [-71.80478096423151, 18.958589844864665], [-71.8076298016665, 18.959070536101514], [-71.80869672686875, 18.959693285909363], [-71.81231968762012, 18.959980514827567], [-71.8128794022401, 18.960880190534006], [-71.81305612535719, 18.963172628018757], [-71.8143377464922, 18.964350732794788], [-71.81665293628107, 18.964240546265067], [-71.81889015242935, 18.962630647658145], [-71.8258096867533, 18.963810605904904], [-71.8262992897971, 18.96430013576389], [-71.82610948868154, 18.964739501625854], [-71.8228094089287, 18.966597770819686], [-71.82378414510983, 18.96813010078927], [-71.82691866587241, 18.968338715387095], [-71.83158029151188, 18.963580407735012], [-71.83252989209265, 18.96313070720241], [-71.83446941097743, 18.964920301879623], [-71.83491834724815, 18.96851734973176], [-71.83615964515668, 18.970177452060035], [-71.83791256687171, 18.969787046014606], [-71.83928637066293, 18.968691896267817], [-71.84094031108832, 18.966110617170976], [-71.84273695676607, 18.96607272569712], [-71.84396831460867, 18.96295439728294], [-71.84383433882509, 18.962407107999258], [-71.84039053321462, 18.959879526553575], [-71.83982058119858, 18.95886994515982], [-71.84008044598673, 18.95810052660967], [-71.8420327433818, 18.95777552081037], [-71.84365041661474, 18.95663608611198], [-71.84595950471805, 18.958870245687613], [-71.84687184556199, 18.962557057543023], [-71.84901400283674, 18.963199149465225], [-71.84940919039119, 18.96275897856453], [-71.84917729563044, 18.96017065132783], [-71.8531503711027, 18.955080616544674], [-71.85517960817361, 18.95472067821075], [-71.85563935133696, 18.95598999928348], [-71.85516274138361, 18.957867373071675], [-71.85905630101759, 18.962819161279093], [-71.86036822432362, 18.963078735099145], [-71.86071441565825, 18.962527361919797], [-71.8599606534613, 18.959410073985218], [-71.86187199999057, 18.958482288295674], [-71.86203444232727, 18.955408086791586], [-71.86047054835603, 18.952389852414584], [-71.86035058931162, 18.94790055816616], [-71.86288338875046, 18.947809694021373], [-71.86778001872909, 18.945720627437044], [-71.8693197336847, 18.94614053620998], [-71.87073587111402, 18.94720029195519], [-71.87572576361772, 18.94832277785315], [-71.87607598029255, 18.947522414383336], [-71.87489081756381, 18.946469922638933], [-71.87613043307157, 18.944980550867953], [-71.87757538813541, 18.944204918843997], [-71.87818196022646, 18.942249516466642], [-71.8792502153807, 18.941560681906882], [-71.881899842648, 18.941450539289814], [-71.88328946477874, 18.942420343033902], [-71.88438935262042, 18.948519952135012], [-71.88349870602883, 18.95134786643101], [-71.88597943444086, 18.955250195365846], [-71.88639933867509, 18.959889528529764]], [[-70.83078016254036, 18.33469778440527], [-70.83134028001878, 18.33282238590974], [-70.83041170721737, 18.332785080809803], [-70.82980241843384, 18.333474237451675], [-70.82966644120978, 18.334638530504915], [-70.83078016254036, 18.33469778440527]]]}}, {"type": "Feature", "properties": {"COD_REGION": "VII", "REGION": "Región VII", "NOMBRE_REGION": "Cibao Occidental", "N_PROVINCIAS": 4}, "geometry": {"type": "MultiPolygon", "coordinates": [[[[-71.78272933209058, 19.329520530195794], [-71.78223943886671, 19.331969696489008], [-71.78166983997072, 19.33252934462576], [-71.78007565855961, 19.33218395645305], [-71.77705967707419, 19.334929576325646], [-71.76800916667835, 19.33949307812115], [-71.76665960963834, 19.34194954775495], [-71.7653084908078, 19.342440015208396], [-71.76493940057046, 19.343509597225413], [-71.76315991572996, 19.344759379523538], [-71.7607293408121, 19.3439553396305], [-71.75864975521802, 19.345689368720343], [-71.75794013849749, 19.34569930705095], [-71.75697059068548, 19.345279553409643], [-71.75658486015963, 19.34383401447294], [-71.75515930309902, 19.344077784729237], [-71.75355963302596, 19.346189572129468], [-71.7519184938553, 19.347074363857796], [-71.75032969582459, 19.349369499340337], [-71.74859976724379, 19.350189443744075], [-71.74592137275143, 19.35037476219231], [-71.74574999365947, 19.351564550959054], [-71.74677929243427, 19.353280164528023], [-71.74671936683025, 19.35394964962395], [-71.74588956173874, 19.354579254989886], [-71.7326531029638, 19.360402294167606], [-71.72600976837515, 19.36596933869303], [-71.71865855303093, 19.36539170605387], [-71.7172676739583, 19.36702791000599], [-71.71695939425105, 19.368979704899488], [-71.71524969900852, 19.370779538986334], [-71.71365307100994, 19.371355291188966], [-71.71203024971267, 19.371379324401254], [-71.70613047384194, 19.36619955979284], [-71.70508053556964, 19.364809708039868], [-71.70321029893937, 19.36003333895092], [-71.69497383414564, 19.35956763913091], [-71.69392144485447, 19.360166563598213], [-71.69217414430733, 19.362860101003143], [-71.69368944248494, 19.364900203683668], [-71.6937394251354, 19.367989808717898], [-71.69064201691917, 19.372246312647306], [-71.69278946963549, 19.37394040698009], [-71.69400527788513, 19.377277033537023], [-71.69387391464228, 19.379043089752116], [-71.69500941408198, 19.381440040959227], [-71.69465835986941, 19.382669477022223], [-71.69528939783014, 19.383780164471258], [-71.69523697677627, 19.386351755610875], [-71.69611958844824, 19.3869004243662], [-71.69646932332587, 19.387780015417178], [-71.6961572152382, 19.389109178038936], [-71.69713943032849, 19.3898303234268], [-71.69733538667198, 19.391433236473556], [-71.69872927444992, 19.39163052762366], [-71.69794552254055, 19.39465048195061], [-71.69816936499463, 19.396309838400708], [-71.69700737810365, 19.39791538895098], [-71.6974093241955, 19.399029877271335], [-71.69558955863559, 19.401449620753578], [-71.69431796306803, 19.402238463605507], [-71.69382947816766, 19.403469590394142], [-71.6919155844297, 19.40480851633159], [-71.6906315539345, 19.40723066170165], [-71.68986838543832, 19.40958645647652], [-71.69035940584465, 19.4111099197979], [-71.68891193769137, 19.413935128894046], [-71.69112924079977, 19.415470269088917], [-71.68919011938017, 19.420528500245872], [-71.68934941135188, 19.422029848922186], [-71.68881972709966, 19.42274945642067], [-71.68709455956434, 19.422762474128277], [-71.6863041190156, 19.423416658236334], [-71.6854794383264, 19.427419695711965], [-71.68447520416295, 19.428432105184644], [-71.68421940697472, 19.42989974871084], [-71.68283309095683, 19.431776447330126], [-71.68387943134623, 19.4333194647832], [-71.68082080316067, 19.433459838013867], [-71.67976483809429, 19.434205382986722], [-71.67969435212947, 19.435989301310972], [-71.68076950460608, 19.437040260774925], [-71.68113940025441, 19.440219832788937], [-71.68010744939713, 19.44164821501514], [-71.68061925445363, 19.442769841994785], [-71.67845210967218, 19.44459215439343], [-71.67883593050821, 19.445668325278934], [-71.68006945206582, 19.44579053446104], [-71.6801582377984, 19.45129672552527], [-71.68065394274234, 19.451554196967802], [-71.68133967413473, 19.45115093092828], [-71.68190193399549, 19.452886940556894], [-71.68540956163656, 19.455630350661743], [-71.68724929615486, 19.459539891615886], [-71.68538722711985, 19.460938021863512], [-71.68807938415563, 19.463160238294538], [-71.68740523857758, 19.466987270696766], [-71.69035960314166, 19.467520532687125], [-71.69080929334473, 19.468210051812417], [-71.6891035756436, 19.47233867709238], [-71.69127214442601, 19.47459039652663], [-71.69327951647996, 19.475140548639875], [-71.69426933087874, 19.47760005146926], [-71.69381952321554, 19.47952977882084], [-71.69255315027507, 19.48109534175005], [-71.69227245617492, 19.48231785311257], [-71.69326935093527, 19.483670090319354], [-71.69293618341594, 19.484845947053408], [-71.69368940423382, 19.48529036240752], [-71.69353022106938, 19.487397100010156], [-71.69418937353221, 19.48995979213674], [-71.69111573853135, 19.492506710071417], [-71.69214943575749, 19.49399020972567], [-71.69207937151316, 19.4949898582656], [-71.69027935541146, 19.499579663161562], [-71.68806411287078, 19.502931970532245], [-71.6895093140999, 19.506849982295808], [-71.68796220766077, 19.5102339072272], [-71.68829542647626, 19.512296064762157], [-71.68985536457534, 19.513710458489413], [-71.6914904199051, 19.511630375494907], [-71.6928900697969, 19.510660719141704], [-71.69529229428912, 19.51169862417357], [-71.69806980316984, 19.51167058308984], [-71.69992943880554, 19.513130463932725], [-71.70073927791047, 19.514700114703523], [-71.70020510856274, 19.51799937181024], [-71.70039247980978, 19.51996094210134], [-71.70124771280915, 19.520646391545615], [-71.70268968161419, 19.520680633041597], [-71.7032393958228, 19.521410217998024], [-71.70348938019782, 19.526739936220178], [-71.70221442472082, 19.53173728333185], [-71.7027289096313, 19.533174312909225], [-71.7038161504485, 19.534256983078137], [-71.70528938769738, 19.534232425403626], [-71.70761025028818, 19.531370651701035], [-71.71098980383752, 19.531980579160983], [-71.71207962600828, 19.53254040008939], [-71.71263947870666, 19.53347019283761], [-71.71300948052706, 19.535670039224257], [-71.71237236092122, 19.541620023989115], [-71.712779464209, 19.546329947368577], [-71.71202654047012, 19.549046731025825], [-71.71353816554942, 19.552159744525362], [-71.7198433910555, 19.557347089200597], [-71.7231493410385, 19.558400392057024], [-71.72298950482204, 19.559209507478126], [-71.72173600719148, 19.559507129809074], [-71.72138822974536, 19.560214237618514], [-71.72184324985147, 19.560935073982208], [-71.72386970738422, 19.561220532087187], [-71.72435935003875, 19.56182025442904], [-71.72454946190427, 19.564909881648514], [-71.72407796752117, 19.566377213910112], [-71.74386942646788, 19.584660266382794], [-71.74603942018409, 19.633689761939994], [-71.73209924242994, 19.646418855246623], [-71.73528850469674, 19.661504293120245], [-71.73781957370032, 19.662270449977257], [-71.73898616345377, 19.665482261337814], [-71.74103010702997, 19.66481052575868], [-71.74346972687077, 19.664770554150035], [-71.74483620777623, 19.6665949387753], [-71.74588814146, 19.66677952397207], [-71.74712457849046, 19.6695295924672], [-71.75048942349636, 19.672460532511234], [-71.75262647447647, 19.67535274767511], [-71.75563972371432, 19.676030641206722], [-71.75649946303238, 19.676640338574387], [-71.75681939392099, 19.678489709384777], [-71.75540415841454, 19.6793021782362], [-71.75446437006188, 19.68100135037997], [-71.75482770546147, 19.68169612724338], [-71.75602945059522, 19.68202049468735], [-71.75612941059217, 19.682779787124815], [-71.75518629281659, 19.683842850934788], [-71.7559790455386, 19.68474996216923], [-71.75482661659426, 19.68511431910414], [-71.75461006745313, 19.685673978986777], [-71.75503898499788, 19.686040132190385], [-71.75747876648738, 19.68609050449919], [-71.75677975125619, 19.686860006981703], [-71.75689657651795, 19.687405287338645], [-71.75906922451699, 19.687690525907648], [-71.75861951498788, 19.68913955247847], [-71.75645176534184, 19.69001897075563], [-71.75607271471594, 19.690868120944252], [-71.75759969009772, 19.691350633254157], [-71.75908939316362, 19.69279025939513], [-71.75939715233285, 19.694601664969504], [-71.76021476648751, 19.69451674588721], [-71.76089069135605, 19.693154586655165], [-71.76166982047562, 19.692760763271657], [-71.7620177286335, 19.6932425898601], [-71.76166947495337, 19.695169702695285], [-71.76018909621293, 19.69657299846553], [-71.76052936187075, 19.697670031922293], [-71.76016954616314, 19.69884943646893], [-71.7588088939957, 19.69906930949721], [-71.75768947319837, 19.70137955980592], [-71.75488968718221, 19.703359362256755], [-71.74478308638199, 19.70645182568064], [-71.7437096025225, 19.707839426269032], [-71.7426202138586, 19.707859379932664], [-71.74111862380228, 19.706754380650885], [-71.73263049515116, 19.707819323076293], [-71.73238041141082, 19.707071230459576], [-71.7317544891144, 19.707048996046893], [-71.72990346707739, 19.709738745786705], [-71.72973936417142, 19.712729726507227], [-71.72874107216688, 19.71384872646939], [-71.7284094288968, 19.71702982625999], [-71.72563077996637, 19.72237381308159], [-71.72700929527338, 19.726739824596265], [-71.7267434817727, 19.72883114021936], [-71.72725582050774, 19.729958501699056], [-71.72917968243868, 19.730730449682703], [-71.72985210087728, 19.731632432405547], [-71.73111953425351, 19.732220403794305], [-71.73189148762866, 19.734830632876214], [-71.73291950893955, 19.735910265761913], [-71.73311940677483, 19.73681981559898], [-71.7317401882159, 19.73810903287658], [-71.73060964864445, 19.735726904612292], [-71.72975189307172, 19.735939972776794], [-71.73150945707991, 19.740000127516396], [-71.73158406490504, 19.742482663973608], [-71.73234583322606, 19.74257236048941], [-71.73312047165449, 19.741270463749558], [-71.73445292807494, 19.74042197146919], [-71.73576050260392, 19.73739048184687], [-71.73734962771871, 19.73663080351926], [-71.73820926268921, 19.7398999916935], [-71.73795333996068, 19.740907542941585], [-71.7385097863134, 19.744110249353618], [-71.74023935975656, 19.746000377632694], [-71.74092760986633, 19.748093086283493], [-71.74211946178299, 19.74924038840037], [-71.7439900437628, 19.753418310107268], [-71.74551942631322, 19.754800469444728], [-71.7468394160404, 19.7570901386895], [-71.74677944918353, 19.75814954429701], [-71.7460200795812, 19.75833941106459], [-71.74524050146006, 19.757899572501543], [-71.7446744255485, 19.756543836804052], [-71.74360099818789, 19.756032032315375], [-71.7387143629843, 19.755307483356276], [-71.73821693966647, 19.7556486603359], [-71.73841461425769, 19.756580145038967], [-71.73906855773026, 19.756986211272686], [-71.74089225433558, 19.757321847304823], [-71.74282972914291, 19.757030653839365], [-71.74341935153367, 19.757840151377042], [-71.74297951254572, 19.760389706159323], [-71.74212594880778, 19.76128676552782], [-71.74241626733217, 19.76199154249459], [-71.74417945040523, 19.76309035713544], [-71.74357152894036, 19.765647397803328], [-71.74455690851315, 19.766538741329015], [-71.74606368667563, 19.76694459480468], [-71.74805651010303, 19.76542032211482], [-71.74838013818952, 19.763097634649505], [-71.74720072145786, 19.760190325542492], [-71.74814984722839, 19.759860634368835], [-71.74882938538093, 19.760570337300926], [-71.74978717298265, 19.76438418932252], [-71.75141955098385, 19.766160312295963], [-71.75240448363527, 19.768089047425214], [-71.75347825563038, 19.768759581378827], [-71.74927405021579, 19.769039669131175], [-71.74831752926613, 19.76954349161828], [-71.74762175230235, 19.771289627368027], [-71.74825510278768, 19.77401480669836], [-71.7492295322092, 19.77462037696139], [-71.74921706554929, 19.7757525154257], [-71.74976946054932, 19.776380211078934], [-71.74966806211502, 19.778808913644532], [-71.75044939717768, 19.781250042029832], [-71.7500594480843, 19.783469554791683], [-71.74882601427821, 19.784183102268035], [-71.74911773424448, 19.786599645851965], [-71.75105933386932, 19.789259784087573], [-71.74787772219555, 19.791802455400827], [-71.74685985946323, 19.794038231524823], [-71.74697449567971, 19.795245718739704], [-71.7476533176745, 19.795440176508144], [-71.74941020378527, 19.793970698688494], [-71.75224847746432, 19.794340727697456], [-71.75292377077001, 19.793832482250398], [-71.7538913376425, 19.790813290644092], [-71.75328068976393, 19.788890186234806], [-71.754101256673, 19.7881513071034], [-71.75472041985822, 19.786600432213973], [-71.75697973938604, 19.785779023748187], [-71.75769709595804, 19.784920049393083], [-71.75916792178145, 19.781627512248754], [-71.75913056234728, 19.77864071176652], [-71.76547330395579, 19.781012597115293], [-71.76719698247356, 19.78012643390164], [-71.76711337024624, 19.7791275567398], [-71.76596065265034, 19.77899940292307], [-71.76565200256373, 19.77754811923223], [-71.76346073380816, 19.776979615482908], [-71.76458192502679, 19.774120851756408], [-71.76415078163055, 19.772530632285953], [-71.76564475152229, 19.772620109663666], [-71.76758193162813, 19.770844989749225], [-71.76988013561832, 19.76988041799632], [-71.77354704692536, 19.769331500623462], [-71.77499978113413, 19.76843342487027], [-71.77524307473524, 19.764213041313454], [-71.77460071158838, 19.76305181519386], [-71.77360220942941, 19.762370340309314], [-71.77301514021386, 19.762697863822307], [-71.77305934485999, 19.763539428892706], [-71.77158030761089, 19.76350939497079], [-71.77034071184113, 19.76187986563965], [-71.7706905020191, 19.760650318698268], [-71.7734101950998, 19.75828055062423], [-71.77480977122033, 19.758330639847753], [-71.77662078131976, 19.75960214202337], [-71.7777865386516, 19.75953514841834], [-71.7783103618303, 19.758800482622352], [-71.77938961488111, 19.758610670204742], [-71.78062948941219, 19.76197007719155], [-71.78043943463842, 19.763899830372615], [-71.77926217203606, 19.766140888135798], [-71.77719943363256, 19.773040929872515], [-71.77740780350805, 19.77510499685284], [-71.77916946499562, 19.776960225654953], [-71.77919928358527, 19.778209821162864], [-71.77656968717444, 19.78175969632814], [-71.77405103586604, 19.78361119844681], [-71.77042974927195, 19.78727971065358], [-71.76582472651924, 19.790684870810487], [-71.75517971854876, 19.801159661382396], [-71.74700603261302, 19.805927402445906], [-71.7460065733655, 19.809656281632492], [-71.7464693538866, 19.812239958335468], [-71.74592950945042, 19.81388966068949], [-71.74475975099759, 19.814829630016877], [-71.74282984762307, 19.8156992750113], [-71.73522390714858, 19.815630219331638], [-71.72914038879114, 19.816154770251746], [-71.7265498654261, 19.81701942697991], [-71.72241458549658, 19.81758529051899], [-71.71153063294099, 19.821251477097082], [-71.7027891273589, 19.82585519118577], [-71.69366484613484, 19.829742194251953], [-71.69263577132521, 19.83072660130914], [-71.6925366376654, 19.83280291358176], [-71.69071950747437, 19.839779488831915], [-71.68012085517394, 19.84212317877152], [-71.67601989530849, 19.84359965885401], [-71.66808114019261, 19.849877447822596], [-71.66598778567074, 19.852379012142464], [-71.6596004728591, 19.857100757438456], [-71.65830690028433, 19.85847745046926], [-71.65840939135556, 19.859329880801422], [-71.65653286205259, 19.861711766180555], [-71.65406166495754, 19.86701240572622], [-71.6547293306251, 19.87008001780129], [-71.65424086930415, 19.872792582327257], [-71.65471930088913, 19.87526002902244], [-71.65429691050312, 19.878954905108234], [-71.65581951772468, 19.881860146205053], [-71.65594900506458, 19.883727532305407], [-71.65747938014088, 19.885840122608087], [-71.65734770756674, 19.886966607595753], [-71.65894792871944, 19.88916892051412], [-71.66073953508403, 19.88967046709796], [-71.66155931452202, 19.89279964543038], [-71.6606564134157, 19.893223664103274], [-71.66056946758343, 19.894269804021647], [-71.65980972274787, 19.895129437621815], [-71.6555246134152, 19.895429021988708], [-71.65422344622365, 19.896108622048835], [-71.65397835198294, 19.89729156574945], [-71.65462914693603, 19.898959351585926], [-71.64668017954502, 19.898109423712302], [-71.64320038222156, 19.896219443027086], [-71.6394306200707, 19.893009756229873], [-71.63975278664553, 19.890227061813924], [-71.63924055103165, 19.889259867426485], [-71.63943582601063, 19.886845348556765], [-71.6378143038118, 19.88402362413214], [-71.63498558504058, 19.882612752459067], [-71.62943074494505, 19.881168551382512], [-71.62598186332485, 19.882185242249548], [-71.61853538115714, 19.88703702666319], [-71.61797131208618, 19.890842752240573], [-71.6184611456618, 19.893979239164118], [-71.61964937359927, 19.895720202141785], [-71.61965940101241, 19.896809756946748], [-71.61588976369369, 19.900619460872367], [-71.61036965581431, 19.90082569264926], [-71.60899974714835, 19.90216931888407], [-71.6072733155586, 19.902004005393657], [-71.60670977449102, 19.90268921485504], [-71.6059706117197, 19.902349125894784], [-71.60541818289768, 19.90270907678888], [-71.60415028780743, 19.902609476087125], [-71.60211464297267, 19.89995971192743], [-71.6003196210674, 19.899832333025074], [-71.59959959242009, 19.901809512148674], [-71.59596339867096, 19.902954925713612], [-71.59286978264244, 19.904989601201734], [-71.5824198822598, 19.908552992524754], [-71.58073005017697, 19.909549252470473], [-71.57970563861062, 19.908745364661844], [-71.57776999451936, 19.909319365109496], [-71.57581909633865, 19.90874877195688], [-71.57201001810408, 19.909059264760312], [-71.56790022265746, 19.908509490690836], [-71.56558845537246, 19.90662788234528], [-71.56170909757576, 19.905667373644782], [-71.55945977452188, 19.907539334501557], [-71.55669937340056, 19.907327073230693], [-71.55220977325752, 19.90907912623726], [-71.54595020350133, 19.90993032935716], [-71.54074987666458, 19.912099374862166], [-71.53744218968673, 19.91208007343185], [-71.53382633578344, 19.909192795654775], [-71.53018002668101, 19.908852667335314], [-71.52745011574122, 19.909159378354534], [-71.52544114322677, 19.908122940655296], [-71.52211008598738, 19.908209312048914], [-71.51516918075842, 19.906210761121958], [-71.51164997967813, 19.906659538804703], [-71.50163820340043, 19.905376765696314], [-71.49853104226177, 19.906075048938053], [-71.49667962195407, 19.90936940284714], [-71.48806020804655, 19.909889396618407], [-71.48510836065857, 19.90728230502692], [-71.47884819491198, 19.9037623467335], [-71.46778030514994, 19.900879387406263], [-71.46405340457754, 19.89793685820619], [-71.46146016166226, 19.89756949735629], [-71.45580107829396, 19.89453358704834], [-71.45227002381435, 19.894599578863396], [-71.45022036217674, 19.894139439916007], [-71.44944056188316, 19.893099845857716], [-71.44944580537208, 19.891367614312806], [-71.44069050713497, 19.886479564047395], [-71.44000184920786, 19.884660947319958], [-71.43863058913621, 19.88297221631012], [-71.43690839171222, 19.88230857291086], [-71.43473012744823, 19.88229937448722], [-71.43141015164855, 19.88089765832814], [-71.42907009695841, 19.881009349619323], [-71.42048738867892, 19.87759743242154], [-71.42035538521115, 19.8781466978413], [-71.42108734646668, 19.87925160327348], [-71.42245242116631, 19.87904484008069], [-71.42396661278136, 19.880880761299338], [-71.42816941608885, 19.88272040857829], [-71.42834941545551, 19.88569986349753], [-71.42702820994732, 19.88745652771936], [-71.42810555408471, 19.887866401788674], [-71.42847631088082, 19.887049207564914], [-71.4295699415611, 19.88658063576565], [-71.43103939134826, 19.887620272372924], [-71.43070615939449, 19.890636177195425], [-71.43179931948262, 19.892790024149598], [-71.43126872225473, 19.894134079778674], [-71.4320077710436, 19.89658468786536], [-71.43491346698109, 19.898783292917138], [-71.439079594709, 19.90010052562773], [-71.44036028981463, 19.901974273650346], [-71.4435361243426, 19.902681268011694], [-71.4456399900314, 19.902130602516294], [-71.44664942932188, 19.902450448799915], [-71.44678530795346, 19.903882821389093], [-71.44774501533762, 19.904728855986505], [-71.45079870443844, 19.905018783386126], [-71.4555396432177, 19.90343072409355], [-71.45683941580131, 19.907229972638344], [-71.45633961600757, 19.908339519459464], [-71.45408000340848, 19.908799329871158], [-71.4485702619256, 19.907619509173127], [-71.4469388124546, 19.9061249473449], [-71.44435009573822, 19.906419295681964], [-71.43356979969967, 19.901880252311887], [-71.43153006690224, 19.90216929796309], [-71.43054053524183, 19.90179954048247], [-71.43000676304531, 19.899261080650273], [-71.42785093173202, 19.89466381137671], [-71.42650035694945, 19.893889541618922], [-71.42404060960176, 19.89106979550338], [-71.42423059042024, 19.888360299219872], [-71.42524741001701, 19.887485349685488], [-71.42528586110708, 19.886922028137047], [-71.42340858777742, 19.886462625948486], [-71.420170436862, 19.884369551901095], [-71.41912675820929, 19.882908510128324], [-71.41582038394833, 19.881549372920187], [-71.41473039304186, 19.88060968210726], [-71.41358070663209, 19.87850993712152], [-71.4141503904613, 19.876810721363544], [-71.41509060677251, 19.875834150792155], [-71.41373827035436, 19.874508300961896], [-71.41243958267931, 19.874410534990485], [-71.41159991701659, 19.87498933194042], [-71.40877052130902, 19.8737495186781], [-71.40844923107475, 19.872945104751555], [-71.40720256949486, 19.87204082829262], [-71.40247042375191, 19.871779432890616], [-71.40137856933684, 19.867706939828004], [-71.39935980899357, 19.86861935220207], [-71.39767039707283, 19.868669381893934], [-71.39591212984348, 19.86487297680109], [-71.39379001603795, 19.865779292332736], [-71.39175128679013, 19.86463368679862], [-71.38925916583271, 19.86493482735536], [-71.38240039774105, 19.861659476171564], [-71.37901343477449, 19.857782486588203], [-71.37818351539457, 19.85737271889976], [-71.37509018900963, 19.857189494049535], [-71.37385660757337, 19.856283619917], [-71.37204998546368, 19.85683936779454], [-71.36951732133743, 19.856131016375272], [-71.36767029952168, 19.856239360594653], [-71.36711853274122, 19.855771785875607], [-71.36411025814304, 19.85600933110036], [-71.3627696601801, 19.85507683769712], [-71.3517801723139, 19.852539480698262], [-71.34898035174588, 19.85130944766291], [-71.3461529678861, 19.849316525343262], [-71.3426200267646, 19.85035936971333], [-71.34002026315765, 19.849849353396078], [-71.33921680223987, 19.849129913002898], [-71.33685015627998, 19.849279427437246], [-71.33547974215882, 19.84835423811201], [-71.33446006397358, 19.848489298683383], [-71.33315290176962, 19.847953390785626], [-71.3308000407139, 19.84901937066291], [-71.32853126157909, 19.84762464600256], [-71.3248541027941, 19.84775365077437], [-71.32430949600689, 19.849349400790864], [-71.32323015527976, 19.849349388565322], [-71.3196636621223, 19.847416504286794], [-71.3178672097245, 19.847213248039445], [-71.31510028408991, 19.84853925785173], [-71.31415840185386, 19.846900381030373], [-71.31280425173523, 19.846783150008896], [-71.31230401958325, 19.84723490984621], [-71.31260928244652, 19.848859548650864], [-71.31131010706963, 19.849189323427133], [-71.309899904558, 19.848329402449696], [-71.30743009926253, 19.84820946540991], [-71.30534582313157, 19.84752124224197], [-71.2987003357195, 19.84724938236852], [-71.29682208220967, 19.84484946927025], [-71.29510433644882, 19.844810891754953], [-71.29456961019599, 19.84605946090825], [-71.29167025729426, 19.846089428962372], [-71.29055801074031, 19.844839012390857], [-71.28886057454486, 19.844349551532453], [-71.28882056951089, 19.8426101541489], [-71.29007136602006, 19.84167826671188], [-71.28978349484838, 19.8399423083589], [-71.28749030846063, 19.839529454685735], [-71.28681650042853, 19.8388653852693], [-71.28538029706058, 19.839139374106065], [-71.28403732498832, 19.837643827503776], [-71.28273044685658, 19.838349026790315], [-71.28246686816983, 19.837284924720276], [-71.28152050523325, 19.837329269236683], [-71.28145069922266, 19.836510164377287], [-71.28238885282668, 19.834893315017634], [-71.28210281355764, 19.834364182182853], [-71.27939710433137, 19.83377702947995], [-71.27755245867628, 19.834950104743353], [-71.27680980001169, 19.836139375825084], [-71.27578029331772, 19.83604943512422], [-71.27299999562904, 19.832805731964637], [-71.26987014777997, 19.83270942925387], [-71.26860471875487, 19.83203882576172], [-71.26760037551426, 19.83206945131331], [-71.2669616168993, 19.83124031349068], [-71.26518583509396, 19.83149874265478], [-71.26485956570538, 19.83227872576045], [-71.26393080592712, 19.831571200512872], [-71.25969052611835, 19.833089445374448], [-71.25945457377082, 19.8306501855043], [-71.25887865364348, 19.83039414572324], [-71.25796008142134, 19.831049254138712], [-71.25673066159786, 19.82958986173301], [-71.25682658049726, 19.82888956125798], [-71.25387668879648, 19.82143270535592], [-71.2514903584911, 19.818299769876766], [-71.25007891380943, 19.81502107848262], [-71.24920546168111, 19.814184217637795], [-71.24778254880945, 19.813103701767933], [-71.24509978802428, 19.812582214990336], [-71.23705009775755, 19.812569477250594], [-71.23604060039256, 19.81217964427893], [-71.23595062232775, 19.81106227855922], [-71.2338505924243, 19.810189567884965], [-71.23373070215507, 19.808550136078168], [-71.23500045565297, 19.805960343557135], [-71.23655031478528, 19.804560467666096], [-71.2386601295304, 19.803540524206188], [-71.2412208437424, 19.803481618822893], [-71.24327867358856, 19.800214183566016], [-71.24100636483713, 19.796591223148166], [-71.23490340974463, 19.79021662737954], [-71.23185043572123, 19.788919373981166], [-71.22931407903991, 19.786215941136966], [-71.22398029774533, 19.78539939157303], [-71.22264523482981, 19.784137325750685], [-71.22053803969445, 19.783270301641572], [-71.21654015969109, 19.783319429448287], [-71.21248022555937, 19.78076969616131], [-71.20895367750612, 19.777726005300714], [-71.20593872053682, 19.7766677943159], [-71.201620236701, 19.776719405457882], [-71.1979051439958, 19.77312056064973], [-71.19365206965257, 19.770999026920496], [-71.19181012995409, 19.771069429704042], [-71.18905890700734, 19.7695551708851], [-71.18684074704657, 19.769919525756702], [-71.18551977532006, 19.771049494945395], [-71.18415004605463, 19.77115951775575], [-71.18159030809544, 19.770449239751795], [-71.17744988786842, 19.76819332733979], [-71.17542331042964, 19.76773732207185], [-71.15670082515734, 19.76637079011537], [-71.1486622389831, 19.765078426085758], [-71.13399843082324, 19.763775267154962], [-71.13070664577188, 19.762417730586634], [-71.13033428061773, 19.76102802667796], [-71.13102044798848, 19.759110273754416], [-71.13229135886814, 19.757718891126288], [-71.13156434233571, 19.755886280920226], [-71.12830997519893, 19.7567193988343], [-71.12478978398447, 19.7560076066471], [-71.12116024852061, 19.756529389480864], [-71.118255604214, 19.752791591095722], [-71.11360007786305, 19.752949490456725], [-71.11109886009874, 19.751893741714998], [-71.10582911571254, 19.74864176363682], [-71.10191511487645, 19.747091621547227], [-71.09693215462526, 19.744286841525597], [-71.09563476047927, 19.742902937894453], [-71.09214974762897, 19.742172313730794], [-71.08729009061487, 19.74210952325244], [-71.07673442608203, 19.73809926874139], [-71.07384012442263, 19.73811935332228], [-71.07146035271121, 19.737129477666187], [-71.0702605574844, 19.7359097676238], [-71.07019073913698, 19.73041011236176], [-71.07083249710782, 19.728373237234603], [-71.07020581580898, 19.726550761780736], [-71.06698381640962, 19.723463655908596], [-71.05734955184334, 19.719541399145477], [-71.04634698024162, 19.71692403704474], [-71.03827924691822, 19.71377276141075], [-71.03225012290338, 19.712799516289493], [-71.02686740800544, 19.71091021227462], [-71.02296009811099, 19.71162944749927], [-71.01960676903192, 19.709661870968926], [-71.01681998585754, 19.71023945723505], [-71.01391080024165, 19.709794546115564], [-71.01035001478574, 19.71065930704205], [-71.00721495816067, 19.710269202894303], [-71.00090006718435, 19.713059367283492], [-70.99642049172463, 19.70979968758869], [-70.99616059053825, 19.7084500018547], [-70.99657402176408, 19.70627012790323], [-70.99620180591667, 19.705756644083248], [-70.99271631214026, 19.70537685574396], [-70.99058995977853, 19.705929382104237], [-70.98759995320074, 19.70553362665722], [-70.98444030366699, 19.70586940243843], [-70.98339068150563, 19.704049950983237], [-70.98407233797211, 19.701853515233626], [-70.97671815553238, 19.692942133158923], [-70.97275851606979, 19.69019274527446], [-70.96942038444256, 19.688839521646145], [-70.96832224503707, 19.687258166357893], [-70.96668025763421, 19.686239648677343], [-70.96290978487265, 19.682363390931663], [-70.9571003302975, 19.679539553848898], [-70.95563494366736, 19.677966757346656], [-70.95348043718526, 19.676889574144187], [-70.95206173809561, 19.674899779702027], [-70.94958013219389, 19.67601922808772], [-70.94779825722273, 19.673950003769498], [-70.94361279696666, 19.672445419724976], [-70.94121979093048, 19.67417934924473], [-70.93886030948809, 19.67406946188843], [-70.93719336691719, 19.671552426394108], [-70.93470023050457, 19.671089396347266], [-70.9320305835544, 19.669389672118047], [-70.93176167908231, 19.66781901213552], [-70.9277101595672, 19.66726948127707], [-70.92550995866317, 19.665846443840874], [-70.92520826701528, 19.66406849981541], [-70.92365033140341, 19.663619469958316], [-70.92324793279144, 19.663061028514914], [-70.92263154131933, 19.659988835122412], [-70.92184036280305, 19.659549569051244], [-70.91989217736206, 19.656512194374493], [-70.91664018575388, 19.656599384453337], [-70.91592446699532, 19.655823737611268], [-70.91422016681582, 19.65546956366934], [-70.91229042480235, 19.654319605413374], [-70.9113715125123, 19.65283252440846], [-70.90823006249481, 19.653449441917335], [-70.9057096234728, 19.65231231632118], [-70.90383166120469, 19.652694437654322], [-70.90169996288795, 19.653969348966744], [-70.89922447658138, 19.652892898437024], [-70.89655169072351, 19.652968100122962], [-70.89423985900041, 19.653899426164568], [-70.89131619995172, 19.65418241921793], [-70.8900797764412, 19.655149512465993], [-70.8864480685376, 19.65574268556136], [-70.88501995689182, 19.657469353621455], [-70.88135066822672, 19.656029600116426], [-70.88151243005287, 19.65414465638891], [-70.8800506181347, 19.652309898424264], [-70.88046065865254, 19.651210378584608], [-70.88194016476204, 19.649389869138872], [-70.88190075968892, 19.64871066606285], [-70.88290721320556, 19.648802123601644], [-70.88434186522109, 19.647902347822004], [-70.88612584735519, 19.64517356978087], [-70.88510041628345, 19.64439964169272], [-70.88436045064967, 19.642799879574532], [-70.88414329148084, 19.64059296612174], [-70.88297802231608, 19.63936251161469], [-70.8812010245777, 19.639634217935626], [-70.87977966510742, 19.641569363946118], [-70.87578078910492, 19.641659402597647], [-70.8763023292685, 19.639879233775456], [-70.87578052941643, 19.634729994930865], [-70.87615973949417, 19.63246216269447], [-70.87448067873231, 19.628290043094665], [-70.87483037457098, 19.62767052879425], [-70.87801473743845, 19.627102027867448], [-70.88021654981833, 19.62598062161426], [-70.88136473089705, 19.624830337147888], [-70.88221045371284, 19.621680366236987], [-70.88454076106316, 19.620237531885323], [-70.88445818697544, 19.619597454695388], [-70.8823206480171, 19.617109909020026], [-70.883924153163, 19.613604090922777], [-70.8834406278174, 19.611759973168915], [-70.8841165495684, 19.608428017285135], [-70.88330696700979, 19.60511005956412], [-70.88138058092981, 19.602969756363187], [-70.88127058785719, 19.600910236630426], [-70.88218045965675, 19.59979934524631], [-70.88199483829429, 19.597674383252972], [-70.88112069965328, 19.5957302116575], [-70.88377738018939, 19.593942750251802], [-70.88392119977436, 19.5916789431704], [-70.88309055097243, 19.59088968609932], [-70.88296064187925, 19.589870406037928], [-70.88399995659906, 19.589530616195518], [-70.88512559214021, 19.589846641156072], [-70.88580048249334, 19.588530403636902], [-70.88773814855168, 19.587158906754055], [-70.88805079671793, 19.585311648861616], [-70.88768288864614, 19.583500083488595], [-70.88642056125812, 19.581749760888297], [-70.88609058612644, 19.579680104537676], [-70.88750126415053, 19.57714746859727], [-70.88769051027838, 19.574670201713573], [-70.8892018463017, 19.572908734724642], [-70.88903098088166, 19.572100651908894], [-70.88971577535304, 19.57207685947001], [-70.89043913909728, 19.571318032315105], [-70.88999079094818, 19.570130260022463], [-70.89259547958028, 19.568822331465075], [-70.89257067373256, 19.56688022312587], [-70.89304823467062, 19.56605623351891], [-70.89222070886058, 19.565099906237258], [-70.89317572131041, 19.564164850663467], [-70.89312077605837, 19.563470757410823], [-70.89469967681613, 19.563890523544732], [-70.89888530162871, 19.568601341628224], [-70.90739842123727, 19.573537111267022], [-70.9284931451385, 19.59135043367252], [-70.92944715940533, 19.591739461622037], [-70.93014490795102, 19.58926261022677], [-70.92980077859029, 19.58672002254735], [-70.93056814733463, 19.582839795949205], [-70.93066824586002, 19.577022873053597], [-70.92991519521416, 19.57662051110448], [-70.92864973862663, 19.57748933396787], [-70.92683001957825, 19.57768942561915], [-70.92410023830621, 19.57719946311399], [-70.92322060876027, 19.576519696590868], [-70.92320063279716, 19.574830121767185], [-70.9252305080153, 19.569920302885027], [-70.92930044259458, 19.564920440589624], [-70.93405210660703, 19.561003647488047], [-70.93476052274309, 19.557870353350385], [-70.93661926851478, 19.556376357758054], [-70.93503624900642, 19.554905756178226], [-70.93278045582242, 19.554819436532718], [-70.93116935477019, 19.5522403223939], [-70.92748039594966, 19.553079424349775], [-70.92712067426676, 19.552279986336004], [-70.92776281698248, 19.550252323863376], [-70.92706614429898, 19.54939694431583], [-70.92534724882337, 19.54889155704347], [-70.92373962875749, 19.54888144007312], [-70.92111104059506, 19.55026639065311], [-70.92087258908069, 19.551084359497974], [-70.92171929657053, 19.55311995861277], [-70.92096968908477, 19.554439390160773], [-70.91640069128296, 19.55392947027918], [-70.91657058324354, 19.552820247414644], [-70.91796565331734, 19.550928007917687], [-70.91806686209233, 19.548912908668395], [-70.91554480151174, 19.547163046879593], [-70.91345040604187, 19.547239391036488], [-70.91269325536621, 19.54514127199363], [-70.91138146651818, 19.54350078469527], [-70.91052653764773, 19.543799597468738], [-70.90948181026192, 19.54562874696389], [-70.91057813539385, 19.54719080659681], [-70.91264949403497, 19.54835034168734], [-70.91278932846149, 19.54948960083854], [-70.90894006338861, 19.551009376684362], [-70.90744076309755, 19.550029830814108], [-70.90873806135018, 19.547902444355312], [-70.90833476978489, 19.546399699793177], [-70.90437019491148, 19.546399428777743], [-70.9036505588871, 19.54577971551663], [-70.90344942703679, 19.543449121156257], [-70.90276358217548, 19.542762136324143], [-70.90111925650167, 19.542312952643773], [-70.90030531115602, 19.54257073068162], [-70.89979887751103, 19.543305563291465], [-70.89975945774943, 19.544759708358377], [-70.89888996030423, 19.54535929683423], [-70.89528062665495, 19.543429603072614], [-70.89508566209243, 19.539763922230684], [-70.89428203460488, 19.53783648446442], [-70.89317082776031, 19.53682992323134], [-70.89387050397448, 19.53586048054644], [-70.89399085334836, 19.53197012480607], [-70.89472271729355, 19.52920508349561], [-70.89429055276783, 19.526020196150192], [-70.89490565619342, 19.525100243842637], [-70.8947006851907, 19.523840114692796], [-70.8956622958993, 19.522780287362252], [-70.89530064298181, 19.52061021214849], [-70.89600502959935, 19.519893849635398], [-70.89610052490798, 19.51876037463606], [-70.89730930580444, 19.5182335978772], [-70.89760061932472, 19.517350379242412], [-70.89988995362901, 19.515377292565734], [-70.90076071674872, 19.512230329389265], [-70.90232888529351, 19.50991243787402], [-70.90149058952525, 19.50853976455068], [-70.90144071544806, 19.507110169880296], [-70.90246128426827, 19.505227195804384], [-70.90267053309168, 19.503590294770994], [-70.90368164360711, 19.50274025285461], [-70.90456892253422, 19.50059320409818], [-70.90399057685407, 19.49648013152931], [-70.90584781094056, 19.494762743243797], [-70.90663048736386, 19.49235036509997], [-70.9080364511345, 19.491305897049603], [-70.90850279515324, 19.486251383812025], [-70.90757806002732, 19.484830116401753], [-70.9045504627157, 19.483339465263178], [-70.90359066096835, 19.481919771464543], [-70.90340074779219, 19.47926006948141], [-70.9042567385166, 19.47586054623537], [-70.90242269948446, 19.47297722270582], [-70.89851636292093, 19.470371199754236], [-70.8889402858109, 19.468009532558025], [-70.88711043888674, 19.465769756483354], [-70.88567069397453, 19.461539843721802], [-70.88501185991059, 19.45583611922519], [-70.88507062053696, 19.451790103337483], [-70.88596048914295, 19.449060469622037], [-70.88708995839411, 19.448640714651688], [-70.89916436392772, 19.454806266446646], [-70.9016891798027, 19.455636317052754], [-70.90211217437779, 19.454306421256522], [-70.90134049455388, 19.453249780211603], [-70.90109068171733, 19.451510639409566], [-70.90338935207937, 19.451499623727358], [-70.90361053261347, 19.449020885727407], [-70.90487657447277, 19.449597562267844], [-70.90789225359303, 19.449620043277957], [-70.91092188994249, 19.44796190127035], [-70.91126817842405, 19.445261158623428], [-70.9102105712079, 19.44195995631244], [-70.91058049628272, 19.439680563089215], [-70.9128698143868, 19.439600588587886], [-70.91421822475336, 19.44058649790323], [-70.91554695714221, 19.440646628962803], [-70.917610162206, 19.439700627942596], [-70.92158978901419, 19.439500659780677], [-70.92402957728827, 19.44143030855623], [-70.92463756535463, 19.442863276467715], [-70.92635971359852, 19.443250607206355], [-70.92758950513621, 19.44428035980148], [-70.929232065774, 19.447252224149075], [-70.93280966224911, 19.44723042788745], [-70.9340293878968, 19.449130306254208], [-70.93490938184861, 19.449570377387985], [-70.93478298268649, 19.4525820158035], [-70.9360543080663, 19.454052182358346], [-70.93976980228447, 19.454320605044384], [-70.94157960380974, 19.45545332722435], [-70.94619979577999, 19.45650045478312], [-70.94821894325261, 19.458011264665224], [-70.95439557610902, 19.457290651871713], [-70.95726999595321, 19.456070701972738], [-70.96278112954437, 19.45838490526507], [-70.9631471552567, 19.457978826340696], [-70.96339629683493, 19.45374423843907], [-70.96277671508759, 19.45149933596607], [-70.95929098771596, 19.451050428965722], [-70.95494997827473, 19.452369266888898], [-70.95392037223885, 19.452119524742606], [-70.95329076304772, 19.4509102030813], [-70.95516023638821, 19.449710453982615], [-70.96049921442311, 19.448063326392873], [-70.96713994114485, 19.44727066986177], [-70.96789949803359, 19.447500426239937], [-70.96831169645301, 19.44979408242268], [-70.9696241020909, 19.45083225657534], [-70.97212968216519, 19.451620479712673], [-70.97294945478892, 19.452590211512824], [-70.97311403477659, 19.456624153640824], [-70.97399467886021, 19.457264549484748], [-70.97522552008961, 19.456970312460466], [-70.97691375867744, 19.45572924159383], [-70.97777984542878, 19.454166719312532], [-70.97979059701035, 19.445770241923732], [-70.9822906015674, 19.4415704541515], [-70.98815047539742, 19.43536063015309], [-70.99114014795846, 19.433810478227105], [-70.99260997800987, 19.43363066817858], [-70.9941896002813, 19.4339305847637], [-70.99597941702046, 19.43679028689468], [-70.99767938989962, 19.44137012747648], [-70.99783907195567, 19.44404087420243], [-70.99927114456614, 19.448244220196422], [-71.00259964877347, 19.450610412936964], [-71.00855306349514, 19.456666016485553], [-71.01079295472671, 19.457011825190122], [-71.01515005512924, 19.455500625845435], [-71.01956299018225, 19.4561252325152], [-71.02090552221962, 19.454599571507305], [-71.02076053756481, 19.45134008548985], [-71.02125036960747, 19.450220494127937], [-71.02921213906248, 19.449191623451036], [-71.03557027288252, 19.44405051053079], [-71.03719006149846, 19.443550531724174], [-71.03877986099296, 19.443660621329663], [-71.04283968162788, 19.44524050202762], [-71.04852090198615, 19.450628893044726], [-71.05661185028097, 19.45626432538083], [-71.06220351848701, 19.460853838339766], [-71.07407958221879, 19.466130634437516], [-71.07707137594258, 19.46889819817766], [-71.08334445381102, 19.472641083496452], [-71.0846760994476, 19.472189457526433], [-71.08482149155542, 19.471528131391718], [-71.08184042363207, 19.46963957980301], [-71.08024032604253, 19.46697143344558], [-71.07862053940589, 19.46543965648396], [-71.07823063268552, 19.46425010588153], [-71.07873031157368, 19.46359043828206], [-71.0856709276568, 19.461552173550377], [-71.09572296846373, 19.454637427586725], [-71.09736958933253, 19.45044456760482], [-71.09680161724187, 19.44830623519404], [-71.09589519173355, 19.447751597418584], [-71.09362957391497, 19.450689503530292], [-71.09204001267717, 19.45146937638963], [-71.09097049708146, 19.450889523379594], [-71.0857006626529, 19.44010986741648], [-71.08581899441565, 19.437799682898277], [-71.08409069066116, 19.43514984173134], [-71.08420050144215, 19.434360240903196], [-71.08676022796313, 19.431810690640493], [-71.08813547921508, 19.43199216049163], [-71.08876438099871, 19.431614333989703], [-71.09012512619486, 19.42965464968073], [-71.08999605683528, 19.42820453423877], [-71.08915229798748, 19.427369205287768], [-71.0867602233495, 19.427099206199053], [-71.08189623760235, 19.42480112965289], [-71.07920767976903, 19.424727821076427], [-71.07597992158054, 19.425539507314994], [-71.07261038053753, 19.425469404816752], [-71.07205053738562, 19.423120205226873], [-71.07304023913203, 19.421930553554564], [-71.07763228795244, 19.42215600026286], [-71.08391024868286, 19.41687042945141], [-71.08877020448341, 19.415110885453913], [-71.09269994885547, 19.4146905875997], [-71.09632855814695, 19.415725616668933], [-71.10037993066517, 19.415070703578987], [-71.10182176286261, 19.415561250976737], [-71.10446017523411, 19.414180563715874], [-71.1075976712943, 19.414267807467667], [-71.11061862186155, 19.412967563975204], [-71.11672937646706, 19.4086020745678], [-71.11939237437238, 19.405258289432105], [-71.12050687785597, 19.402234335935233], [-71.1189604675485, 19.401589468021616], [-71.1186407235043, 19.40070037275131], [-71.12050527531248, 19.400165406186936], [-71.12111320970789, 19.39948138770033], [-71.1211887887116, 19.398081987571228], [-71.12065067983892, 19.396730198902254], [-71.12129334197154, 19.39620110879785], [-71.12139057388677, 19.39520054472247], [-71.12439710028748, 19.395239680952006], [-71.12713013362544, 19.39387058209039], [-71.13130092550804, 19.39435418314194], [-71.13199982393517, 19.393990828227587], [-71.1325740312748, 19.394467066823317], [-71.13351012827682, 19.393940634757442], [-71.13511075891132, 19.394689271966435], [-71.13633927469608, 19.39448053944804], [-71.1362709560753, 19.39625709803294], [-71.1373499764207, 19.39615071079453], [-71.13902453451243, 19.396805852876945], [-71.13980198520262, 19.396546187917973], [-71.13986557596584, 19.395951764955168], [-71.13809036090724, 19.39534954204924], [-71.13737088055059, 19.39398051446212], [-71.13844346822202, 19.393897051453905], [-71.14002017433684, 19.392660610489173], [-71.14133977051415, 19.392810678894495], [-71.14448189113787, 19.394346009643805], [-71.14550064203517, 19.392754362243], [-71.1451884806981, 19.39018413050659], [-71.14445454381325, 19.38903367802223], [-71.14212043858963, 19.387569640343592], [-71.14177072602281, 19.386640287461404], [-71.14413006820567, 19.385480674778748], [-71.14839406138587, 19.386582185615577], [-71.15012264826264, 19.38602350404436], [-71.15034377358732, 19.38436475738799], [-71.14882072128283, 19.381509754243503], [-71.14854070106954, 19.37981014364713], [-71.14912036392329, 19.378900457823384], [-71.15231866748576, 19.377395202161633], [-71.15127066361751, 19.374200110413568], [-71.15165027100073, 19.37375059568157], [-71.15541875351533, 19.373806763502177], [-71.15680984876373, 19.373180675996537], [-71.15825064990581, 19.37439253672837], [-71.15868321086971, 19.37399050173947], [-71.15885050736645, 19.372290482724278], [-71.16012611871366, 19.37208971233242], [-71.16184997394073, 19.370950690685135], [-71.16377305039865, 19.373544950001644], [-71.1647801449633, 19.373543700602447], [-71.16523048206653, 19.372550580929207], [-71.16614986371488, 19.37251076024094], [-71.17194970003852, 19.374950497568477], [-71.17294935664323, 19.3757703256387], [-71.17310964721305, 19.378558791623387], [-71.1742992973716, 19.380400192368956], [-71.17423441519513, 19.38237464598505], [-71.17541939853864, 19.38411013627904], [-71.17514948768739, 19.385749690265246], [-71.1741864372271, 19.386979795009996], [-71.17784546522215, 19.388144482133047], [-71.18047299902183, 19.38646294358583], [-71.18308027106995, 19.382600678769826], [-71.18635068415227, 19.38320828763689], [-71.18723777034816, 19.38216345392295], [-71.18765049368143, 19.380460543127136], [-71.19053075425471, 19.38003963011884], [-71.19095048638104, 19.37875065905369], [-71.19192970378948, 19.378900601509507], [-71.1939766277781, 19.38085500302282], [-71.19535347957857, 19.381412929766583], [-71.19742309136186, 19.380127619752393], [-71.19977372125186, 19.38042038758831], [-71.20131023678113, 19.379010637000977], [-71.20213973049516, 19.37905052900624], [-71.20315572168641, 19.38029896466067], [-71.20381645735968, 19.38045524881956], [-71.20602029604312, 19.37811045894692], [-71.20874033644259, 19.377162879030454], [-71.20871587907895, 19.376571328045767], [-71.20777038732517, 19.376179566995717], [-71.20746074852681, 19.375489846254954], [-71.20748064456666, 19.3743202171283], [-71.20803026131681, 19.373570609407622], [-71.20872948478713, 19.373660565479017], [-71.20944727188733, 19.37484948084148], [-71.21188339303797, 19.3749243025169], [-71.21279637647163, 19.374138906671003], [-71.21303052647595, 19.372200485165433], [-71.21364999316293, 19.372080643538975], [-71.21517979113165, 19.37241047276215], [-71.21728697340869, 19.374033459024872], [-71.21812014538547, 19.37402607245653], [-71.21846641005338, 19.37333275716854], [-71.21757067033411, 19.371660049299933], [-71.2181803149022, 19.370860534729776], [-71.22028153971925, 19.37037133101322], [-71.22027061589887, 19.36755059373738], [-71.22333512952629, 19.367537355458207], [-71.2241730891489, 19.367122115165145], [-71.22415045371164, 19.36617449950295], [-71.22163082034531, 19.363549584908057], [-71.22125060052258, 19.362499965604496], [-71.22148045155326, 19.361530467189535], [-71.22286996997124, 19.36125062160213], [-71.2262884467129, 19.362227009953287], [-71.22800734067845, 19.361643451116535], [-71.22864265684497, 19.359800232615758], [-71.22716553099919, 19.35797979277885], [-71.22548987579175, 19.357130553713212], [-71.2243302998194, 19.357119373245414], [-71.22376079576118, 19.3564000586197], [-71.22617292894024, 19.354130317234794], [-71.22656232843384, 19.352987201229936], [-71.22467057109091, 19.35025976861679], [-71.22552041805997, 19.348165585773557], [-71.22416063915797, 19.347249679015906], [-71.22414761591111, 19.345628001104338], [-71.22217048426178, 19.344289792713866], [-71.22197054222875, 19.34279007896727], [-71.22302040814002, 19.340450364380526], [-71.22481016750078, 19.33946050207926], [-71.22752986298994, 19.339080639290863], [-71.23167603817906, 19.341321169078686], [-71.23229046272083, 19.340329306617047], [-71.23084101061549, 19.33813048849456], [-71.23433489026411, 19.33784408859898], [-71.23570986443816, 19.33707070637874], [-71.2361193251106, 19.337590285377505], [-71.236867025947, 19.34303345822665], [-71.23746851125749, 19.343569624498894], [-71.23845845273378, 19.34354390498379], [-71.23867060341459, 19.33650020789375], [-71.23966028812326, 19.33527060176155], [-71.24030977523057, 19.33527061528441], [-71.24192715885998, 19.336520081948358], [-71.24479451428185, 19.335882407396475], [-71.24480848356704, 19.335193650792895], [-71.24220086728955, 19.33280000946681], [-71.24471291282214, 19.330584469772553], [-71.2456704018973, 19.328740323545833], [-71.24749988172242, 19.327630655698414], [-71.24875479594958, 19.32870156822138], [-71.25042499762854, 19.329258373972284], [-71.25146641309179, 19.329240592554182], [-71.25265966707374, 19.328293402024613], [-71.25303359265564, 19.326536286544748], [-71.25260571034956, 19.325141540911048], [-71.25064036322568, 19.324519538715247], [-71.24924073542654, 19.321849801520006], [-71.24908217016123, 19.3203376364362], [-71.24712033323546, 19.31962950411159], [-71.24660067295362, 19.318999772515436], [-71.24664061384962, 19.317950182248715], [-71.24797409158303, 19.315605188567137], [-71.24721269474338, 19.312563665214803], [-71.24410036571194, 19.312079477986906], [-71.24369069262514, 19.3112000127084], [-71.24443302025598, 19.309032860052422], [-71.24245019088029, 19.309089392877773], [-71.24136101181512, 19.30800017476001], [-71.24312460426962, 19.30709753576356], [-71.2437904837016, 19.304640283359216], [-71.24441030647083, 19.30405064044179], [-71.24660211035237, 19.30372047443443], [-71.24637715885402, 19.30122746451675], [-71.24272055509188, 19.30063947825236], [-71.24275049293244, 19.298130095008702], [-71.24321036200075, 19.29694076653334], [-71.24571870115592, 19.29774582699628], [-71.24652797171578, 19.2970038972344], [-71.246424797246, 19.294810904709315], [-71.24481075847518, 19.292300120094676], [-71.2461989446145, 19.291693274754024], [-71.24639062021807, 19.28776029071119], [-71.24837019182212, 19.285995482924594], [-71.24855721741837, 19.285262246149582], [-71.24735867099777, 19.28263676280923], [-71.24630040753064, 19.282279489319475], [-71.24603073124655, 19.281660109364122], [-71.24673999088198, 19.280830867871035], [-71.24772451888555, 19.281230071849194], [-71.24763065977235, 19.279590290518225], [-71.24915941950184, 19.279411296273185], [-71.24948000514937, 19.278954192408282], [-71.24684053366722, 19.27544978205371], [-71.24651331048912, 19.273081597164754], [-71.24489059460474, 19.272729524046387], [-71.24525427667709, 19.268636056309376], [-71.2440807186969, 19.266530050129877], [-71.24641026375254, 19.263560586800956], [-71.24793006992071, 19.263619276096197], [-71.25014985516962, 19.26245072814169], [-71.25192481395293, 19.264537534649644], [-71.25298004781871, 19.26419072063423], [-71.25499798136457, 19.26505681539304], [-71.25593042138303, 19.263200513147332], [-71.25686059526619, 19.262926399899015], [-71.25810383574989, 19.26119548485664], [-71.2565605402114, 19.25936963240185], [-71.25613029318447, 19.25678478298603], [-71.25416061641829, 19.2559795549672], [-71.2540992369737, 19.25470865823225], [-71.25288062537716, 19.25329984541788], [-71.2529946665836, 19.25219630416569], [-71.25167051990805, 19.25175946423301], [-71.25116861336872, 19.249852385582336], [-71.24986078419812, 19.24896976720516], [-71.25065345063035, 19.247064465000243], [-71.24969568275233, 19.245433809245363], [-71.24781040434756, 19.245079476845646], [-71.24742879424575, 19.244273199017034], [-71.24534179226951, 19.242882733999437], [-71.24045540368908, 19.243486015507326], [-71.2390898579175, 19.24501922923127], [-71.23793028438439, 19.244359590139375], [-71.23708058410439, 19.243649698074236], [-71.23681251171072, 19.24106935117753], [-71.23477051714359, 19.239899717225555], [-71.23471096374305, 19.23915220741192], [-71.23609007099287, 19.23836227021615], [-71.23600062387155, 19.236430449923976], [-71.23716379420355, 19.236094983086506], [-71.23723368750778, 19.23529131856928], [-71.23566243638037, 19.234498789089777], [-71.23484033193192, 19.235398440634402], [-71.23449064219353, 19.23336331231428], [-71.23317024339347, 19.233449267192594], [-71.23152228795908, 19.231352435462103], [-71.22694077083564, 19.230939511666257], [-71.22723043361518, 19.230160433615186], [-71.22950419453319, 19.22915963125294], [-71.22934060667971, 19.225140247588655], [-71.23020851481982, 19.22409503706011], [-71.22936153893637, 19.220948502376025], [-71.22750060232306, 19.2198898239066], [-71.22799693260872, 19.217148528653667], [-71.22662059322506, 19.215689681126324], [-71.22624064027976, 19.213680461952826], [-71.2276498920313, 19.2134905544986], [-71.22927272407281, 19.214208148050417], [-71.22978922378535, 19.212239700369505], [-71.22831890018668, 19.210254821851827], [-71.22534044264977, 19.20875938549077], [-71.22391061684549, 19.207319782204156], [-71.22406259712959, 19.20531223387901], [-71.22226059490322, 19.203629611481663], [-71.22096677568796, 19.199671493541054], [-71.21994053276991, 19.19799982468716], [-71.21839068297511, 19.192240195184944], [-71.21948274370024, 19.190766373349298], [-71.22020926931962, 19.18816266666747], [-71.21899829470772, 19.18295558697177], [-71.21705071804237, 19.177990336505523], [-71.22215901068395, 19.176297772342572], [-71.22541192882008, 19.174456103252105], [-71.22840005775825, 19.17348050680622], [-71.23240223226703, 19.174013219268346], [-71.2353197624535, 19.1734420475093], [-71.2398518479745, 19.171319263338376], [-71.24176994351708, 19.17120063378264], [-71.24681572729052, 19.172424413614788], [-71.25153546322372, 19.17235583527898], [-71.25673006182195, 19.169390577793923], [-71.26141238110428, 19.170863641272668], [-71.26372037153489, 19.169240731310207], [-71.26648001309412, 19.16839053639257], [-71.27166988396701, 19.169713074917706], [-71.27451991281329, 19.169720486963207], [-71.2796991641246, 19.17163599135245], [-71.28368485844527, 19.175141695735924], [-71.28765800260571, 19.17651434719854], [-71.28980062483018, 19.176644302470752], [-71.29279997250661, 19.17607707917077], [-71.2945701980567, 19.175030665203188], [-71.29866410640614, 19.174903672388407], [-71.30070028116815, 19.173340541682144], [-71.30239008256905, 19.172850618849495], [-71.3159022556115, 19.173076183352833], [-71.31778967792366, 19.172130837971377], [-71.31928020265315, 19.176133436474775], [-71.32387945961239, 19.18071032475294], [-71.32492857180358, 19.18418490658733], [-71.32577787971633, 19.185302895543124], [-71.32654885940305, 19.185943670285535], [-71.33218967914794, 19.187820507816735], [-71.33385289395548, 19.18954020627861], [-71.33971307493947, 19.19284930159874], [-71.34165869569779, 19.192876733868204], [-71.34641014833883, 19.190020564076168], [-71.34745985511688, 19.190050538752843], [-71.351987235461, 19.19244075356839], [-71.35826012386799, 19.190080429415815], [-71.3600200265027, 19.189730701407935], [-71.36207962702318, 19.189980577428734], [-71.36250935406979, 19.190690158112666], [-71.36236760046457, 19.193215984337897], [-71.36478783901616, 19.20054480564818], [-71.3692453119527, 19.20473462738528], [-71.37794965368322, 19.20806045896001], [-71.38253674433197, 19.21420809149607], [-71.38477182498161, 19.21584252440132], [-71.38948049186033, 19.21632122030062], [-71.39131988822007, 19.215670642694842], [-71.3936860677578, 19.217657483563563], [-71.39540653275459, 19.218111321465443], [-71.39836172439557, 19.21753081874271], [-71.4019298423952, 19.217780679844008], [-71.40320970717362, 19.218300455660643], [-71.40658970082607, 19.22149026992192], [-71.4102346387402, 19.22624383097555], [-71.41151956414592, 19.22709041168417], [-71.41291819515236, 19.229542792227953], [-71.41568942401004, 19.231630304811794], [-71.4157863803166, 19.232807418199034], [-71.41718535577958, 19.234966211060136], [-71.42089756393538, 19.237242784870855], [-71.42690992492948, 19.237690466316348], [-71.42895961893184, 19.238400519144385], [-71.43300077679643, 19.24375387321384], [-71.4376802579388, 19.23999055315522], [-71.4394697574364, 19.239730601292035], [-71.44161704260542, 19.242239359617304], [-71.44431019877942, 19.240620610256215], [-71.44649971175717, 19.240690568586796], [-71.44845510510915, 19.243174327596922], [-71.45146962559676, 19.245070404995953], [-71.45311293435621, 19.247252803624242], [-71.45513959724309, 19.248030519570698], [-71.4564714796907, 19.24987707402068], [-71.45809952898036, 19.250195327243517], [-71.46040015084714, 19.248990608967848], [-71.46231983721374, 19.24900062154246], [-71.46321949418302, 19.24950056931926], [-71.4659036666781, 19.25318205227538], [-71.4676737348906, 19.253852894743304], [-71.46843988219914, 19.253540731401788], [-71.47050062510746, 19.255645735302547], [-71.47200021296523, 19.254190724436587], [-71.47566758400465, 19.255064841795633], [-71.4761315691204, 19.254639465100745], [-71.47586105539331, 19.253860979944236], [-71.47719722836659, 19.254326686976746], [-71.4777403210477, 19.253850578270193], [-71.47877945317278, 19.253920566196108], [-71.47933517945786, 19.254438024321487], [-71.48029007094978, 19.253500862590926], [-71.48208236992048, 19.25488832825383], [-71.48480990592925, 19.253350701972664], [-71.4856593458196, 19.253980296227006], [-71.48569278946064, 19.25545764570897], [-71.48763442473103, 19.256419281468702], [-71.48827315725737, 19.25623026928453], [-71.48815070317607, 19.255040172206368], [-71.48888012928381, 19.254180784747536], [-71.49012496631528, 19.255284409017765], [-71.49142932028377, 19.25457109737263], [-71.49125996258877, 19.256080292267033], [-71.49183899076841, 19.256441282710732], [-71.49308910544606, 19.25523635853737], [-71.49243073564908, 19.25375007952482], [-71.49357037912203, 19.252530613130318], [-71.49764986098207, 19.25132060035211], [-71.49826924931622, 19.251890103663072], [-71.49653930642718, 19.25502930592825], [-71.49808182490192, 19.256912895580573], [-71.4994197336877, 19.25705054839665], [-71.49998922571639, 19.257739936624045], [-71.49920824017902, 19.258524358145113], [-71.4988694604233, 19.26175964178996], [-71.49718321217512, 19.26272501026297], [-71.49715965985727, 19.263863449671703], [-71.49877964981367, 19.264540646155194], [-71.50000863826004, 19.265719415134907], [-71.49778424010566, 19.265725203743543], [-71.49689588981802, 19.266713978736433], [-71.49688073752847, 19.267797633674565], [-71.4986395236089, 19.271661079222625], [-71.50057957167179, 19.272110540888768], [-71.5011959054656, 19.273507030625606], [-71.5021622008029, 19.27413035068096], [-71.50267537313876, 19.27384992596583], [-71.50310040671293, 19.272250588033405], [-71.50393977245444, 19.272340546517267], [-71.50570820654247, 19.27375034058832], [-71.50780981233235, 19.274000592199936], [-71.50943655694023, 19.27485887262014], [-71.51071024394868, 19.2737906080795], [-71.51356905889917, 19.27390331694806], [-71.51505071097156, 19.272580387526396], [-71.51728753430822, 19.271788423198014], [-71.5178704856614, 19.270030597083153], [-71.52082676220125, 19.269679774243937], [-71.52055060779999, 19.26810008493177], [-71.521905626916, 19.266055847815302], [-71.5216804631978, 19.26375058260136], [-71.5228198010097, 19.26372060297674], [-71.52517965525004, 19.265554774231322], [-71.52633945766777, 19.265370755463714], [-71.52679551856203, 19.267008452131414], [-71.53124945305989, 19.265180784309983], [-71.53131303870649, 19.266679512765474], [-71.53220703539314, 19.26801358468727], [-71.53329717308382, 19.267840658928662], [-71.53340062810521, 19.266880889994194], [-71.53507916113183, 19.26760236197195], [-71.5367893772642, 19.26726046587891], [-71.5367446702241, 19.26869867385953], [-71.53770933161549, 19.26993015930384], [-71.53744539310341, 19.271523395409897], [-71.53849954483846, 19.272120456867647], [-71.5390805672347, 19.27335078864557], [-71.54074987121028, 19.27282066183807], [-71.54251641220308, 19.27403157096436], [-71.54437016363406, 19.271860654754647], [-71.54581968735641, 19.272160622922318], [-71.54769925637063, 19.273830089266347], [-71.54703566432617, 19.274924908242184], [-71.54752701021219, 19.276264005904917], [-71.55089969280573, 19.276770653512855], [-71.55412012933093, 19.27972595458444], [-71.55674990231896, 19.279268708998472], [-71.55675707192681, 19.278671659250023], [-71.55572076665983, 19.277699900541325], [-71.55705034845948, 19.275610483801604], [-71.56130769403303, 19.274775417315396], [-71.56211789047653, 19.27287215539834], [-71.56383023845879, 19.27117057020489], [-71.56485996511252, 19.27116045815619], [-71.56774965896592, 19.271890512266907], [-71.56955435517155, 19.274278612899813], [-71.57140957650918, 19.27493057781919], [-71.57220303858375, 19.27735679935837], [-71.57326946685096, 19.27835035462847], [-71.57396345590188, 19.279869937423182], [-71.57884004833261, 19.278340549457788], [-71.58112450899239, 19.278558473623516], [-71.58282970402244, 19.27791071008853], [-71.58372945469029, 19.280000054359167], [-71.58328024999845, 19.28189283754679], [-71.58361437292136, 19.28275948730528], [-71.58590996356871, 19.282520589578024], [-71.5906362920599, 19.283929662168656], [-71.59140923180779, 19.283272182559877], [-71.59118053976727, 19.28185000001409], [-71.59185052605633, 19.27827026888636], [-71.59443091399852, 19.276463474581806], [-71.5945049363956, 19.275828889008785], [-71.59391056653753, 19.275299756181386], [-71.59403053137677, 19.274210357126172], [-71.59520333397091, 19.27356206685486], [-71.59634395709551, 19.272073468702207], [-71.59535048940974, 19.270149824118256], [-71.59517053003, 19.26828011277109], [-71.59723381869598, 19.266250347940858], [-71.59710059988394, 19.26434031923939], [-71.59833221481678, 19.263706169913423], [-71.59870056184405, 19.26299297498302], [-71.59823821624087, 19.262020075114513], [-71.59729997898151, 19.262309337559866], [-71.59659042714846, 19.26195961109786], [-71.59614061764154, 19.26078004143918], [-71.59651047413654, 19.260100495442387], [-71.59896746155263, 19.258694362113406], [-71.59743067135433, 19.25440999406825], [-71.5976103521456, 19.253910776736124], [-71.59921527871292, 19.25450004220272], [-71.60106080379322, 19.253917527943972], [-71.6017315181648, 19.252550487503562], [-71.60078056307427, 19.2510498831919], [-71.60096047828925, 19.250260640006978], [-71.6032013975035, 19.250316589655533], [-71.60381058526468, 19.24855036936553], [-71.60455006945189, 19.24793074102394], [-71.60650375723192, 19.249011320811114], [-71.60776546639393, 19.248876195947446], [-71.60831621176203, 19.248174769032932], [-71.60822066708003, 19.24678030609409], [-71.60883994457758, 19.246330779627687], [-71.60948957008853, 19.24696029214394], [-71.61117206711175, 19.251434697958462], [-71.61620016350244, 19.253128506385547], [-71.61580068177116, 19.250740550930924], [-71.61891715569165, 19.250363989298787], [-71.61940852251814, 19.249247603653934], [-71.61913065013722, 19.24758018073028], [-71.62120029076114, 19.245220446338525], [-71.6222198647012, 19.24490061455738], [-71.62345565712756, 19.24596883530257], [-71.62554696833018, 19.246029824112313], [-71.62649040476529, 19.244700406369407], [-71.63078732144142, 19.242043795243106], [-71.63077064913521, 19.23974031509523], [-71.63359472264835, 19.237738206452352], [-71.6340706956769, 19.23515027426921], [-71.63557246377059, 19.23288056192608], [-71.63452138439311, 19.230092036078318], [-71.63721355265999, 19.232619050982066], [-71.63929015330316, 19.23166069538624], [-71.64354963985045, 19.231860551679784], [-71.64501563717984, 19.23480449016066], [-71.64581269627463, 19.23533227332663], [-71.64919003328686, 19.234300737429578], [-71.65254860739516, 19.234981087312857], [-71.65335369740122, 19.23434621942371], [-71.65391031943216, 19.23254088349801], [-71.65729132398515, 19.234765104718104], [-71.66092044797678, 19.23590790881225], [-71.66634569374196, 19.236554749771333], [-71.66977991260981, 19.235970558828036], [-71.67182271443234, 19.23697084193116], [-71.67367995147012, 19.23641060810414], [-71.67591953448277, 19.237530408592182], [-71.67630018689117, 19.23851342263942], [-71.67884383456062, 19.240569114793228], [-71.67958953699679, 19.240306532643313], [-71.6810603043104, 19.238550591907124], [-71.684129934339, 19.238320509437095], [-71.68593155103454, 19.239022357443783], [-71.68788886236831, 19.239078486692286], [-71.69019990784322, 19.238580578372], [-71.69122950929811, 19.239190441534134], [-71.69222147715428, 19.24135060613155], [-71.69286251286223, 19.241812155379986], [-71.69405624180678, 19.24164096321398], [-71.69551016972665, 19.240420634595296], [-71.69713970501208, 19.240720518823473], [-71.69783940417832, 19.241520264146533], [-71.69821808848027, 19.243766347944515], [-71.7054294843526, 19.249370437588567], [-71.7062371154315, 19.250784498452234], [-71.70845947025367, 19.251780415206944], [-71.70871941433688, 19.253279875788273], [-71.70687090938027, 19.25604800021207], [-71.70689775665193, 19.257036230245202], [-71.70878219031718, 19.259561835055937], [-71.71226951465724, 19.261080462805563], [-71.71322048255892, 19.263437802562773], [-71.71560946399167, 19.264400319219007], [-71.71573562125691, 19.266152030498287], [-71.71636209661932, 19.26682917697097], [-71.71746256444246, 19.267184375046078], [-71.72018998991477, 19.266230673071743], [-71.7242394470969, 19.26780036694904], [-71.72420934625087, 19.268829687870042], [-71.72225315430227, 19.27080205978832], [-71.72387289272137, 19.275748672577954], [-71.72532819962888, 19.27805318243986], [-71.72770182363307, 19.277072251802444], [-71.727836117655, 19.275027883479403], [-71.72886038896858, 19.27300049158025], [-71.72957129845996, 19.272628053043356], [-71.7296305689164, 19.27108020687239], [-71.73106026054639, 19.269317500354536], [-71.7311106655898, 19.26802028808434], [-71.73231285216306, 19.266833738243182], [-71.73137070100589, 19.262680117261027], [-71.7316301914747, 19.262320674429713], [-71.73266955854615, 19.262750481659264], [-71.73390944534303, 19.265000701590502], [-71.73580962943497, 19.26522053068845], [-71.7369473391007, 19.267647637483297], [-71.7385194760091, 19.26877037165674], [-71.73991940854285, 19.273830045095377], [-71.73980945007517, 19.274759615484662], [-71.73894916360481, 19.275235617914888], [-71.73850888521433, 19.27638356077799], [-71.73877671120685, 19.278264165735024], [-71.73956901631406, 19.27831821923196], [-71.74041039585525, 19.27676058596535], [-71.74391530448898, 19.276400572474483], [-71.74737998594415, 19.273960713134727], [-71.74861938905138, 19.27491033982518], [-71.74888486962892, 19.277492056833], [-71.74977389344916, 19.278567421316456], [-71.75512966067473, 19.280330456287338], [-71.75561942591146, 19.281040132211494], [-71.75543941331695, 19.282219633118498], [-71.75354542852745, 19.28371594297029], [-71.75397938676173, 19.286889845070085], [-71.75349529176451, 19.288312322859305], [-71.75618958845882, 19.290230343119344], [-71.7569025672491, 19.291480579397273], [-71.75900008304941, 19.290790601147485], [-71.76095971051609, 19.29100058845759], [-71.7613994714254, 19.291460217762182], [-71.7614295081044, 19.293089920929777], [-71.7604795249772, 19.295799619547186], [-71.7575598025679, 19.297619367668535], [-71.75613762466774, 19.297966181798746], [-71.75699468238847, 19.30072454627024], [-71.76009948823005, 19.30176042695384], [-71.7599190627446, 19.303151508972903], [-71.76174965742004, 19.303540499149392], [-71.76248328241512, 19.304657583757194], [-71.76314804475892, 19.304461835629972], [-71.76356031320215, 19.303110893050395], [-71.76466920637931, 19.303910131306566], [-71.76324965476353, 19.305924250654876], [-71.76301747198309, 19.307251246276785], [-71.76502936132779, 19.308070432714274], [-71.76491704931799, 19.30939102418248], [-71.76562884686857, 19.311288683240278], [-71.76701938945322, 19.312090352122798], [-71.76688414110396, 19.314252786565422], [-71.76779938554111, 19.315700101581818], [-71.767737150022, 19.31636629997336], [-71.77008938637108, 19.31790032003175], [-71.77002941150768, 19.31885962853296], [-71.76911935215857, 19.3195407238524], [-71.76949532049, 19.320558963968], [-71.77026720953319, 19.320866135139834], [-71.77326972158758, 19.319820734787058], [-71.77376538498152, 19.320483143702134], [-71.77478932409238, 19.320520592886677], [-71.77469878648834, 19.322276869168064], [-71.77724937950252, 19.3236103228617], [-71.77688563695365, 19.326092018564776], [-71.77727720263505, 19.327050015378095], [-71.78017812920415, 19.32940518846813], [-71.78272933209058, 19.329520530195794]], [[-71.26731007886899, 19.82764933004424], [-71.26634566463336, 19.828418955707942], [-71.26656622932244, 19.82908192004213], [-71.26827992386545, 19.82831251782655], [-71.26810153394625, 19.827656565871006], [-71.26731007886899, 19.82764933004424]], [[-71.27209091574869, 19.826888536340636], [-71.27223852964619, 19.824654548736678], [-71.26999008185894, 19.824749342944724], [-71.26938770520754, 19.82525716926562], [-71.2687819571847, 19.827566749078777], [-71.2693226558767, 19.82782860332075], [-71.27209091574869, 19.826888536340636]], [[-71.26983473262078, 19.830955879126066], [-71.27050079062907, 19.830429501394974], [-71.2698266062109, 19.82949786772337], [-71.2688694966797, 19.830333264255245], [-71.26983473262078, 19.830955879126066]], [[-71.27316655078384, 19.828879454939436], [-71.27341405824916, 19.829665845328098], [-71.27529093027017, 19.82953188004553], [-71.27573899755924, 19.82859417090389], [-71.2747261833483, 19.82756679334294], [-71.27316655078384, 19.828879454939436]], [[-71.40290113934401, 19.868054905301676], [-71.4035208455601, 19.867299266404224], [-71.40264970025954, 19.866674016202598], [-71.40174797278897, 19.867539088560175], [-71.40290113934401, 19.868054905301676]], [[-71.41898761051418, 19.877894099579244], [-71.42028878130192, 19.87759634534791], [-71.4201162689211, 19.877064478562264], [-71.41853336764477, 19.87626793808985], [-71.41800978310874, 19.876435769492762], [-71.41798162039963, 19.877024781254978], [-71.41898761051418, 19.877894099579244]], [[-71.73295949205203, 19.70210050269733], [-71.7331224899583, 19.703429329649335], [-71.73371405916501, 19.70372014238445], [-71.73540271200514, 19.70247967834016], [-71.73569601866456, 19.701375158577694], [-71.7297202550109, 19.69888954575377], [-71.7259281925206, 19.695542575342607], [-71.72299440289095, 19.693947340460667], [-71.72112482200517, 19.693590346585403], [-71.71886066414332, 19.694349162182164], [-71.71884305807723, 19.693661412529654], [-71.71786585188407, 19.692459547290234], [-71.71609034609118, 19.6917144933882], [-71.70977263514352, 19.694124650457102], [-71.70979345533449, 19.69495709168996], [-71.71088596768791, 19.695552436247027], [-71.71534997894598, 19.695020655032142], [-71.71905201738335, 19.695695545600124], [-71.72217986681855, 19.694850689711206], [-71.72464914741803, 19.6967200742445], [-71.72252969119296, 19.698999379848487], [-71.71960953968409, 19.69941280115973], [-71.71952125756187, 19.699999499571945], [-71.72033932028326, 19.700730260368886], [-71.72020942030547, 19.701619601129124], [-71.71846020078077, 19.702818219592686], [-71.71968764957951, 19.70468110569137], [-71.72353581723729, 19.706765156778662], [-71.72544617457383, 19.706424149296584], [-71.72835033143527, 19.702720519950553], [-71.73168002573912, 19.701950465046842], [-71.73295949205203, 19.70210050269733]], [[-71.73325920414504, 19.705898860396516], [-71.73340979900037, 19.70464118162893], [-71.73279210526334, 19.704279930769584], [-71.73190628978963, 19.706262178214903], [-71.73252198524355, 19.706623851022446], [-71.73325920414504, 19.705898860396516]]], [[[-71.26556933072415, 19.848100197266664], [-71.26549948828912, 19.849039424703783], [-71.26409051537244, 19.848979431288537], [-71.26390060149674, 19.847640386342402], [-71.26497976606382, 19.847320711700853], [-71.26556933072415, 19.848100197266664]]], [[[-71.27284945046607, 19.845559577128785], [-71.2712119535727, 19.845976957272402], [-71.27120100883887, 19.845979175004036], [-71.2720003164141, 19.84432068489425], [-71.27283939754604, 19.844540469718357], [-71.27284945046607, 19.845559577128785]]], [[[-71.27600917663024, 19.839229596175432], [-71.27476007453035, 19.839559295688442], [-71.2740106892043, 19.83917966791236], [-71.2743204773051, 19.837680344467323], [-71.2751497180585, 19.83720084266075], [-71.27600917663024, 19.839229596175432]]], [[[-71.28698939043795, 19.84545971088746], [-71.2852499515121, 19.846429388860535], [-71.2835808260801, 19.84581970439673], [-71.28456038386408, 19.844160584356636], [-71.28669743568557, 19.843891577844136], [-71.28698939043795, 19.84545971088746]]], [[[-71.31404888566865, 19.875420513618273], [-71.31260962499515, 19.877269521987234], [-71.31097987846732, 19.877999506678865], [-71.3014800752676, 19.878589423667005], [-71.29980036258922, 19.878029529003236], [-71.29816772487835, 19.87564948754468], [-71.29558033073599, 19.8755793971161], [-71.29425183172806, 19.873497361076378], [-71.2943505221221, 19.87282033943708], [-71.29686004981981, 19.87124064663607], [-71.29875506388782, 19.872055902961563], [-71.30059978079768, 19.87221051587142], [-71.30389967437529, 19.875140137016956], [-71.30529042289798, 19.875581477077777], [-71.30984992331904, 19.874540568879414], [-71.3112260521521, 19.875282683795632], [-71.31404888566865, 19.875420513618273]]], [[[-71.30823926787474, 19.869319872601203], [-71.30645979008493, 19.87098948222066], [-71.30527020345389, 19.871009401292884], [-71.3043905885731, 19.870309711384515], [-71.30438058793821, 19.86954023321947], [-71.30524029733674, 19.868650627744636], [-71.30778965700013, 19.868440616140333], [-71.30823926787474, 19.869319872601203]]], [[[-71.32567937668941, 19.879539513848883], [-71.32345287350118, 19.879763992811828], [-71.32159983473407, 19.881179463127044], [-71.32048184582376, 19.88110083864239], [-71.32009711730132, 19.880087263169116], [-71.31772053437163, 19.880139415222114], [-71.31686057872193, 19.8785602338697], [-71.31776014675442, 19.877850668469716], [-71.3222868345409, 19.878934280116987], [-71.3245399157206, 19.87852069899877], [-71.32559945962772, 19.87901040553288], [-71.32567937668941, 19.879539513848883]]], [[[-71.3322793744417, 19.88027983525215], [-71.33099977648905, 19.881459382056995], [-71.32813057944364, 19.88101461618813], [-71.32746957239583, 19.88229956267464], [-71.32370046960241, 19.88320952230325], [-71.32347067500892, 19.88192034639185], [-71.32645998962619, 19.88049071368867], [-71.3274731831479, 19.880757706390536], [-71.32903017789097, 19.878760638808423], [-71.33209955670978, 19.879720446818613], [-71.3322793744417, 19.88027983525215]]], [[[-71.32717031307973, 19.883430701555046], [-71.32913958449859, 19.883900479267197], [-71.32964923636185, 19.88518954641079], [-71.32843013158296, 19.885339313938164], [-71.32666077421257, 19.88436977218034], [-71.32717031307973, 19.883430701555046]]], [[[-71.33274932178973, 19.876489825384496], [-71.33202975205195, 19.877329336013325], [-71.32974084478064, 19.8770020329715], [-71.32761014243785, 19.877619393678433], [-71.3270409950793, 19.877090159600797], [-71.33015008380052, 19.875660534427457], [-71.33263953698464, 19.875960504011775], [-71.33274932178973, 19.876489825384496]]], [[[-71.36275929731808, 19.895449935146036], [-71.36226950556961, 19.896339469228085], [-71.36111147897557, 19.89687470201127], [-71.35848003470068, 19.897219506419404], [-71.35393699143115, 19.895752142421223], [-71.34967010302891, 19.89585939534736], [-71.34569787843807, 19.89434109746367], [-71.34366011952183, 19.894399306678768], [-71.34209031949064, 19.893769506532465], [-71.34095051409288, 19.892669678188167], [-71.34049060157618, 19.891260067361348], [-71.34092032884111, 19.890540624844867], [-71.34482711141685, 19.89078650086222], [-71.3484599631022, 19.890030540544092], [-71.34926947305273, 19.890320432627803], [-71.34933939700964, 19.890789691806745], [-71.34718972457244, 19.891930466677522], [-71.34701395706166, 19.893263778071535], [-71.34837597466263, 19.893699780614416], [-71.35160962028492, 19.89241054652368], [-71.35280533867493, 19.894382120194788], [-71.35331908562314, 19.894008713683803], [-71.35318068121808, 19.89274064503414], [-71.35435979570597, 19.892840591911057], [-71.35618053473252, 19.894006898329966], [-71.35888597132548, 19.89445395515107], [-71.35936604959419, 19.89386961082124], [-71.35860070005957, 19.892729865192706], [-71.35878043856017, 19.89208063278032], [-71.36046968413692, 19.892230646081106], [-71.36236936847156, 19.89427037388763], [-71.36275929731808, 19.895449935146036]]], [[[-71.34707924366595, 19.88562987069882], [-71.34603977606028, 19.88651941317218], [-71.3451000899509, 19.886539459889935], [-71.342590397942, 19.885619432727207], [-71.34196115458894, 19.88487052745994], [-71.34659967601702, 19.88480057153978], [-71.34707924366595, 19.88562987069882]]], [[[-71.5230294022314, 19.919500493337946], [-71.52297832187635, 19.91999376295095], [-71.51937994058265, 19.920839468349623], [-71.51423116109575, 19.920459513906035], [-71.51502030759332, 19.919530527447932], [-71.51713012764337, 19.91911548694131], [-71.51867006869554, 19.917870718921463], [-71.52125703632775, 19.919283747210617], [-71.5230294022314, 19.919500493337946]]], [[[-71.53783940849755, 19.921059535297115], [-71.53568013371314, 19.92144938014055], [-71.52957078727987, 19.918009934488687], [-71.53074028684088, 19.916700610688093], [-71.53265756491483, 19.91661996171726], [-71.53417006199301, 19.9159205987377], [-71.53576966938961, 19.916300613453135], [-71.53765946708556, 19.918080249484646], [-71.53783940849755, 19.921059535297115]]], [[[-71.55517879462663, 19.918380062131686], [-71.55330015612942, 19.919429214658322], [-71.55028813435393, 19.92014520810448], [-71.54926035227251, 19.919729575049104], [-71.54881063036548, 19.918979961300998], [-71.5496279384204, 19.916576341505483], [-71.54713080931343, 19.91534028414251], [-71.54914784737345, 19.914879956252612], [-71.54964040897643, 19.913610673093228], [-71.55060938129633, 19.91380049495655], [-71.55054938452268, 19.915949542052974], [-71.54990656191542, 19.916286715126056], [-71.54996655462317, 19.916889196374115], [-71.55225370953453, 19.917954070792778], [-71.55352990009358, 19.917670649496028], [-71.55517879462663, 19.918380062131686]]], [[[-71.59061934203315, 19.913809949141122], [-71.58977955077907, 19.9159095653042], [-71.58594989717729, 19.91758939068898], [-71.58260676160867, 19.917359936951776], [-71.5815372548141, 19.918461737979893], [-71.58045018771945, 19.918609394439436], [-71.57858375799675, 19.917073777301123], [-71.57714989876018, 19.917859315565135], [-71.5761531030983, 19.917655978385877], [-71.57332009524185, 19.91862936832301], [-71.5706794094242, 19.9172848286046], [-71.57005956798788, 19.917719492712415], [-71.56738011005463, 19.917959343333123], [-71.56485902201379, 19.91687497372713], [-71.56392969677738, 19.9174993509406], [-71.5614606800926, 19.9179292975467], [-71.56167055455325, 19.916440255801316], [-71.56406565046187, 19.9143022226092], [-71.565290377261, 19.91178043414812], [-71.56746005399694, 19.911140485961003], [-71.5680695062584, 19.9111805356528], [-71.5683335653943, 19.912801238327837], [-71.56904561526308, 19.91334719143082], [-71.57316767798827, 19.913218355264352], [-71.5738702387123, 19.912660527617536], [-71.57830452192424, 19.91262770825575], [-71.58063213280373, 19.911908667700907], [-71.58848451619785, 19.911163179179567], [-71.58894038323486, 19.90961061556087], [-71.58992950024214, 19.909650596103283], [-71.5900893115058, 19.9103795994593], [-71.5891280110528, 19.911134569426405], [-71.59032938636219, 19.91255032485064], [-71.59061934203315, 19.913809949141122]]], [[[-71.60975945123076, 19.906730528261804], [-71.60974914814913, 19.90780667806207], [-71.60833004244013, 19.908679245573367], [-71.60764076745336, 19.908139895361895], [-71.60871028332771, 19.906690588795744], [-71.60975945123076, 19.906730528261804]]], [[[-71.61306925314614, 19.908970478845262], [-71.61262954576637, 19.910519617696945], [-71.61210998354777, 19.910769415618095], [-71.61090087459512, 19.91026973895972], [-71.61191029860707, 19.90879068890644], [-71.61306925314614, 19.908970478845262]]], [[[-71.6239893325064, 19.903810574754104], [-71.62385951141279, 19.904579442302147], [-71.6199121034624, 19.904719572099815], [-71.61960082722598, 19.903890569428068], [-71.6239893325064, 19.903810574754104]]], [[[-71.63193940665226, 19.905359769354106], [-71.63066977943082, 19.906379308932365], [-71.6265907260299, 19.90613944151755], [-71.62671066281213, 19.904988156829187], [-71.6257706380861, 19.904369705233165], [-71.62596044177181, 19.9034206476481], [-71.63095982673433, 19.904310468570184], [-71.63193940665226, 19.905359769354106]]], [[[-71.67062944220508, 19.88641010720884], [-71.67029935961443, 19.889979685089752], [-71.66958976757489, 19.89063948222866], [-71.66728019035949, 19.890859312036014], [-71.66542066140273, 19.8894897888258], [-71.66694037123366, 19.884870623798868], [-71.67013957601381, 19.885450570556575], [-71.67062944220508, 19.88641010720884]]], [[[-71.67631943128897, 19.866770237124232], [-71.67610946685238, 19.868499829730144], [-71.67509967802016, 19.87035939868201], [-71.67344047906911, 19.870209493262514], [-71.67325056848209, 19.86892016090822], [-71.67425232198896, 19.86766782961866], [-71.67417062061094, 19.866040441727563], [-71.67506985867907, 19.865800698355674], [-71.67631943128897, 19.866770237124232]]], [[[-71.7604291884915, 19.819850399118597], [-71.75994965249568, 19.820999356299094], [-71.75822760153433, 19.820761014714964], [-71.75777943203366, 19.821859554495745], [-71.75605001963471, 19.82267938230251], [-71.75513055345955, 19.822169609138562], [-71.75497055285187, 19.82121006336161], [-71.75580047296653, 19.819210431725743], [-71.7575098612453, 19.818310776834203], [-71.75846337762546, 19.81931473378919], [-71.7604291884915, 19.819850399118597]]], [[[-71.76926929575481, 19.864170102355025], [-71.76899945151176, 19.86573956306849], [-71.76754014757746, 19.86634928448134], [-71.76525059409536, 19.863979587162742], [-71.76458513779161, 19.86259073568399], [-71.76515036110871, 19.86127062696631], [-71.76799960348372, 19.861600563057483], [-71.76926929575481, 19.864170102355025]]], [[[-71.78795944169593, 19.884429953699613], [-71.7875094499165, 19.885799554421137], [-71.78590988500743, 19.88672933873137], [-71.78363054253904, 19.886309464820386], [-71.78322062355262, 19.883900049462415], [-71.7838204311335, 19.88213044563928], [-71.78662981494351, 19.88128063921253], [-71.78765948912292, 19.88247023594976], [-71.78795944169593, 19.884429953699613]]], [[[-71.79988942174255, 19.827540011502183], [-71.79951956585178, 19.82841945374532], [-71.7979431909618, 19.828726550472506], [-71.7964798343296, 19.830289382043006], [-71.79532735009205, 19.82995300627255], [-71.79420018613247, 19.830399308644928], [-71.79315087429708, 19.82897022534174], [-71.79426248790466, 19.8284179110625], [-71.79437497903399, 19.82771345072923], [-71.79274040266166, 19.8268495399346], [-71.79150092696682, 19.82487041844073], [-71.79319983396091, 19.824590668635278], [-71.79473100810169, 19.825711149753023], [-71.79944962272597, 19.8266004867494], [-71.79988942174255, 19.827540011502183]]], [[[-71.816319363663, 19.89531007009955], [-71.81576949911549, 19.89758959884079], [-71.81397977557317, 19.898469245386647], [-71.81201010583224, 19.89870939218481], [-71.81032036012135, 19.897859490735907], [-71.80807049038704, 19.895699716530554], [-71.80761068393225, 19.893840045574745], [-71.80843042796364, 19.891760325435538], [-71.81095018279994, 19.889860569048807], [-71.81217963420595, 19.88989062032726], [-71.81337434687048, 19.891913324342788], [-71.81526944631499, 19.89317049054221], [-71.816319363663, 19.89531007009955]]], [[[-71.84401945081441, 19.872199656493386], [-71.84264984330103, 19.872849353849098], [-71.84016620258619, 19.873150234789893], [-71.84051051332705, 19.874781546249086], [-71.84152923515332, 19.87582007387009], [-71.84088976051834, 19.876759295814004], [-71.83812026071999, 19.875849546901392], [-71.83588057195121, 19.873669616777274], [-71.83529066813217, 19.87219991611511], [-71.8359226580373, 19.869720376757723], [-71.83497061371422, 19.86795985798282], [-71.83510917115973, 19.86595195898096], [-71.83616119714213, 19.864525340055042], [-71.83608366837156, 19.863975694758068], [-71.83374045130387, 19.863669462352053], [-71.83257204580711, 19.861639388523752], [-71.8248882566831, 19.856149433057567], [-71.81935996225971, 19.85754924721651], [-71.8177103762648, 19.857269500062642], [-71.81673471193993, 19.853992146238415], [-71.815078439969, 19.853143408699083], [-71.81210014198373, 19.853379438775594], [-71.81049065827382, 19.852329691790338], [-71.81063049802182, 19.851140624039076], [-71.8127468669058, 19.851343149523622], [-71.81353960172274, 19.850536557626675], [-71.81298801065651, 19.849727419220915], [-71.8104704435443, 19.848219516599844], [-71.80954723281315, 19.846940032611784], [-71.8098805268941, 19.84491056809774], [-71.81194993712073, 19.84472060147966], [-71.81401964954645, 19.845360517440863], [-71.81862678456505, 19.851053179305296], [-71.82072175429673, 19.852047154062475], [-71.82293904978714, 19.851796387100475], [-71.82648000209738, 19.850390581597278], [-71.83009112024783, 19.851790893705754], [-71.83401963934689, 19.852280608405614], [-71.83455935611046, 19.853030178507346], [-71.83442944479731, 19.854589555122253], [-71.83363007832973, 19.85483938891206], [-71.83116559630233, 19.85332269663543], [-71.82744894636336, 19.852553637896133], [-71.82694890327883, 19.853132212861198], [-71.82995952460047, 19.85481046348421], [-71.83107388246242, 19.857037123283366], [-71.83270999600116, 19.856830497460443], [-71.83480958947447, 19.85737053521077], [-71.83699930814348, 19.86125010622641], [-71.83706510936051, 19.862606808690803], [-71.83764960784067, 19.8625453519399], [-71.83874031811807, 19.861110628811776], [-71.8396997139258, 19.86110056441799], [-71.84040935287528, 19.86209003446286], [-71.83973823007827, 19.86331745062206], [-71.83994933120812, 19.86433983716059], [-71.8383421758454, 19.86612592724942], [-71.83827884958026, 19.86705401699097], [-71.83887964432608, 19.867702174080115], [-71.84215969365444, 19.86824066820006], [-71.84339090324912, 19.869272370467], [-71.84399942914973, 19.870180175929182], [-71.84401945081441, 19.872199656493386]]], [[[-71.81500922957188, 19.862050055009128], [-71.81330002187359, 19.86395925939483], [-71.81207296252778, 19.863060175261896], [-71.81052040256256, 19.863389328237066], [-71.80993066620557, 19.861140265325705], [-71.8123101769195, 19.859660478694618], [-71.81360982068163, 19.859520612230668], [-71.81462933238255, 19.86034015701333], [-71.81433478843731, 19.861261147702063], [-71.81500922957188, 19.862050055009128]]], [[[-71.82171940109953, 19.878759683873184], [-71.81992996655848, 19.879749297029832], [-71.81740036839776, 19.878649557338647], [-71.81544052218955, 19.875739846177435], [-71.81560054766975, 19.872510443095482], [-71.81638993620315, 19.872300566622403], [-71.81831784138267, 19.8733136073249], [-71.82037964010051, 19.875060354028015], [-71.82152939218939, 19.87675021903033], [-71.82171940109953, 19.878759683873184]]]]}}, {"type": "Feature", "properties": {"COD_REGION": "VIII", "REGION": "Región VIII", "NOMBRE_REGION": "Cibao Central", "N_PROVINCIAS": 3}, "geometry": {"type": "Polygon", "coordinates": [[[-70.96020925966832, 19.044700104804196], [-70.95797191333543, 19.048091022807636], [-70.95606045494912, 19.05266866714197], [-70.95566517691732, 19.0551537468472], [-70.95623933013853, 19.059840012760414], [-70.955859415077, 19.06432979917692], [-70.95227954921353, 19.06982960155192], [-70.94957455099208, 19.072113537202586], [-70.94842586593005, 19.074090034469986], [-70.94904911902047, 19.075703354959934], [-70.95200959297766, 19.078490288300287], [-70.95398947027083, 19.08356008812023], [-70.95366941994097, 19.087179798997713], [-70.95013951576631, 19.09257960946702], [-70.94800965441286, 19.094739489162205], [-70.94533975839128, 19.0958591557639], [-70.94200014786608, 19.096399293943858], [-70.9386942885938, 19.094335145812416], [-70.9350399614733, 19.09580941252609], [-70.9326301878134, 19.095149500523338], [-70.93072716466777, 19.094041256931582], [-70.92416014185874, 19.09426944007752], [-70.9207696486451, 19.09231729362347], [-70.91511336048022, 19.093220490156394], [-70.90868009262513, 19.09340929321464], [-70.90207909665222, 19.091448229744405], [-70.89509017178756, 19.09193938827098], [-70.89289573912754, 19.090389666176513], [-70.89070990768144, 19.089920435439147], [-70.88862365283671, 19.090328923453264], [-70.88611980853956, 19.09196952049278], [-70.88217232571054, 19.092533437401485], [-70.87951950462319, 19.09690959609074], [-70.87804984172021, 19.098239425744968], [-70.86500981192235, 19.095637539007367], [-70.86066915097312, 19.096278849099296], [-70.85742976042184, 19.09796927544642], [-70.8547900716392, 19.098379439827855], [-70.84910532860712, 19.095922240745566], [-70.84795552709261, 19.095904255758082], [-70.84469951093256, 19.101549586693128], [-70.84093935742881, 19.104520600443486], [-70.83610819876976, 19.109341899595073], [-70.83427959364606, 19.112529622009692], [-70.832119785534, 19.113969384500884], [-70.83064581501716, 19.1141482196847], [-70.82960968027683, 19.115289546112415], [-70.82539679298219, 19.11699385661921], [-70.82311870973824, 19.119127696211983], [-70.8226695375162, 19.12046952878318], [-70.82069502878171, 19.12113489661688], [-70.81893965559098, 19.124129344552042], [-70.81743079152552, 19.12412320453163], [-70.81480962427734, 19.127249585694265], [-70.81312396082511, 19.128416047691164], [-70.81253269119847, 19.131333369798465], [-70.81278489110305, 19.134921328423676], [-70.81209953383497, 19.13643959301831], [-70.80997506798973, 19.13778131577052], [-70.80805974701522, 19.140009459475742], [-70.80441010651134, 19.140059415580946], [-70.79754197511521, 19.13736255834235], [-70.79421725971521, 19.136562706008686], [-70.79107362867404, 19.136694493532428], [-70.79002966181983, 19.13788955929743], [-70.78582989135974, 19.139769367047144], [-70.78398027373848, 19.139619404923195], [-70.78275897909496, 19.138439346994826], [-70.78146953508234, 19.138409841213274], [-70.7800996394401, 19.13965942900305], [-70.77709649322512, 19.140822961836445], [-70.77642385891787, 19.141836397503514], [-70.77601944772036, 19.144299614127902], [-70.77342135716349, 19.14578767594978], [-70.77322945535369, 19.14716960193199], [-70.77208996666583, 19.14759929459027], [-70.77121046575981, 19.147359472994182], [-70.77061028318681, 19.146038383087006], [-70.76950890622788, 19.145944532825123], [-70.76700020639689, 19.14978353306495], [-70.76568949956057, 19.155319445264908], [-70.76099001710546, 19.155929332240852], [-70.75775456441193, 19.154860133631782], [-70.75677962160903, 19.15635954519333], [-70.75520016094146, 19.156799379005953], [-70.75375383865813, 19.155404416458516], [-70.75289108475458, 19.155483085301015], [-70.75184434755633, 19.156028089932267], [-70.75130968977358, 19.157089351641787], [-70.75030419503018, 19.156979634933034], [-70.74852502027971, 19.158421459843876], [-70.74768861276766, 19.160625243605267], [-70.74479012746346, 19.161959334086685], [-70.74354907727839, 19.161350145028873], [-70.74229969221416, 19.162459451251742], [-70.74060160919952, 19.162916877057437], [-70.73891841799343, 19.162605528224272], [-70.73259536960803, 19.164916032672867], [-70.73242420290161, 19.165485987544688], [-70.73302920553516, 19.165980227386665], [-70.73244868375677, 19.16779885951494], [-70.73537931746841, 19.168750346611155], [-70.73487089534274, 19.171659399469696], [-70.73675988982824, 19.17150064496295], [-70.73742910453088, 19.171970067377046], [-70.73642550118532, 19.173008704637756], [-70.73666936693915, 19.174239731374968], [-70.73400408448813, 19.1758808628175], [-70.73478944503327, 19.176700467522565], [-70.73547931990089, 19.17956950617255], [-70.73356779256494, 19.180059025751483], [-70.73347741756746, 19.181968614463546], [-70.73452866670405, 19.182639974416304], [-70.73311211561685, 19.18326736895828], [-70.73258559375977, 19.184039493880835], [-70.7333793129261, 19.185310033108546], [-70.73300448186707, 19.18594888969627], [-70.733199343751, 19.18707968406335], [-70.73173022356539, 19.187849199684628], [-70.73087406682592, 19.187063988393355], [-70.72939110978537, 19.18787566145124], [-70.72858474449497, 19.19038245888688], [-70.7289892825087, 19.19147986050143], [-70.72820038846851, 19.19231521921744], [-70.72774855176601, 19.19413381648378], [-70.72841921658701, 19.19483029418175], [-70.72818424280997, 19.19552649544691], [-70.72866707268713, 19.196281488078274], [-70.73197939520678, 19.19746044048923], [-70.73206669211531, 19.198668420347257], [-70.73347925647595, 19.19966022599605], [-70.73329496552616, 19.200544571637], [-70.73426934038302, 19.201210343397985], [-70.73405949369659, 19.203809793331963], [-70.73359962458908, 19.2043294385765], [-70.73189001541411, 19.204919325962127], [-70.72998068327064, 19.204285544843767], [-70.7288732049463, 19.205676248927748], [-70.72889366005073, 19.206266781455856], [-70.72960945965104, 19.20670284216361], [-70.73092996244453, 19.20615073527395], [-70.73135919941444, 19.206450114950187], [-70.7296099420209, 19.208629180294963], [-70.72715070754064, 19.206514956939976], [-70.72660400432646, 19.20687231820638], [-70.72621953974668, 19.20840944882683], [-70.72472021175086, 19.20849944359121], [-70.72173398385348, 19.205170185146628], [-70.7199105313334, 19.203929757551276], [-70.71971873426307, 19.20319011300581], [-70.71785085253889, 19.202719582365745], [-70.71784886517196, 19.202102932944126], [-70.71615057658998, 19.200559693917544], [-70.71581985346535, 19.198942981495293], [-70.71439050082817, 19.198149422108585], [-70.71349441773822, 19.197002588340137], [-70.71226016804206, 19.19696936995437], [-70.70907041722435, 19.1949596473337], [-70.70823456458518, 19.192994825931166], [-70.70700023232978, 19.192829328790143], [-70.70330464535444, 19.190341186121763], [-70.7016610908612, 19.189965198210686], [-70.70100012890221, 19.190469000702343], [-70.70029997469514, 19.189304429754596], [-70.69686067259899, 19.187629715135817], [-70.69698514347006, 19.186876922018406], [-70.69623065627773, 19.18589993249612], [-70.69640441612287, 19.185162060419938], [-70.69461354948228, 19.18188607507478], [-70.69194725118552, 19.179459332439905], [-70.69044581866504, 19.17958648060789], [-70.68930959543448, 19.181189421292558], [-70.68824922690396, 19.1814939520931], [-70.68778960700725, 19.18226941911626], [-70.68574005931302, 19.18245947720862], [-70.68331715563465, 19.18182056286888], [-70.68310680698177, 19.182400802926587], [-70.68357915752873, 19.182930044315036], [-70.68213713029886, 19.18451261184952], [-70.68268931553936, 19.185749889090584], [-70.68001992221427, 19.18820928556656], [-70.67824016846036, 19.18765826833392], [-70.67741951644565, 19.190229469332717], [-70.67490350845765, 19.190793852489097], [-70.67461924134804, 19.19202026535137], [-70.67554937853741, 19.19317012647067], [-70.67514949260534, 19.19436964043673], [-70.67376977417369, 19.195439540654984], [-70.67160601530854, 19.195940456801218], [-70.66994382486213, 19.19815503734445], [-70.67145716347294, 19.201562164916336], [-70.6723942360706, 19.202211197703303], [-70.67328746124302, 19.20184282826386], [-70.67409098735806, 19.200342988330714], [-70.6756001703083, 19.19938061811912], [-70.67658955458033, 19.199410532739037], [-70.67700905828897, 19.201191071911033], [-70.6797595926123, 19.203750365181183], [-70.68263931630908, 19.207640037376397], [-70.6822196281817, 19.20835936414366], [-70.67836455508946, 19.20848461612272], [-70.67665958382653, 19.21090967763138], [-70.67836246984596, 19.215105419218055], [-70.6802392645222, 19.21738006746131], [-70.67953975155737, 19.21862925193413], [-70.67839710839932, 19.21814401138626], [-70.67762280648871, 19.21846587288872], [-70.67708757679046, 19.221690963048832], [-70.68043042273351, 19.222500396580777], [-70.68215612077216, 19.221557488849626], [-70.68325022536439, 19.219760758309047], [-70.68392953029678, 19.22009041961665], [-70.68452936216399, 19.22179008821575], [-70.68448943145206, 19.222409559035658], [-70.68299755554995, 19.222919510846058], [-70.68207963302032, 19.224249520013462], [-70.67911728040544, 19.22522018160178], [-70.6784494413624, 19.225851954012725], [-70.67821965917629, 19.227639192124467], [-70.6789994347179, 19.23039997298362], [-70.67617115543086, 19.23763184151694], [-70.6763080823048, 19.23947022507526], [-70.67792183413674, 19.240269694995362], [-70.68172018320129, 19.237650625747452], [-70.68310975525318, 19.237740569635843], [-70.68391939039061, 19.238490274363606], [-70.68393942062627, 19.239399711100337], [-70.68070776791116, 19.241736809117224], [-70.67995956324789, 19.243539588423452], [-70.67683376415773, 19.245240189311744], [-70.67715963828127, 19.251005435228684], [-70.67804330754446, 19.252711078920704], [-70.67956244619594, 19.25312092203092], [-70.68178012059812, 19.24983088095583], [-70.6835893820582, 19.2513904136545], [-70.6843080838372, 19.253525462940424], [-70.68567929419802, 19.255160138944277], [-70.68518942019625, 19.25666957757605], [-70.68129532469223, 19.259485593337633], [-70.68024092440085, 19.260975655576143], [-70.6795103386273, 19.262731989460715], [-70.67955030255169, 19.264973722803017], [-70.68060206303488, 19.266446535782894], [-70.68674777094961, 19.268408793856086], [-70.68926011331935, 19.2672105248131], [-70.69119977971027, 19.26733065910901], [-70.69416944813034, 19.269290588567877], [-70.69528862358247, 19.271564173104018], [-70.6981168528694, 19.2733438914325], [-70.7006098093214, 19.273600862172305], [-70.70610072813129, 19.27551676884291], [-70.71476977693351, 19.276450783017744], [-70.71763949541639, 19.27783052429946], [-70.71952998672843, 19.281382036726402], [-70.72179957275591, 19.28237047544368], [-70.72296929117543, 19.284549991320734], [-70.72002959836084, 19.28971958533522], [-70.71819009031962, 19.29068933130792], [-70.71696227069724, 19.28955067427335], [-70.71611232922378, 19.289495960851806], [-70.71468152397104, 19.29108552939361], [-70.71591041952048, 19.29483659883353], [-70.71673766941599, 19.29504353614883], [-70.71880957067081, 19.29401085203684], [-70.71927933159317, 19.296749692578267], [-70.71573645908235, 19.298864355819667], [-70.71431995987919, 19.299319382718902], [-70.71261562651719, 19.299005525236485], [-70.70733036077318, 19.297359424209425], [-70.70639600690997, 19.296414107270383], [-70.70462034786914, 19.296099398673004], [-70.70337761361057, 19.29472037101509], [-70.69447918089084, 19.293944443179864], [-70.68347038789676, 19.288289513357192], [-70.68028923134841, 19.28420566238072], [-70.67726803765288, 19.28407729488999], [-70.67381431128753, 19.284932642844684], [-70.67211836638472, 19.28659207875475], [-70.67219985892996, 19.28798739152785], [-70.67302941225365, 19.289690100958822], [-70.67289945547492, 19.29077957644046], [-70.66849674767084, 19.292476556692826], [-70.66787377503076, 19.293153245362937], [-70.66827939079751, 19.29775994060112], [-70.66736773121184, 19.300847894905516], [-70.6682604376203, 19.304376750405957], [-70.67106939849042, 19.306950312443902], [-70.67169990266758, 19.31175424918059], [-70.67418946920182, 19.314780177216225], [-70.67404312627296, 19.318009795727146], [-70.67467936555676, 19.32158982666644], [-70.67086203491486, 19.326043762613903], [-70.66715952000492, 19.334369625538475], [-70.66548088599505, 19.33571415706042], [-70.66495945380831, 19.33740959210824], [-70.65769965647027, 19.34209906573312], [-70.65654937650685, 19.34458958931855], [-70.65277941414325, 19.34866931099561], [-70.64696363342325, 19.352520685812035], [-70.64604944931597, 19.35409951758386], [-70.64051418986396, 19.358203796396204], [-70.63944953797065, 19.36148975811188], [-70.63755810861007, 19.363960804361675], [-70.63747952143618, 19.366609947086655], [-70.63678954026938, 19.368959710762347], [-70.63551986123453, 19.370183242079083], [-70.63564940580176, 19.37397951108598], [-70.63492027766439, 19.374089344164545], [-70.63414821870963, 19.373402543751865], [-70.62928037856257, 19.37424932723595], [-70.62887611479911, 19.373423845393734], [-70.62639657133529, 19.3723914541673], [-70.62372975243494, 19.37375939581297], [-70.62124375999353, 19.37377638018249], [-70.62073000230457, 19.374538721727685], [-70.61987511219299, 19.373860978633925], [-70.6183900114414, 19.374949213972194], [-70.61758127116187, 19.374402053696233], [-70.61609047071417, 19.374769273306573], [-70.61539388355443, 19.37423006932548], [-70.61276462612626, 19.37525859092691], [-70.61122976297408, 19.37744927956406], [-70.61068055123917, 19.377259547156115], [-70.61032246599775, 19.37552209503316], [-70.6085204474937, 19.375179490492997], [-70.60658760616468, 19.36820227103174], [-70.60510061694468, 19.36654974231098], [-70.60478707821775, 19.362629208994285], [-70.60184593272078, 19.360015157413734], [-70.5932001939555, 19.358529479409945], [-70.59130050456858, 19.35737955693079], [-70.59038249330793, 19.355317865980254], [-70.58868513197886, 19.353914467261024], [-70.5831822381973, 19.351352096680646], [-70.5757902050228, 19.35191930623493], [-70.57449181150129, 19.350952263417966], [-70.57318001854748, 19.35086559169948], [-70.57027990048836, 19.352069290629267], [-70.56503994870741, 19.35141291270621], [-70.56194004274961, 19.35168933602278], [-70.55179522404276, 19.349452540233617], [-70.54574158153099, 19.349697360454414], [-70.54286988726378, 19.35084941170095], [-70.54107754890519, 19.350880518931824], [-70.54013971642114, 19.35196944181502], [-70.53685024802665, 19.35208941402545], [-70.53477956744034, 19.349807618299273], [-70.5332314522776, 19.349413437955665], [-70.53204609295621, 19.349874695133018], [-70.52955967826894, 19.353079705563555], [-70.52741972875623, 19.35474936250066], [-70.525530028472, 19.355019423438524], [-70.52175096216541, 19.354106247343022], [-70.51887275375243, 19.354399653267215], [-70.516509128655, 19.3553267107044], [-70.51473994974708, 19.357339167220694], [-70.51210995559448, 19.35497994554569], [-70.50408040646268, 19.349619507139952], [-70.50124829577739, 19.346762076521006], [-70.49906180666058, 19.345317963045428], [-70.49623680212453, 19.344572442706074], [-70.48697087057897, 19.344719412405766], [-70.48732286156789, 19.34379453821342], [-70.4870706511513, 19.342760154975213], [-70.48801998404974, 19.34159439895654], [-70.48778075949602, 19.340560435087134], [-70.49054931268196, 19.33982877702241], [-70.49332936792764, 19.33653227384517], [-70.49334056567314, 19.332650362766163], [-70.4947449499933, 19.331997086140753], [-70.49506986263442, 19.331163111228825], [-70.49368086176618, 19.329300129746194], [-70.4942600641735, 19.328920623392484], [-70.49550072534795, 19.32934243044911], [-70.49610090616088, 19.32890830489298], [-70.49558074825376, 19.32706036965973], [-70.49662280890979, 19.326602047151994], [-70.49695781776144, 19.325710272667493], [-70.49662072037458, 19.324820042865404], [-70.4981055701278, 19.32329009344389], [-70.49839211317664, 19.32236388439824], [-70.49752071150652, 19.320130234096908], [-70.50111037821644, 19.31791325289581], [-70.50089135611445, 19.316437082061523], [-70.49889063610192, 19.31526971220371], [-70.49915068066788, 19.31401030439303], [-70.50053998352823, 19.312043387715043], [-70.50035495430734, 19.311518735809997], [-70.49941960840948, 19.311222208572303], [-70.49113375683041, 19.310559471563632], [-70.48768063581925, 19.311411852415546], [-70.4841104384128, 19.312999160259558], [-70.48342932751733, 19.310196007712534], [-70.47633488351835, 19.30793098127753], [-70.47412997623431, 19.311417748327575], [-70.47425352491334, 19.313926175164507], [-70.47550926827911, 19.31639998969933], [-70.47495411285217, 19.318950749113124], [-70.47668936857364, 19.322530131639986], [-70.47659953448826, 19.324489895962515], [-70.47531948822372, 19.327569615481448], [-70.47430687055981, 19.328406754623664], [-70.47339045237293, 19.33038953917857], [-70.4743192937801, 19.33183021255361], [-70.47381943029008, 19.33404967039007], [-70.47285021807812, 19.33497177424996], [-70.47244203046935, 19.336646572924227], [-70.4728393418815, 19.33994924510889], [-70.46646026766604, 19.338239311024093], [-70.46329706159933, 19.33675483841879], [-70.46229949865031, 19.3390796844758], [-70.4599777327009, 19.341335405752446], [-70.45902964667111, 19.343449383492448], [-70.45748161902979, 19.343423766832863], [-70.45718953406987, 19.34478925009382], [-70.45584038399699, 19.34428939725301], [-70.45312067078693, 19.341678215730084], [-70.45007010962728, 19.341859257704456], [-70.44775388335312, 19.340985786284723], [-70.44582000347458, 19.341319405382787], [-70.44429075824655, 19.341009558314763], [-70.44480034536772, 19.339450761040858], [-70.44602158353527, 19.33993342850253], [-70.44721567741297, 19.33951883329617], [-70.44658783499197, 19.33738535771369], [-70.44511082694049, 19.336199897997762], [-70.44683001833995, 19.333972449678388], [-70.44660174841822, 19.331479206132258], [-70.44533044260533, 19.331199358393256], [-70.44487915686126, 19.329985452443434], [-70.44417037295094, 19.329989034408484], [-70.44388261873546, 19.328775095766996], [-70.44204049155064, 19.326689735699198], [-70.44143220630556, 19.324610292416157], [-70.43941043082573, 19.323959422519508], [-70.43810063687783, 19.322809563504396], [-70.43818905214023, 19.3215985638117], [-70.4373795477032, 19.319270674835206], [-70.43577058470296, 19.318159637270483], [-70.43551675198486, 19.3159024328519], [-70.43417042718434, 19.31491948471149], [-70.43388076213978, 19.31429024656923], [-70.4342006462022, 19.31325187998248], [-70.433470708312, 19.312159894317116], [-70.43450041943163, 19.30898045992169], [-70.43902839525144, 19.30780878706762], [-70.43932038554277, 19.302992071774188], [-70.43275068301632, 19.299989684507487], [-70.43437272759697, 19.29668055977536], [-70.42804001750626, 19.28948234312776], [-70.42724001121206, 19.28958930496902], [-70.42155065687481, 19.286019679373187], [-70.42189421962073, 19.282587762686152], [-70.42118388956891, 19.28044244082142], [-70.41678115589323, 19.277567077853615], [-70.41482142542651, 19.277029820127805], [-70.41568964208321, 19.276453064963384], [-70.41604957867189, 19.27466929416215], [-70.41545401705014, 19.273841968297173], [-70.41374052626105, 19.273629511887826], [-70.4136451414487, 19.271190530397437], [-70.41288091960779, 19.270469938290002], [-70.41463083601677, 19.268689925311783], [-70.41631769624725, 19.263586902727532], [-70.41629979712324, 19.262294727134414], [-70.41480335520775, 19.260117080264884], [-70.41268054522632, 19.25877967834027], [-70.41239251333099, 19.253566884652], [-70.4117110540342, 19.25237088974634], [-70.41090050538554, 19.25197950936153], [-70.4104606002765, 19.250809958137257], [-70.41137327690474, 19.246635842152223], [-70.41040048015269, 19.24309995363079], [-70.41061783647999, 19.240310030668866], [-70.40987020779619, 19.23335639977532], [-70.40839388304528, 19.230026356058204], [-70.40141016192098, 19.22954279003581], [-70.3870293371036, 19.231909923979348], [-70.36039025299051, 19.231719404746112], [-70.35781066478933, 19.22841969385983], [-70.35801050365464, 19.226830273851856], [-70.35873871480825, 19.22596529110115], [-70.35786073500579, 19.224829956018212], [-70.35863949315133, 19.22348253755547], [-70.35768630347928, 19.221969504157155], [-70.35670070536789, 19.22134000309366], [-70.35776656959698, 19.219512828984318], [-70.35609155647414, 19.218720053302246], [-70.35748870670996, 19.21822765851445], [-70.35767043879997, 19.217390874027345], [-70.35702073239405, 19.2169953931712], [-70.35634014056778, 19.217618995911707], [-70.3557007176849, 19.216190063096494], [-70.35604038784639, 19.215290806457404], [-70.35545055682103, 19.214989345730885], [-70.3553332263773, 19.21372957818718], [-70.35430076967808, 19.21254994054375], [-70.35449159194162, 19.21152119996764], [-70.35330009166803, 19.211969152259144], [-70.35260197962508, 19.2110596200564], [-70.35177021214649, 19.211269237043098], [-70.35195228330188, 19.209288130985136], [-70.35082038740163, 19.209249306109246], [-70.34984969377142, 19.207622243688956], [-70.34864057034184, 19.207929586045086], [-70.34832762156327, 19.20673441096311], [-70.34729008216377, 19.206799420987682], [-70.34558563848586, 19.20604873994461], [-70.34476032367333, 19.206369223949753], [-70.34417332650723, 19.20530679906276], [-70.3430505444477, 19.205529266863863], [-70.34286125672922, 19.203688663122406], [-70.34079042852885, 19.202819469985887], [-70.34017705290066, 19.20200249302886], [-70.33735054308629, 19.2012775830346], [-70.33636026900784, 19.202139207488553], [-70.33536885786562, 19.200820935069274], [-70.33458971258233, 19.2018192704824], [-70.33414052675734, 19.201629576469237], [-70.3338087904077, 19.200282663651308], [-70.33162079327627, 19.199139767346242], [-70.33190614269549, 19.198391976556064], [-70.33130434975078, 19.19714268572989], [-70.33052032993727, 19.197049341753992], [-70.32991939607389, 19.196038894675915], [-70.32893041144203, 19.19587950087467], [-70.32849058230202, 19.194520036795428], [-70.32906930881467, 19.193149220510158], [-70.32817064941804, 19.19056006513801], [-70.32836849631, 19.189644862443686], [-70.32605404878652, 19.188527834134394], [-70.32537031080648, 19.188739155065928], [-70.32486864234676, 19.18754681384697], [-70.32319053334487, 19.18637968285761], [-70.32309662583877, 19.183408803690323], [-70.3223474827069, 19.182055590556757], [-70.32148012729476, 19.182288917003703], [-70.32101108307101, 19.181381885635826], [-70.32009028535857, 19.181229351637043], [-70.31879880430832, 19.180131623626025], [-70.31785033782035, 19.18023937289167], [-70.31731497890249, 19.17922327409913], [-70.31489063869799, 19.17821912071226], [-70.31468214373557, 19.17743365952046], [-70.3137304356634, 19.17728945816343], [-70.31329908669932, 19.176667418478633], [-70.31130034527067, 19.176349529733137], [-70.31077802874358, 19.17569350103514], [-70.30925934657915, 19.175259408757984], [-70.30699622331106, 19.175250731309074], [-70.3060198700625, 19.175869429380466], [-70.30446050038722, 19.175629465436863], [-70.3042416059351, 19.174836065259065], [-70.30351041299853, 19.174619380766718], [-70.3030974250879, 19.173836356301088], [-70.30088043115762, 19.172909522577203], [-70.2999706839621, 19.171200005264883], [-70.30014859831812, 19.170420033699603], [-70.29925058065733, 19.17008952201641], [-70.29913090109548, 19.169075118414913], [-70.29822059774393, 19.16886948980446], [-70.29794027450875, 19.16807207055608], [-70.29689059658145, 19.16814933298506], [-70.2967928899896, 19.165979675568224], [-70.29467010664965, 19.166199347694995], [-70.29288925370356, 19.16503876533273], [-70.29207022877544, 19.165449182720184], [-70.29144953988583, 19.165079736607233], [-70.290950135139, 19.165568898677726], [-70.2903851148741, 19.164485327810105], [-70.28937020966603, 19.1646493007252], [-70.28886064726089, 19.16401990179795], [-70.28935585888277, 19.162675705337453], [-70.28859073286915, 19.161899783183085], [-70.28869325062784, 19.161029174174402], [-70.28754059922854, 19.1605395585414], [-70.28742065316194, 19.159544175873574], [-70.28669026617068, 19.15938933447996], [-70.28594272734661, 19.158422863483022], [-70.28439043642018, 19.158039490543995], [-70.28392450132803, 19.156891638780852], [-70.28298470163494, 19.15617686451348], [-70.28241242801138, 19.156341063095734], [-70.28062962686474, 19.159209638240824], [-70.27892988564452, 19.160419347373484], [-70.2768159986795, 19.15983387845063], [-70.2759835377311, 19.160052338070248], [-70.27527962593824, 19.16322902457168], [-70.27434051012517, 19.162509666642492], [-70.27356455800384, 19.159586432825613], [-70.27190588247211, 19.159639012025167], [-70.2712452780708, 19.16084764189309], [-70.27185933827703, 19.162789918097868], [-70.27115478234373, 19.163960755904707], [-70.27129937627548, 19.16543978486683], [-70.27074980706206, 19.165999426671927], [-70.26904047375234, 19.165749440209122], [-70.26827691263736, 19.163506296735996], [-70.26619062196755, 19.162649573527062], [-70.26620056615073, 19.161060201798545], [-70.26696622460368, 19.159978645975514], [-70.26652699288417, 19.15943364600186], [-70.26138995669888, 19.16081933077537], [-70.25877878054544, 19.160530924133596], [-70.25820204756988, 19.161037848907707], [-70.2580495013181, 19.16249948329946], [-70.25619387318748, 19.162655112841666], [-70.2541802002983, 19.164708966979216], [-70.25390067144635, 19.16401997917508], [-70.25447555624727, 19.16230325464177], [-70.25588298389808, 19.160334041106914], [-70.25475639269727, 19.1584795007711], [-70.25386260988853, 19.158266160903615], [-70.24917450610552, 19.160221410001196], [-70.24669983362155, 19.161859485053906], [-70.24481031382533, 19.1619293743453], [-70.2439206468836, 19.160639865369845], [-70.24441055189529, 19.158140417543382], [-70.24516013972895, 19.157760635267262], [-70.24795424396697, 19.15782673871284], [-70.2486760989051, 19.1568664305672], [-70.2441401829478, 19.1556695513736], [-70.24113756894647, 19.15386780759086], [-70.23857394049244, 19.15484357502024], [-70.23489964419382, 19.15746926330655], [-70.23015047201491, 19.15882925650118], [-70.22950081731976, 19.15488342528164], [-70.22757061802497, 19.151739951471818], [-70.22811252039494, 19.150345742470066], [-70.22755969538223, 19.149505074139235], [-70.22150953156246, 19.14675128034157], [-70.21451024609637, 19.1447594540247], [-70.21191891326964, 19.14310212658121], [-70.20851385608434, 19.141804090682395], [-70.20771492369168, 19.142144352246355], [-70.20622309482756, 19.144479624062154], [-70.20537633147117, 19.148987515955785], [-70.20560918054072, 19.15173993114037], [-70.20436961140283, 19.156489272431468], [-70.20342025563626, 19.156159568556358], [-70.20171058943427, 19.154469780329155], [-70.20179137902679, 19.151601863667146], [-70.20010100104608, 19.151243339291813], [-70.1975262873069, 19.152765950437665], [-70.19293944362133, 19.15729928235699], [-70.18551977757163, 19.161741314380848], [-70.18374971024701, 19.164749341862866], [-70.18224030604647, 19.164409503829848], [-70.18044256015794, 19.162499377906233], [-70.1778398767729, 19.165699217819153], [-70.17568019777907, 19.164531433372012], [-70.172260288895, 19.164579378055294], [-70.17071802876545, 19.162676738967534], [-70.170500633165, 19.161210128600274], [-70.17141665099749, 19.15927709657985], [-70.16923093068434, 19.15758999190581], [-70.17074493849682, 19.156408613004043], [-70.17167044257114, 19.154120291801412], [-70.17304780374488, 19.15282344170078], [-70.17294137954298, 19.152219575283894], [-70.17215076165202, 19.151945191821845], [-70.16918860028352, 19.15220454256122], [-70.1666353240906, 19.15392284229512], [-70.16533972197938, 19.15609937398679], [-70.16414025217362, 19.155849517593882], [-70.1628576712791, 19.15468562362573], [-70.16217059380064, 19.154763959096574], [-70.16181920856343, 19.15587767427422], [-70.16241926008888, 19.157369874100194], [-70.1620698838267, 19.157759280703132], [-70.1604605217775, 19.156839661252874], [-70.16015362634569, 19.15387754882973], [-70.15873174595052, 19.151913314142146], [-70.15567366395389, 19.15304687104463], [-70.15570284338757, 19.153758115452753], [-70.15723949958051, 19.154620379694816], [-70.1573593744804, 19.155169763120874], [-70.15567987682121, 19.15639941724859], [-70.15408048576703, 19.15604949135093], [-70.1534193073892, 19.15365508489579], [-70.15230626195765, 19.15283200835256], [-70.15157726245126, 19.153150349078434], [-70.15093962815996, 19.154739332710232], [-70.14779653049936, 19.154157840282334], [-70.14539553976175, 19.154484514040032], [-70.14507014111945, 19.15530418678389], [-70.14789941363047, 19.157410348474315], [-70.14805935235374, 19.158619749814566], [-70.14591986051177, 19.160429333685396], [-70.14376909079155, 19.15979980658411], [-70.14148013724193, 19.160029416886054], [-70.14038049150784, 19.15932961689784], [-70.13981640406367, 19.15769761168778], [-70.1392079792294, 19.157526912624224], [-70.13555068142234, 19.161147260916188], [-70.13582004987543, 19.162114772285303], [-70.13781932010309, 19.162610424111772], [-70.13771948173033, 19.163049488371428], [-70.13635010022665, 19.163379366332457], [-70.13454054340556, 19.162269612068556], [-70.13370812162898, 19.159068025279993], [-70.13121121035891, 19.15946914926174], [-70.13249037064652, 19.157510369111503], [-70.13451089852076, 19.15620568354908], [-70.1339207790102, 19.15415050716784], [-70.1369607827298, 19.15376964881103], [-70.13714435003709, 19.151261140778743], [-70.1359473456915, 19.150407248833417], [-70.13150027516772, 19.150779370231902], [-70.13018665600826, 19.149491690476577], [-70.12872778328953, 19.14993784113504], [-70.12691260708358, 19.153726997422208], [-70.12723320970508, 19.154530828709607], [-70.12920946647009, 19.15497044589571], [-70.12928937411942, 19.15765967951149], [-70.12823984172049, 19.158369366615613], [-70.12073020897085, 19.157579483256534], [-70.11972059946417, 19.156789703057072], [-70.11971054361072, 19.156010177340143], [-70.12117997353748, 19.155286622994936], [-70.1213241996407, 19.15466916409435], [-70.12041033287626, 19.154138980061738], [-70.11907304449862, 19.15417909415711], [-70.11838729020042, 19.154850203758475], [-70.1180343226534, 19.158052099221454], [-70.11915919338813, 19.160179801754193], [-70.11736995059447, 19.16133929090061], [-70.11591067185562, 19.160659646626645], [-70.11628294279885, 19.15838464446096], [-70.11571741379305, 19.157754772307815], [-70.1123298117394, 19.159619459465265], [-70.11034007795871, 19.159909319952295], [-70.10873055616342, 19.159279541695096], [-70.10836362083573, 19.157327479040447], [-70.1078093502948, 19.157019542925827], [-70.10701924261812, 19.157602182895666], [-70.10608959493752, 19.159939412655394], [-70.1051503091344, 19.15994944873525], [-70.10333050341772, 19.15689982677204], [-70.10324065625213, 19.155770384588333], [-70.10424004753204, 19.155310709574227], [-70.10767059067203, 19.15629869934061], [-70.1082274795157, 19.154590554472424], [-70.1027902554843, 19.153799493972514], [-70.10172063259597, 19.152609679474327], [-70.10131412291025, 19.150780764277265], [-70.1006177698662, 19.150236234483636], [-70.09936334305209, 19.150441484697744], [-70.0966696619888, 19.153629400199314], [-70.08979996583408, 19.154699322954], [-70.0873801699086, 19.154569357828805], [-70.08453754239682, 19.153157461495823], [-70.07642027848404, 19.151519357812955], [-70.07374435765036, 19.149624383545977], [-70.07014039570119, 19.14844956306748], [-70.06917300185643, 19.146627632422504], [-70.06620012088734, 19.146739272369395], [-70.06505032996567, 19.14627957127778], [-70.06415314284482, 19.145105979261785], [-70.06177042507305, 19.14388958890438], [-70.06058614209661, 19.14168420550318], [-70.05913271781704, 19.1418373891677], [-70.05657977688998, 19.143789404531063], [-70.05493027875015, 19.143889341567995], [-70.05390052184612, 19.142689735177104], [-70.05320745988433, 19.139893069578513], [-70.0508703154446, 19.138359654275526], [-70.04969141446098, 19.13687453007959], [-70.04634019859252, 19.136449284463126], [-70.04308035948374, 19.134939548035927], [-70.04137057869083, 19.132739806812957], [-70.04141053914346, 19.13029035686981], [-70.04333445529417, 19.129108772842994], [-70.04296065006524, 19.12692003891779], [-70.04344778317575, 19.125241711981563], [-70.04269061023321, 19.123000088735832], [-70.04438142054683, 19.120604113662196], [-70.04430067467149, 19.119180293869366], [-70.04528100156833, 19.118387894450084], [-70.0454606442159, 19.11701981243939], [-70.04420059380341, 19.11586965595798], [-70.04388379557862, 19.11398681249577], [-70.04187032622299, 19.113219450394922], [-70.04090061307265, 19.112339717877127], [-70.0408705783708, 19.11129028277528], [-70.04132018654, 19.11096066464474], [-70.0435764557543, 19.11113071502445], [-70.044096918415, 19.110314501930446], [-70.03963158808703, 19.10180419000881], [-70.03445890310925, 19.096461250498564], [-70.02168907833725, 19.086981486273544], [-70.01859715691918, 19.08542692044129], [-70.0150497931819, 19.084793141732053], [-70.01094010162628, 19.08497946034234], [-70.00714021674196, 19.083289606289604], [-70.00425264005753, 19.08136896725513], [-70.00102037849877, 19.08053939844897], [-69.99997065413001, 19.07927973754643], [-69.99916332409845, 19.076377003082914], [-69.99739029065626, 19.076539320435028], [-69.99606407301675, 19.074537462591483], [-69.99552204957739, 19.07479363432046], [-69.99546939795545, 19.075759502685376], [-69.99336204033155, 19.076269211705355], [-69.99327938004909, 19.07784954823819], [-69.99085462913034, 19.078652071968076], [-69.99053904990782, 19.080709800739413], [-69.98942004072981, 19.081259370878513], [-69.98866934309999, 19.08086446074032], [-69.98817954401373, 19.081269387986477], [-69.98649658685582, 19.081272289231674], [-69.98507194657293, 19.08232266752951], [-69.98529805247598, 19.083134580587352], [-69.98650948978975, 19.083770375082977], [-69.98700678104879, 19.086620660042673], [-69.98922925782722, 19.088420155683362], [-69.9877680401475, 19.091226610616374], [-69.98721154205208, 19.09439904693451], [-69.98842930725343, 19.099659437429292], [-69.97214240870794, 19.09924934453633], [-69.95579463402778, 19.09784038706977], [-69.94610669838349, 19.09817132986988], [-69.94614738614521, 19.106990562393847], [-69.95012928576864, 19.116580119975517], [-69.9499111811473, 19.11900252443609], [-69.95200924612004, 19.12384018814857], [-69.9521794295292, 19.126019791984973], [-69.95157979880514, 19.126629331206505], [-69.95012030555812, 19.126319393964756], [-69.94845441434636, 19.124859904472824], [-69.94682548653228, 19.124342520166092], [-69.94318574415882, 19.124848081939195], [-69.94204986015484, 19.12573936341403], [-69.93520020872879, 19.12427927818351], [-69.93253216037424, 19.122837995413807], [-69.9295806152969, 19.122309491994805], [-69.92962069686381, 19.11954016100038], [-69.93046022930994, 19.117668563861436], [-69.92967060672225, 19.116469835775696], [-69.93026057602594, 19.111700639327015], [-69.9299361766608, 19.110542055719478], [-69.9289004310342, 19.109809631343428], [-69.92805831523985, 19.108121574304455], [-69.9254866031525, 19.10631818677341], [-69.92361952323226, 19.10582362197029], [-69.91976023655246, 19.10577943345806], [-69.91872081358513, 19.10494598549027], [-69.91785979810132, 19.10564936667637], [-69.91673453543889, 19.105413960366146], [-69.91588016444067, 19.10586919597756], [-69.91518409558006, 19.10515833158303], [-69.91342009458288, 19.105419439459254], [-69.9069385439046, 19.101929583523358], [-69.90437013644315, 19.10175948973526], [-69.90123650883628, 19.100011474134376], [-69.89768012081561, 19.099719533426534], [-69.89585154184313, 19.098885269102293], [-69.89459053121308, 19.096169879410237], [-69.89468057825117, 19.09332010322967], [-69.89520656975837, 19.09174029072492], [-69.89667011644816, 19.089865095386628], [-69.89749033890084, 19.086730115370155], [-69.89980514563307, 19.0813113617295], [-69.90247133369698, 19.07914908557172], [-69.90268070989876, 19.077360046348886], [-69.90354429534163, 19.076258639838752], [-69.90366056055785, 19.075200393405122], [-69.90486278143368, 19.074582131867576], [-69.90661649037563, 19.070531248010564], [-69.9065271234117, 19.069614084290592], [-69.90515060808366, 19.06794974797497], [-69.9050406034765, 19.066730155421038], [-69.90575329725563, 19.065489025260778], [-69.90507075228493, 19.063510444777084], [-69.90584377444824, 19.0631638430274], [-69.90597050799869, 19.061420654222857], [-69.90674461995275, 19.061457782733047], [-69.90703058419348, 19.060740535256116], [-69.9080494906925, 19.06035216123112], [-69.9070607121482, 19.05873997519038], [-69.90772575915359, 19.05816508139488], [-69.90763069183627, 19.057450114896444], [-69.90827934028685, 19.056520077816373], [-69.9075992052114, 19.055907483353888], [-69.90645048489475, 19.056439113726444], [-69.9062905983878, 19.05464035822748], [-69.90703995483574, 19.05432062071237], [-69.90794110756553, 19.054611963145348], [-69.9085430007977, 19.053653984410154], [-69.90922583535654, 19.054312730543327], [-69.91015722921881, 19.053698088030668], [-69.90966498401674, 19.05304591111749], [-69.90857455500687, 19.053430236356373], [-69.9086738266104, 19.052206303049875], [-69.9071503997301, 19.05186939880825], [-69.90577097792458, 19.049582457554838], [-69.90366319993879, 19.049330470968314], [-69.9053417029328, 19.049249398463836], [-69.90924026679929, 19.045160485830944], [-69.91080335624096, 19.044788257529333], [-69.91171053710342, 19.040620611263847], [-69.91344483698848, 19.040658449406727], [-69.91420638618973, 19.040169147175902], [-69.91506083326081, 19.034170296569954], [-69.91576028592017, 19.032760741943438], [-69.91639258844042, 19.032860261817493], [-69.9169707583111, 19.03220100980581], [-69.91588075372701, 19.029390576851938], [-69.91703341991291, 19.02934712543873], [-69.91785657892396, 19.028647625453296], [-69.91751099430786, 19.027460280023078], [-69.9183951879487, 19.0270845243948], [-69.91885044718539, 19.025670391841707], [-69.92055956997308, 19.02489080237113], [-69.92082524984752, 19.025830209692558], [-69.921530309098, 19.025788939187702], [-69.92234564558196, 19.024020527639546], [-69.92212059998035, 19.021650429278456], [-69.92371726736542, 19.021265866065743], [-69.92450860456282, 19.020538777302416], [-69.92736501800262, 19.016637418841288], [-69.92702073503547, 19.015180215445472], [-69.92959646457304, 19.013108450151393], [-69.92958067250656, 19.012010560234675], [-69.93077229951982, 19.01182566849009], [-69.93069065109756, 19.010950141962024], [-69.93150306775026, 19.010085889741852], [-69.93124286015745, 19.009435017492105], [-69.930370434905, 19.00934944970763], [-69.9301298770724, 19.008520158526036], [-69.9288906359525, 19.007419699940822], [-69.928870702814, 19.006760168668603], [-69.93008269477494, 19.00541192898759], [-69.93080064054773, 19.002830290802127], [-69.932708598232, 18.999909324097644], [-69.93207940011894, 18.996454559998085], [-69.93094213460151, 18.994858657342043], [-69.92762679683413, 18.99240081743759], [-69.92341039109581, 18.990379522156477], [-69.92163057818125, 18.987439902230886], [-69.92197049326816, 18.985840366714797], [-69.9233685543107, 18.98491025697104], [-69.92308075460721, 18.98390021362815], [-69.92398187129649, 18.983016734108766], [-69.92357073875047, 18.981630423433277], [-69.92511567915244, 18.981210415228375], [-69.92600062001864, 18.97925044936586], [-69.92708583953484, 18.97814334874814], [-69.92617070384668, 18.976779830555422], [-69.92641885554761, 18.97554955759562], [-69.9255675024708, 18.97365480103834], [-69.92396049870875, 18.97229971878091], [-69.92370004311215, 18.971028487743833], [-69.9226106735607, 18.970419648532737], [-69.92274814406774, 18.969183617140903], [-69.92223076990274, 18.968080263140678], [-69.92387908717507, 18.967204370583488], [-69.92382998326252, 18.96656572213987], [-69.92318058724398, 18.966439362872656], [-69.92319053305123, 18.965700312287897], [-69.92521259226648, 18.96450395882032], [-69.9262814713927, 18.962296215208447], [-69.92596071403298, 18.960080103498143], [-69.92722534057985, 18.957407891926678], [-69.92643063195045, 18.956039853865487], [-69.9265305584556, 18.955220244926448], [-69.92716035722053, 18.954480500451], [-69.92917617686271, 18.953629108416393], [-69.92977052358962, 18.951390699750945], [-69.93058732584852, 18.951470851616026], [-69.93133230762699, 18.950794666167017], [-69.9315905149337, 18.94870050470224], [-69.9328585772548, 18.948147740410146], [-69.93189073563438, 18.945990098025923], [-69.9339269710022, 18.9438662841902], [-69.93321073255439, 18.94295975265746], [-69.93350037898546, 18.942290509568434], [-69.93473502062272, 18.941877037166645], [-69.93470056047242, 18.93894068803717], [-69.9365585433906, 18.938961985311927], [-69.93616069252946, 18.936980324837734], [-69.93728649771374, 18.93642395953378], [-69.93783094366911, 18.935264342616087], [-69.93899752521347, 18.92994956849721], [-69.94044036527956, 18.927950623353105], [-69.94104975448963, 18.927880676499033], [-69.94196681788887, 18.928754069727013], [-69.94258976403967, 18.92854800000885], [-69.94272064807325, 18.92647025138025], [-69.94332031276406, 18.925748681138646], [-69.94374050826089, 18.923410391644286], [-69.94635935102943, 18.922140850607427], [-69.94690054124065, 18.919440309165687], [-69.94761024434686, 18.918830437573487], [-69.95145823139703, 18.917628236633256], [-69.95152062000183, 18.9166101924408], [-69.95229782334309, 18.915402108809264], [-69.95226057190277, 18.913320215938345], [-69.95340572843273, 18.91195528560017], [-69.95354102368286, 18.907330713336584], [-69.95290062148082, 18.904960016806143], [-69.95318049141058, 18.904120429409385], [-69.95656712323293, 18.90213259776701], [-69.95709050800271, 18.900230261057633], [-69.95878027086039, 18.89827062680575], [-69.95989984733956, 18.898258140580083], [-69.9605303140975, 18.89748055858705], [-69.96380307613933, 18.897145603020522], [-69.9659103213801, 18.893930577598315], [-69.96912966367987, 18.893867281163754], [-69.97318998751089, 18.892930624577215], [-69.97735682329372, 18.893986128176095], [-69.97851645729023, 18.89342996616479], [-69.98124041913415, 18.88962044641795], [-69.98291013140333, 18.88858058203386], [-69.98731909388152, 18.88906975512267], [-69.99293005641388, 18.88741062537823], [-69.99842950251195, 18.88813045611912], [-69.99859949029394, 18.8895099707196], [-69.9977445253068, 18.893530164197294], [-70.0032795256832, 18.897630396041215], [-70.00437932767775, 18.89991016474776], [-70.00444941030723, 18.902159932033786], [-70.00334075120183, 18.906332318920846], [-70.00355759934786, 18.90839235113573], [-70.00665065572838, 18.910128508766995], [-70.01241968153954, 18.91213053997282], [-70.01389952882948, 18.91346035480815], [-70.01475489644, 18.915169011673363], [-70.01613445517441, 18.915757009655884], [-70.01686774258549, 18.915381755185894], [-70.01765405284313, 18.91260755680138], [-70.01752068276011, 18.911250136503686], [-70.01873036616071, 18.909080502186367], [-70.02263867562966, 18.90828890498522], [-70.02483277191727, 18.907213582468014], [-70.02565605351096, 18.906132564214012], [-70.0294402111993, 18.885491702388517], [-70.03020023681988, 18.886874637657115], [-70.03628912602592, 18.88840036444612], [-70.03554956144345, 18.89001892397472], [-70.0366295331271, 18.8907403863619], [-70.03730203686956, 18.89281581769701], [-70.03785820461998, 18.89305766055105], [-70.03872349323552, 18.892295156590723], [-70.03922045181105, 18.890300475812506], [-70.0417815755528, 18.88977825938564], [-70.04620020161107, 18.88564531773593], [-70.04900037836987, 18.880840557368273], [-70.05322996564077, 18.880210640367693], [-70.05653219779491, 18.881012511924993], [-70.05843469247763, 18.879953627796404], [-70.05965013672032, 18.878510775271504], [-70.06211147493597, 18.879898863966062], [-70.06678991305914, 18.879710524644302], [-70.07099951760894, 18.881570536124848], [-70.07340955224682, 18.88576062889985], [-70.07524941224, 18.88734029871561], [-70.07551769557159, 18.889842912542814], [-70.07820796963173, 18.89131571312875], [-70.08479874009822, 18.890272788989893], [-70.0847407010507, 18.88852020785147], [-70.0858324271397, 18.887537044921327], [-70.08602052540611, 18.886720613629674], [-70.08682976455118, 18.886720529626675], [-70.08771699133973, 18.887426388502533], [-70.09133054252622, 18.886195253875446], [-70.09310246591627, 18.88403039784839], [-70.09496987516181, 18.884090836479746], [-70.099069760843, 18.885200470661534], [-70.10231074912014, 18.888038153987452], [-70.10816637488102, 18.890818774956937], [-70.10968041681994, 18.888430342913693], [-70.11153018747385, 18.88688057600915], [-70.11284982612919, 18.88697055013436], [-70.11595077504231, 18.888823540355094], [-70.11704849737401, 18.888437421136494], [-70.11506072603454, 18.88260982069073], [-70.11403066963638, 18.874900083631175], [-70.11577047419495, 18.87056024302224], [-70.11770339419999, 18.867511108736423], [-70.11826045667424, 18.86541036475197], [-70.11886011499898, 18.86510070578368], [-70.12072974750114, 18.865390589647664], [-70.12215032392344, 18.866384848045627], [-70.12565982000716, 18.865740601665696], [-70.12719624063763, 18.86720933916233], [-70.1301009125337, 18.868598804144188], [-70.13442442068632, 18.869419286002525], [-70.13692122083448, 18.868976473091642], [-70.14097015851925, 18.866910545731297], [-70.14493985787142, 18.86654065680592], [-70.14696952291133, 18.86770053139592], [-70.14885742350556, 18.870273896056883], [-70.15107960121045, 18.870990525943988], [-70.1522940092119, 18.87284378661763], [-70.15459115322194, 18.873862587038925], [-70.15837775310153, 18.873957518743794], [-70.16013561435048, 18.87353064569049], [-70.16241023845207, 18.871850384679718], [-70.16605622000864, 18.87036574359539], [-70.16975982790323, 18.867620846821247], [-70.17162982820693, 18.869944091634295], [-70.17615820196563, 18.87057766681465], [-70.17943826976739, 18.869334335334386], [-70.18115029669761, 18.867860593709935], [-70.18271000193897, 18.867530522868492], [-70.18501970053609, 18.868110507452], [-70.18587962778876, 18.86899969356049], [-70.18747943048511, 18.869550467264386], [-70.18775711007135, 18.871402014777917], [-70.18873950861602, 18.872000354651032], [-70.18892913973237, 18.872992661995244], [-70.1905850335848, 18.87490707391736], [-70.19170025229764, 18.87426064626462], [-70.19367037283416, 18.874428131541464], [-70.19406060782063, 18.873140321322893], [-70.19502199130943, 18.872210122322848], [-70.1948305577946, 18.871250033200432], [-70.19540047460399, 18.870000338848982], [-70.19693026664784, 18.868550427687428], [-70.19824840712572, 18.868091759430172], [-70.20142046117931, 18.865110613965566], [-70.2041744533557, 18.863473625081035], [-70.20609035614092, 18.861080459140208], [-70.21066834772788, 18.859027208614453], [-70.21347025967857, 18.856910633086752], [-70.21748420957088, 18.85627583037776], [-70.21900066852128, 18.85156038310951], [-70.22272069734439, 18.847488746183906], [-70.22315006023763, 18.846274287059632], [-70.22756016785212, 18.843770614836963], [-70.23057789587074, 18.843710318432166], [-70.23333016708999, 18.8425206321336], [-70.23539828737546, 18.84230123883529], [-70.23852226275069, 18.843125955345045], [-70.24175016205649, 18.841700571502933], [-70.24701692656798, 18.840804491382066], [-70.24778116547854, 18.839798260559654], [-70.2478466519837, 18.837749321526754], [-70.2466206400451, 18.83562986483472], [-70.24699804974945, 18.832983651753842], [-70.24883586756228, 18.830011718228295], [-70.24834066215789, 18.826780067932727], [-70.24859666156364, 18.82586010147836], [-70.24694070170099, 18.821929858659292], [-70.24658132421607, 18.818007652579855], [-70.24732053677128, 18.811120191979523], [-70.24863544885385, 18.809097315618907], [-70.24871697032097, 18.807618784119892], [-70.25069199194282, 18.805017648144503], [-70.25817014355424, 18.801780428737647], [-70.26532981299044, 18.800042472161316], [-70.272018969722, 18.800068686452413], [-70.27646031026434, 18.79468044209186], [-70.28901596359081, 18.790261065070432], [-70.29080914045925, 18.7878351633483], [-70.29137044826057, 18.78497016957393], [-70.2941804250959, 18.780240526802107], [-70.3004646173567, 18.778132966253008], [-70.3027983881133, 18.77621312367478], [-70.30337904811586, 18.77009188964023], [-70.30043255166366, 18.76304040408773], [-70.29492057338626, 18.753689883241044], [-70.29524062910399, 18.751260257806496], [-70.29764715522, 18.747979417849045], [-70.29656071646727, 18.74443996527392], [-70.29718059233183, 18.741620227838517], [-70.2993004163381, 18.737900391727145], [-70.30207182822211, 18.736077092938114], [-70.3031603730823, 18.734150511008448], [-70.30548669900483, 18.733681778265954], [-70.3068464605835, 18.732799616358918], [-70.30974036840414, 18.728800319309162], [-70.31180184641947, 18.72710645628286], [-70.31445048275617, 18.722390523579705], [-70.32959988690827, 18.715440697836183], [-70.33173417541298, 18.717423594106684], [-70.33523962534332, 18.718930663258842], [-70.34053889132424, 18.722749200916713], [-70.3421394548213, 18.723930529112376], [-70.34348181623254, 18.725848124599132], [-70.34479706685225, 18.7264765701324], [-70.34834980731972, 18.72692058422689], [-70.34971258206217, 18.727683662437798], [-70.3551404162823, 18.72905701180993], [-70.35929985277346, 18.729180626826917], [-70.36371818340751, 18.731208699791644], [-70.36689379271981, 18.731003821469162], [-70.37232977192402, 18.732510520477028], [-70.37456591234428, 18.733876892019325], [-70.37865963143678, 18.734680594877478], [-70.38007927170491, 18.736530382052944], [-70.38113816260388, 18.739785507134307], [-70.3824314914994, 18.74134850526698], [-70.38425168939352, 18.7428574325322], [-70.38836961060997, 18.744960450198565], [-70.38899280613697, 18.745839837241125], [-70.38885423639934, 18.750459864067786], [-70.39560968699095, 18.753000429601858], [-70.39772675129348, 18.755509510677115], [-70.40492002773605, 18.754490716427103], [-70.40827972658197, 18.754720557896412], [-70.40876940878847, 18.7552702688189], [-70.40944888180643, 18.760574961890523], [-70.41037606287053, 18.76155851317246], [-70.41278098147973, 18.761379625273204], [-70.41610411776801, 18.76008094585436], [-70.4207106215555, 18.755526329950335], [-70.42562012187148, 18.753830693918708], [-70.43160984504034, 18.75374055969777], [-70.43613941546963, 18.756550367971645], [-70.43632770486701, 18.757903008102083], [-70.43900185750343, 18.76165458439302], [-70.44196557464055, 18.763574575218406], [-70.44608965831448, 18.764740580918527], [-70.44765932623059, 18.766320225209963], [-70.4476146127291, 18.767768601596305], [-70.44945955241732, 18.76862056760883], [-70.45069152423484, 18.770143841732292], [-70.4549220499447, 18.770349630792655], [-70.45726024191538, 18.768480440354903], [-70.4601516295645, 18.767473870301007], [-70.46191034035013, 18.764940514718784], [-70.46449995989606, 18.764420531464918], [-70.46592953862147, 18.764940534790984], [-70.46625944332844, 18.76555012065911], [-70.46611009555312, 18.768031332219177], [-70.46731635171068, 18.770661190954865], [-70.46960123871075, 18.77221769913725], [-70.47320710603434, 18.773699311341257], [-70.4814700100293, 18.77274066858648], [-70.48778996579746, 18.77329740950869], [-70.49575814374089, 18.772381366887014], [-70.50197973777462, 18.77226058752806], [-70.50392944058574, 18.774520388945117], [-70.50573214695724, 18.777788514862635], [-70.51042960975711, 18.783290278354333], [-70.51472864581517, 18.792315166098025], [-70.51595934304893, 18.793918928599673], [-70.52108729022387, 18.795378599608654], [-70.52382021010665, 18.79389053764326], [-70.52802993371661, 18.792910604309903], [-70.53411278219622, 18.795827353940766], [-70.53631178158926, 18.796373139560696], [-70.5408896101478, 18.79693238118218], [-70.5441989746141, 18.7961810159527], [-70.54517938443254, 18.794401368242966], [-70.54502465499709, 18.791791226621445], [-70.53959055849508, 18.783269854111243], [-70.53946030995941, 18.779353930747597], [-70.53818040288098, 18.778759516072324], [-70.53726070207809, 18.777200098136003], [-70.53777887331853, 18.776549270032934], [-70.53740072224106, 18.775410171202623], [-70.53819683678222, 18.77454659676695], [-70.53792630591036, 18.772340324123988], [-70.53666025896094, 18.772039396461675], [-70.53492033545686, 18.770432734854822], [-70.53358039417758, 18.770349439529085], [-70.53321063248343, 18.76941003864924], [-70.53398360840292, 18.767852339297107], [-70.53360794129533, 18.767200229620116], [-70.53247216136101, 18.76722986509053], [-70.53036986189848, 18.768429417791427], [-70.529130170835, 18.768359499363584], [-70.52827054131954, 18.767769707093503], [-70.5282505468474, 18.766880172860137], [-70.5304302908758, 18.76392061905532], [-70.53177458707411, 18.763957027688242], [-70.53249025705635, 18.763138799051728], [-70.5315527874817, 18.761724071481886], [-70.53032040469661, 18.761129604291995], [-70.52994072824326, 18.7602401136954], [-70.53116035251212, 18.75883057335555], [-70.53243136762394, 18.758418103708568], [-70.53346032255921, 18.75597062632197], [-70.53483321105774, 18.75584495420694], [-70.53573016664043, 18.754920693862072], [-70.53745813777688, 18.755475693717543], [-70.53971953363592, 18.754190929401584], [-70.53998996965598, 18.755829361249347], [-70.54112642802954, 18.755978285651505], [-70.54156055493547, 18.75468027620471], [-70.54269710129945, 18.753439103548672], [-70.54295047253035, 18.75172016313496], [-70.54375034809776, 18.750490496855086], [-70.55147920057946, 18.748687264694787], [-70.55474998536198, 18.746909590933775], [-70.55599115883268, 18.74553259286388], [-70.55793052127149, 18.742390398896166], [-70.56085705447376, 18.739277829741685], [-70.56390183915637, 18.73384991521234], [-70.56347576142551, 18.731618945973903], [-70.56093065253715, 18.72693990316554], [-70.56170037564901, 18.723220896325707], [-70.56325608066601, 18.724199096617742], [-70.56530038268386, 18.72444344296874], [-70.56685014121783, 18.72202071073961], [-70.57003959250697, 18.723530491456767], [-70.57114401573428, 18.724902298493465], [-70.57470226799586, 18.72505105782682], [-70.5779501334278, 18.723010555326873], [-70.57923914646896, 18.72297724141113], [-70.58070047989932, 18.72005031677465], [-70.58477439088169, 18.717219237810546], [-70.58605986143627, 18.715137612758756], [-70.58564071797191, 18.713420249058988], [-70.5875611041628, 18.712012084902224], [-70.5885402202398, 18.710290722852854], [-70.59026253831188, 18.711114185961378], [-70.59398003596664, 18.709770656809226], [-70.5976505621954, 18.710691954113194], [-70.59929776823361, 18.710364289387144], [-70.59966654019786, 18.708934432339298], [-70.59884606951495, 18.70638745118093], [-70.5947767521185, 18.702172197450484], [-70.59141044853635, 18.70083953246237], [-70.59039063148344, 18.698499897668267], [-70.59067039236774, 18.69468095023266], [-70.58878071489814, 18.69401957229814], [-70.58985050960291, 18.689890343601153], [-70.59065792632525, 18.689262719328333], [-70.59107054466283, 18.687640276202387], [-70.59211027613334, 18.68644066257952], [-70.5937498220633, 18.686550749695908], [-70.59679807147084, 18.687795944919277], [-70.59851228476292, 18.68769634845675], [-70.60003014383368, 18.68671055450648], [-70.60363984319878, 18.68698081588977], [-70.60544969533457, 18.687550502269666], [-70.60669098564804, 18.688568599404828], [-70.61574994784364, 18.68642056293763], [-70.61750620288204, 18.68716260033857], [-70.61910994881994, 18.68678072188667], [-70.62030763565352, 18.687210084421253], [-70.6214999140727, 18.68677067572317], [-70.62282562048145, 18.687622315751202], [-70.62437019577801, 18.686460552396134], [-70.62795981694381, 18.686590550311053], [-70.62896953306542, 18.687290315897766], [-70.62989545046659, 18.690725096589425], [-70.6342498646619, 18.690160587971494], [-70.63635302614867, 18.692363833769505], [-70.63917974732192, 18.692880640864054], [-70.64064943949457, 18.69458729807201], [-70.64286010824057, 18.693130693800352], [-70.64517379968468, 18.693812511179804], [-70.64561846662743, 18.693420803685648], [-70.64544084155236, 18.692820341034555], [-70.64631012633888, 18.692520748363286], [-70.6504226837911, 18.692486951052988], [-70.6534311742254, 18.690408200760317], [-70.65695967819725, 18.68984067428218], [-70.65785314765233, 18.69128962638992], [-70.6592645690783, 18.691464516623903], [-70.66016757655746, 18.690924906047584], [-70.66068049010102, 18.68932050392597], [-70.66287792313285, 18.6887075117535], [-70.66564002824985, 18.687110634890114], [-70.66651942842627, 18.687520417087462], [-70.66673290211303, 18.68900928734895], [-70.66745226708368, 18.689556011403578], [-70.66951092263912, 18.689214153088137], [-70.67028044341049, 18.6878204541051], [-70.6727101156897, 18.686710677654286], [-70.67517322487508, 18.68692407775564], [-70.67628999900153, 18.686270660873827], [-70.67829344950745, 18.687559596917524], [-70.68009741291374, 18.687793723024132], [-70.68250018684206, 18.68663056514456], [-70.68447025594716, 18.68627502662884], [-70.68650026661359, 18.684680593416818], [-70.68753719543491, 18.6845021950683], [-70.68907915429354, 18.68558624159245], [-70.6903399683491, 18.684720778184015], [-70.69217746468883, 18.686367588121467], [-70.69533006307663, 18.685100663899114], [-70.69607908091666, 18.685260400960697], [-70.69400959611377, 18.688729561313313], [-70.6916260749229, 18.689962199149363], [-70.69093952278855, 18.692639730286817], [-70.68937203051573, 18.69422130355659], [-70.68914948268072, 18.696599808907852], [-70.68734879971976, 18.699156812797774], [-70.68783927246834, 18.702839905155905], [-70.68749952607072, 18.703649510025954], [-70.68200564414266, 18.70576957247848], [-70.67838290565899, 18.711257516742755], [-70.67850334548584, 18.713659030621557], [-70.68184957616103, 18.71803026914839], [-70.68276512006894, 18.72027801234325], [-70.68269326504736, 18.723174133088666], [-70.68315032836254, 18.724784489391055], [-70.68715938461092, 18.72952041690814], [-70.68880931548348, 18.73264005517235], [-70.68775947034037, 18.73574956918696], [-70.68519528787913, 18.737264363158474], [-70.68393384142058, 18.739164717123465], [-70.68485928564097, 18.74277989202543], [-70.68351638595264, 18.744918578549946], [-70.68260377192207, 18.74879462958702], [-70.68284245717484, 18.75291961022011], [-70.68402399047426, 18.75728861397383], [-70.68551116533028, 18.758655525327804], [-70.6922294300418, 18.76152040841247], [-70.69259016765375, 18.76555754393725], [-70.6963695197761, 18.767500544531185], [-70.69684953383576, 18.76823018670679], [-70.69744624905839, 18.77243144004926], [-70.69864760979566, 18.77452325053193], [-70.69983248346716, 18.775020145702083], [-70.70048042104493, 18.774931893710132], [-70.70538025772902, 18.76988029261641], [-70.70970320448326, 18.7666498754294], [-70.71392988049303, 18.76661075827796], [-70.72337036765872, 18.76975852430703], [-70.73340920783703, 18.77144483229837], [-70.74212347982815, 18.771808767757108], [-70.7525798707686, 18.77126076066039], [-70.75540951713924, 18.772420516059373], [-70.75877871857057, 18.77927317784709], [-70.7634457604616, 18.783212310663888], [-70.76591965133454, 18.788500131425984], [-70.76723262330651, 18.792998923103667], [-70.76914929174623, 18.796550287227152], [-70.77053496265789, 18.80142949515825], [-70.77242250316976, 18.804427998476577], [-70.77489932826013, 18.806900475353807], [-70.77836054651799, 18.814163127156682], [-70.77964954841133, 18.815500301258485], [-70.78284930943714, 18.823010063757522], [-70.78273397045668, 18.824334921658497], [-70.78561803914197, 18.82745084181355], [-70.7924698336179, 18.82770067800333], [-70.7962097871691, 18.829510361092648], [-70.79993960802791, 18.83259607376433], [-70.80555987385507, 18.83300049828346], [-70.81597962179933, 18.83776043733608], [-70.81884335122147, 18.842200532410367], [-70.8193295086146, 18.843730064605825], [-70.81925869757517, 18.84573274125138], [-70.82142934230505, 18.854180031261965], [-70.82116557359525, 18.855914173574696], [-70.82155311273753, 18.858809219187183], [-70.82305196455127, 18.86280904600213], [-70.825749561471, 18.867260215618543], [-70.82655997976289, 18.87003466434109], [-70.82961487549822, 18.873654160747726], [-70.83396953558626, 18.87617051690648], [-70.83693952443127, 18.880250215039474], [-70.83733930477919, 18.88250979340296], [-70.83615989062002, 18.88378593067693], [-70.83561853645655, 18.88535033669433], [-70.83515880377271, 18.8914652587417], [-70.8359310562242, 18.894532740963054], [-70.83850941640517, 18.8964703767366], [-70.8390394152891, 18.898919984440617], [-70.83888954970286, 18.899469341995008], [-70.83800616341101, 18.8997244696621], [-70.83776592828032, 18.901578642977622], [-70.8381265673618, 18.902830025284374], [-70.83963955969175, 18.904280320931235], [-70.84051922818547, 18.90612975868143], [-70.83825801401862, 18.906490522142832], [-70.83832849127455, 18.908043817212786], [-70.83994951666081, 18.910460212682818], [-70.84023942470367, 18.911689916696716], [-70.83947960971635, 18.913019425555696], [-70.83822190490199, 18.91346014758541], [-70.83792953270725, 18.917149881580297], [-70.83722683135895, 18.918855454188677], [-70.83887930047634, 18.921610249284175], [-70.83932906707244, 18.925092013999055], [-70.84054943168347, 18.926390239855333], [-70.8405593182315, 18.92713982664153], [-70.83954967063771, 18.928939322135346], [-70.83688916586142, 18.928700418248564], [-70.83601967505717, 18.931309023274782], [-70.83431372455534, 18.930074880032635], [-70.83227029601751, 18.930089360261544], [-70.83111833218676, 18.928679627113283], [-70.83051987893991, 18.928649002145576], [-70.82933923582475, 18.9332297199592], [-70.82877004065772, 18.933519340319698], [-70.82711246369749, 18.932474530963425], [-70.82592466171437, 18.93285451761024], [-70.82638943640194, 18.93436004411504], [-70.82576372810323, 18.936519765842657], [-70.82683685001702, 18.93873110920382], [-70.82910980395322, 18.938520615151553], [-70.83101951526548, 18.93959038655659], [-70.83189943826407, 18.942580054725383], [-70.8316105024639, 18.945990828749245], [-70.83285789403317, 18.9496088411217], [-70.833639196335, 18.950400084082105], [-70.83310254797658, 18.95178918414344], [-70.8377790887782, 18.95399755779102], [-70.83906017307149, 18.95318069227605], [-70.84147955399351, 18.953710516877166], [-70.84246924995912, 18.956319770410325], [-70.84198580504112, 18.957206574208314], [-70.84374930811197, 18.9576704704118], [-70.84324197345033, 18.960053865736615], [-70.84467928782837, 18.962169954985963], [-70.84394764889318, 18.963070092377055], [-70.84414010038321, 18.964300890720963], [-70.84763934082507, 18.96609034361962], [-70.84719948326493, 18.968739562614005], [-70.84584525015983, 18.969405857742508], [-70.84573937052694, 18.971649811763285], [-70.84439327737194, 18.973891391189298], [-70.8443793053931, 18.976169857178032], [-70.84388117469584, 18.977356637270113], [-70.84607936028634, 18.978730327502245], [-70.84543952543459, 18.981849579802578], [-70.84089619132553, 18.9834344821834], [-70.84028938918415, 18.986199709117212], [-70.83840971453141, 18.98842801555355], [-70.83840846232927, 18.988992370499005], [-70.84193966044971, 18.989130644399705], [-70.84305999621243, 18.99077816081756], [-70.84815974462907, 18.993020481229575], [-70.85019055869515, 18.994493150425892], [-70.85179426076488, 18.999257672943934], [-70.85683590982525, 19.00106742476958], [-70.86037952912051, 19.001638325912907], [-70.86151009274545, 19.001120582464488], [-70.86263972619368, 19.00132076118151], [-70.86479861239246, 19.00247152504813], [-70.86968367992127, 19.00252740153081], [-70.87169927080383, 19.00180842501729], [-70.87487729142237, 19.00000176409766], [-70.87981622094705, 18.995011963569617], [-70.88452017088947, 18.9920003180131], [-70.88619014799359, 18.99126072860182], [-70.89108944201594, 18.99134055143828], [-70.89112961758062, 18.995779275008765], [-70.89332944450643, 19.000110188348994], [-70.89388738466562, 19.003097234213143], [-70.8949459748113, 19.00489456045922], [-70.90444955611125, 19.011950340340757], [-70.90586560253931, 19.015500852806795], [-70.90988967036824, 19.019080313459572], [-70.91263373555948, 19.023143456962384], [-70.92369951838722, 19.027906940371125], [-70.93304938040356, 19.030524393694765], [-70.93651978767421, 19.032150370274444], [-70.94034760600417, 19.035256975895575], [-70.94892989559699, 19.037140348299808], [-70.95331959160373, 19.038830686661754], [-70.96020925966832, 19.044700104804196]]]}}]}